publikacija_id,autor_id
1,1
2,2
13,3
21,4
26,5
36,6
36,7
47,8
51,9
59,10
64,11
70,12
72,13
80,14
81,15
83,16
90,17
98,18
107,19
116,20
119,21
129,22
130,23
135,24
137,25
139,26
148,27
166,28
173,29
185,30
186,31
188,32
206,33
217,34
234,35
234,36
235,37
237,38
240,39
241,40
251,41
251,42
257,43
263,44
264,45
269,46
274,47
276,48
279,49
295,50
296,51
297,52
307,53
309,54
321,55
331,56
335,57
338,58
342,59
346,60
347,61
361,62
363,63
363,64
372,65
382,66
409,67
420,68
421,69
426,70
426,71
426,72
434,73
441,74
444,75
458,76
459,77
460,78
465,79
486,80
502,81
517,82
518,83
522,84
525,85
525,86
528,87
530,88
551,89
552,90
553,91
556,92
557,93
559,39
565,94
568,95
588,96
588,97
591,98
593,99
599,100
601,101
602,102
603,103
605,104
612,105
618,106
629,107
633,108
643,109
650,110
659,111
668,112
669,113
669,114
676,115
685,116
695,117
704,118
706,119
706,120
706,121
711,122
721,123
724,124
742,125
746,126
753,127
756,128
769,129
771,130
777,131
779,132
783,133
784,134
785,73
787,135
789,136
796,137
800,138
816,139
821,140
833,141
836,142
837,143
843,144
844,25
847,145
853,146
855,147
859,148
869,149
872,150
876,151
884,152
885,153
887,154
911,155
916,156
923,157
933,158
936,159
939,160
943,161
959,162
962,163
964,164
968,165
972,166
975,167
984,168
990,169
990,170
1006,171
1009,172
1013,173
1017,174
1025,162
1030,175
1030,176
1033,177
1041,178
1041,179
1046,180
1047,181
1047,182
1052,183
1061,184
1063,185
1066,186
1068,187
1070,188
1077,189
1080,190
1083,191
1086,67
1089,25
1091,192
1100,193
1103,194
1117,195
1123,196
1143,197
1153,198
1165,199
1166,200
1182,201
1182,202
1187,203
1192,204
1198,205
1205,206
1207,207
1211,208
1221,147
1223,209
1224,210
1232,211
1236,212
1241,213
1243,110
1244,214
1248,215
1259,216
1263,217
1269,218
1273,219
1275,220
1281,54
1289,221
1295,222
1301,223
1306,224
1319,225
1326,226
1352,57
1360,227
1361,228
1368,229
1372,230
1374,231
1376,140
1384,232
1387,233
1396,234
1402,235
1411,236
1413,237
1415,238
1417,239
1426,240
1429,241
1432,53
1433,140
1436,185
1439,242
1440,243
1440,244
1448,245
1451,246
1453,247
1458,248
1464,249
1465,250
1489,251
1494,252
1513,253
1517,254
1522,255
1524,256
1528,257
1534,258
1536,259
1539,260
1540,261
1544,262
1545,91
1550,263
1555,264
1577,265
1578,266
1581,267
1590,268
1600,269
1601,270
1602,249
1607,185
1609,54
1632,271
1633,189
1634,157
1637,270
1642,272
1644,273
1653,274
1689,275
1690,276
1691,277
1691,278
1697,5
1711,279
1728,280
1732,281
1734,282
1737,24
1762,22
1767,283
1776,284
1791,285
1803,286
1808,287
1811,288
1811,289
1818,290
1827,291
1831,292
1837,293
1841,294
1842,295
1851,296
1869,297
1872,298
1873,299
1882,105
1889,300
1892,301
1895,302
1895,303
1900,194
1904,304
1911,305
1918,306
1934,307
1936,308
1938,157
1939,309
1943,310
1944,311
1944,312
1948,313
1950,160
1951,314
1957,315
1960,316
1974,317
1977,318
1984,319
1991,320
1992,321
1993,322
2002,125
2003,323
2006,324
2007,325
2007,326
2021,145
2026,327
2028,328
2045,329
2070,330
2071,135
2092,331
2098,332
2099,333
2103,334
2103,335
2116,336
2127,337
2129,338
2135,339
2137,340
2161,341
2163,342
2177,343
2179,344
2180,345
2187,107
2200,346
2216,191
2219,347
2222,348
2234,349
2235,350
2243,351
2247,352
2255,346
2265,353
2266,354
2266,355
2266,356
2270,357
2272,358
2274,359
2281,360
2283,361
2290,362
2294,363
2300,364
2301,157
2312,136
2316,365
2337,366
2341,367
2352,368
2361,39
2362,53
2363,369
2366,370
2372,371
2377,372
2377,373
2387,374
2388,375
2392,376
2399,377
2401,254
2410,378
2411,379
2412,157
2415,380
2419,39
2432,381
2439,382
2442,383
2452,384
2455,11
2456,385
2471,386
2476,387
2477,161
2488,388
2501,389
2504,333
2504,390
2504,391
2504,392
2507,393
2519,394
2524,235
2526,395
2537,396
2540,227
2544,397
2547,398
2549,194
2552,399
2552,400
2574,401
2576,402
2578,403
2581,404
2581,405
2608,162
2610,406
2634,407
2642,408
2659,409
2660,410
2668,411
2669,120
2679,178
2697,412
2708,413
2711,414
2723,415
2729,416
2733,417
2735,418
2741,419
2755,420
2758,421
2766,422
2767,423
2772,424
2775,425
2788,426
2789,427
2812,428
2814,429
2816,430
2817,431
2818,432
2820,433
2824,434
2829,435
2833,157
2836,436
2840,437
2848,438
2858,439
2859,440
2865,441
2867,442
2880,443
2891,291
2894,444
2897,445
2906,254
2909,446
2909,447
2920,448
2927,449
2929,157
2936,450
2939,451
2941,452
2945,453
2945,454
2947,455
2961,456
2964,457
2967,131
2968,458
2974,459
2989,460
3000,461
3000,462
3000,463
3005,464
3015,465
3040,466
3042,467
3044,468
3053,469
3056,470
3057,471
3061,472
3061,473
3062,474
3067,475
3073,476
3074,477
3095,478
3096,161
3105,479
3112,480
3123,481
3134,482
3136,298
3140,121
3155,483
3169,484
3170,431
3176,485
3185,486
3191,487
3192,488
3193,489
3194,490
3207,388
3207,491
3217,492
3241,493
3242,494
3244,495
3246,140
3252,496
3264,497
3272,498
3273,162
3277,499
3290,500
3297,501
3304,502
3315,503
3317,504
3335,505
3341,506
3347,507
3348,508
3354,509
3360,510
3365,511
3365,512
3365,513
3365,514
3366,515
3375,516
3379,517
3379,518
3385,519
3387,520
3390,521
3391,522
3395,523
3408,524
3408,525
3411,526
3413,527
3417,528
3422,529
3425,291
3426,250
3434,530
3444,160
3459,531
3461,532
3461,533
3466,117
3467,534
3470,535
3484,75
3494,536
3498,537
3501,538
3504,539
3512,540
3518,111
3519,541
3526,542
3528,543
3532,544
3533,545
3534,546
3538,547
3540,548
3548,549
3554,550
3556,551
3557,99
3561,552
3563,553
3571,554
3571,555
3584,556
3586,557
3588,558
3594,559
3614,290
3629,560
3630,561
3637,562
3638,53
3640,563
3645,564
3650,565
3655,566
3661,567
3663,568
3683,552
3698,569
3708,169
3710,157
3715,99
3720,570
3722,571
3723,53
3735,572
3738,573
3741,538
3742,574
3746,575
3758,576
3762,577
3764,578
3774,579
3792,580
3797,581
3798,582
3800,583
3801,584
3801,585
3811,189
3815,586
3818,587
3821,179
3822,588
3833,589
3840,263
3844,590
3848,591
3853,592
3879,593
3880,594
3883,595
3892,596
3899,274
3900,597
3900,598
3915,599
3915,600
3918,460
3918,601
3920,298
3923,602
3927,150
3930,281
3935,603
3935,604
3935,605
3935,606
3935,607
3935,608
3935,609
3935,610
3939,611
3949,612
3959,613
3975,614
3978,263
3981,284
3989,615
3989,616
3991,617
3995,618
3996,327
3997,619
4001,620
4012,621
4015,622
4019,623
4037,233
4038,624
4064,625
4065,626
4068,627
4083,628
4088,629
4089,630
4091,631
4099,78
4100,632
4104,633
4110,634
4111,635
4117,636
4121,596
4141,637
4145,638
4148,639
4153,640
4155,641
4156,642
4158,643
4173,644
4180,645
4185,646
4187,414
4188,647
4198,648
4198,649
4205,650
4221,78
4224,651
4225,424
4234,617
4236,652
4243,653
4244,654
4256,25
4278,358
4280,161
4281,655
4289,656
4296,240
4302,657
4305,658
4306,81
4315,143
4326,336
4327,659
4332,660
4340,661
4342,662
4350,663
4354,664
4357,665
4368,666
4370,667
4371,668
4382,669
4406,670
4408,671
4415,578
4427,672
4432,12
4438,673
4442,674
4445,451
4449,675
4449,676
4456,383
4462,3
4469,73
4471,329
4490,677
4494,678
4497,679
4505,281
4512,680
4517,381
4531,681
4536,682
4546,136
4549,157
4551,683
4554,684
4571,685
4573,686
4579,687
4588,688
4612,293
4617,689
4623,690
4623,691
4629,414
4631,431
4638,692
4639,693
4641,694
4646,695
4654,696
4660,697
4663,698
4664,699
4665,700
4668,701
4681,73
4681,702
4681,703
4681,704
4681,705
4681,706
4688,247
4692,707
4713,663
4724,708
4753,235
4754,709
4756,710
4763,711
4767,712
4771,713
4772,714
4773,26
4775,715
4778,284
4782,716
4791,717
4796,233
4797,718
4818,719
4827,153
4837,720
4838,116
4838,117
4838,127
4838,414
4838,634
4838,721
4838,722
4838,723
4843,724
4846,725
4853,477
4862,726
4871,727
4886,728
4887,729
4888,730
4888,731
4889,732
4902,157
4906,284
4927,733
4930,734
4932,735
4943,736
4944,556
4947,737
4955,738
4967,739
4971,740
4980,741
4981,742
4983,743
4984,744
4996,745
4998,746
4998,747
4999,748
5001,749
5006,750
5014,674
5022,701
5024,751
5026,147
5035,752
5039,753
5043,754
5044,755
5051,756
5059,757
5066,758
5068,759
5075,663
5084,760
5093,761
5096,762
5097,148
5108,763
5115,300
5117,764
5130,765
5137,766
5139,767
5144,768
5144,769
5155,161
5158,642
5158,770
5165,771
5171,772
5179,773
5196,774
5209,775
5211,776
5212,777
5217,778
5226,779
5231,780
5232,250
5237,781
5246,782
5250,578
5262,44
5277,213
5277,783
5287,203
5289,784
5290,784
5294,785
5301,786
5315,787
5320,546
5321,788
5328,789
5330,409
5333,721
5334,790
5336,791
5339,135
5340,84
5346,587
5351,792
5353,793
5359,794
5362,795
5370,796
5371,797
5377,395
5385,195
5389,798
5390,799
5394,284
5399,800
5405,801
5414,802
5429,284
5432,803
5433,804
5435,805
5438,806
5439,494
5441,446
5441,447
5444,54
5447,807
5454,808
5458,254
5463,809
5465,91
5467,810
5470,811
5485,812
5490,813
5492,814
5501,578
5505,815
5507,816
5509,263
5511,157
5512,817
5532,818
5538,819
5556,721
5558,157
5561,820
5567,821
5577,260
5596,200
5606,822
5611,823
5616,824
5618,825
5621,826
5650,556
5652,827
5654,828
5654,829
5666,830
5669,831
5671,832
5671,833
5671,834
5671,835
5680,26
5694,836
5696,837
5697,838
5705,839
5707,455
5711,840
5716,841
5716,842
5717,843
5721,844
5724,729
5725,845
5731,846
5741,53
5743,847
5744,848
5769,849
5770,850
5775,851
5776,26
5783,852
5793,853
5797,854
5808,855
5818,153
5819,856
5828,531
5830,857
5831,858
5833,460
5839,185
5842,859
5848,860
5859,861
5866,862
5872,863
5904,864
5914,865
5931,587
5935,866
5941,848
5947,150
5960,867
5967,868
5981,869
5988,870
5994,125
6005,74
6025,871
6043,872
6057,721
6059,275
6059,873
6062,874
6097,875
6105,876
6124,877
6125,878
6131,879
6135,880
6136,881
6151,882
6160,552
6167,586
6173,337
6174,883
6182,884
6187,451
6196,885
6199,886
6210,887
6210,888
6210,889
6210,890
6213,891
6218,892
6236,865
6237,893
6245,91
6247,894
6251,895
6269,661
6279,896
6282,195
6289,284
6290,152
6295,897
6296,898
6296,899
6297,848
6304,242
6316,900
6322,901
6338,902
6338,903
6345,904
6359,905
6371,906
6373,907
6381,620
6385,908
6385,909
6399,910
6403,911
6405,912
6416,291
6417,913
6418,914
6419,319
6425,198
6433,915
6437,916
6437,917
6445,918
6454,25
6456,919
6457,920
6475,921
6485,105
6487,922
6489,923
6494,924
6498,925
6503,926
6517,927
6522,307
6525,804
6536,750
6547,105
6549,611
6551,928
6575,446
6575,447
6578,12
6588,929
6590,930
6592,749
6601,931
6603,150
6609,932
6610,203
6616,933
6625,934
6627,935
6633,579
6642,287
6646,936
6653,937
6656,938
6656,939
6657,940
6666,941
6667,383
6677,942
6678,943
6679,22
6689,284
6690,393
6698,944
6698,945
6703,870
6713,946
6715,947
6717,689
6720,948
6722,949
6724,950
6736,951
6757,952
6768,281
6769,953
6782,954
6786,67
6786,117
6786,639
6786,721
6786,955
6786,956
6786,957
6786,958
6797,959
6802,960
6802,961
6811,962
6813,963
6814,964
6815,965
6823,48
6849,966
6861,116
6867,185
6868,967
6883,968
6890,969
6901,970
6913,150
6922,971
6924,185
6925,972
6943,803
6953,973
6953,974
6955,975
6979,976
6981,977
6983,978
6988,979
7002,980
7003,981
7005,69
7008,414
7017,298
7017,982
7019,202
7020,983
7021,984
7024,250
7032,127
7035,160
7048,985
7057,611
7059,986
7065,987
7067,988
7069,989
7072,990
7078,991
7083,992
7090,531
7094,993
7099,994
7100,995
7104,996
7105,741
7117,997
7120,998
7122,999
7126,186
7130,552
7132,1000
7136,1001
7139,1002
7143,1003
7147,1004
7152,1005
7154,1006
7158,1007
7160,1008
7161,1009
7163,563
7164,1010
7175,401
7190,1011
7194,1012
7204,284
7205,1013
7211,947
7218,1014
7218,1015
7226,1016
7227,1017
7228,1018
7231,1019
7240,1020
7247,1021
7252,13
7267,175
7271,1022
7276,1023
7284,1024
7288,409
7317,742
7317,1001
7317,1025
7317,1026
7317,1027
7317,1028
7323,1029
7324,157
7327,347
7329,1030
7332,1031
7333,1032
7340,1033
7345,322
7354,831
7360,1034
7367,25
7388,1035
7392,1036
7395,1037
7401,1038
7410,1039
7417,1040
7417,1041
7417,1042
7417,1043
7418,1044
7425,191
7436,1045
7438,739
7439,859
7449,1046
7459,1047
7459,1048
7459,1049
7460,1050
7470,1051
7475,54
7477,346
7486,1052
7493,1053
7503,1054
7508,1055
7512,1056
7533,1057
7536,1058
7537,1059
7549,1060
7550,587
7555,203
7559,1061
7562,1062
7568,1063
7573,140
7574,98
7575,727
7591,1064
7595,1065
7596,671
7604,671
7615,1066
7631,158
7661,1067
7672,1068
7674,1069
7681,1070
7689,697
7698,1071
7698,1072
7713,1073
7714,150
7724,1074
7736,735
7753,1075
7758,149
7762,891
7765,482
7768,1076
7773,838
7774,1077
7776,1078
7778,1079
7780,1080
7782,1081
7789,1082
7792,1083
7802,1084
7802,1085
7803,1086
7803,1087
7829,1088
7838,1089
7840,1090
7841,770
7848,1091
7849,1092
7850,1093
7862,393
7881,1094
7882,1095
7883,1096
7885,1097
7885,1098
7890,291
7892,203
7894,681
7895,1099
7905,1100
7923,1101
7926,191
7929,1102
7930,1103
7936,1104
7939,1105
7939,1106
7939,1107
7939,1108
7939,1109
7940,1110
7941,1111
7947,308
7959,85
7962,1112
7971,1113
7981,67
7987,531
7991,1114
7992,399
7993,1115
7995,1116
8000,1117
8001,1118
8014,921
8017,669
8023,1119
8028,749
8031,603
8032,1120
8045,1121
8046,1122
8056,1123
8074,1124
8075,1125
8080,203
8083,1126
8087,160
8105,1127
8107,723
8112,1128
8114,1129
8125,153
8127,459
8134,1130
8135,741
8139,663
8143,1131
8143,1132
8151,1133
8158,284
8160,1134
8162,1135
8180,1136
8187,1137
8188,1138
8197,194
8198,1082
8199,126
8206,1139
8211,929
8212,1140
8233,1141
8247,1142
8257,1143
8259,969
8260,1144
8262,754
8263,1145
8271,1146
8274,1147
8276,1148
8277,127
8278,1149
8279,1150
8283,1151
8290,1128
8294,1152
8303,200
8308,284
8310,1153
8322,1154
8324,1155
8333,1156
8341,1157
8346,1158
8348,1154
8351,1159
8352,1160
8357,231
8359,1161
8380,669
8381,1162
8395,1163
8402,1164
8404,1165
8408,1082
8413,1166
8413,1167
8413,1168
8413,1169
8416,642
8417,1170
8417,1171
8419,1172
8424,1173
8426,497
8427,346
8438,1174
8450,389
8452,135
8458,1175
8463,1176
8471,1177
8473,62
8473,1178
8474,1179
8477,52
8477,1180
8481,1181
8483,1182
8492,1183
8495,161
8504,1184
8523,1185
8539,1186
8546,1187
8554,1188
8561,1189
8564,1190
8569,425
8576,1114
8580,1191
8582,1192
8591,1193
8593,1194
8597,1195
8597,1196
8609,1197
8620,1198
8627,1199
8627,1200
8634,1201
8635,1202
8647,1203
8653,117
8658,1070
8660,1204
8663,1205
8671,332
8671,1206
8671,1207
8671,1208
8674,165
8680,1209
8683,980
8685,1210
8686,663
8693,1211
8696,1212
8701,1213
8709,1214
8710,1215
8718,482
8723,612
8729,663
8732,135
8743,150
8744,1216
8749,1217
8753,275
8759,1218
8765,305
8777,130
8780,977
8781,1219
8781,1220
8786,1221
8786,1222
8793,1223
8794,1224
8802,1225
8808,1226
8810,1227
8810,1228
8813,977
8818,75
8828,160
8841,1229
8842,1230
8846,1231
8850,721
8857,298
8860,1232
8862,1233
8869,1234
8869,1235
8869,1236
8869,1237
8875,1238
8880,1239
8890,1240
8899,1241
8903,1242
8904,1243
8911,1244
8912,1245
8916,1246
8918,1247
8920,1248
8934,1249
8935,803
8939,578
8940,870
8941,1250
8946,200
8949,14
8951,1251
8953,460
8956,1136
8960,1252
8977,1253
8977,1254
9000,1255
9000,1256
9000,1257
9000,1258
9000,1259
9000,1260
9000,1261
9000,1262
9000,1263
9000,1264
9000,1265
9000,1266
9011,1267
9015,1268
9026,54
9029,1269
9032,91
9033,1270
9044,1271
9046,1272
9050,1273
9053,1274
9059,242
9062,1275
9086,1276
9086,1277
9106,1278
9109,1279
9116,161
9127,1280
9129,1281
9131,1282
9133,99
9133,1283
9156,1284
9157,1285
9166,1286
9169,1287
9170,300
9188,1288
9191,1289
9193,1290
9197,1291
9205,1292
9234,1128
9253,445
9257,1188
9267,1293
9268,1294
9270,856
9279,1295
9282,631
9283,1296
9285,1114
9290,1297
9291,12
9291,1298
9299,1299
9308,571
9321,213
9322,1300
9323,1301
9333,1302
9342,804
9349,1303
9357,697
9358,547
9361,1304
9365,1305
9377,1306
9381,261
9384,494
9387,1307
9395,1308
9397,1309
9398,1310
9398,1311
9400,1312
9402,1313
9405,1314
9407,22
9408,1315
9411,482
9413,776
9424,712
9432,1316
9435,148
9435,1317
9441,1318
9460,1319
9474,573
9475,1320
9476,1321
9478,1322
9480,1323
9483,1324
9500,91
9501,1325
9507,1326
9512,480
9515,1327
9518,1328
9524,1329
9535,1330
9538,1331
9539,1332
9543,1333
9543,1334
9543,1335
9545,1336
9550,1337
9560,1338
9563,1339
9563,1340
9566,1341
9569,152
9570,1342
9578,1343
9581,1255
9581,1258
9581,1344
9581,1345
9581,1346
9581,1347
9581,1348
9581,1349
9581,1350
9581,1351
9581,1352
9581,1353
9581,1354
9581,1355
9581,1356
9581,1357
9581,1358
9581,1359
9581,1360
9581,1361
9583,1362
9583,1363
9594,116
9607,189
9613,1364
9623,322
9629,1365
9637,1366
9637,1367
9637,1368
9638,150
9639,1369
9642,1370
9645,1371
9652,1372
9654,1373
9660,297
9662,1374
9669,1375
9671,162
9680,1376
9683,150
9685,161
9691,1377
9695,1378
9702,1379
9707,1380
9713,788
9714,99
9719,587
9721,495
9723,815
9730,254
9740,1381
9757,1382
9757,1383
9757,1384
9757,1385
9769,1386
9784,578
9786,1387
9790,191
9794,611
9802,1388
9804,1389
9806,816
9807,502
9819,1390
9821,578
9832,203
9833,1391
9838,1392
9841,1393
9852,1394
9853,71
9855,1395
9856,426
9863,1396
9865,1397
9879,1398
9882,1399
9884,1400
9884,1401
9884,1402
9884,1403
9884,1404
9888,1405
9890,1406
9914,1407
9918,1408
9931,1409
9932,1060
9935,848
9938,1410
9939,1411
9949,1412
9951,1413
9956,160
9973,1291
9977,1414
9978,445
9996,894
9998,1415
10001,1416
10004,287
10005,1417
10008,1418
10014,1419
10026,749
10027,1420
10029,1094
10043,1421
10067,721
10070,1422
10071,413
10082,480
10088,563
10090,12
10092,290
10115,1423
10125,1424
10125,1425
10129,1426
10131,1427
10138,154
10148,1428
10151,1429
10154,1430
10168,1431
10176,1238
10182,1432
10182,1433
10188,1434
10205,1435
10214,1436
10218,9
10219,140
10223,1437
10228,488
10229,1438
10239,1439
10246,1440
10269,1441
10270,1442
10274,1443
10277,1444
10305,1445
10306,1446
10326,1447
10339,1448
10341,1449
10341,1450
10345,136
10351,150
10368,1451
10371,663
10376,729
10377,1452
10387,543
10395,1453
10401,679
10402,1454
10404,164
10409,663
10413,1455
10418,1135
10420,222
10425,1456
10428,1457
10432,749
10433,78
10443,1458
10450,1459
10459,1460
10462,459
10472,1461
10477,1462
10480,1463
10484,1413
10486,398
10498,1464
10501,1465
10503,1466
10503,1467
10503,1468
10508,1469
10519,1470
10522,1471
10535,1472
10562,1473
10568,1474
10574,499
10593,1475
10594,1476
10597,1477
10598,91
10601,1478
10621,721
10630,291
10631,1479
10632,1480
10633,1481
10644,1482
10646,1483
10649,1484
10670,1002
10687,1485
10694,1486
10707,476
10710,245
10713,587
10720,848
10724,1487
10730,324
10741,578
10747,1488
10766,1489
10767,1490
10771,679
10805,1054
10809,1331
10817,195
10824,1491
10825,1492
10831,1493
10832,1494
10837,127
10840,1495
10852,548
10854,1496
10858,1497
10867,1498
10882,1499
10890,298
10895,1500
10896,1501
10897,1502
10912,674
10915,1503
10920,160
10927,578
10929,22
10930,480
10936,1504
10959,189
10960,1505
10968,1070
10970,1506
10980,627
10983,44
10986,1507
10987,931
10990,1508
10993,1509
11005,1510
11016,1511
11018,1512
11028,358
11030,235
11031,1513
11032,1514
11045,1515
11062,1448
11065,599
11065,1516
11070,1517
11074,99
11076,1518
11082,1519
11084,360
11093,1520
11100,159
11101,1521
11103,1522
11111,1523
11121,1524
11134,1525
11146,132
11148,1526
11154,1527
11156,1528
11163,1529
11167,74
11172,993
11174,741
11177,1530
11183,1531
11196,885
11202,1532
11211,1533
11211,1534
11213,552
11214,1535
11234,1075
11237,1536
11238,1537
11240,1538
11251,562
11255,1539
11259,213
11263,1487
11266,1540
11272,611
11274,1541
11283,1542
11297,1543
11298,1544
11302,1408
11303,1545
11307,1546
11308,1547
11309,1548
11313,553
11331,1549
11342,1550
11342,1551
11353,26
11358,1552
11360,1553
11367,846
11369,460
11394,1554
11402,1555
11406,1556
11407,1557
11408,1457
11412,1558
11413,962
11415,1559
11415,1560
11421,1561
11424,792
11424,1381
11428,1562
11429,1563
11430,1564
11432,1565
11436,1566
11441,222
11447,1567
11450,1568
11451,1569
11454,1570
11460,1571
11464,674
11466,1572
11482,1573
11491,459
11494,1574
11507,741
11521,1195
11521,1196
11525,1575
11528,150
11529,1576
11534,1577
11535,1578
11539,701
11550,1579
11565,832
11565,833
11565,834
11565,835
11566,5
11575,1580
11579,1581
11584,1582
11585,1583
11587,185
11591,1584
11603,1585
11608,1586
11610,1577
11614,1587
11615,1588
11616,838
11619,1589
11620,1009
11622,1590
11623,1591
11624,1592
11628,1593
11630,694
11635,1594
11636,139
11643,179
11645,1595
11646,1596
11650,157
11656,1597
11659,1598
11663,1599
11664,179
11664,1600
11673,1601
11677,1602
11689,1603
11691,1604
11714,1135
11716,1605
11717,1606
11719,1607
11722,1608
11727,1609
11729,1610
11740,1238
11772,136
11772,1611
11780,1612
11796,1296
11800,1613
11802,1026
11808,1614
11819,679
11823,1615
11824,136
11825,1616
11831,1617
11836,865
11838,1376
11842,1618
11851,336
11852,1619
11856,1620
11864,1621
11864,1622
11864,1623
11865,275
11869,1624
11877,935
11881,1625
11893,1626
11901,1627
11912,1628
11918,1629
11919,1630
11920,207
11920,1617
11951,817
11952,1631
11969,284
11977,1484
11990,1632
11992,1633
12001,1634
12004,1635
12005,1636
12006,57
12013,1637
12028,1638
12035,1411
12035,1593
12035,1639
12035,1640
12035,1641
12035,1642
12035,1643
12035,1644
12035,1645
12035,1646
12035,1647
12035,1648
12035,1649
12035,1650
12035,1651
12035,1652
12035,1653
12049,1503
12065,1654
12066,148
12071,919
12074,1291
12077,1655
12080,586
12082,1656
12086,39
12089,150
12113,304
12115,136
12118,250
12122,1517
12133,1657
12134,1658
12143,1659
12146,1660
12148,1661
12148,1662
12167,925
12179,1663
12182,1664
12186,322
12211,1665
12215,1666
12231,1193
12239,1667
12241,549
12252,293
12256,1668
12259,1669
12281,1670
12289,1671
12301,1070
12302,1477
12302,1672
12322,1673
12326,1674
12329,1675
12329,1676
12329,1677
12338,1678
12339,99
12350,1679
12351,1680
12358,111
12366,1681
12368,1682
12375,1683
12378,164
12402,1338
12404,1684
12410,1685
12415,1686
12425,1687
12433,160
12435,989
12437,1688
12440,242
12445,1689
12448,185
12452,91
12455,1690
12464,1691
12476,1692
12482,1693
12496,1694
12499,1047
12502,446
12502,447
12504,1695
12508,556
12509,1696
12512,1697
12513,91
12516,1698
12518,1699
12534,1700
12548,497
12556,210
12584,1701
12590,1702
12597,1703
12598,485
12599,912
12602,506
12603,1275
12608,1704
12621,723
12623,1705
12624,1050
12638,85
12639,305
12642,1706
12645,136
12649,91
12651,1033
12652,1707
12652,1708
12655,1709
12655,1710
12660,817
12660,1711
12660,1712
12672,1713
12697,395
12699,231
12702,1714
12708,95
12724,1715
12737,1588
12739,506
12748,1716
12758,1717
12762,1718
12765,1719
12771,254
12773,1179
12775,1720
12776,1721
12785,1722
12787,1723
12793,1724
12794,1725
12796,865
12802,1532
12802,1726
12820,1727
12821,1728
12824,1342
12829,1096
12831,1729
12833,69
12834,663
12841,275
12843,1730
12848,1731
12851,1732
12855,1047
12864,556
12867,1733
12871,1734
12874,1429
12885,414
12904,157
12921,1735
12923,1736
12931,761
12932,290
12939,1737
12940,185
12958,1738
12962,1739
12973,305
12976,1740
12979,587
12987,1008
12992,1741
12994,1742
13004,977
13007,1743
13013,1252
13014,57
13019,1744
13024,865
13052,1745
13054,1746
13057,1747
13063,665
13107,185
13110,1748
13112,1749
13112,1750
13120,1751
13121,203
13130,319
13134,1752
13141,1753
13142,1754
13149,1755
13150,1531
13152,1756
13155,804
13162,325
13163,1757
13164,1758
13169,1759
13174,1760
13178,1761
13179,1762
13179,1763
13183,26
13183,1764
13195,1765
13215,1766
13219,411
13219,1767
13233,1768
13233,1769
13235,1770
13257,139
13260,1771
13262,1772
13286,1773
13289,1774
13294,75
13302,175
13305,1193
13317,1775
13324,1776
13328,821
13334,1777
13343,1158
13389,1778
13395,736
13401,44
13402,383
13410,1779
13420,127
13433,1780
13435,227
13435,1751
13451,817
13457,1781
13459,1782
13461,1783
13462,57
13463,1503
13468,116
13469,1784
13479,1478
13480,702
13491,1336
13492,1785
13494,1786
13496,1376
13515,1787
13526,1788
13528,1789
13529,1790
13530,1791
13532,1792
13532,1793
13542,1794
13545,1795
13548,645
13560,1796
13565,161
13592,556
13598,1797
13603,1798
13604,1799
13605,1800
13611,1801
13632,1802
13640,140
13650,1803
13657,1804
13663,1805
13679,1806
13680,627
13690,745
13705,1807
13715,1808
13715,1809
13728,136
13730,985
13732,1810
13743,1811
13753,1812
13756,1813
13759,1814
13760,1815
13768,1816
13787,1817
13795,878
13807,1818
13821,1819
13822,1820
13823,1584
13827,22
13837,1821
13838,1822
13840,1190
13843,1823
13849,1824
13852,1825
13861,1826
13866,254
13872,1827
13873,230
13890,701
13894,1828
13916,684
13918,39
13920,111
13925,746
13926,1829
13936,1830
13943,612
13946,1177
13948,1831
13950,263
13953,1832
13955,553
13962,697
13963,1833
13966,1834
13988,1835
13989,947
13991,1836
13993,74
13996,735
13999,544
14006,99
14014,531
14015,1440
14021,395
14022,634
14023,1837
14060,298
14074,1838
14079,1839
14087,1840
14089,674
14092,139
14093,1841
14093,1842
14095,1843
14122,1136
14132,1844
14141,1845
14142,1846
14145,1847
14148,1848
14158,105
14162,1849
14163,1850
14171,148
14171,1851
14171,1852
14171,1853
14171,1854
14171,1855
14171,1856
14171,1857
14171,1858
14171,1859
14171,1860
14171,1861
14171,1862
14171,1863
14171,1864
14171,1865
14171,1866
14171,1867
14171,1868
14171,1869
14171,1870
14171,1871
14171,1872
14171,1873
14171,1874
14172,347
14175,1875
14179,185
14186,143
14187,1876
14189,1877
14197,1878
14207,57
14207,157
14207,160
14207,185
14207,245
14207,275
14207,578
14207,1372
14207,1733
14207,1879
14207,1880
14207,1881
14212,1882
14213,1883
14217,485
14218,1884
14221,1885
14230,1886
14232,1887
14245,1888
14247,1889
14248,1775
14251,1890
14258,1891
14259,1892
14265,1893
14266,134
14272,771
14273,1894
14278,701
14282,721
14285,1895
14287,1896
14288,611
14291,26
14295,1457
14311,499
14322,1897
14329,1303
14332,1898
14335,1899
14348,1900
14349,346
14350,1901
14356,1902
14358,1399
14360,1903
14371,761
14372,1904
14373,1905
14374,1906
14375,1907
14378,191
14380,1908
14385,1313
14392,1909
14396,36
14400,1910
14406,1911
14407,1912
14417,1913
14418,1914
14420,1915
14423,1916
14425,1917
14429,553
14433,1918
14434,1919
14438,160
14461,1920
14463,1921
14469,1922
14514,1923
14529,1924
14535,351
14536,424
14538,1925
14554,1926
14557,153
14560,1927
14563,254
14564,1928
14567,1929
14569,398
14574,1930
14576,552
14577,1299
14579,1931
14588,1932
14602,1933
14609,1934
14612,1935
14621,99
14623,1936
14628,145
14632,1244
14636,1937
14637,154
14647,1938
14655,859
14657,1939
14665,1940
14666,1941
14672,446
14672,447
14674,1942
14677,1943
14678,1944
14691,1945
14693,1946
14704,1947
14716,1948
14728,1949
14733,361
14742,1000
14744,1950
14746,1951
14759,48
14762,254
14770,53
14775,1952
14778,1953
14779,195
14780,1954
14788,1955
14799,556
14804,1956
14822,1957
14825,1958
14826,1959
14827,1601
14829,1960
14835,929
14837,1961
14840,1962
14842,1963
14852,1964
14856,319
14857,1965
14858,1966
14867,1967
14868,1139
14872,460
14876,1008
14882,1968
14884,535
14898,153
14903,157
14910,573
14918,674
14919,1969
14920,265
14921,1970
14924,1971
14926,1972
14930,1973
14937,1974
14947,729
14970,1975
14974,1976
14976,1977
14978,1978
14979,1979
14986,1980
14987,305
14997,75
14998,1981
14999,1982
15001,1415
15003,1087
15011,1983
15018,1984
15022,1985
15023,1986
15032,1987
15039,291
15040,1988
15041,1989
15042,1990
15051,459
15060,1991
15062,885
15069,1992
15076,1993
15076,1994
15082,327
15088,1135
15090,1995
15105,1996
15131,784
15140,694
15149,1997
15151,1998
15160,1999
15162,1140
15168,2000
15168,2001
15168,2002
15168,2003
15169,116
15170,1891
15171,158
15186,191
15190,2004
15192,803
15193,2005
15198,848
15219,234
15220,2006
15231,2007
15262,2008
15267,26
15269,284
15281,1548
15283,689
15285,2009
15296,2010
15306,2011
15311,2012
15314,1558
15315,2013
15319,2014
15320,2015
15320,2016
15328,254
15329,2017
15340,2018
15347,2019
15350,476
15362,2020
15375,1279
15376,2021
15381,1065
15385,2022
15409,2023
15415,2024
15419,2025
15422,2026
15422,2027
15425,185
15426,2028
15426,2029
15433,2030
15446,2031
15449,250
15453,2032
15456,2033
15464,2034
15471,2035
15476,2036
15478,2037
15479,194
15481,2038
15501,2039
15503,2040
15506,1801
15509,2041
15515,1056
15516,2042
15517,2043
15517,2044
15517,2045
15517,2046
15517,2047
15517,2048
15517,2049
15517,2050
15517,2051
15517,2052
15517,2053
15517,2054
15517,2055
15517,2056
15517,2057
15517,2058
15517,2059
15517,2060
15517,2061
15517,2062
15517,2063
15517,2064
15517,2065
15517,2066
15517,2067
15517,2068
15517,2069
15517,2070
15517,2071
15517,2072
15517,2073
15517,2074
15517,2075
15517,2076
15517,2077
15517,2078
15517,2079
15517,2080
15517,2081
15519,2082
15526,2083
15532,2084
15536,2085
15547,544
15552,1859
15557,1985
15561,1140
15563,2086
15589,160
15591,2087
15595,2088
15598,291
15599,1558
15602,157
15603,1733
15617,2089
15630,372
15635,2090
15637,424
15642,300
15645,99
15648,2091
15649,25
15650,1856
15656,26
15656,1727
15656,1855
15656,1856
15656,2092
15656,2093
15656,2094
15656,2095
15662,918
15667,2096
15677,2097
15679,494
15680,297
15688,635
15688,2098
15719,2099
15741,699
15751,2100
15753,2101
15761,2102
15780,2103
15785,250
15799,995
15805,89
15811,2104
15812,701
15813,2105
15816,2106
15822,44
15831,2107
15835,2108
15836,22
15837,157
15846,2109
15852,2110
15856,1571
15858,127
15862,552
15862,1852
15862,1853
15864,2111
15884,947
15891,1905
15897,2112
15902,2113
15904,2114
15907,2115
15923,2116
15926,2117
15927,3
15940,2118
15944,2119
15945,399
15945,2120
15947,2121
15967,85
15981,460
15981,2122
15986,865
15987,1139
15988,2123
15991,1003
15996,162
15997,2124
15998,2125
16009,305
16012,1859
16012,2126
16014,1177
16015,1133
16020,105
16020,307
16020,1376
16020,1938
16020,2127
16020,2128
16020,2129
16020,2130
16021,2131
16025,2132
16027,699
16047,535
16055,2133
16056,2098
16057,2134
16062,150
16065,2135
16073,2136
16080,2137
16080,2138
16107,459
16109,187
16135,1407
16148,2139
16153,2140
16163,553
16165,348
16167,669
16169,95
16169,235
16169,563
16169,712
16169,781
16169,1843
16169,2141
16169,2142
16169,2143
16169,2144
16169,2145
16169,2146
16169,2147
16169,2148
16169,2149
16169,2150
16169,2151
16169,2152
16169,2153
16169,2154
16169,2155
16169,2156
16169,2157
16173,838
16181,2158
16207,2159
16225,2160
16227,2161
16237,99
16244,431
16259,2162
16260,2163
16261,2164
16268,54
16274,192
16278,2165
16287,2166
16291,501
16296,2167
16300,2168
16310,482
16320,2169
16322,2170
16331,671
16340,91
16344,2171
16347,99
16360,1951
16366,2172
16366,2173
16368,44
16373,2174
16393,2175
16405,446
16405,447
16414,2176
16430,2177
16434,2178
16439,22
16440,136
16442,2179
16445,2180
16445,2181
16450,304
16459,54
16465,358
16468,2182
16480,860
16482,2183
16483,1525
16492,2184
16493,2185
16494,2186
16502,2187
16507,552
16514,242
16515,233
16527,1753
16538,235
16540,191
16556,597
16568,669
16569,2188
16570,2189
16586,2190
16589,2191
16590,2192
16592,803
16601,531
16606,729
16609,1936
16612,354
16612,355
16612,2193
16612,2194
16620,1673
16620,2128
16620,2195
16620,2196
16620,2197
16620,2198
16620,2199
16620,2200
16620,2201
16620,2202
16620,2203
16620,2204
16620,2205
16620,2206
16620,2207
16620,2208
16620,2209
16620,2210
16620,2211
16621,2212
16629,2213
16635,2214
16639,1285
16658,2215
16665,325
16666,2216
16669,2217
16675,263
16676,2218
16677,697
16692,2219
16696,203
16703,684
16721,2220
16722,1695
16728,1466
16728,2221
16729,2222
16729,2223
16734,2224
16735,935
16751,2225
16754,2226
16755,2227
16773,152
16788,1224
16789,2228
16798,2229
16800,2230
16805,1436
16824,1273
16830,185
16832,2231
16838,2232
16844,2233
16862,2234
16862,2235
16866,2236
16867,2237
16869,2238
16871,753
16877,197
16878,49
16886,263
16888,2239
16891,1832
16892,2240
16894,2241
16899,2242
16910,1815
16912,2243
16920,2244
16927,2245
16932,2246
16940,2247
16942,2248
16943,2249
16943,2250
16955,2251
16970,699
16971,2252
16977,140
16978,161
16979,2253
16980,669
16985,1695
16991,2254
17001,1472
17016,2255
17020,57
17040,357
17045,148
17052,2256
17053,2257
17055,242
17060,2258
17073,611
17095,752
17115,2259
17117,2260
17123,2261
17157,2262
17163,2263
17169,2264
17170,2265
17180,2266
17183,345
17189,1413
17194,2267
17201,2268
17204,2269
17204,2270
17213,1071
17213,1072
17219,39
17228,1008
17230,1476
17248,861
17248,2271
17248,2272
17250,2273
17252,2274
17254,968
17256,459
17258,2275
17273,2276
17278,284
17282,2277
17286,2278
17291,154
17291,1085
17298,740
17300,2279
17303,242
17305,749
17309,13
17313,2280
17323,2281
17324,245
17328,2282
17332,2283
17335,587
17342,951
17343,2284
17355,2285
17359,1156
17368,2286
17382,1972
17387,2287
17390,2288
17392,2289
17413,693
17414,689
17416,744
17429,2290
17433,135
17434,149
17435,2291
17436,1926
17442,1583
17446,1251
17448,1487
17451,2292
17452,556
17453,1457
17459,2293
17460,977
17474,44
17488,1901
17488,2294
17489,2295
17511,2296
17518,362
17520,2297
17524,2298
17527,2299
17534,2300
17546,823
17553,2301
17556,2302
17556,2303
17559,2304
17560,2305
17568,2306
17584,1557
17595,697
17602,2307
17603,2308
17604,2309
17605,2310
17610,98
17612,2311
17621,2312
17633,394
17637,2313
17637,2314
17637,2315
17637,2316
17638,2317
17643,284
17652,1066
17659,727
17664,738
17675,33
17688,315
17700,529
17705,2134
17721,2318
17729,2319
17734,2320
17738,1325
17741,2321
17749,242
17750,2322
17752,2323
17754,1462
17762,2324
17770,2325
17773,531
17782,2326
17794,2327
17805,2024
17807,872
17842,741
17845,2328
17859,2263
17881,2329
17882,701
17898,2330
17899,2331
17905,208
17906,2332
17910,2333
17913,2334
17913,2335
17914,2336
17914,2337
17916,99
17927,2338
17936,91
17944,928
17958,746
17975,2339
17979,2340
17988,2341
17990,556
17992,22
17997,1765
18000,611
18001,928
18008,1971
18021,123
18031,1686
18031,2342
18042,611
18053,91
18056,24
18057,2343
18057,2344
18065,1501
18066,394
18067,1563
18071,2345
18078,157
18093,2346
18094,2238
18099,85
18103,2347
18109,179
18110,2348
18112,386
18118,2349
18119,2350
18122,2351
18124,2352
18129,2353
18130,1835
18133,2329
18135,179
18137,2354
18139,2355
18145,2356
18151,2357
18160,1285
18161,1819
18179,2358
18179,2359
18179,2360
18182,2361
18184,2362
18185,1203
18186,2363
18200,1002
18206,2274
18207,1619
18210,797
18217,161
18223,838
18227,2364
18230,2365
18244,157
18247,727
18256,2366
18266,611
18267,2367
18280,2368
18282,2369
18288,2216
18289,2370
18291,205
18292,1720
18302,2371
18303,414
18306,2372
18317,1462
18334,1572
18336,2373
18340,439
18343,2374
18343,2375
18343,2376
18343,2377
18343,2378
18344,1846
18349,157
18361,700
18370,2379
18372,464
18376,1008
18380,2380
18389,2381
18391,2382
18394,409
18397,1462
18403,2383
18408,261
18413,870
18417,284
18422,161
18444,36
18445,157
18448,2384
18449,2385
18460,689
18465,2386
18473,741
18475,662
18478,2387
18481,2388
18481,2389
18492,2390
18497,57
18501,771
18506,2391
18511,2392
18527,2393
18537,2394
18541,553
18546,2395
18547,409
18561,2396
18561,2397
18561,2398
18563,2399
18570,729
18584,2400
18584,2401
18584,2402
18586,2403
18588,2404
18598,2405
18599,758
18605,291
18606,2406
18610,599
18610,1516
18611,347
18613,116
18618,2407
18628,2408
18648,2409
18652,2410
18653,2411
18664,157
18668,2299
18670,53
18678,105
18687,336
18694,2412
18697,2413
18705,160
18710,2414
18713,2415
18721,2416
18738,2417
18747,1889
18757,5
18759,1061
18761,304
18789,2418
18795,100
18800,476
18818,2419
18820,2420
18821,841
18821,842
18834,19
18850,2421
18859,2422
18860,578
18862,2423
18863,2424
18872,699
18879,721
18884,271
18891,157
18897,2425
18915,2426
18917,2427
18918,2428
18927,2429
18931,2102
18939,2430
18945,409
18945,2431
18951,578
18953,2432
18956,2433
18966,295
18968,364
18973,1545
18974,599
18974,1516
18976,1312
18985,1136
18988,553
18996,2434
19005,531
19006,2435
19006,2436
19006,2437
19006,2438
19021,78
19025,2439
19049,2440
19050,553
19057,2441
19059,2442
19070,599
19070,1516
19071,2443
19074,179
19082,2444
19086,2445
19087,721
19091,2446
19106,2447
19118,26
19123,99
19129,1187
19131,2448
19133,284
19138,2449
19144,2450
19153,658
19155,2451
19163,2452
19168,2453
19169,2454
19171,2455
19185,2456
19200,2457
19201,1588
19209,2458
19211,766
19212,1099
19216,2459
19224,1201
19247,2460
19248,2461
19249,613
19265,2462
19280,1837
19289,2463
19299,431
19301,703
19303,1344
19306,2464
19329,235
19330,2465
19330,2466
19334,2467
19339,2468
19347,869
19350,2469
19356,1316
19358,2470
19359,2471
19373,2472
19375,362
19385,2473
19391,2474
19395,1808
19422,2475
19430,2476
19445,2477
19446,2102
19449,669
19455,2478
19460,175
19470,815
19475,2479
19499,222
19500,2480
19523,2006
19530,2481
19534,2482
19536,2483
19537,2484
19541,2485
19546,2486
19548,273
19550,1344
19571,99
19577,1082
19577,2487
19584,284
19594,75
19595,2488
19604,2489
19605,815
19632,2490
19644,721
19646,578
19652,2491
19662,2492
19665,531
19673,2493
19674,1028
19675,982
19691,154
19691,321
19699,117
19705,2494
19708,2495
19720,319
19727,2496
19729,480
19737,319
19741,2497
19741,2498
19747,344
19770,319
19771,2499
19773,1556
19775,2168
19776,2500
19793,2501
19794,2502
19800,977
19804,2503
19810,2504
19815,2505
19815,2506
19816,200
19817,2507
19822,2371
19824,2508
19825,2509
19827,2510
19830,2511
19847,352
19848,397
19851,1165
19860,1300
19861,284
19866,26
19866,542
19866,1376
19866,1702
19866,1852
19866,1853
19866,1854
19866,1971
19866,2127
19866,2512
19866,2513
19866,2514
19866,2515
19866,2516
19866,2517
19868,1065
19868,1976
19870,508
19877,2518
19882,669
19887,3
19892,2519
19907,445
19925,2520
19928,2521
19934,2522
19935,200
19950,336
19951,99
19952,2523
19957,2524
19959,788
19964,39
19969,1543
19970,1695
19971,1190
19979,2525
19985,2526
19987,2527
19998,459
20012,2528
20027,2529
20033,2530
20035,2531
20036,556
20055,2532
20056,2533
20071,1457
20076,1968
20087,1658
20088,91
20101,2534
20102,1258
20102,2535
20105,2536
20121,185
20142,2168
20148,2537
20165,1601
20173,1033
20188,1233
20194,2538
20196,191
20197,307
20198,2539
20209,52
20215,319
20235,2540
20244,2541
20246,2542
20259,2543
20263,284
20271,298
20288,1588
20305,22
20307,1713
20311,398
20318,2544
20318,2545
20318,2546
20327,2547
20331,2548
20336,2549
20370,1847
20373,2550
20379,838
20380,2551
20381,102
20388,191
20391,689
20394,2494
20402,2552
20404,2553
20405,683
20405,2554
20408,2555
20409,2010
20425,556
20440,1765
20447,2556
20451,2557
20452,2558
20453,136
20455,1038
20460,553
20482,189
20483,73
20489,2559
20507,2560
20509,2561
20514,2562
20518,1695
20525,2563
20528,157
20533,2564
20539,2565
20550,2566
20554,2567
20557,2084
20559,2568
20562,2569
20564,145
20576,2570
20577,1610
20578,2571
20579,157
20583,2572
20585,447
20598,663
20603,2573
20607,2574
20622,2575
20622,2576
20629,977
20631,2034
20634,800
20641,2577
20693,2578
20703,659
20712,194
20726,2579
20730,2580
20739,2581
20739,2582
20743,1740
20745,24
20761,135
20771,1079
20785,2583
20788,2584
20788,2585
20795,2586
20796,39
20807,2587
20827,189
20850,2588
20857,2589
20860,144
20861,74
20862,1962
20866,2590
20871,611
20874,1190
20887,2591
20908,266
20914,242
20927,678
20932,663
20942,459
20945,2592
20953,2593
20956,2594
20958,2595
20960,2596
20971,1808
20977,2597
20979,2598
20989,1331
21002,1061
21010,291
21011,754
21012,135
21031,2599
21045,2600
21046,634
21048,2601
21058,2602
21062,2603
21066,411
21066,1767
21074,578
21108,578
21115,815
21120,2604
21139,2605
21140,728
21160,2606
21168,2607
21170,2608
21171,2609
21182,1082
21182,2487
21185,2610
21191,2611
21194,663
21195,2612
21212,1846
21222,53
21224,2613
21226,2614
21227,912
21230,26
21230,1764
21232,2615
21239,250
21251,2616
21254,2617
21269,2618
21271,2619
21275,501
21278,1180
21278,2620
21281,2621
21282,274
21283,2622
21288,2623
21297,2624
21303,2625
21308,53
21316,2123
21320,573
21322,2626
21323,1610
21324,2627
21326,1376
21334,254
21340,2084
21343,2628
21349,2629
21353,2293
21369,2630
21375,1904
21380,2631
21385,179
21386,2632
21386,2633
21386,2634
21386,2635
21386,2636
21388,2637
21399,2638
21402,2639
21405,2640
21416,788
21417,602
21420,2641
21426,2642
21426,2643
21430,308
21438,861
21442,2644
21444,157
21448,2645
21450,2646
21451,2647
21451,2648
21464,2031
21477,2649
21490,1242
21501,2650
21505,2651
21528,552
21533,2652
21535,1915
21535,2653
21538,754
21545,2654
21547,2655
21550,54
21557,2656
21569,300
21582,2657
21594,804
21602,2658
21603,445
21612,2659
21612,2660
21618,1583
21627,2661
21634,2662
21645,2444
21648,2663
21648,2664
21657,1916
21671,2665
21680,409
21683,99
21684,2666
21686,569
21698,2667
21699,2668
21717,2452
21728,1772
21730,376
21739,2669
21748,2670
21750,185
21753,2671
21755,1483
21777,2672
21779,2673
21784,185
21788,2674
21793,1071
21793,1072
21794,578
21795,765
21801,300
21802,2675
21804,2676
21806,746
21821,2677
21824,2678
21835,2679
21839,2680
21843,2681
21849,2682
21856,99
21865,1895
21868,2683
21869,2684
21899,1797
21900,2685
21900,2686
21903,2687
21916,2688
21936,2681
21962,2125
21963,2689
21968,763
21989,253
21994,2690
22000,328
22003,2491
22005,2691
22007,2692
22035,2693
22037,2694
22059,2695
22063,2696
22066,328
22075,2647
22083,2697
22085,290
22090,2698
22092,2699
22092,2700
22095,2701
22110,2702
22133,482
22140,2703
22158,2704
22160,2705
22161,39
22162,75
22171,2706
22174,2707
22175,2708
22179,2709
22180,855
22188,1588
22190,2710
22209,298
22211,2711
22213,501
22216,2712
22219,2713
22222,754
22226,2686
22234,2324
22235,2714
22238,1133
22245,2715
22249,2716
22275,949
22282,2717
22285,2718
22286,2719
22295,2720
22312,2721
22319,2722
22321,2723
22322,2724
22328,2725
22331,2726
22334,2727
22347,2728
22367,2729
22372,804
22378,2730
22386,846
22387,2731
22392,185
22393,2732
22407,2733
22420,2734
22420,2735
22423,891
22434,669
22436,2736
22474,1264
22477,553
22483,2737
22487,1135
22492,2738
22500,838
22508,659
22520,2739
22524,1916
22525,713
22531,2088
22534,2740
22548,2741
22556,2742
22559,395
22588,139
22594,2327
22595,1369
22603,319
22606,1203
22609,2743
22610,2744
22610,2745
22614,2746
22626,2500
22647,2747
22653,2748
22659,1267
22675,1757
22679,26
22683,781
22690,2554
22690,2749
22690,2750
22690,2751
22690,2752
22711,801
22716,918
22721,2753
22722,2754
22728,2755
22744,1529
22750,2756
22755,2757
22757,117
22761,358
22765,74
22768,2758
22770,2165
22775,189
22779,91
22780,2577
22793,2759
22798,235
22807,2760
22812,2761
22813,2762
22815,567
22816,139
22821,2763
22826,2764
22835,162
22838,2765
22849,2766
22850,2767
22853,2768
22872,2769
22873,721
22877,222
22896,712
22899,2770
22906,2771
22920,2772
22920,2773
22920,2774
22934,1446
22936,2384
22949,2775
22952,2170
22953,2776
22956,2340
22963,2777
22965,2778
22967,67
22977,2779
22977,2780
22981,203
22987,2781
22989,2782
22994,1834
22995,2783
23018,1135
23019,2784
23021,431
23024,2785
23024,2786
23027,2787
23036,2788
23038,1267
23047,2789
23049,185
23051,2790
23060,663
23076,2791
23077,2520
23084,2792
23106,2793
23108,1201
23115,2794
23119,804
23140,2795
23149,2796
23155,52
23157,2797
23164,2798
23178,1471
23179,1775
23180,1575
23183,26
23183,1764
23184,2274
23190,1259
23193,2799
23199,99
23211,2800
23214,135
23230,531
23235,2801
23238,1006
23239,922
23246,727
23254,283
23255,2802
23258,73
23266,2803
23268,2804
23271,869
23277,160
23278,2805
23284,135
23307,1971
23319,2806
23324,2807
23328,1702
23346,2808
23346,2809
23348,2573
23349,2810
23372,538
23377,164
23377,2811
23381,1673
23381,1859
23381,2129
23381,2812
23381,2813
23381,2814
23381,2815
23381,2816
23381,2817
23381,2818
23381,2819
23381,2820
23381,2821
23381,2822
23381,2823
23381,2824
23381,2825
23381,2826
23383,2105
23387,307
23388,2827
23391,340
23396,2828
23423,2829
23423,2830
23425,629
23428,132
23431,2831
23440,1242
23441,918
23444,2832
23453,891
23454,2833
23461,254
23470,754
23489,2834
23491,2835
23497,231
23504,671
23526,2836
23534,2837
23535,482
23536,2838
23538,1437
23540,2839
23540,2840
23550,494
23553,25
23560,1279
23566,2841
23571,2842
23576,556
23588,415
23598,2843
23602,556
23612,2844
23615,2845
23616,984
23617,2846
23645,2847
23647,2848
23652,2849
23653,2850
23670,2851
23671,9
23682,2852
23685,44
23691,2853
23691,2854
23705,2855
23722,2856
23743,57
23744,2857
23746,2858
23746,2859
23752,701
23754,2860
23760,2861
23763,2455
23766,2862
23767,2243
23775,1720
23778,2863
23786,2864
23787,2865
23792,578
23798,2866
23799,552
23806,837
23819,2867
23820,2868
23834,39
23858,2869
23888,44
23893,2870
23895,2871
23900,2872
23906,2873
23908,2874
23908,2875
23908,2876
23908,2877
23908,2878
23908,2879
23908,2880
23917,2881
23935,193
23936,2882
23936,2883
23943,2884
23954,2885
23957,2886
23964,377
23966,2887
23970,198
23970,1775
23970,2888
23970,2889
23972,744
23974,1081
23975,1283
23976,2890
23980,2404
24002,821
24006,2891
24006,2892
24007,2893
24008,2894
24009,2895
24016,138
24021,36
24022,401
24031,2896
24034,2897
24043,2898
24044,2899
24048,99
24050,2682
24059,2900
24065,69
24066,1757
24067,2901
24067,2902
24070,2903
24070,2904
24071,1369
24077,2905
24077,2906
24077,2907
24077,2908
24077,2909
24079,2910
24082,270
24083,2911
24096,2912
24099,2913
24104,2500
24107,2914
24114,2915
24118,2421
24120,2916
24124,2917
24137,2918
24140,437
24142,2919
24143,2920
24144,347
24154,1740
24156,2921
24161,2922
24162,395
24174,351
24176,2923
24183,2924
24196,2185
24207,2925
24208,2926
24211,2927
24213,2928
24224,2929
24247,240
24251,2930
24261,2931
24262,2932
24282,2933
24288,2934
24299,2935
24299,2936
24299,2937
24302,2938
24305,2939
24310,2940
24312,550
24318,2941
24322,275
24323,2942
24325,158
24335,2943
24335,2944
24349,2837
24356,263
24357,2945
24367,2946
24373,1238
24384,2947
24387,1217
24390,2948
24395,742
24397,2949
24402,2950
24402,2951
24414,1879
24415,2952
24416,1047
24417,1445
24437,2953
24444,242
24451,2954
24462,105
24487,2955
24496,275
24497,2956
24507,2957
24512,2461
24514,546
24517,815
24521,127
24525,245
24532,2958
24533,813
24539,185
24551,2959
24553,69
24561,2960
24563,348
24565,2961
24565,2962
24570,2963
24571,2600
24575,2964
24576,2965
24583,2966
24589,2967
24591,2551
24594,12
24595,1489
24596,242
24597,2968
24599,2487
24613,2969
24613,2970
24615,2971
24619,2972
24625,401
24631,1233
24643,39
24657,694
24659,2973
24665,2974
24668,2975
24675,200
24677,78
24692,1720
24696,2976
24702,2977
24705,2978
24707,39
24708,40
24730,713
24743,2979
24752,54
24755,2980
24764,2922
24765,2981
24771,2982
24777,2983
24781,2984
24786,1687
24789,2985
24790,2986
24791,2987
24815,2988
24825,305
24831,2989
24841,870
24846,741
24848,2990
24851,2991
24863,578
24867,882
24872,102
24872,1951
24874,305
24879,2992
24881,2993
24889,1936
24897,2994
24907,2995
24910,2996
24929,2997
24933,2998
24939,233
24945,2999
24948,858
24952,99
24959,3000
24960,1532
24966,2681
24967,3001
24969,707
24973,3002
24980,3003
24982,3004
24987,3005
24994,667
24998,1457
25001,116
25003,2089
25008,3006
25008,3007
25012,3008
25019,1110
25020,3009
25023,587
25024,816
25028,1986
25029,69
25039,336
25044,3010
25047,1938
25051,3011
25052,3012
25060,2943
25060,2944
25067,3013
25068,2238
25072,1372
25076,556
25082,99
25088,3014
25089,538
25100,2845
25103,3015
25105,102
25105,3016
25111,1441
25112,3017
25118,701
25125,1375
25126,3018
25132,3019
25142,3020
25147,3001
25159,3021
25162,254
25165,3022
25166,3023
25169,160
25173,3024
25181,3025
25193,3026
25205,1602
25212,3027
25219,3028
25227,2690
25229,3029
25238,2123
25239,105
25239,3030
25248,3031
25249,3032
25255,3033
25274,3034
25295,3035
25297,3036
25300,3037
25308,3038
25321,3039
25323,1593
25324,99
25327,3040
25333,1938
25342,578
25357,3041
25360,3042
25365,859
25366,612
25368,696
25381,200
25394,1695
25405,3043
25411,2145
25415,3044
25417,91
25421,3045
25424,3046
25427,116
25427,117
25427,127
25427,414
25427,634
25427,721
25427,722
25427,723
25439,3047
25446,3048
25455,3028
25459,1196
25465,3049
25474,699
25478,3050
25478,3051
25485,150
25488,73
25495,3052
25496,1155
25500,3053
25500,3054
25504,3055
25520,741
25524,1706
25537,2694
25543,578
25545,1951
25547,3056
25548,2165
25557,284
25558,3057
25566,3058
25579,947
25586,327
25605,3059
25609,1563
25612,3060
25614,3061
25622,3062
25627,1751
25633,3063
25637,3064
25638,2895
25646,3065
25648,3066
25648,3067
25660,3068
25662,222
25699,346
25711,3069
25714,3070
25719,48
25734,3071
25740,250
25741,694
25742,3072
25744,3073
25751,3074
25757,1797
25766,1296
25769,446
25769,447
25783,821
25794,57
25796,154
25800,689
25812,2418
25814,3075
25815,123
25816,3076
25827,446
25827,447
25829,179
25831,3046
25842,295
25854,2178
25856,3077
25863,3078
25875,2248
25887,3079
25898,3080
25916,3081
25925,3082
25934,870
25934,1161
25934,2195
25934,3083
25934,3084
25934,3085
25934,3086
25934,3087
25934,3088
25934,3089
25934,3090
25934,3091
25934,3092
25934,3093
25934,3094
25934,3095
25934,3096
25934,3097
25934,3098
25934,3099
25940,3100
25943,354
25943,3101
25948,3102
25954,3103
25954,3104
25954,3105
25957,3106
25973,3107
25977,338
25978,22
25985,1282
25992,3108
25995,3109
25999,932
26000,3110
26007,3111
26008,2385
26011,3112
26016,3113
26033,3114
26033,3115
26039,556
26043,3116
26060,697
26063,3117
26065,230
26085,3118
26093,234
26099,26
26099,968
26099,1301
26099,1702
26099,1764
26099,1853
26099,1854
26099,1855
26099,1859
26099,3119
26099,3120
26099,3121
26099,3122
26099,3123
26099,3124
26099,3125
26099,3126
26109,3127
26122,25
26140,741
26141,3128
26153,291
26155,3129
26155,3130
26162,3131
26165,39
26175,3132
26187,3133
26192,3134
26200,689
26204,263
26209,154
26212,1983
26215,3135
26216,931
26219,3136
26222,26
26225,1110
26226,3137
26246,1196
26250,3138
26251,3139
26269,54
26270,3140
26273,1936
26274,136
26277,3141
26278,741
26282,1584
26310,529
26335,1496
26341,127
26348,153
26359,157
26360,3142
26366,3143
26368,3144
26376,3145
26377,1529
26380,2869
26387,3146
26389,3147
26389,3148
26389,3149
26396,3150
26402,3151
26408,3152
26410,281
26414,54
26421,556
26428,3153
26438,3154
26446,2591
26449,663
26458,161
26464,92
26466,3155
26472,1695
26476,2566
26485,3156
26493,3157
26495,12
26507,203
26507,3158
26509,1139
26522,1254
26527,2486
26534,563
26534,837
26534,1577
26536,3159
26536,3160
26537,795
26542,2893
26543,578
26550,175
26550,197
26550,1145
26550,1376
26550,3161
26550,3162
26550,3163
26550,3164
26550,3165
26550,3166
26552,2677
26566,135
26577,931
26580,739
26582,1165
26586,3167
26590,2809
26594,298
26594,749
26594,3168
26594,3169
26594,3170
26594,3171
26594,3172
26596,3173
26606,3174
26608,3175
26610,157
26617,1135
26635,1832
26638,3176
26640,203
26640,662
26645,284
26653,658
26655,3177
26660,3178
26663,401
26667,729
26677,3179
26696,1064
26712,464
26713,2853
26713,3180
26713,3181
26714,85
26719,1658
26725,3182
26726,179
26731,1834
26734,270
26736,150
26737,280
26743,865
26747,75
26771,254
26773,1038
26777,885
26785,3183
26787,3184
26801,1133
26807,3185
26810,669
26812,160
26813,3186
26814,3187
26822,3188
26825,1238
26830,1001
26834,3189
26837,157
26839,1574
26851,1832
26857,2276
26862,486
26873,3190
26875,3191
26877,3192
26878,3193
26879,2678
26886,3194
26889,3195
26900,689
26901,3196
26913,3197
26920,3198
26923,3199
26933,432
26945,3200
26953,3201
26963,3202
26967,304
26969,203
26971,587
26975,3203
26975,3204
26984,3205
26988,1484
27008,254
27025,721
27026,148
27033,3206
27052,3207
27053,284
27063,284
27064,3081
27065,3208
27066,3209
27071,912
27073,3210
27075,3211
27075,3212
27078,1325
27079,3213
27095,160
27098,3214
27100,599
27100,1516
27106,1082
27107,3215
27110,3216
27119,169
27121,3217
27123,754
27132,1143
27144,3218
27148,3219
27151,3220
27152,556
27161,1268
27173,3221
27176,3222
27177,3223
27183,3224
27184,707
27187,957
27188,3225
27195,3226
27209,3227
27231,669
27232,3228
27237,3229
27237,3230
27245,552
27246,3231
27248,3232
27250,3233
27253,85
27259,3234
27272,3235
27276,699
27277,446
27277,447
27278,3236
27286,2541
27291,3237
27293,3238
27295,3239
27296,2804
27297,3240
27309,1106
27310,57
27313,202
27315,3241
27315,3242
27320,3243
27324,3244
27340,553
27341,3245
27345,3246
27362,3247
27363,2229
27369,2841
27373,395
27375,200
27379,3248
27382,1525
27388,3249
27399,1390
27400,2339
27402,2102
27411,905
27412,2373
27417,3250
27418,3251
27431,3252
27431,3253
27436,242
27452,3254
27453,3255
27454,3256
27457,3257
27458,2933
27464,281
27482,2475
27484,3258
27485,3259
27489,161
27499,1765
27515,837
27515,1695
27529,3260
27535,3261
27545,307
27549,3262
27561,2144
27568,3263
27570,3264
27570,3265
27582,3266
27588,3267
27595,1201
27599,1303
27600,2125
27600,3268
27610,1658
27611,3269
27612,3270
27616,157
27618,2188
27624,3271
27641,3272
27643,105
27646,195
27647,3273
27658,3274
27670,447
27680,3275
27686,263
27687,701
27691,2714
27694,3276
27695,3277
27707,3278
27712,3279
27721,3280
27727,116
27729,305
27738,3281
27739,2416
27746,674
27763,3282
27774,3283
27780,723
27791,1755
27792,3284
27797,3285
27804,741
27806,3286
27814,319
27817,460
27827,3287
27839,1937
27841,147
27847,3288
27848,3289
27850,3290
27855,2698
27858,669
27859,291
27869,3291
27871,3292
27877,1465
27886,2481
27887,761
27889,400
27899,3293
27908,2410
27921,319
27927,3294
27930,447
27939,157
27940,3295
27956,291
27966,3296
27968,788
27969,3297
27971,722
27976,3298
27983,203
27985,2977
27986,1695
27997,1905
27998,3299
28007,3300
28011,185
28017,268
28027,3301
28028,3302
28031,3303
28033,2222
28047,929
28052,815
28059,3304
28069,3305
28074,620
28082,3306
28084,3307
28091,1837
28094,3308
28105,3309
28105,3310
28125,2955
28128,2769
28143,3311
28151,284
28155,3312
28155,3313
28160,3314
28178,3315
28182,398
28189,2789
28198,752
28217,3316
28225,157
28226,3317
28227,3318
28231,3319
28246,1577
28256,54
28257,207
28257,1617
28268,2307
28273,3320
28274,3321
28281,635
28281,2098
28305,446
28305,447
28308,179
28308,1600
28310,3322
28316,721
28317,3323
28327,3324
28329,3325
28341,578
28346,179
28346,3326
28352,2274
28354,242
28355,3327
28359,3328
28363,1832
28381,3329
28382,3330
28388,963
28391,699
28405,1324
28408,1061
28418,3331
28421,1845
28429,858
28434,2511
28438,3332
28449,1397
28449,3333
28449,3334
28449,3335
28449,3336
28449,3337
28449,3338
28449,3339
28449,3340
28449,3341
28449,3342
28449,3343
28449,3344
28449,3345
28449,3346
28449,3347
28449,3348
28449,3349
28449,3350
28449,3351
28451,2282
28464,3216
28470,3352
28481,2349
28490,150
28492,2237
28494,3353
28495,977
28502,2845
28508,3354
28512,3355
28516,284
28522,3356
28523,3357
28524,3358
28525,1009
28529,266
28531,2031
28536,3359
28548,3360
28553,3361
28553,3362
28578,3002
28581,3363
28592,3364
28592,3365
28593,739
28596,29
28598,735
28601,121
28603,3366
28605,2197
28617,3367
28619,3368
28623,123
28629,1429
28637,1525
28644,3369
28647,502
28648,3370
28657,3371
28661,3372
28669,862
28674,721
28681,2271
28692,161
28693,3373
28701,3374
28704,3375
28712,556
28713,200
28717,3376
28726,3377
28730,3378
28734,3379
28738,2302
28738,2303
28741,1713
28753,3380
28761,22
28772,152
28780,3381
28791,1512
28798,1140
28800,3382
28815,2770
28833,191
28845,3383
28848,3384
28850,1096
28859,3385
28876,3386
28877,3387
28880,3388
28881,3389
28882,3390
28885,3391
28889,803
28890,3392
28897,885
28898,3393
28927,1739
28935,599
28935,600
28943,105
28945,3394
28957,3098
28958,3395
28965,3396
28968,3397
28968,3398
28970,1201
28972,3399
28975,3400
28992,3401
29005,3402
29007,433
29007,1695
29009,35
29018,3403
29023,3404
29032,3405
29039,3406
29044,607
29050,3407
29051,3408
29059,3409
29061,3410
29063,1695
29081,777
29084,3411
29084,3412
29084,3413
29084,3414
29090,169
29091,1543
29092,2475
29093,2837
29100,596
29104,3415
29106,3416
29107,3417
29113,53
29124,1114
29139,754
29147,3418
29150,3419
29155,2145
29162,3420
29163,3421
29169,3422
29175,3423
29184,3424
29199,2858
29199,2859
29204,3425
29206,3426
29218,298
29220,91
29224,135
29231,347
29238,3427
29239,3428
29248,3429
29251,3430
29254,3431
29257,3432
29261,414
29262,3433
29264,94
29268,1986
29281,3434
29282,3435
29283,107
29291,3436
29295,460
29297,233
29305,3437
29315,3438
29320,1303
29335,562
29344,3426
29345,3439
29358,3440
29361,3441
29363,742
29367,3392
29370,3442
29385,563
29391,1904
29400,3443
29403,3112
29407,3444
29416,75
29433,3445
29436,3446
29437,3447
29437,3448
29438,1342
29439,3449
29444,26
29444,1764
29453,3450
29459,1760
29470,315
29474,3451
29475,816
29477,44
29479,752
29483,3452
29484,3453
29486,2901
29487,3454
29490,200
29502,3455
29506,3456
29510,942
29519,2304
29526,3457
29527,3458
29531,117
29540,3459
29558,1056
29560,3460
29562,1144
29567,3461
29576,3462
29579,3463
29587,727
29597,3464
29601,1399
29602,3465
29603,3466
29606,39
29616,2021
29637,3467
29651,191
29655,3468
29658,280
29666,393
29669,3469
29670,3470
29673,44
29677,3471
29684,3472
29685,284
29699,2770
29703,2853
29703,3180
29703,3181
29704,3473
29705,3474
29710,150
29715,145
29719,1563
29724,280
29745,451
29757,3475
29758,3476
29759,3477
29761,992
29769,319
29800,3478
29802,571
29809,3077
29810,1565
29811,91
29818,3479
29818,3480
29819,3481
29821,3482
29823,3483
29829,1477
29835,578
29836,3484
29837,3485
29843,753
29858,200
29860,2945
29861,214
29867,531
29871,3486
29887,3487
29904,1061
29914,742
29917,3488
29918,44
29926,3489
29929,3490
29934,3491
29949,336
29950,535
29953,3492
29955,169
29959,531
29966,821
29968,3493
29972,3494
29973,3495
29976,3496
29990,3497
29991,3498
30000,3499
30007,3500
30008,739
30024,3501
30025,578
30037,662
30043,3502
30051,3503
30053,79
30059,14
30060,788
30061,2595
30065,135
30066,3504
30066,3505
30080,3506
30082,1512
30084,3507
30084,3508
30084,3509
30087,3510
30088,754
30092,1398
30103,575
30105,1832
30113,3511
30115,3198
30116,587
30125,3512
30128,204
30137,136
30146,3513
30156,319
30159,679
30162,395
30176,3514
30180,3515
30185,3516
30185,3517
30187,3518
30199,3519
30200,603
30208,3520
30215,3521
30222,1685
30245,3522
30249,3110
30252,3523
30259,3524
30264,419
30268,1123
30272,3525
30273,340
30275,701
30281,200
30311,3526
30320,3527
30323,913
30323,3528
30327,3529
30337,2123
30339,3530
30347,3531
30356,1971
30363,2404
30383,542
30383,1161
30383,1525
30383,1859
30383,1860
30383,1865
30383,1867
30383,1938
30383,3088
30383,3089
30383,3099
30383,3330
30383,3532
30383,3533
30383,3534
30383,3535
30383,3536
30383,3537
30383,3538
30383,3539
30383,3540
30383,3541
30383,3542
30383,3543
30383,3544
30383,3545
30383,3546
30383,3547
30383,3548
30383,3549
30383,3550
30383,3551
30383,3552
30383,3553
30383,3554
30383,3555
30383,3556
30383,3557
30383,3558
30383,3559
30383,3560
30388,346
30392,123
30396,150
30398,3561
30402,3562
30408,2599
30423,3563
30426,157
30430,2092
30432,3564
30434,3565
30437,3566
30441,3567
30441,3568
30446,620
30455,3100
30466,2393
30469,354
30469,355
30469,3569
30472,161
30484,337
30494,3570
30496,3539
30499,160
30506,1829
30509,3571
30522,3572
30525,3573
30525,3574
30531,713
30544,39
30545,3575
30554,3576
30561,3577
30564,3578
30570,3579
30583,3580
30590,3581
30597,281
30598,957
30599,1117
30600,784
30601,3582
30608,3583
30629,931
30638,3584
30639,3585
30646,1027
30652,3586
30666,2229
30667,587
30679,1457
30682,3587
30684,3588
30688,161
30695,784
30711,3589
30712,3590
30714,3591
30721,203
30722,116
30727,3592
30728,3593
30745,482
30761,3594
30772,749
30778,3595
30780,157
30782,891
30783,3596
30783,3597
30786,2327
30790,3598
30793,3599
30802,1471
30818,157
30834,3600
30834,3601
30839,152
30843,663
30849,501
30852,3602
30857,3603
30858,305
30863,284
30869,3604
30872,54
30875,94
30884,3605
30892,3606
30900,3607
30904,3608
30918,3609
30921,3610
30924,305
30929,358
30936,3611
30938,3612
30949,3613
30951,841
30951,842
30959,3614
30971,203
30975,3615
30976,185
30979,3616
30985,3617
30986,319
30990,39
30994,160
31023,1291
31038,3618
31045,3619
31045,3620
31045,3621
31045,3622
31062,3623
31074,3372
31081,3624
31082,3243
31083,3625
31088,3626
31090,1713
31094,157
31098,3627
31099,1471
31115,3628
31121,136
31124,3629
31142,3630
31146,3631
31150,671
31160,3632
31166,3633
31168,1071
31168,1072
31170,1875
31172,3634
31188,26
31192,531
31194,838
31197,399
31198,3635
31201,3636
31220,284
31228,3637
31233,721
31236,3638
31237,3639
31238,119
31245,205
31250,2914
31253,1826
31269,928
31275,3640
31277,99
31277,1283
31280,3641
31289,231
31292,3642
31294,3523
31296,3643
31315,1971
31318,3644
31344,3645
31346,1817
31347,254
31358,91
31360,587
31368,482
31373,1083
31385,98
31390,908
31390,909
31390,3646
31390,3647
31390,3648
31390,3649
31390,3650
31390,3651
31390,3652
31390,3653
31390,3654
31390,3655
31399,638
31401,1141
31414,841
31414,842
31428,3656
31432,85
31437,3657
31438,1466
31442,3658
31450,552
31450,1971
31450,3659
31450,3660
31450,3661
31454,3246
31456,3662
31459,446
31459,447
31461,2327
31462,99
31469,935
31486,3663
31496,674
31497,1144
31500,3664
31508,3665
31509,3666
31514,125
31514,538
31514,1601
31514,3667
31519,3001
31525,446
31525,447
31528,1709
31528,1710
31531,3668
31539,3669
31542,139
31544,3670
31547,2707
31552,2026
31552,2027
31554,3671
31554,3672
31567,2268
31573,3673
31580,3674
31585,3168
31588,3675
31593,2407
31594,3676
31597,611
31599,3677
31606,3678
31607,135
31615,1903
31623,3679
31631,3041
31638,2677
31645,3680
31647,1180
31653,3681
31660,3682
31666,870
31666,2195
31666,3084
31666,3085
31666,3086
31666,3087
31666,3088
31666,3090
31666,3093
31666,3094
31666,3095
31666,3099
31666,3683
31666,3684
31666,3685
31666,3686
31666,3687
31666,3688
31671,3689
31684,3690
31684,3691
31687,3692
31693,3693
31708,3694
31710,3695
31711,611
31716,3696
31721,2575
31721,2576
31728,161
31729,3697
31729,3698
31729,3699
31729,3700
31729,3701
31730,790
31733,801
31733,3702
31738,3703
31739,105
31742,957
31744,919
31747,1053
31750,3704
31765,3705
31766,3706
31772,1413
31773,460
31776,3707
31778,1299
31803,662
31805,1695
31807,2622
31810,3708
31811,3709
31816,3710
31816,3711
31826,3712
31832,3713
31835,741
31846,287
31847,741
31860,1685
31861,3714
31871,3715
31873,999
31874,3380
31886,1501
31896,1971
31901,3591
31905,116
31912,3716
31914,3717
31922,3027
31926,3718
31941,3719
31942,3720
31944,3721
31946,1303
31954,2893
31957,1702
31959,3722
31959,3723
31967,3724
31979,3725
31981,1053
31985,3726
31988,3727
31988,3728
31994,270
31997,1457
32005,3729
32008,1465
32026,556
32030,3730
32037,723
32046,3680
32051,3731
32055,319
32063,145
32065,692
32074,291
32076,3732
32087,145
32089,3733
32091,721
32097,105
32098,3734
32099,3041
32103,245
32106,235
32118,3735
32133,106
32138,3736
32140,3737
32144,3738
32145,3739
32160,3740
32165,3741
32187,3742
32189,727
32192,746
32192,3743
32201,1783
32204,3744
32205,3745
32222,3746
32243,3747
32246,3748
32248,3028
32252,3749
32262,3750
32270,3751
32282,3752
32288,3753
32294,254
32295,2302
32295,2303
32308,341
32311,2681
32318,3754
32320,424
32327,578
32329,1906
32335,266
32336,1685
32357,3755
32363,3756
32364,1180
32373,235
32379,931
32385,838
32391,3757
32392,3758
32396,133
32396,3759
32399,552
32409,2185
32415,157
32425,135
32427,3760
32429,3761
32435,3762
32450,3763
32456,199
32460,519
32463,1765
32466,3764
32470,803
32476,3765
32498,1478
32500,2418
32501,160
32504,79
32507,117
32508,659
32512,281
32516,1058
32517,1399
32530,3766
32534,1008
32535,106
32538,1604
32545,3767
32564,3768
32568,3769
32576,307
32580,3770
32583,2343
32583,2344
32584,3771
32587,3772
32589,556
32590,739
32598,1548
32603,1411
32608,3773
32609,3774
32615,3074
32618,3775
32642,3776
32646,3777
32651,3778
32660,116
32667,3779
32668,3780
32672,3781
32672,3782
32678,3783
32691,815
32701,1830
32706,634
32707,1829
32719,3382
32720,3784
32723,480
32730,3785
32742,1573
32743,659
32751,1565
32762,3786
32775,1147
32782,804
32787,1617
32791,2943
32791,2944
32796,2264
32800,697
32804,153
32806,578
32807,446
32807,447
32811,1474
32812,3787
32815,1474
32818,2869
32831,482
32853,161
32854,1834
32855,222
32857,3788
32859,3789
32859,3790
32875,3791
32880,803
32884,145
32887,3792
32894,3793
32899,3002
32920,3794
32926,3795
32940,3796
32942,738
32946,3797
32954,147
32956,1765
32963,1903
32964,3798
32965,2281
32966,1457
32968,3799
32975,3800
32979,669
32981,3801
32983,957
32988,3802
32989,3803
32995,1765
33001,231
33003,3804
33004,3805
33010,242
33024,3806
33028,599
33028,1516
33030,110
33034,928
33036,3807
33037,160
33047,3808
33049,3809
33051,2339
33053,3810
33064,3811
33066,2541
33067,3812
33080,1510
33085,3813
33090,2940
33094,3814
33095,3695
33102,1332
33109,459
33112,3815
33122,2267
33132,1838
33136,3816
33136,3817
33136,3818
33139,3819
33140,549
33143,531
33148,447
33152,815
33158,3820
33167,3821
33170,3822
33172,3823
33173,81
33175,3824
33178,3825
33180,1058
33182,3826
33191,3827
33191,3828
33197,284
33200,3829
33220,3830
33220,3831
33227,3832
33256,1832
33260,1834
33262,3833
33271,2788
33286,3834
33288,3835
33294,3382
33295,1563
33305,1713
33321,3304
33323,3836
33327,1110
33329,3837
33332,3838
33337,3839
33340,578
33346,3840
33349,3841
33349,3842
33349,3843
33357,1879
33360,3844
33362,3845
33365,3846
33367,3847
33372,647
33385,3848
33389,3849
33390,3850
33390,3851
33408,3852
33411,3853
33423,3854
33446,3304
33450,2933
33451,3855
33460,445
33461,3581
33468,663
33474,1971
33476,2573
33481,3856
33486,54
33494,321
33497,3032
33500,1163
33507,3857
33508,699
33513,213
33522,2188
33530,459
33536,3046
33540,788
33555,160
33563,1172
33567,2026
33576,746
33578,3858
33583,1501
33588,3859
33591,1142
33602,395
33615,3860
33620,219
33622,3861
33638,3156
33640,3039
33641,91
33644,2168
33645,2267
33649,3862
33654,3863
33663,2709
33665,665
33670,3864
33673,135
33678,611
33680,931
33689,3865
33691,2500
33697,3814
33710,3866
33715,697
33728,752
33731,485
33734,144
33738,1768
33738,3539
33738,3867
33744,157
33747,3868
33754,1128
33765,3869
33766,3870
33768,2467
33785,587
33798,1193
33799,1188
33800,3871
33805,1539
33811,3872
33812,2996
33822,2921
33829,3873
33829,3874
33845,746
33848,2215
33851,2343
33851,2344
33863,3875
33865,1846
33875,3876
33877,3877
33877,3878
33877,3879
33885,91
33903,3880
33904,160
33920,3881
33928,3882
33930,3380
33931,552
33932,3883
33936,284
33937,3884
33938,3885
33945,3203
33945,3204
33949,3886
33949,3887
33951,75
33954,739
33973,2274
33974,3046
33985,3888
33986,3889
33988,3890
34002,300
34011,191
34012,3891
34012,3892
34012,3893
34016,2807
34017,3894
34018,3895
34020,337
34035,451
34059,2628
34063,3896
34066,3897
34066,3898
34067,587
34071,749
34072,713
34073,2577
34083,3899
34088,3900
34090,3901
34092,508
34097,2137
34097,2138
34105,54
34110,3902
34113,503
34114,3903
34116,341
34117,3904
34117,3905
34123,524
34133,3906
34136,3907
34137,1586
34139,3908
34143,3909
34154,3910
34159,3911
34173,3912
34175,3913
34176,2020
34187,701
34197,3726
34208,999
34209,2291
34213,3914
34213,3915
34217,1903
34223,2868
34236,3358
34242,3916
34251,3917
34254,753
34258,179
34258,1600
34266,1557
34275,1288
34278,3135
34285,3918
34285,3919
34291,3920
34294,3921
34298,1341
34305,3439
34309,273
34316,2236
34321,3194
34325,319
34327,2034
34330,1186
34332,3038
34333,3922
34333,3923
34341,3924
34341,3925
34363,2547
34373,78
34378,821
34384,3926
34387,91
34407,3927
34419,3928
34420,336
34422,3929
34425,3930
34430,1735
34431,3931
34438,3932
34440,3933
34442,3076
34462,3934
34462,3935
34462,3936
34462,3937
34462,3938
34462,3939
34462,3940
34462,3941
34462,3942
34462,3943
34462,3944
34462,3945
34462,3946
34462,3947
34473,741
34487,280
34490,3948
34495,3949
34501,3950
34515,3951
34517,3066
34517,3952
34519,1390
34531,107
34534,136
34534,1611
34536,3953
34541,586
34544,3954
34554,1661
34554,1662
34559,3155
34560,498
34564,287
34565,3069
34568,781
34572,968
34575,451
34584,3955
34587,3956
34596,1832
34599,813
34601,3957
34608,3777
34610,1879
34626,3958
34640,3959
34644,3960
34651,73
34653,179
34658,3961
34664,3962
34667,1064
34685,3963
34689,347
34691,663
34691,3964
34691,3965
34691,3966
34691,3967
34691,3968
34691,3969
34691,3970
34691,3971
34691,3972
34691,3973
34705,165
34709,3974
34724,150
34733,856
34737,1186
34745,2282
34754,3975
34756,2783
34757,3624
34771,3976
34772,749
34778,3977
34780,908
34780,3978
34780,3979
34780,3980
34782,758
34784,39
34790,54
34799,162
34803,411
34810,298
34813,179
34813,1376
34813,1852
34813,1853
34813,1859
34813,2126
34813,2818
34813,2819
34813,3089
34813,3165
34813,3536
34813,3541
34813,3981
34813,3982
34813,3983
34813,3984
34813,3985
34813,3986
34813,3987
34813,3988
34813,3989
34813,3990
34813,3991
34813,3992
34813,3993
34826,3994
34827,3995
34831,284
34842,2518
34849,3996
34852,3997
34858,3998
34859,3999
34867,1197
34868,587
34873,3028
34876,1390
34877,4000
34896,319
34904,4001
34907,107
34914,3382
34916,3264
34917,25
34922,3100
34934,4002
34935,150
34936,3002
34938,721
34939,937
34945,1477
34952,4003
34953,4004
34956,4005
34961,4006
34966,4007
34968,281
34970,4008
34972,2015
34976,4009
34978,345
34991,1117
35005,4010
35032,1612
35034,1211
35039,4011
35057,4012
35060,4013
35062,2441
35068,148
35070,440
35071,758
35082,3028
35097,318
35099,4014
35100,758
35112,3252
35114,4015
35119,4016
35120,4017
35124,4018
35127,158
35133,99
35133,4019
35136,139
35137,2271
35138,4020
35141,4021
35169,2557
35170,949
35171,657
35180,4022
35182,1799
35185,1547
35186,4023
35187,24
35192,1114
35203,4024
35212,1463
35213,179
35221,4025
35222,4026
35226,1224
35238,821
35246,634
35249,3689
35254,4027
35256,4028
35256,4029
35261,1724
35265,464
35266,1325
35290,2393
35300,4030
35306,4031
35313,1968
35315,4032
35317,245
35319,1437
35320,721
35323,357
35325,2807
35326,4033
35330,4034
35330,4035
35330,4036
35330,4037
35330,4038
35330,4039
35330,4040
35330,4041
35330,4042
35333,611
35347,1556
35350,4043
35351,1765
35352,1139
35357,2165
35362,4044
35369,4045
35371,4046
35375,4047
35376,3974
35389,4048
35395,788
35406,744
35434,4049
35436,713
35444,185
35450,1226
35451,4050
35451,4051
35451,4052
35453,4053
35456,652
35461,459
35468,4054
35473,4055
35474,1324
35476,4056
35481,4057
35489,447
35492,4058
35493,1106
35493,4059
35501,4060
35506,287
35508,4061
35511,4062
35514,741
35516,165
35523,1510
35525,1220
35525,4063
35525,4064
35525,4065
35526,48
35534,4066
35563,4067
35567,4068
35582,4069
35586,1096
35592,33
35603,4070
35611,4071
35633,4072
35634,266
35636,213
35638,3174
35644,815
35647,4073
35647,4074
35647,4075
35649,776
35655,815
35659,1986
35665,4076
35666,746
35669,4077
35676,131
35684,4078
35698,3598
35699,815
35700,4079
35706,1810
35711,2500
35716,3948
35725,2815
35727,865
35736,357
35738,123
35739,4080
35743,4081
35748,4082
35751,4083
35753,4084
35755,641
35759,4085
35761,183
35763,157
35775,4086
35783,4087
35785,379
35793,4088
35796,1376
35800,200
35812,399
35813,110
35815,4089
35818,4090
35818,4091
35820,4092
35822,4093
35829,2738
35836,1429
35837,4094
35851,885
35858,4095
35859,4096
35874,185
35877,3011
35880,4097
35880,4098
35881,4099
35881,4100
35882,200
35883,2277
35888,53
35892,873
35897,4101
35898,189
35911,4102
35924,222
35934,85
35935,4103
35937,158
35938,4104
35945,388
35945,491
35951,4105
35953,1577
35955,816
35969,4106
35969,4107
35972,281
35982,689
35992,44
35994,1201
36015,1459
36029,837
36029,1695
36044,4108
36050,4109
36050,4110
36050,4111
36055,4112
36058,4113
36060,4114
36065,596
36065,4115
36072,1312
36078,401
36079,1572
36082,4116
36095,3948
36097,1299
36099,2810
36099,3577
36102,446
36102,447
36106,105
36108,4117
36116,52
36121,544
36125,1846
36129,4118
36131,460
36135,2404
36149,4119
36151,2759
36152,4120
36152,4121
36152,4122
36152,4123
36152,4124
36152,4125
36152,4126
36152,4127
36152,4128
36152,4129
36152,4130
36152,4131
36156,4132
36161,556
36166,148
36171,4133
36176,4134
36181,413
36183,161
36187,639
36190,4135
36191,3382
36204,4136
36206,4137
36212,1303
36213,398
36217,3948
36227,4138
36229,4139
36230,4140
36238,4141
36244,2118
36248,729
36252,1695
36265,4142
36268,4143
36271,612
36273,161
36277,4144
36284,145
36285,57
36285,160
36285,171
36285,185
36285,275
36285,553
36285,821
36285,918
36285,2125
36285,2914
36285,3268
36285,4071
36304,526
36310,135
36312,2845
36314,788
36315,821
36326,1373
36328,742
36342,4145
36351,298
36358,1695
36360,185
36371,995
36391,4146
36399,4147
36401,2343
36401,2344
36411,398
36415,4148
36416,4149
36418,4150
36441,4151
36442,4152
36447,4153
36449,4154
36457,992
36458,578
36460,2271
36464,2665
36465,4155
36489,603
36493,4131
36495,3467
36503,865
36511,423
36512,4156
36521,4157
36525,153
36539,1413
36543,4158
36550,4159
36559,346
36560,300
36564,4160
36569,127
36584,1879
36587,1140
36592,4161
36595,1943
36597,4162
36602,4163
36602,4164
36602,4165
36602,4166
36602,4167
36602,4168
36602,4169
36602,4170
36607,4171
36609,1810
36612,4172
36612,4173
36614,1588
36621,99
36622,4174
36623,739
36624,4175
36632,4176
36634,4177
36637,508
36644,4178
36646,1985
36650,538
36657,200
36663,4179
36665,4180
36669,1477
36679,4181
36685,4182
36685,4183
36685,4184
36685,4185
36689,1584
36692,4186
36693,4187
36696,758
36700,1916
36707,105
36710,752
36718,693
36721,1465
36730,4188
36733,4189
36735,298
36741,4190
36742,1462
36752,2024
36757,4191
36760,1449
36760,1450
36778,222
36779,4192
36793,4193
36797,4194
36802,4195
36804,1465
36809,531
36818,4196
36825,738
36827,2140
36828,821
36835,4197
36835,4198
36840,4199
36841,150
36851,4200
36854,4201
36856,591
36860,4202
36863,567
36868,4203
36872,788
36883,4204
36889,4205
36890,4206
36909,556
36912,928
36921,578
36932,107
36934,4207
36934,4208
36934,4209
36934,4210
36963,2421
36965,195
36969,189
36976,4211
36986,485
36995,4212
36999,1024
37017,1658
37022,963
37022,4213
37022,4214
37022,4215
37022,4216
37022,4217
37022,4218
37024,4219
37038,4220
37040,4221
37041,3894
37059,804
37062,1058
37066,1501
37069,3049
37084,1879
37087,4222
37088,185
37104,1554
37112,4223
37125,222
37135,157
37148,273
37152,4224
37154,4225
37158,2790
37160,4226
37170,4227
37172,3918
37172,3919
37180,4228
37187,1558
37190,822
37191,3382
37194,446
37194,447
37199,99
37207,647
37207,4229
37209,4230
37214,273
37217,1834
37235,4231
37238,4232
37244,663
37248,1503
37251,324
37255,674
37265,22
37271,4233
37277,191
37283,4234
37286,153
37303,478
37307,4235
37320,968
37337,3805
37341,4236
37344,4237
37346,1620
37351,1411
37363,4238
37365,1102
37368,4239
37368,4240
37369,741
37371,4241
37374,4242
37392,4243
37397,4244
37399,4245
37401,4246
37406,4247
37413,4248
37415,315
37439,4249
37452,1201
37454,4250
37456,191
37463,446
37463,447
37467,721
37469,4251
37479,4252
37490,4253
37497,4254
37502,1499
37504,4255
37506,75
37508,460
37513,1069
37521,4256
37521,4257
37525,4258
37527,4259
37532,4260
37537,4261
37544,4262
37553,4263
37553,4264
37557,4265
37559,100
37560,3203
37575,4266
37579,4267
37581,211
37584,587
37586,4268
37587,1943
37588,39
37589,634
37605,4269
37607,553
37614,482
37616,3948
37619,195
37625,4270
37632,1025
37634,194
37636,4271
37663,995
37675,414
37687,91
37701,4272
37705,2943
37705,2944
37725,4273
37735,262
37736,2788
37738,4274
37748,4247
37749,4275
37756,4276
37756,4277
37757,768
37757,769
37759,552
37768,2836
37773,1819
37777,4278
37786,4279
37792,4280
37796,250
37799,4281
37801,4282
37804,4283
37808,150
37817,3854
37818,4284
37820,4285
37825,2190
37827,821
37834,4286
37835,44
37836,4287
37847,4288
37853,4289
37862,4290
37863,612
37863,4291
37875,4292
37881,4293
37887,3182
37898,2317
37904,1093
37908,4294
37909,3020
37915,626
37926,4295
37935,2656
37943,4296
37954,4297
37955,721
37957,2770
37958,699
37959,307
37962,4298
37966,4299
37984,3066
37987,1702
38002,4300
38003,4015
38005,4301
38015,4302
38020,4303
38028,4304
38033,99
38044,99
38049,1938
38059,1203
38066,4305
38073,44
38095,4306
38102,735
38102,4307
38108,4308
38118,4309
38121,2088
38127,4310
38129,4311
38135,873
38150,4312
38151,4313
38154,4314
38162,95
38165,4315
38183,161
38185,4316
38188,4317
38198,25
38205,2140
38210,485
38217,476
38218,815
38229,4318
38248,353
38249,3794
38256,578
38257,2690
38258,4319
38264,2404
38271,351
38274,2237
38299,4320
38302,305
38304,3702
38304,4321
38305,446
38305,447
38310,200
38317,4322
38320,2868
38323,1413
38327,738
38334,1418
38344,3677
38345,4323
38350,4324
38361,611
38368,3981
38375,2581
38378,2593
38388,4287
38393,4325
38406,1702
38406,1855
38406,1859
38406,1863
38406,1873
38406,3098
38406,4326
38406,4327
38406,4328
38406,4329
38406,4330
38406,4331
38406,4332
38410,4333
38422,4334
38424,4335
38429,4336
38429,4337
38430,4338
38440,4339
38447,3256
38451,280
38453,159
38455,1025
38472,968
38482,4340
38483,2302
38483,2303
38485,1296
38486,98
38497,599
38497,600
38508,2803
38511,4341
38512,346
38513,1968
38522,1254
38524,663
38530,4342
38538,4343
38539,3154
38544,4344
38555,447
38565,4345
38568,1061
38573,4346
38578,4347
38593,284
38609,279
38613,4348
38613,4349
38619,4350
38647,4351
38653,305
38658,4352
38661,4353
38677,233
38684,1037
38688,116
38700,4354
38713,4355
38717,4356
38728,3467
38730,1571
38732,681
38735,4357
38736,4358
38743,4359
38745,426
38746,4360
38754,4361
38760,185
38763,4025
38775,2549
38777,721
38782,476
38785,4362
38788,838
38796,250
38800,3392
38800,4363
38812,4364
38818,4365
38820,4366
38833,4367
38835,1971
38840,1180
38840,3529
38846,1342
38848,4368
38852,2900
38854,4369
38856,4370
38862,4371
38864,4372
38866,4373
38870,4374
38870,4375
38870,4376
38870,4377
38872,179
38872,1600
38875,179
38878,3256
38880,1655
38891,191
38897,4378
38911,4379
38917,669
38920,1815
38942,663
38948,4380
38949,4381
38951,1324
38978,143
38980,1568
38980,4382
38984,1753
38989,4383
38989,4384
38992,4385
38993,394
38994,4386
38997,3703
39000,3910
39009,1060
39011,2040
39013,2609
39014,4387
39036,3272
39036,4388
39040,1089
39044,4389
39045,222
39048,4390
39050,531
39054,4391
39106,319
39108,4392
39115,2273
39126,1834
39129,817
39146,4393
39156,1753
39160,553
39166,742
39168,2143
39169,1503
39170,4394
39170,4395
39171,4396
39176,4397
39180,69
39183,98
39184,749
39193,2393
39195,4398
39197,4399
39203,1275
39209,777
39213,145
39221,4400
39223,57
39246,2593
39255,4401
39262,1695
39263,4402
39264,2929
39266,1658
39269,69
39275,4403
39288,4404
39294,1238
39305,4405
39313,4406
39320,4407
39321,33
39326,2143
39328,1306
39340,856
39340,4408
39349,4409
39357,222
39360,4410
39363,2975
39378,4411
39387,4412
39390,692
39392,821
39401,586
39404,3173
39405,1565
39406,125
39411,4413
39413,509
39443,53
39446,4414
39454,693
39462,587
39470,4415
39476,4416
39477,4417
39484,157
39486,712
39493,4418
39494,3730
39513,919
39524,4419
39524,4420
39541,460
39546,4421
39550,1563
39551,3100
39552,148
39557,3282
39562,136
39569,721
39575,4422
39578,1440
39586,1607
39588,3066
39593,222
39599,1593
39605,279
39606,4423
39607,578
39608,4424
39622,959
39629,4425
39637,947
39638,4426
39641,1007
39652,4427
39655,4428
39656,4429
39657,4430
39658,4431
39659,4432
39663,544
39669,4433
39674,4434
39680,858
39685,4435
39687,283
39689,2031
39690,1904
39696,400
39700,139
39702,1442
39702,4436
39703,679
39709,2171
39717,1476
39720,4437
39720,4438
39727,928
39730,4439
39742,4440
39742,4441
39747,4442
39752,3776
39757,3000
39765,328
39767,1033
39772,4443
39779,838
39780,2324
39790,2229
39795,451
39805,150
39806,4444
39810,4445
39812,4446
39814,75
39817,4447
39819,3445
39820,2686
39822,563
39837,3396
39838,4448
39845,4449
39847,4450
39851,4451
39855,53
39862,4452
39862,4453
39872,2229
39876,1845
39877,4454
39878,2770
39879,4455
39881,22
39884,169
39887,132
39893,4456
39903,431
39916,2690
39917,1843
39924,4457
39927,254
39936,4458
39940,4211
39941,4459
39952,102
39952,3016
39954,100
39966,254
39969,538
39977,1765
39978,4460
39981,1588
39985,2574
39988,2987
39991,4461
39991,4462
39991,4463
39993,947
40000,4464
40013,1503
40022,4465
40022,4466
40035,659
40035,749
40035,1009
40035,4467
40038,552
40041,4468
40045,350
40051,2893
40053,1082
40053,4469
40054,4470
40066,1177
40068,4471
40071,95
40073,4472
40081,4473
40085,4474
40085,4475
40086,1215
40090,4476
40093,2678
40109,4477
40111,185
40113,4478
40114,482
40116,284
40118,4479
40124,4480
40127,4481
40128,4482
40131,4483
40134,1375
40140,4484
40153,4485
40165,2276
40168,4486
40172,157
40180,4487
40186,2681
40198,4488
40199,4489
40206,4490
40207,1258
40207,2535
40209,4403
40220,195
40228,4491
40233,4492
40233,4493
40236,2034
40239,4494
40240,128
40240,4495
40244,907
40253,4299
40258,1133
40275,4496
40281,322
40283,4497
40291,4498
40295,39
40299,4499
40301,4500
40311,4501
40346,870
40352,4502
40358,574
40372,4503
40373,2901
40373,4504
40384,4505
40389,3877
40391,203
40392,3446
40397,813
40402,1685
40410,4506
40412,189
40423,508
40424,4507
40425,304
40426,761
40428,4508
40432,150
40433,4509
40434,135
40443,4510
40463,689
40470,35
40473,741
40478,4511
40483,1440
40485,98
40512,4512
40513,460
40521,4513
40522,4514
40538,2961
40538,2962
40545,1147
40550,1695
40552,2687
40553,4515
40555,4516
40559,4517
40574,4518
40591,1106
40599,1145
40604,4519
40610,4520
40615,4521
40626,4062
40626,4522
40631,117
40637,4523
40639,1007
40649,44
40673,1094
40675,91
40691,4524
40710,4525
40715,1253
40718,1312
40725,4526
40726,4527
40729,1133
40731,2115
40736,4528
40739,81
40740,358
40749,4529
40754,1817
40757,4070
40764,387
40766,4530
40775,4531
40781,4532
40784,25
40792,4533
40798,117
40799,495
40800,4534
40806,4535
40816,393
40819,281
40823,4536
40833,4537
40835,91
40839,4538
40840,4539
40855,4540
40859,3100
40862,4541
40866,1829
40866,2459
40875,1435
40884,2929
40896,4542
40899,2015
40900,1558
40905,3493
40922,821
40926,1123
40929,2021
40930,4543
40933,4544
40935,4545
40936,4546
40939,446
40939,447
40946,150
40953,4547
40968,4548
40993,4549
40994,4550
40997,447
41010,4551
41019,4552
41021,4553
41029,4554
41034,200
41037,368
41042,4555
41043,4556
41051,4557
41055,2708
41059,758
41061,4558
41062,1136
41069,4559
41081,227
41081,1751
41091,4560
41099,1996
41109,4561
41111,1713
41116,4562
41118,4563
41129,1024
41136,4564
41140,2031
41148,692
41153,701
41155,587
41156,152
41171,4565
41178,2770
41186,919
41190,4566
41202,1484
41207,4567
41209,4568
41213,4569
41217,88
41230,127
41231,1303
41239,3539
41253,1783
41255,4570
41255,4571
41256,4572
41260,4361
41264,4573
41271,1779
41272,1007
41275,3279
41279,4574
41289,4235
41292,4575
41292,4576
41293,4577
41294,744
41296,1133
41313,700
41316,305
41321,4578
41326,1007
41336,1462
41338,1332
41341,1114
41342,4579
41348,245
41351,4580
41369,4581
41387,1512
41401,1709
41401,1710
41405,383
41415,1514
41420,4582
41421,4583
41422,4584
41428,4585
41430,4586
41453,1331
41455,117
41457,4587
41463,931
41471,2222
41483,200
41501,160
41505,4588
41510,4589
41524,4590
41532,4591
41538,3277
41541,4592
41545,4593
41555,4594
41563,4595
41563,4596
41566,4597
41570,4598
41575,67
41581,556
41582,813
41591,44
41612,319
41615,4599
41620,2307
41621,1783
41622,44
41632,1435
41639,4600
41640,4601
41644,1891
41651,249
41662,4602
41672,597
41674,4603
41680,280
41686,4604
41699,102
41701,4605
41701,4606
41704,4607
41719,304
41720,4608
41730,4609
41732,3840
41735,482
41737,150
41762,1895
41766,4610
41768,195
41778,4470
41780,24
41787,1110
41789,4611
41797,2729
41811,351
41819,4612
41836,1188
41842,4613
41843,4614
41844,1936
41846,1760
41855,4335
41856,275
41860,746
41867,2295
41872,3787
41873,4615
41877,3683
41880,1299
41883,4616
41883,4617
41896,4618
41898,4619
41899,4620
41907,4621
41909,4622
41913,4623
41920,4624
41925,4625
41929,4626
41930,4627
41943,4628
41967,67
41967,106
41967,639
41972,1058
41988,24
41989,679
41996,869
41997,4629
41999,185
42009,862
42014,57
42019,804
42025,4630
42026,4631
42027,187
42030,2006
42038,431
42045,26
42047,250
42051,4632
42065,4633
42075,43
42076,4634
42093,195
42096,99
42106,4635
42110,2340
42118,2783
42119,1577
42133,4636
42141,4637
42146,634
42151,739
42152,556
42153,4638
42161,4639
42163,4640
42175,1563
42178,4641
42198,304
42204,3493
42206,157
42212,2524
42221,305
42224,1568
42227,2547
42239,4642
42244,4643
42257,4644
42268,4645
42277,741
42278,838
42282,3032
42283,4646
42285,732
42300,242
42302,4647
42302,4648
42303,200
42305,200
42311,4649
42312,3625
42313,697
42340,4650
42343,4651
42350,353
42354,1875
42379,739
42380,1082
42388,4338
42391,160
42405,4652
42406,284
42414,1713
42415,894
42417,4653
42420,135
42421,669
42423,2334
42423,4654
42434,1706
42452,865
42461,162
42469,2893
42470,2144
42475,4655
42477,2035
42479,1457
42488,1720
42495,2656
42497,4656
42508,1800
42509,4657
42510,4658
42512,357
42514,4659
42518,4660
42518,4661
42519,281
42523,4662
42524,4663
42525,721
42539,4664
42539,4665
42540,99
42545,4666
42546,4667
42570,4668
42576,117
42576,639
42576,920
42576,1025
42588,912
42591,161
42596,599
42596,1516
42598,1783
42600,1770
42616,4669
42617,2547
42619,4670
42623,4671
42630,3027
42640,4672
42641,4673
42642,99
42644,803
42648,161
42651,327
42654,2426
42655,4674
42666,100
42671,4675
42673,1548
42677,1556
42695,2637
42712,4676
42713,4677
42718,645
42729,4678
42730,4679
42731,4680
42733,364
42735,4681
42741,4682
42748,4683
42751,1096
42761,358
42774,1971
42777,4684
42782,394
42783,111
42787,4685
42788,4686
42790,1487
42794,4687
42795,3677
42799,497
42813,175
42818,1303
42825,4688
42829,4689
42833,75
42835,78
42838,2084
42839,1755
42840,4661
42854,4690
42864,4387
42865,4691
42870,270
42874,3229
42874,3230
42875,44
42879,4551
42882,4692
42887,2519
42891,205
42893,4693
42896,26
42903,4694
42905,3085
42906,1706
42921,4695
42925,4696
42932,336
42933,4319
42943,4697
42944,4698
42949,1713
42951,117
42951,191
42951,4699
42970,663
42976,4700
42984,928
42989,1806
42995,333
42996,249
43013,663
43023,13
43034,2302
43034,2303
43038,505
43055,2328
43057,2188
43060,132
43061,1829
43074,345
43077,4701
43077,4702
43092,4703
43102,157
43104,4704
43114,4705
43116,561
43129,4054
43138,729
43159,111
43166,4706
43166,4707
43171,4708
43174,4709
43176,4710
43180,1671
43189,4711
43196,2678
43209,450
43215,669
43219,2267
43233,815
43249,4712
43255,488
43268,578
43270,4713
43280,366
43282,2933
43283,1691
43283,4714
43284,4715
43293,161
43302,54
43309,4716
43313,784
43314,4717
43320,4718
43337,4719
43342,815
43346,54
43351,117
43360,753
43362,78
43368,739
43369,599
43369,600
43374,1061
43377,4720
43386,977
43394,39
43405,3521
43408,2665
43411,4721
43417,4722
43423,776
43438,658
43439,4723
43441,615
43453,1114
43454,645
43461,697
43468,203
43480,4724
43495,993
43500,4725
43515,1399
43525,4726
43532,4727
43536,671
43543,692
43544,2467
43548,4728
43551,91
43561,4729
43564,3423
43574,4730
43576,4679
43578,578
43583,4731
43585,645
43593,885
43598,1160
43599,4732
43604,1720
43614,131
43618,4733
43620,2481
43621,4734
43622,2845
43625,4735
43627,701
43628,3231
43633,1851
43635,22
43644,671
43648,4736
43650,2505
43652,2131
43658,1962
43662,119
43663,4737
43665,1908
43683,147
43703,4738
43704,4739
43713,4740
43735,3316
43744,1768
43744,1769
43750,2940
43752,4741
43753,2415
43761,707
43770,283
43774,200
43782,3218
43783,1303
43784,4742
43786,159
43789,4743
43792,1274
43805,4367
43806,578
43820,738
43841,4744
43841,4745
43848,4746
43851,383
43852,361
43857,148
43858,4747
43871,841
43871,842
43876,2339
43879,1158
43883,4748
43897,862
43901,4749
43903,4750
43912,121
43915,2339
43924,209
43937,721
43941,1498
43947,245
43957,3234
43976,300
43981,75
43982,2641
43987,4751
43988,627
43989,1271
43996,26
44002,304
44040,1632
44042,4752
44044,869
44053,4753
44056,1846
44070,1891
44071,4754
44077,713
44081,4755
44087,4756
44089,1381
44104,4757
44106,4758
44107,4759
44115,4760
44120,4761
44121,73
44128,717
44137,4762
44146,1851
44147,1232
44151,699
44165,460
44165,2122
44173,3245
44178,1466
44178,4763
44179,798
44186,4764
44190,1238
44200,803
44207,3889
44209,4393
44211,3823
44212,4765
44222,1525
44226,553
44228,556
44244,4766
44262,35
44264,4767
44267,4768
44277,689
44279,4769
44281,482
44283,132
44284,1692
44285,4770
44285,4771
44289,1303
44296,4772
44297,629
44310,4773
44321,4774
44325,4775
44332,738
44346,776
44346,1058
44346,1775
44352,4776
44367,4777
44377,160
44378,922
44379,4778
44384,813
44389,4779
44394,4780
44399,4781
44412,552
44422,4782
44428,4783
44429,4784
44437,1372
44438,935
44442,4785
44451,4786
44451,4787
44459,4788
44475,821
44483,980
44491,4789
44491,4790
44508,150
44522,744
44523,4791
44529,556
44531,4792
44532,1635
44537,4793
44542,4794
44543,99
44558,4795
44561,2548
44561,4796
44569,565
44576,2678
44580,4797
44587,2924
44592,4798
44601,4799
44611,4235
44612,2551
44615,994
44618,3317
44621,4800
44621,4801
44624,135
44632,4802
44633,1583
44635,3525
44647,1531
44649,4803
44653,187
44657,4804
44665,4805
44680,57
44681,254
44686,4806
44693,2031
44697,1610
44698,4807
44702,4808
44703,1848
44703,4809
44703,4810
44708,3709
44712,129
44718,4811
44739,4812
44745,2404
44748,837
44760,4813
44760,4814
44762,638
44772,2807
44775,4815
44777,4816
44778,4817
44781,4818
44794,4819
44797,553
44802,336
44820,792
44822,200
44826,3372
44830,52
44831,4820
44833,497
44834,25
44836,117
44848,91
44853,99
44858,26
44860,280
44869,4821
44870,1800
44871,1177
44887,157
44918,4822
44925,99
44926,4488
44935,4823
44938,395
44942,792
44973,3021
44981,44
44984,351
44987,1512
44993,383
45004,4740
45005,1926
45006,251
45007,4824
45014,1520
45015,1908
45019,284
45024,4825
45025,4826
45026,249
45040,4613
45044,91
45045,1003
45048,4827
45052,4828
45056,1336
45057,3243
45059,3066
45060,4211
45062,4829
45073,4830
45084,148
45092,4831
45102,4832
45103,784
45107,446
45107,447
45145,4833
45146,2785
45146,2786
45149,821
45166,4834
45170,69
45178,4835
45178,4836
45190,777
45191,1024
45199,2342
45199,4837
45203,291
45212,1096
45213,749
45219,4838
45221,817
45222,2324
45236,127
45253,4839
45260,1133
45266,3325
45268,4840
45269,4841
45294,160
45298,268
45299,4842
45302,777
45304,2307
45318,1117
45322,4843
45325,2324
45328,2102
45331,336
45332,993
45343,290
45346,4523
45349,4844
45354,44
45357,61
45366,281
45380,494
45390,4834
45407,1075
45413,4845
45415,200
45416,4846
45422,161
45437,2638
45439,4847
45458,1135
45459,242
45471,1908
45480,4848
45480,4849
45483,2656
45489,4850
45494,4851
45494,4852
45511,1064
45512,150
45513,99
45519,4853
45520,1531
45526,919
45538,330
45540,2142
45542,4682
45550,4854
45551,24
45553,4513
45559,1692
45572,394
45577,549
45581,4855
45582,4856
45584,4857
45587,4858
45593,266
45597,1503
45597,2968
45597,3037
45597,3196
45597,4485
45597,4859
45597,4860
45597,4861
45597,4862
45597,4863
45597,4864
45597,4865
45597,4866
45597,4867
45597,4868
45597,4869
45600,1178
45610,671
45615,2652
45628,4870
45630,1437
45635,3382
45639,4871
45642,298
45645,3889
45647,4872
45648,4873
45649,4874
45650,4875
45654,1880
45658,13
45663,480
45667,754
45680,478
45686,2304
45687,4876
45691,1089
45694,26
45709,4877
45717,1916
45718,1783
45718,3423
45722,4878
45735,1889
45746,366
45748,4879
45770,4880
45771,4881
45780,925
45787,4882
45790,4883
45801,569
45815,1985
45817,4884
45822,4885
45834,279
45837,4886
45837,4887
45837,4888
45844,111
45848,154
45855,280
45860,2890
45871,4889
45877,4890
45880,69
45883,1531
45897,553
45902,655
45906,4891
45908,2276
45910,270
45915,542
45915,1161
45915,1525
45915,1547
45915,1859
45915,1860
45915,1866
45915,1867
45915,1938
45915,2823
45915,3088
45915,3099
45915,3532
45915,3533
45915,3538
45915,3544
45915,3547
45915,3550
45915,3554
45915,4712
45915,4862
45915,4892
45915,4893
45915,4894
45915,4895
45915,4896
45915,4897
45915,4898
45915,4899
45915,4900
45915,4901
45918,2971
45920,328
45935,4902
45966,1194
45967,4903
45970,815
45974,150
45985,4904
45991,399
46005,4905
46007,424
46012,4906
46021,110
46038,746
46043,4907
46044,4908
46048,4909
46051,4910
46055,4911
46060,4912
46066,4913
46071,4914
46074,4915
46087,464
46091,1216
46110,2997
46112,4916
46113,4917
46118,4918
46118,4919
46152,2121
46157,200
46159,1033
46160,495
46174,586
46186,352
46189,4920
46191,2006
46201,2125
46222,3749
46240,4921
46243,4922
46246,4923
46255,4924
46256,4925
46257,4926
46260,4927
46273,975
46288,4179
46298,3870
46298,4928
46300,1949
46305,947
46308,200
46309,4929
46317,69
46329,117
46336,4930
46336,4931
46340,4932
46355,105
46355,307
46355,552
46355,1686
46355,2197
46355,3099
46355,3165
46355,3532
46355,3534
46355,3537
46355,3986
46355,4330
46355,4933
46355,4934
46355,4935
46373,3458
46380,157
46393,157
46400,4936
46418,4937
46420,4938
46422,4939
46425,4940
46433,4941
46439,189
46457,3681
46459,4942
46460,200
46472,1244
46473,1558
46478,189
46479,485
46486,4943
46487,4944
46507,4945
46512,1142
46516,4946
46518,4947
46522,4948
46533,4949
46540,4950
46555,1705
46558,4951
46560,4952
46563,1063
46567,4953
46569,712
46570,4954
46571,578
46574,4955
46586,1471
46593,2439
46609,3032
46618,4499
46619,4956
46619,4957
46621,4958
46622,275
46626,4959
46633,1366
46646,4960
46654,4961
46661,4962
46674,4963
46675,838
46676,4964
46678,4011
46681,2302
46681,2303
46682,862
46691,4965
46692,4629
46696,205
46704,4912
46706,1968
46712,2358
46721,681
46733,1026
46735,4966
46739,699
46745,4967
46750,3642
46752,1685
46755,1484
46756,242
46762,4968
46767,164
46775,1369
46776,4969
46779,4970
46780,4175
46783,4499
46788,4971
46790,2020
46814,1300
46831,4972
46832,2504
46847,4973
46849,4974
46853,4975
46858,69
46861,1008
46881,136
46900,497
46915,300
46916,546
46918,3722
46935,2641
46936,2665
46950,4976
46952,4629
46958,1114
46959,980
46960,4268
46963,1608
46968,200
46971,4977
46972,3907
46986,1982
46990,446
46990,447
47001,2291
47007,2146
47025,4179
47029,1331
47033,4978
47034,4979
47037,4413
47054,280
47064,157
47066,4980
47071,460
47074,549
47076,4981
47080,2591
47086,1635
47088,4627
47089,817
47096,729
47099,4982
47103,160
47110,4983
47112,1836
47115,712
47115,2144
47115,2145
47115,2168
47115,3950
47115,4984
47115,4985
47115,4986
47115,4987
47115,4988
47115,4989
47116,194
47125,4651
47127,4990
47133,2327
47139,235
47139,712
47139,1775
47140,4991
47141,4992
47165,4993
47181,4994
47183,358
47190,587
47194,2596
47195,4995
47198,4996
47200,242
47207,3881
47211,3367
47212,4997
47212,4998
47213,3380
47223,4999
47228,5000
47232,5001
47239,57
47247,5002
47262,254
47285,169
47297,5003
47299,5004
47305,5005
47307,581
47318,3822
47322,5006
47322,5007
47337,618
47347,1114
47364,2874
47364,2875
47364,2876
47373,1748
47388,1259
47397,5008
47403,5009
47416,5010
47417,5011
47421,552
47428,5012
47432,2381
47437,5013
47439,2381
47444,2340
47445,649
47448,5014
47450,5015
47463,43
47480,5016
47482,5017
47484,5018
47488,5019
47495,5020
47498,5021
47501,161
47505,107
47518,1995
47531,1962
47539,587
47547,5022
47555,5023
47562,679
47572,284
47578,5024
47580,2541
47584,161
47585,2042
47586,5025
47589,550
47595,105
47603,5026
47604,5027
47605,5028
47608,5029
47608,5030
47608,5031
47615,2091
47623,5032
47624,798
47625,3499
47638,161
47639,91
47652,1429
47655,5033
47664,315
47667,139
47671,968
47676,3881
47684,5034
47684,5035
47685,2418
47686,5036
47686,5037
47689,3423
47695,5038
47709,26
47713,5039
47714,1070
47730,5040
47746,5041
47752,99
47757,5042
47768,1936
47776,2134
47799,414
47800,5043
47800,5044
47807,4016
47817,1038
47819,5045
47828,1250
47828,1264
47828,2535
47828,5046
47828,5047
47828,5048
47828,5049
47828,5050
47828,5051
47828,5052
47828,5053
47828,5054
47833,5055
47839,1106
47841,78
47842,2093
47854,3302
47858,5056
47858,5057
47866,136
47867,5058
47868,5059
47879,5060
47890,291
47906,25
47910,4885
47910,5061
47918,5062
47926,3603
47936,5013
47949,1951
47954,5063
47957,5064
47979,5065
47986,5066
47987,4816
47993,784
48000,1190
48022,160
48035,5067
48037,929
48041,26
48046,1440
48047,3515
48053,5068
48054,5069
48057,33
48058,1026
48060,5070
48065,5071
48071,5072
48077,157
48086,905
48088,5073
48097,5074
48098,5075
48102,5076
48118,1274
48123,5077
48135,663
48140,2520
48143,5078
48145,5079
48147,5080
48161,250
48163,2609
48170,3000
48173,1166
48188,5081
48188,5082
48189,446
48189,447
48193,5083
48206,2868
48207,5084
48208,5085
48209,544
48211,24
48216,578
48218,931
48221,5086
48222,5087
48241,298
48244,5088
48245,1033
48265,339
48270,398
48274,5089
48282,354
48282,355
48282,356
48283,5090
48285,4742
48288,5091
48294,5092
48294,5093
48299,5094
48322,1024
48326,5095
48326,5096
48334,446
48334,447
48347,3271
48354,2686
48356,578
48360,5097
48361,414
48365,5098
48379,2248
48383,5099
48385,1196
48387,1484
48390,5100
48397,5101
48411,5102
48422,5103
48430,5104
48430,5105
48435,586
48455,48
48456,581
48462,5106
48462,5107
48467,281
48468,5108
48472,5109
48476,459
48477,5110
48477,5111
48480,624
48485,4077
48489,5112
48492,792
48496,5113
48497,5114
48498,822
48499,1434
48501,169
48503,5115
48504,5116
48509,3216
48510,305
48521,5117
48522,337
48525,161
48530,1577
48532,5118
48534,5119
48536,907
48539,4851
48546,91
48547,5120
48559,99
48561,5121
48566,2371
48573,5122
48577,721
48578,75
48586,3142
48596,2339
48599,178
48599,189
48599,1343
48599,1852
48599,1856
48599,1859
48599,1938
48599,2129
48599,2818
48599,2819
48599,3122
48599,3165
48599,3537
48599,3540
48599,3685
48599,3989
48599,5123
48599,5124
48599,5125
48599,5126
48599,5127
48599,5128
48603,5129
48612,2945
48630,1477
48634,5130
48636,5131
48645,1512
48646,2340
48648,3317
48653,5132
48658,5133
48662,5134
48663,5135
48681,5136
48688,2385
48691,280
48694,4448
48699,578
48708,4383
48708,4384
48712,3907
48713,13
48719,1985
48725,1720
48734,138
48738,78
48739,788
48743,5137
48750,5138
48755,5139
48767,5140
48768,5141
48770,5142
48777,641
48779,5143
48786,5144
48791,154
48795,5145
48796,73
48803,508
48805,5146
48810,5147
48811,5148
48823,5149
48830,5150
48831,3074
48839,5151
48841,2830
48841,5152
48843,5153
48850,22
48854,5154
48859,4512
48860,5155
48874,659
48875,2895
48899,160
48908,319
48909,532
48909,533
48910,250
48912,91
48926,1291
48931,1604
48936,5156
48943,5157
48945,935
48947,1129
48949,131
48950,2355
48955,136
48960,5158
48982,150
49003,161
49004,1885
49007,99
49024,721
49029,235
49045,2901
49046,5159
49065,4133
49068,2894
49073,99
49077,5160
49084,330
49090,5161
49093,869
49095,1612
49100,44
49105,5162
49119,5163
49121,5164
49124,5165
49139,1602
49140,5166
49150,5167
49155,5168
49167,838
49169,5169
49174,5170
49178,4286
49186,5171
49201,446
49201,447
49212,1563
49216,5172
49223,4131
49228,4380
49230,22
49234,5173
49250,5174
49260,2518
49272,5175
49287,263
49288,298
49295,340
49307,5176
49310,1834
49311,160
49326,3948
49329,5177
49339,446
49339,447
49342,674
49343,3964
49344,1695
49352,203
49360,179
49367,1165
49371,74
49383,552
49389,3427
49392,801
49393,364
49398,992
49403,5178
49409,556
49413,164
49416,3020
49425,5179
49438,4254
49445,1558
49452,1092
49458,2497
49473,110
49474,5180
49484,3284
49490,1273
49503,5181
49511,641
49515,5182
49520,5183
49524,712
49530,5184
49541,5122
49543,25
49547,4177
49548,1733
49561,199
49563,2914
49565,2324
49572,1584
49574,694
49576,5185
49584,280
49588,250
49600,53
49606,721
49617,2125
49617,3268
49619,721
49624,5186
49640,195
49649,5187
49652,5188
49657,3528
49665,394
49669,1759
49676,703
49677,5189
49679,1503
49683,2027
49687,1720
49690,291
49698,552
49701,5190
49722,587
49738,5191
49739,5192
49742,189
49745,3907
49746,291
49751,5193
49764,5194
49769,785
49773,5195
49775,150
49778,611
49783,679
49791,284
49795,3907
49797,532
49799,2867
49815,1563
49818,1007
49826,263
49828,4383
49828,4384
49829,1104
49833,957
49838,5196
49845,213
49846,984
49847,291
49849,5197
49859,274
49861,5198
49861,5199
49869,1133
49886,2044
49891,5200
49900,160
49901,5201
49905,5202
49914,531
49917,5203
49927,210
49943,5204
49943,5205
49946,295
49950,1667
49952,148
49952,1853
49958,1909
49971,5206
49975,5207
49976,611
49981,409
49981,5208
49982,5209
49986,3724
49986,5210
49990,3702
49992,5211
50009,5212
50011,838
50018,5213
50019,5214
50023,3610
50035,5215
50037,5216
50037,5217
50041,2339
50042,5218
50045,5219
50047,5220
50058,3390
50062,4627
50075,5221
50087,5222
50090,245
50096,5223
50103,1008
50104,1686
50104,5224
50104,5225
50111,304
50117,1128
50120,3636
50122,590
50126,2501
50127,5226
50129,1695
50137,4142
50145,3020
50146,5227
50152,2191
50153,1889
50165,5228
50182,189
50190,5229
50193,5230
50195,3562
50197,5231
50200,78
50213,5232
50222,2467
50228,160
50265,3440
50266,5233
50268,599
50268,1516
50280,1102
50285,5234
50291,5235
50299,942
50301,160
50306,5236
50323,2593
50330,5237
50333,5238
50338,3726
50340,5239
50350,5240
50367,144
50372,5241
50375,5242
50377,5243
50389,91
50390,3099
50404,5244
50406,4669
50407,721
50409,39
50414,929
50427,5245
50433,5246
50441,5247
50444,5248
50450,25
50457,5249
50461,5250
50464,5251
50464,5252
50468,160
50472,330
50480,5253
50495,3581
50499,803
50509,165
50511,1316
50513,275
50520,1373
50524,5254
50534,5255
50535,358
50550,5256
50573,4190
50590,2837
50593,44
50601,4294
50604,5257
50611,2914
50618,5258
50619,274
50622,5259
50624,2709
50630,2929
50640,1834
50643,254
50644,4398
50649,5260
50652,5261
50657,213
50664,689
50678,5262
50683,1695
50693,2339
50702,5263
50717,2304
50726,5264
50743,1258
50743,5265
50747,1695
50751,5266
50757,5267
50763,5268
50765,736
50773,5269
50789,5270
50790,280
50791,5271
50794,185
50795,5272
50795,5273
50796,235
50804,160
50806,5274
50815,44
50822,2929
50836,85
50839,5275
50844,5276
50854,4222
50859,140
50865,1558
50874,2031
50878,809
50888,544
50897,5277
50905,5278
50918,947
50925,976
50932,578
50934,1090
50934,5279
50939,681
50941,2515
50942,663
50942,5280
50945,5281
50964,485
50970,5282
50970,5283
50983,4020
50986,5284
50992,298
50998,195
51009,161
51011,474
51012,5285
51013,1971
51026,5286
51028,5287
51040,298
51047,2943
51047,2944
51055,5288
51056,281
51066,2596
51070,5289
51081,5290
51091,2596
51092,587
51093,5291
51104,5292
51109,659
51109,5293
51114,2293
51115,5294
51115,5295
51125,247
51130,5296
51130,5297
51130,5298
51137,5299
51156,160
51158,5300
51162,358
51169,160
51171,39
51172,33
51175,5301
51177,5302
51185,641
51193,5303
51229,3197
51237,1487
51248,3774
51258,189
51262,864
51262,5304
51262,5305
51262,5306
51267,5307
51271,5308
51274,5309
51279,3218
51281,5310
51290,5311
51290,5312
51291,1977
51303,2117
51305,5313
51310,53
51312,5314
51314,5221
51324,5315
51326,729
51327,5316
51332,150
51341,587
51346,191
51348,931
51353,284
51362,5317
51364,227
51364,1751
51371,3787
51401,5318
51404,3445
51409,5269
51412,1730
51412,5319
51413,5320
51422,2083
51429,5321
51432,5322
51432,5323
51432,5324
51435,5325
51440,5326
51441,254
51442,1590
51447,4407
51457,116
51460,578
51468,1175
51474,5327
51479,2781
51480,5328
51488,5329
51489,5330
51492,5331
51495,2489
51500,3112
51524,925
51532,4384
51532,5332
51533,5333
51537,5334
51564,5335
51571,249
51587,541
51588,5336
51606,4139
51614,4741
51618,803
51620,1610
51623,5337
51627,2459
51630,5338
51633,975
51635,5339
51645,1740
51653,761
51655,22
51661,3214
51670,5340
51677,5341
51679,5342
51681,5343
51686,820
51686,1760
51686,3276
51686,4710
51686,5344
51686,5345
51686,5346
51686,5347
51686,5348
51691,5349
51700,5350
51703,5351
51705,510
51712,5352
51720,345
51723,99
51726,3001
51729,5353
51732,1753
51739,459
51749,5354
51750,5058
51753,5309
51755,2329
51771,247
51778,1557
51780,541
51784,185
51791,5355
51797,885
51803,5356
51808,5357
51811,1065
51813,5358
51816,5359
51822,919
51824,3072
51825,150
51840,291
51843,5360
51845,5361
51850,5362
51866,2599
51868,1757
51869,157
51870,5254
51871,5363
51873,5364
51875,5365
51877,136
51878,5366
51884,1445
51885,2961
51885,2962
51890,304
51892,250
51895,222
51918,399
51921,587
51934,1783
51937,22
51939,5367
51949,5368
51950,5369
51959,713
51964,5370
51968,308
51972,5371
51977,5372
51979,5373
51981,5374
52001,29
52008,5375
52016,1842
52017,2093
52023,5376
52035,5377
52037,1588
52054,1709
52054,1710
52061,5378
52061,5379
52071,5380
52073,532
52074,1053
52079,5381
52081,5382
52085,5383
52089,2125
52099,5384
52108,3960
52112,57
52115,2587
52121,5385
52132,48
52143,270
52147,1180
52149,5386
52156,752
52164,5387
52166,5388
52169,5389
52173,5390
52187,5391
52193,388
52196,200
52198,325
52201,67
52203,5392
52212,3317
52221,5146
52222,161
52227,5393
52243,689
52245,2500
52248,5394
52259,2347
52262,5395
52267,5396
52282,4212
52286,98
52287,5397
52305,482
52308,451
52311,1381
52313,5398
52320,5399
52323,459
52324,78
52330,13
52331,451
52332,1661
52332,1662
52332,5400
52332,5401
52332,5402
52338,821
52343,655
52347,5403
52356,573
52364,161
52368,679
52380,157
52381,5404
52387,1081
52403,578
52406,300
52413,1558
52415,4389
52421,5405
52431,2511
52433,1478
52437,1435
52438,5406
52447,5407
52457,4561
52463,5408
52463,5409
52468,3805
52471,5410
52473,3042
52478,449
52482,2762
52501,5411
52504,498
52507,5412
52509,5413
52516,3260
52539,4409
52548,135
52551,1532
52553,242
52555,5414
52556,556
52571,5415
52572,44
52576,5416
52580,132
52583,5058
52585,5417
52590,5418
52591,5419
52598,5420
52602,721
52604,91
52605,995
52606,5421
52614,5422
52615,5423
52628,5424
52631,4490
52633,5425
52638,5426
52641,1577
52647,5427
52651,5428
52654,760
52655,4383
52655,5429
52659,5234
52678,5430
52698,1407
52700,5431
52704,1952
52709,459
52711,5432
52726,5433
52731,5434
52734,1496
52736,553
52738,185
52741,2393
52747,599
52747,1516
52784,5435
52792,4627
52797,5436
52797,5437
52801,5438
52803,3400
52806,5439
52808,78
52812,701
52819,1722
52819,5440
52819,5441
52820,5442
52823,1841
52823,1842
52827,5443
52831,5444
52832,544
52833,5445
52839,134
52852,5446
52853,189
52858,39
52868,5447
52872,5448
52876,2282
52887,5449
52889,2356
52891,480
52894,157
52902,5450
52910,5451
52912,859
52916,5452
52928,5453
52933,185
52935,5454
52935,5455
52935,5456
52942,4409
52948,5457
52960,2593
52961,5221
52963,5458
52970,5459
52972,928
52974,3427
52976,1695
52979,2224
52987,587
52990,5460
53010,5461
53013,136
53019,5462
53024,750
53025,2291
53031,1299
53034,992
53035,1053
53040,5463
53044,5464
53044,5465
53045,5466
53046,187
53058,5467
53071,2748
53076,125
53082,5468
53084,1834
53086,741
53092,185
53093,254
53103,5469
53105,4305
53105,5470
53108,815
53116,5471
53129,161
53133,450
53134,2804
53142,5472
53142,5473
53151,1405
53154,5474
53177,1413
53184,270
53193,5475
53193,5476
53198,67
53202,1060
53203,397
53211,5477
53226,5478
53230,2520
53242,1440
53243,74
53255,403
53257,319
53259,663
53259,5479
53260,5480
53260,5481
53274,815
53281,777
53287,674
53319,91
53322,3246
53327,5482
53330,3294
53331,5483
53333,5484
53334,5485
53335,298
53343,395
53359,1390
53362,5486
53372,5487
53379,22
53381,2418
53386,3535
53395,1084
53395,1085
53407,531
53412,183
53414,150
53424,5488
53424,5489
53429,3077
53430,157
53435,5490
53436,5491
53441,5492
53442,2605
53448,5493
53460,947
53461,5494
53463,5362
53466,5495
53478,4851
53493,2380
53499,348
53504,54
53507,5496
53513,5497
53515,488
53518,5498
53520,5499
53521,95
53552,160
53562,1713
53570,5500
53585,4387
53589,284
53603,5501
53622,578
53642,5502
53645,1190
53662,582
53691,247
53711,694
53716,1588
53719,5368
53742,2163
53743,211
53743,5503
53749,1655
53750,5504
53754,2293
53760,697
53766,935
53767,5505
53768,5506
53770,1843
53778,148
53787,5507
53799,395
53804,5508
53814,5509
53820,2307
53822,758
53831,5510
53832,5511
53847,722
53860,164
53865,612
53869,888
53869,1620
53869,5512
53871,5513
53878,5514
53886,5515
53893,185
53897,1030
53903,99
53919,5516
53923,1312
53924,5517
53932,4865
53937,5518
53943,22
53952,4985
53962,147
53981,5519
53984,712
53985,556
53986,157
53992,319
53999,22
54002,3028
54005,5311
54005,5312
54010,287
54011,907
54021,245
54024,1026
54025,658
54027,635
54031,2282
54043,157
54044,305
54047,495
54057,5520
54062,4693
54065,5521
54075,928
54094,139
54095,2593
54098,5522
54102,5523
54108,48
54117,1215
54127,245
54129,5524
54150,5525
54163,1556
54167,5285
54168,2631
54172,145
54177,5526
54202,121
54204,1008
54226,5527
54236,662
54238,5528
54243,5529
54256,3449
54277,39
54280,4389
54284,5530
54291,5531
54296,3514
54297,482
54302,5532
54306,98
54316,5533
54318,446
54318,447
54326,587
54331,532
54338,5534
54347,5535
54348,203
54350,2475
54355,150
54356,5536
54361,2541
54366,2232
54372,284
54374,5537
54380,112
54381,5538
54384,5539
54388,5540
54389,5486
54389,5541
54389,5542
54393,817
54399,5543
54402,2299
54403,2520
54408,5544
54414,291
54438,4166
54438,5545
54439,918
54441,222
54448,1203
54456,5546
54457,53
54458,1899
54467,5547
54488,5548
54488,5549
54496,12
54507,5146
54510,5550
54515,179
54515,3806
54517,5551
54524,2125
54524,3268
54526,5552
54528,5553
54572,74
54577,689
54583,1136
54587,2418
54589,501
54594,5554
54601,1713
54602,1398
54603,1589
54605,319
54613,147
54614,5555
54614,5556
54617,4004
54620,130
54622,3870
54626,99
54636,4179
54638,200
54640,185
54648,2459
54660,2981
54662,245
54668,1498
54677,721
54679,5557
54679,5558
54697,722
54700,245
54708,242
54712,1512
54717,446
54717,447
54725,1053
54727,611
54730,5559
54736,5560
54741,5561
54746,1466
54749,5562
54750,5563
54761,1139
54771,5564
54775,5565
54783,26
54791,205
54803,5566
54804,54
54809,1300
54812,2277
54812,5567
54827,1571
54835,5568
54841,4503
54842,4374
54858,5569
54861,4549
54868,544
54870,5570
54874,26
54875,2712
54880,2487
54885,5571
54886,307
54906,5572
54912,5573
54925,5574
54932,5342
54933,5575
54934,5576
54937,1685
54941,399
54945,2638
54978,263
54982,5577
54991,1608
54993,5578
55002,5579
55002,5580
55002,5581
55008,816
55010,5582
55023,44
55029,5583
55034,822
55035,185
55037,5584
55038,5585
55040,5004
55043,837
55046,1846
55047,4812
55052,5586
55055,5587
55088,5588
55091,26
55092,5589
55092,5590
55092,5591
55093,150
55100,5592
55101,5593
55108,3066
55114,1799
55125,162
55134,1720
55137,5594
55140,5595
55140,5596
55145,5597
55163,5598
55170,1538
55170,5599
55176,885
55181,127
55187,368
55189,599
55189,1516
55198,5600
55198,5601
55203,5602
55204,5603
55207,5604
55209,1418
55220,5605
55227,563
55241,5606
55244,5607
55245,99
55247,200
55248,5608
55252,5083
55254,1507
55257,5609
55264,261
55272,5610
55273,592
55283,5611
55284,5099
55286,552
55299,366
55300,5612
55312,5392
55317,5613
55321,136
55324,29
55327,91
55340,534
55352,5414
55355,4821
55360,3301
55366,749
55370,431
55383,450
55386,127
55390,815
55394,721
55402,556
55415,3158
55422,5614
55426,5615
55426,5616
55426,5617
55432,5618
55435,26
55435,1764
55448,645
55452,5619
55458,2393
55465,5620
55478,5621
55480,4325
55505,5622
55513,611
55523,446
55533,4570
55533,4571
55534,836
55538,5623
55539,5624
55543,2999
55544,222
55545,4006
55557,5625
55564,2710
55570,5626
55602,1681
55608,5627
55615,5628
55630,5629
55634,5630
55640,5631
55642,5632
55650,1008
55656,283
55658,3805
55672,5633
55680,603
55687,5634
55693,501
55700,3628
55711,1577
55729,5635
55733,157
55734,1140
55749,5636
55755,1071
55755,1072
55756,2189
55758,1224
55764,157
55765,5637
55766,5638
55779,713
55784,5639
55796,846
55800,5335
55801,1572
55809,1963
55813,611
55823,499
55825,5640
55827,203
55833,5517
55833,5641
55843,1471
55858,977
55877,5642
55879,1307
55881,5643
55885,2228
55893,5644
55895,4549
55896,669
55897,583
55901,5645
55903,5646
55909,54
55913,1847
55918,5647
55919,120
55921,738
55923,5648
55934,1303
55948,2093
55955,39
55960,1476
55964,553
55968,5649
55975,5650
55983,122
55986,5651
55986,5652
55996,2626
55999,148
55999,5653
56010,91
56023,5654
56026,210
56030,5655
56032,5656
56050,5657
56063,1128
56071,5658
56073,3317
56077,5659
56080,620
56084,669
56100,5660
56108,26
56109,99
56115,5661
56122,3252
56122,3253
56125,150
56134,3082
56138,3408
56145,1254
56147,2573
56147,3149
56147,3873
56147,5662
56147,5663
56147,5664
56147,5665
56147,5666
56151,3177
56152,5667
56157,5668
56158,3722
56159,2803
56167,5669
56168,5670
56184,5671
56189,4392
56191,5672
56192,5673
56213,1531
56221,5674
56225,346
56244,2229
56246,5675
56248,1733
56250,411
56250,1767
56254,273
56257,5676
56259,5677
56274,161
56276,263
56293,1512
56295,2914
56300,2988
56317,5678
56320,5679
56327,5680
56329,5681
56329,5682
56339,5683
56358,1511
56361,5588
56365,792
56367,1904
56371,5684
56382,1180
56382,5685
56390,99
56392,5686
56401,3074
56403,5687
56408,5688
56409,162
56412,821
56417,5689
56420,3036
56426,5690
56429,556
56431,1178
56444,26
56450,1129
56453,5691
56460,5660
56461,54
56462,1654
56465,5692
56469,203
56471,3591
56472,5693
56475,5694
56493,5695
56497,5696
56503,383
56506,5697
56508,3382
56509,1375
56521,3927
56522,5698
56528,5699
56530,48
56540,5700
56542,5701
56560,5702
56568,848
56570,5703
56574,2724
56575,5704
56576,1589
56579,4305
56580,3107
56581,5705
56595,5706
56599,5707
56601,5708
56603,5560
56604,5089
56631,784
56635,5709
56637,1303
56639,2729
56648,5710
56652,1875
56667,254
56670,2455
56671,5711
56681,5712
56687,123
56690,5713
56697,2249
56697,2250
56698,5714
56706,5715
56708,5716
56709,1773
56713,5717
56718,111
56721,85
56727,2807
56738,1025
56745,5718
56755,273
56760,5719
56761,305
56780,5720
56798,1801
56809,2500
56812,2504
56823,5721
56827,2965
56832,966
56834,5722
56836,5723
56838,949
56841,721
56843,24
56844,1797
56858,1060
56874,865
56876,3730
56884,2385
56898,4629
56899,273
56906,821
56912,5724
56915,5725
56916,5726
56917,5727
56917,5728
56917,5729
56917,5730
56917,5731
56921,1177
56925,5732
56927,5733
56929,5734
56942,3475
56949,5735
56955,1484
56967,3062
56970,5736
56986,227
56986,1751
56992,587
56995,178
56995,542
56995,870
56995,1161
56995,1635
56995,1852
56995,1854
56995,1859
56995,1938
56995,2102
56995,2197
56995,2819
56995,3089
56995,3098
56995,3165
56995,3541
56995,3986
56995,3987
56995,5123
56995,5737
56995,5738
56995,5739
56996,175
56997,5740
57007,729
57014,4803
57019,4913
57022,5741
57022,5742
57023,1947
57039,5743
57049,413
57061,713
57087,117
57095,658
57103,5744
57103,5745
57112,770
57120,5746
57121,5747
57124,3141
57128,446
57128,447
57135,26
57146,2131
57147,5119
57150,815
57151,5403
57155,5748
57156,5316
57159,5749
57166,5750
57183,5751
57186,2243
57196,5752
57203,2353
57205,5753
57214,75
57217,501
57227,319
57227,485
57227,488
57227,587
57227,1217
57227,1695
57227,1765
57227,1937
57227,4985
57227,5754
57227,5755
57229,189
57233,578
57235,683
57236,1671
57237,5756
57259,5757
57266,1455
57268,5684
57277,162
57282,1399
57295,1768
57295,3539
57295,4862
57295,5758
57295,5759
57295,5760
57297,131
57298,1834
57302,5761
57308,3897
57319,5762
57324,1515
57326,4289
57328,5763
57337,160
57347,179
57347,1600
57348,5764
57356,5765
57357,4361
57365,250
57372,3229
57375,5766
57375,5767
57376,5589
57381,5768
57387,5769
57396,5770
57402,4766
57405,102
57411,693
57415,2544
57419,2525
57422,157
57428,578
57441,5771
57452,1543
57456,1244
57460,5772
57464,4464
57474,1556
57479,1973
57482,5773
57493,1593
57497,5774
57503,1583
57511,44
57515,5775
57519,90
57522,581
57534,5776
57536,5777
57537,358
57545,424
57549,728
57554,5778
57562,509
57566,5779
57566,5780
57579,1134
57582,5781
57585,5782
57597,5589
57613,5783
57618,5784
57619,5517
57622,2384
57636,4294
57648,815
57652,1389
57653,5785
57663,5786
57687,157
57696,1372
57701,5787
57708,5788
57711,4056
57732,5789
57735,347
57736,5790
57743,1009
57759,5791
57768,4374
57768,5792
57798,627
57799,5793
57799,5794
57802,2178
57804,1096
57826,91
57833,5795
57834,5796
57839,5797
57848,3032
57850,4409
57862,5798
57866,5799
57868,5800
57873,107
57879,3356
57880,5801
57882,5380
57884,2461
57887,99
57891,552
57920,761
57927,1061
57927,1612
57928,3229
57929,5802
57952,203
57969,5803
57971,5804
57976,5805
57982,5806
57989,897
57989,5807
57990,1695
57998,2656
58007,758
58010,5808
58010,5809
58016,305
58032,185
58034,431
58044,53
58051,5810
58056,4509
58061,185
58071,169
58078,5811
58081,2156
58083,5207
58086,69
58094,5812
58098,5813
58101,5814
58102,157
58108,5815
58118,556
58122,5816
58125,1952
58125,5817
58131,2886
58136,785
58144,145
58145,5818
58161,837
58162,158
58162,160
58162,185
58162,245
58162,865
58162,1372
58162,1881
58162,2351
58162,5819
58166,39
58168,5820
58172,247
58175,5173
58179,1147
58186,578
58204,5821
58206,111
58210,561
58213,556
58214,5822
58225,4958
58230,947
58245,2698
58249,5823
58251,497
58258,3685
58258,5824
58261,1943
58263,5825
58269,5826
58270,1372
58271,5827
58272,701
58274,679
58279,634
58284,5828
58292,3423
58293,91
58295,693
58305,1685
58311,689
58314,5829
58316,5830
58320,3881
58321,681
58323,39
58332,291
58341,5831
58341,5832
58343,5833
58345,5834
58347,5805
58349,4179
58359,1104
58362,5835
58362,5836
58362,5837
58366,612
58379,245
58381,753
58384,5838
58385,1096
58401,2131
58405,2547
58407,5839
58424,5055
58429,162
58431,5840
58440,1397
58444,1843
58446,5841
58461,39
58465,5842
58466,157
58470,4635
58475,531
58477,694
58477,3703
58481,1224
58486,4603
58489,5843
58492,185
58500,5142
58504,5166
58508,5844
58509,741
58530,3881
58534,160
58534,275
58534,713
58534,821
58534,918
58534,1372
58534,2914
58541,1565
58544,5845
58545,4357
58551,234
58557,5846
58560,1008
58560,5269
58564,5847
58567,501
58571,553
58575,935
58584,1324
58590,281
58596,578
58603,5848
58611,437
58616,1369
58622,5849
58623,4725
58626,5850
58639,250
58656,5851
58658,5852
58665,5266
58680,1061
58683,227
58683,1751
58687,4232
58699,5853
58711,5854
58712,4741
58726,95
58729,5855
58731,1558
58755,5856
58765,4694
58774,674
58788,5857
58789,838
58798,5858
58803,993
58817,1161
58819,845
58832,5859
58842,12
58848,5218
58850,5860
58852,4513
58854,2302
58854,2303
58855,4409
58856,5861
58856,5862
58857,2268
58868,5863
58874,161
58881,482
58894,5864
58894,5865
58896,1052
58919,5866
58922,5867
58924,275
58925,5868
58933,5869
58943,5870
58953,3392
58959,362
58962,5871
58963,5872
58963,5873
58967,5874
58967,5875
58971,1735
58981,2032
58986,364
58987,358
58991,4912
58995,5876
58996,2895
59001,3229
59001,3230
59002,5877
59014,3168
59023,2838
59024,2327
59027,5878
59051,136
59056,5879
59062,5880
59065,788
59066,108
59067,1303
59068,5881
59070,2661
59073,39
59084,788
59087,3041
59090,160
59101,2277
59110,5882
59112,5214
59115,5883
59130,1336
59131,4657
59148,5884
59163,3591
59173,1687
59174,2895
59180,451
59183,5885
59184,5886
59190,150
59195,191
59203,742
59212,1538
59213,501
59218,160
59223,3199
59225,466
59226,5887
59237,150
59246,5888
59249,1061
59252,198
59252,1058
59252,1775
59257,5889
59268,5890
59269,3385
59271,5891
59275,5892
59280,2988
59281,2935
59291,1610
59315,5893
59317,213
59324,532
59324,533
59332,848
59337,1180
59337,3529
59342,291
59367,5894
59373,419
59374,2628
59377,803
59383,2216
59394,5895
59404,39
59426,2425
59430,1667
59438,5896
59446,638
59448,5272
59448,5273
59449,5897
59453,304
59464,5898
59467,5899
59468,5900
59468,5901
59472,2929
59487,3041
59489,5902
59489,5903
59490,1070
59494,5904
59500,2858
59500,2859
59501,5905
59505,1936
59522,424
59525,125
59546,5906
59550,5907
59557,5908
59569,5909
59570,152
59571,5910
59572,1136
59578,5911
59586,2381
59589,4374
59596,663
59604,4573
59606,192
59617,1324
59621,2968
59622,790
59637,2339
59642,3385
59643,1701
59652,2638
59661,1493
59662,5912
59668,5913
59669,5724
59682,5914
59686,5915
59699,5916
59701,200
59708,5917
59725,5918
59726,2299
59735,263
59736,44
59749,1061
59751,5919
59755,75
59756,1891
59759,587
59765,5920
59776,935
59779,5921
59780,3493
59781,2125
59781,3268
59782,39
59783,85
59791,305
59807,5922
59808,721
59811,5923
59817,2339
59821,5924
59835,1216
59837,1834
59838,4063
59842,5925
59846,5926
59847,1671
59854,5927
59857,117
59860,457
59862,1765
59866,5928
59869,5629
59870,157
59873,5275
59893,319
59894,4616
59903,2439
59908,1466
59908,5929
59910,99
59911,501
59922,2140
59939,2922
59943,5930
59943,5931
59962,148
59962,3544
59968,1215
59986,5932
59990,5933
59998,5934
60002,157
60003,553
60014,2837
60024,5935
60027,5936
60027,5937
60036,5938
60040,1685
60041,383
60043,5939
60045,451
60053,804
60060,1695
60063,3913
60078,281
60081,1129
60082,2327
60102,2519
60106,284
60107,460
60113,1685
60115,5940
60115,5941
60115,5942
60115,5943
60116,189
60118,5944
60125,5945
60130,5946
60138,5947
60139,5948
60146,5949
60146,5950
60147,5951
60156,117
60158,2478
60163,5952
60170,5953
60172,5713
60182,57
60184,4417
60193,464
60198,4980
60202,43
60206,5954
60233,5955
60239,2964
60259,1376
60259,3522
60267,1764
60277,2339
60280,1309
60289,1818
60300,5956
60309,5957
60311,5958
60311,5959
60315,669
60323,935
60328,5960
60335,2628
60346,5721
60352,5961
60362,821
60368,1612
60392,837
60399,841
60399,842
60406,5962
60407,2510
60410,351
60423,5963
60457,254
60465,2189
60470,5964
60472,2276
60474,845
60476,5965
60482,5966
60484,5967
60487,742
60490,727
60493,358
60501,766
60502,147
60503,754
60506,242
60508,4431
60517,5968
60529,2267
60552,5969
60564,459
60566,5970
60567,3888
60573,5723
60574,5971
60602,5972
60607,2306
60613,5973
60614,4364
60616,2940
60622,2707
60625,1129
60626,738
60629,663
60631,5974
60634,3881
60646,160
60647,4268
60650,409
60651,91
60658,5975
60676,2718
60680,1242
60687,284
60700,5976
60716,727
60718,5977
60719,752
60723,4673
60727,235
60729,5978
60749,2708
60765,5979
60767,5980
60771,194
60775,846
60779,3316
60794,99
60805,150
60806,353
60808,4799
60813,5981
60815,161
60819,754
60822,5982
60830,5983
60832,5984
60832,5985
60837,35
60837,5986
60837,5987
60837,5988
60837,5989
60837,5990
60843,721
60847,2373
60848,4679
60863,5991
60865,5992
60882,587
60890,447
60892,5993
60894,5994
60918,788
60922,5995
60924,235
60925,5996
60929,1859
60934,300
60937,5997
60946,1058
60961,962
60965,5998
60967,5999
60973,803
60980,4701
60980,6000
60991,6001
60998,6002
61003,2452
61010,5257
61019,6003
61020,6004
61026,6005
61027,6006
61032,815
61045,6007
61061,6008
61069,1001
61073,6009
61082,3185
61096,99
61098,6010
61105,6011
61107,6012
61107,6013
61119,213
61121,2798
61124,6014
61136,2144
61163,6015
61163,6016
61168,1053
61170,460
61177,2757
61178,6017
61179,54
61195,2188
61202,6018
61213,6019
61215,6020
61217,233
61221,6021
61228,472
61234,2278
61247,6022
61259,1768
61259,3539
61261,6023
61263,6024
61272,1617
61273,6025
61275,3141
61278,2954
61283,2359
61285,6026
61292,3584
61295,32
61305,185
61306,191
61312,806
61315,1766
61327,2922
61333,2321
61335,4573
61342,213
61343,663
61345,6027
61351,2066
61366,813
61376,6028
61379,6029
61402,6030
61409,193
61411,6031
61413,74
61416,2651
61418,6032
61422,1730
61431,398
61433,3541
61434,1275
61437,280
61442,713
61445,568
61446,4755
61451,71
61462,4235
61465,202
61473,205
61476,6033
61478,977
61488,1971
61489,145
61494,1986
61506,6034
61507,6035
61515,99
61522,394
61524,6036
61527,6037
61531,6038
61541,6039
61542,4385
61550,1477
61559,6040
61578,5732
61579,6041
61581,1779
61582,657
61591,599
61591,600
61597,1177
61617,1275
61623,6042
61624,1984
61628,157
61637,480
61648,1590
61655,6043
61665,6044
61671,4380
61675,6045
61675,6046
61678,136
61680,4261
61681,552
61684,870
61689,838
61690,3180
61693,6047
61698,3083
61703,6048
61707,1765
61708,263
61710,5517
61714,2302
61714,2303
61718,5234
61722,1806
61723,136
61732,6049
61734,162
61742,2693
61754,2183
61768,3380
61772,1655
61779,358
61784,6050
61809,792
61811,1735
61812,1584
61816,587
61817,6051
61819,6052
61822,6053
61829,2302
61829,2303
61835,5316
61847,838
61864,4829
61868,4245
61872,6054
61882,699
61885,4679
61890,5159
61898,340
61899,6055
61899,6056
61909,1026
61911,482
61914,4856
61918,790
61918,6057
61922,48
61937,6058
61941,99
61941,4019
61944,3324
61944,4516
61944,4990
61944,6059
61944,6060
61953,111
61967,1459
61977,185
61979,6061
61987,6062
61994,253
61998,6063
62000,6064
62023,1141
62028,6065
62029,340
62034,157
62038,684
62044,99
62052,6066
62053,6067
62056,1556
62058,6068
62059,1463
62059,6069
62060,1224
62075,6070
62088,242
62094,6071
62096,100
62098,3870
62108,2527
62121,689
62130,2118
62131,161
62132,6072
62132,6073
62134,3027
62140,464
62141,6074
62141,6075
62145,6076
62158,5234
62163,1556
62180,222
62189,820
62192,6077
62197,862
62200,6078
62203,612
62218,6079
62221,6080
62222,4428
62239,3391
62244,6081
62249,1608
62254,22
62274,6082
62279,6083
62280,6084
62281,6085
62289,6086
62310,578
62320,6087
62328,1635
62333,6088
62350,74
62351,3380
62366,578
62371,6089
62372,2593
62376,99
62380,6090
62381,6091
62400,4235
62413,1033
62417,1376
62417,3522
62421,2230
62423,735
62430,6092
62432,770
62439,846
62459,117
62463,6093
62470,109
62473,977
62476,6094
62483,770
62485,1096
62490,6095
62493,4325
62502,446
62502,447
62504,475
62508,6096
62509,6097
62528,6098
62541,6099
62545,721
62547,136
62556,1192
62557,3292
62560,788
62561,6100
62564,3907
62567,6101
62568,6102
62571,6103
62574,721
62582,696
62587,2677
62588,4955
62589,1375
62591,5326
62600,6104
62600,6105
62609,578
62610,6106
62612,679
62613,6107
62631,233
62643,6108
62649,669
62650,3582
62655,1875
62657,6109
62658,161
62660,2681
62675,6110
62676,6111
62677,1685
62679,6112
62689,189
62696,5341
62708,1635
62715,1951
62724,6113
62726,935
62727,6114
62732,485
62740,5638
62745,6115
62748,3218
62753,6116
62763,3805
62768,1916
62772,1604
62780,918
62788,665
62794,6117
62795,1968
62806,44
62811,6118
62811,6119
62813,1695
62816,152
62820,6120
62822,1201
62832,1303
62843,1830
62852,4440
62852,4441
62854,2558
62858,6121
62858,6122
62860,565
62863,107
62870,4686
62875,6123
62900,501
62904,358
62907,795
62916,1165
62917,4062
62917,4522
62922,6124
62930,3382
62933,2541
62937,280
62941,4785
62942,3301
62943,729
62948,284
62963,148
62964,148
62972,6125
62976,245
62978,357
62981,6126
62982,1056
62991,6127
62991,6128
62994,735
62995,1033
62999,2981
63000,6129
63001,5737
63005,6130
63009,6131
63016,1190
63023,6132
63030,3612
63046,5190
63048,6133
63050,6134
63050,6135
63056,250
63065,6136
63067,6137
63077,6138
63087,446
63087,447
63090,2104
63101,6139
63102,189
63104,6140
63117,6141
63121,6142
63127,6143
63143,6144
63148,3321
63153,6145
63162,656
63165,127
63169,3598
63185,57
63191,399
63193,219
63201,6146
63202,415
63204,2451
63209,424
63217,6147
63218,6148
63225,26
63227,157
63229,847
63256,862
63259,6149
63268,6150
63276,6151
63284,136
63290,3001
63299,57
63309,1671
63315,5569
63331,131
63336,4072
63339,6152
63340,2178
63342,3307
63358,6153
63362,2639
63379,57
63392,1720
63403,5
63404,346
63406,5342
63409,2690
63415,6154
63421,157
63426,6155
63439,721
63450,1512
63453,179
63455,3685
63455,3909
63455,5824
63455,6156
63457,2168
63463,795
63470,1909
63471,6157
63474,6158
63479,6159
63491,6160
63496,1834
63500,3032
63505,2197
63512,54
63516,935
63519,200
63526,6161
63529,2868
63532,6162
63532,6163
63537,918
63542,6164
63546,117
63550,39
63552,99
63559,6165
63566,1563
63572,2419
63582,233
63586,6166
63596,139
63605,6167
63606,3910
63607,837
63609,6168
63623,6169
63633,6170
63638,5173
63645,1695
63660,6171
63664,2393
63681,460
63691,5230
63700,6172
63701,6173
63706,6174
63714,111
63719,6175
63726,99
63728,611
63730,741
63739,6176
63748,254
63756,2752
63756,6177
63764,6178
63764,6179
63780,2140
63784,5417
63792,6180
63798,48
63802,6181
63805,6182
63828,5276
63829,6183
63829,6184
63831,3775
63836,1938
63842,39
63847,26
63848,2536
63864,117
63877,6185
63894,4316
63906,6186
63908,5675
63909,354
63909,355
63909,356
63911,6187
63914,642
63916,6188
63920,4390
63921,298
63927,6189
63930,6190
63933,260
63939,531
63943,1061
63947,3380
63959,3316
63960,91
63978,48
63986,6191
63990,5368
63993,6192
63996,99
64008,4361
64011,2424
64013,6193
64042,1188
64049,6194
64060,160
64081,6195
64083,694
64088,242
64109,6196
64115,1759
64118,1462
64119,1699
64123,268
64133,2291
64136,1316
64145,2231
64152,119
64155,2339
64166,200
64168,6197
64183,1706
64187,4392
64190,739
64204,2729
64207,2860
64210,6198
64229,2302
64229,2303
64231,6199
64238,556
64240,399
64252,1056
64256,2712
64259,3294
64262,6200
64268,3840
64274,721
64275,1344
64275,1529
64275,3656
64275,4544
64275,6164
64275,6201
64275,6202
64275,6203
64275,6204
64275,6205
64275,6206
64282,99
64308,721
64314,2031
64316,447
64320,1179
64323,291
64327,242
64331,2216
64334,99
64344,6207
64345,1766
64381,6208
64385,2837
64386,148
64387,1705
64388,6209
64408,6210
64423,1808
64427,6211
64440,4351
64441,6212
64448,6213
64456,6214
64458,1591
64462,3380
64470,1251
64473,2712
64486,1238
64491,6215
64494,6216
64496,358
64510,2945
64529,741
64535,4095
64541,6217
64550,5689
64572,6218
64575,6219
64584,6220
64588,352
64589,552
64595,6221
64603,39
64604,4862
64606,1239
64610,1830
64611,147
64613,6222
64614,3022
64616,1096
64618,254
64621,3083
64625,6223
64631,1775
64637,154
64638,162
64642,6224
64646,587
64654,1058
64655,3001
64656,642
64660,354
64660,355
64660,6225
64660,6226
64661,307
64666,3481
64666,5299
64666,6227
64666,6228
64666,6229
64669,6230
64672,1316
64676,1483
64679,73
64686,1783
64687,6231
64698,6232
64702,4409
64704,6233
64705,446
64705,447
64706,6234
64709,6235
64719,150
64736,6236
64737,6237
64754,803
64760,6238
64763,305
64768,6239
64774,1312
64783,1765
64785,6240
64787,203
64787,4299
64794,6241
64802,587
64802,1058
64802,4835
64811,6242
64814,1217
64815,6243
64816,1548
64818,6244
64819,6245
64831,1525
64840,6246
64843,179
64843,262
64845,99
64846,6247
64858,5412
64860,6083
64869,3396
64870,1612
64872,2593
64873,6248
64874,346
64878,482
64880,2188
64881,1372
64897,6249
64899,1596
64908,6250
64913,6251
64923,6252
64924,6253
64925,4174
64943,6254
64946,534
64951,6255
64951,6256
64954,1145
64955,284
64971,665
64975,587
64982,639
64983,6257
64993,446
64993,447
64997,6258
65008,838
65025,346
65027,1902
65044,6259
65044,6260
65057,587
65060,655
65061,5276
65065,6261
65073,684
65093,6262
65097,6263
65098,284
65099,263
65104,3276
65106,6097
65107,6264
65109,459
65111,6265
65114,3437
65117,6266
65120,994
65133,5465
65134,4410
65144,1916
65154,6267
65155,6268
65166,6269
65167,6270
65175,541
65177,6271
65178,6272
65180,6273
65187,3245
65197,6274
65203,4499
65216,242
65224,414
65237,4239
65237,6275
65238,6276
65247,6277
65262,6278
65273,4689
65292,6279
65294,6214
65307,3294
65310,6280
65314,1720
65316,395
65327,5341
65330,2694
65334,6281
65335,280
65337,6282
65337,6283
65351,2274
65355,374
65363,6284
65364,6285
65366,6286
65367,22
65376,3445
65383,472
65386,2922
65388,2371
65410,563
65410,1058
65410,1285
65423,5613
65423,6287
65425,1563
65426,2871
65440,164
65444,447
65446,556
65447,6288
65450,189
65452,6289
65461,6290
65466,105
65478,6291
65481,245
65485,6292
65487,459
65490,6293
65497,319
65500,6294
65501,6295
65507,5245
65511,1936
65521,6296
65529,861
65530,136
65533,6297
65543,158
65551,2969
65551,2970
65555,1503
65558,6298
65558,6299
65566,1209
65566,6300
65579,1915
65579,2653
65581,6301
65584,194
65588,6302
65594,6303
65599,865
65606,6304
65610,6305
65614,6306
65619,2712
65622,6307
65635,6308
65636,6309
65637,6310
65639,6222
65647,6311
65665,707
65669,6312
65677,744
65691,2302
65691,2303
65699,1093
65706,5823
65718,39
65719,2729
65730,254
65733,3840
65746,6313
65750,6314
65768,6315
65776,6316
65787,6317
65794,6318
65812,153
65812,6319
65813,959
65816,144
65827,6320
65829,1766
65830,803
65834,6321
65843,57
65844,6322
65849,1129
65851,185
65861,6323
65864,203
65876,6324
65876,6325
65885,148
65887,6326
65890,5058
65892,6327
65895,150
65912,5262
65913,341
65918,815
65926,1753
65927,1312
65930,4506
65933,185
65934,6328
65942,6329
65943,6330
65947,4885
65953,200
65960,336
65973,2609
65975,1612
65980,12
65981,248
65983,1053
65986,4273
65993,578
65996,6331
65997,6307
65999,1036
66001,6332
66020,1709
66020,1710
66021,6333
66054,2320
66064,121
66083,1661
66083,1662
66087,6334
66088,48
66091,665
66105,99
66107,6335
66129,179
66129,1938
66145,6336
66158,2500
66165,22
66166,185
66168,6337
66178,6338
66181,3321
66201,6339
66207,587
66228,346
66236,556
66237,2709
66242,1133
66243,2595
66244,6340
66245,6341
66248,143
66250,6342
66250,6343
66250,6344
66257,6345
66258,6346
66263,6347
66270,3048
66283,6348
66291,3783
66292,6349
66298,48
66310,1563
66312,179
66313,6350
66315,6351
66317,6352
66323,2373
66331,544
66335,1510
66345,1947
66346,578
66350,6353
66351,6354
66352,1244
66356,6355
66359,1525
66361,6356
66366,821
66373,352
66375,6357
66379,1294
66384,1418
66387,75
66390,6358
66390,6359
66390,6360
66392,2178
66393,4485
66404,6361
66409,6362
66412,6363
66413,1612
66417,1493
66419,2994
66420,1846
66430,6364
66444,4512
66446,3252
66456,3083
66458,6365
66462,6366
66464,4249
66466,3292
66473,6367
66484,5781
66485,1344
66502,189
66526,6368
66532,2421
66534,6369
66537,3722
66537,3723
66539,552
66545,821
66546,6370
66552,1081
66552,6371
66552,6372
66565,6125
66576,336
66579,150
66602,2971
66608,956
66618,6373
66624,1060
66632,6374
66644,250
66658,848
66664,6375
66685,6376
66690,6377
66690,6378
66697,741
66707,377
66717,6379
66723,6380
66744,1993
66747,6381
66762,6382
66772,6383
66779,6384
66780,6385
66783,6386
66793,221
66795,1529
66808,5234
66832,1909
66835,6387
66851,6388
66852,6389
66852,6390
66861,1768
66861,3539
66866,1602
66866,1963
66866,5689
66879,319
66880,447
66891,6391
66896,284
66900,85
66914,2119
66916,966
66917,6392
66930,6393
66934,6394
66937,3218
66941,3837
66945,2353
66966,4434
66966,6395
66973,85
66974,1201
66979,1588
66989,2991
66990,336
66998,1303
66999,838
67010,6396
67015,804
67022,1373
67033,2031
67045,2418
67049,99
67055,3104
67056,5086
67057,5669
67066,6397
67075,1155
67080,319
67085,5010
67091,6398
67092,1274
67101,6399
67105,366
67108,1375
67110,6400
67113,13
67115,3387
67126,3822
67127,6401
67131,1804
67136,578
67140,819
67151,2968
67155,6402
67165,6403
67170,6404
67178,1830
67180,2144
67182,6405
67190,1655
67192,281
67213,73
67228,6406
67235,6407
67254,135
67255,6408
67260,6409
67263,1879
67266,701
67272,6410
67273,287
67275,5320
67283,2212
67285,1547
67287,160
67290,2421
67293,4955
67301,6411
67305,6412
67312,357
67321,316
67326,5013
67333,1936
67334,1471
67345,3262
67346,6413
67347,99
67364,6414
67365,3591
67368,273
67370,6415
67373,524
67377,6416
67378,929
67385,6417
67389,14
67389,1375
67389,4120
67389,4121
67389,4122
67389,4123
67389,4124
67389,4125
67389,4126
67389,4127
67389,4128
67389,4129
67389,4131
67389,4268
67389,6331
67389,6418
67389,6419
67389,6420
67389,6421
67389,6422
67393,2803
67401,459
67411,803
67412,6423
67414,3075
67417,3410
67451,157
67452,6424
67453,139
67456,99
67459,1591
67472,3039
67474,587
67476,160
67476,488
67476,508
67476,546
67476,837
67476,1372
67476,1531
67476,2118
67476,2515
67476,3927
67476,5040
67476,5382
67476,5996
67476,6425
67476,6426
67476,6427
67478,6428
67485,590
67492,6429
67500,1588
67513,1830
67536,200
67539,6430
67545,3046
67549,6431
67551,6432
67552,195
67554,2783
67567,158
67569,538
67570,284
67572,346
67575,6433
67595,837
67595,1695
67596,2836
67602,2339
67621,821
67623,6434
67628,189
67632,6435
67637,1036
67643,999
67656,5130
67669,3028
67684,6436
67684,6437
67685,1753
67706,891
67713,91
67715,6438
67721,2556
67730,6439
67732,6440
67737,5397
67742,6441
67746,1489
67748,1829
67761,2717
67767,531
67768,6442
67771,2088
67777,556
67778,6443
67787,85
67792,1556
67793,5633
67795,4635
67806,6444
67809,6445
67811,6446
67814,4238
67818,268
67827,291
67829,6447
67841,2274
67846,5234
67847,3674
67852,6448
67852,6449
67852,6450
67856,2938
67866,506
67867,44
67871,6451
67878,5486
67882,6452
67889,1943
67895,6453
67898,1399
67900,358
67903,6454
67905,516
67909,2021
67915,771
67921,6389
67921,6390
67923,6455
67931,631
67932,2933
67936,689
67939,305
67941,944
67941,6456
67946,1405
67951,6457
67961,6458
67962,968
67964,6459
67971,587
67974,179
67974,262
67984,6460
67991,6461
67992,565
67993,3245
68055,19
68064,2597
68068,6462
68074,6463
68075,6464
68082,319
68084,6465
68087,99
68088,2698
68090,6466
68097,788
68102,25
68123,1583
68132,6467
68147,2858
68147,2859
68162,135
68171,6468
68181,6469
68191,6470
68194,6471
68205,281
68207,6472
68212,6473
68213,766
68218,1409
68221,111
68224,2837
68225,6474
68226,6475
68242,803
68244,4380
68263,5526
68264,1027
68269,6476
68273,1612
68277,6477
68283,315
68284,6478
68287,6479
68292,2828
68295,2424
68296,2639
68315,6480
68316,6481
68319,649
68347,6482
68353,6483
68361,185
68369,753
68375,689
68380,480
68383,3399
68389,6484
68396,6485
68407,6486
68413,721
68442,6487
68442,6488
68443,2649
68446,6489
68448,6490
68451,820
68457,460
68463,959
68467,280
68473,1926
68484,990
68488,6491
68500,5810
68513,6492
68518,6493
68528,4912
68530,3382
68537,144
68540,6494
68542,6495
68543,250
68547,6496
68549,817
68549,1711
68549,1712
68550,6497
68550,6498
68556,5276
68559,599
68559,1516
68561,6499
68574,498
68590,2441
68596,414
68597,195
68604,6500
68608,6501
68609,3731
68611,6502
68614,6503
68615,977
68616,242
68630,3754
68632,2123
68634,6504
68639,817
68639,1711
68639,1712
68655,6505
68657,918
68658,977
68670,669
68675,2708
68680,6506
68693,2385
68714,6507
68722,4250
68724,446
68724,447
68731,6508
68739,5826
68747,6441
68777,6509
68789,5146
68795,3754
68809,136
68814,1483
68818,611
68823,4573
68824,445
68843,4921
68857,6510
68863,6511
68869,689
68873,4273
68875,185
68876,6512
68876,6513
68876,6514
68906,300
68907,6515
68910,5257
68918,6516
68931,6517
68933,6518
68948,1661
68948,1662
68948,6519
68959,6520
68961,1058
68962,736
68966,6521
68972,4063
68972,6522
68972,6523
68973,2336
68977,2520
68981,6524
68984,6525
68985,1531
68991,578
68998,6526
68998,6527
69000,6528
69010,3078
69012,699
69021,6427
69029,6529
69032,203
69036,6530
69046,73
69049,908
69049,909
69049,3978
69049,3979
69052,6531
69057,1819
69060,346
69061,6532
69062,6533
69064,2339
69073,803
69076,368
69078,6534
69092,482
69096,6535
69099,414
69109,2010
69114,2938
69117,712
69129,5386
69140,6536
69141,99
69144,697
69156,6537
69159,242
69163,6538
69189,1779
69191,6539
69206,6540
69212,6541
69213,6542
69231,6543
69231,6544
69235,1701
69257,6545
69259,2242
69260,848
69264,6546
69265,398
69268,6547
69268,6548
69271,3382
69273,6549
69278,4722
69288,816
69291,2647
69291,2648
69292,3179
69295,821
69302,254
69307,6550
69311,195
69322,6297
69328,6551
69333,179
69333,6552
69346,6553
69354,6554
69359,4008
69367,195
69368,6555
69376,6556
69378,6557
69382,2678
69389,3185
69401,213
69407,2963
69410,1177
69417,6558
69428,6559
69428,6560
69432,336
69438,712
69442,6561
69443,2092
69445,75
69446,6562
69448,446
69448,447
69450,6563
69455,157
69457,254
69460,5580
69460,6564
69460,6565
69460,6566
69460,6567
69466,112
69469,4561
69471,712
69477,6568
69484,1007
69486,268
69496,6569
69501,298
69501,982
69505,2893
69507,1374
69509,6570
69509,6571
69510,136
69523,1291
69525,721
69533,2084
69534,305
69535,4869
69537,2103
69547,6572
69550,102
69550,3016
69551,2573
69556,6573
69559,6574
69599,578
69606,858
69609,786
69613,5589
69613,5590
69613,5591
69627,1111
69628,2222
69634,2339
69637,6575
69644,3196
69644,4864
69648,6576
69651,1446
69652,723
69653,2216
69667,2518
69668,451
69675,281
69679,6577
69680,6578
69682,6579
69697,6580
69711,291
69714,6581
69720,6582
69724,841
69724,842
69725,6583
69727,6584
69737,663
69737,3965
69748,111
69751,6585
69765,2423
69765,3211
69775,3819
69780,2913
69784,179
69784,262
69786,1583
69787,92
69789,2999
69798,222
69799,918
69811,1584
69813,1165
69814,482
69833,859
69837,22
69837,414
69837,977
69837,3307
69837,6586
69842,3913
69843,722
69844,1727
69846,439
69847,6587
69853,6588
69855,5142
69861,869
69874,6589
69878,1711
69878,1712
69879,6590
69890,6591
69903,6592
69914,6593
69922,2478
69928,6368
69947,6594
69948,3948
69949,6595
69952,358
69954,6596
69957,861
69963,3034
69967,821
69977,6597
69990,4233
69997,185
70000,6598
70000,6599
70008,150
70011,39
70021,132
70028,6600
70046,6601
70051,242
70068,2299
70072,254
70073,6602
70076,1071
70076,1072
70094,2264
70097,409
70097,2815
70107,6603
70111,1837
70114,6604
70120,6605
70130,6606
70132,6607
70134,6608
70134,6609
70142,6610
70143,459
70149,136
70150,358
70170,2929
70171,3881
70178,1591
70186,117
70197,6611
70200,6612
70208,6613
70213,6614
70214,1242
70215,313
70217,6615
70220,1203
70229,6616
70236,319
70239,1286
70243,4235
70253,6617
70265,39
70267,6618
70276,140
70277,891
70290,91
70296,738
70302,3245
70319,254
70320,6619
70339,6620
70348,3380
70349,1547
70352,6621
70353,1489
70361,148
70364,4020
70381,6622
70396,6623
70398,195
70402,5876
70403,6624
70408,38
70411,284
70413,1973
70423,5161
70424,5384
70428,6625
70428,6626
70438,39
70447,2006
70454,6627
70460,4512
70461,1610
70477,6628
70487,6629
70496,281
70507,2451
70509,6630
70512,154
70518,535
70527,804
70528,1772
70535,275
70538,2351
70568,22
70569,2688
70570,537
70580,1398
70594,935
70596,2803
70600,6631
70601,5781
70613,6632
70625,6633
70626,754
70630,1807
70635,785
70641,578
70650,6634
70652,6635
70655,1089
70656,552
70661,345
70662,2022
70668,6636
70675,1891
70677,6637
70697,6614
70697,6638
70699,414
70705,482
70706,6639
70707,6640
70727,6641
70729,2783
70730,5717
70732,1299
70735,6642
70740,6643
70748,6644
70751,498
70755,713
70766,395
70769,3784
70771,99
70785,2475
70792,139
70795,804
70798,4089
70799,6125
70803,3143
70804,403
70805,6645
70812,6646
70825,1510
70826,6088
70828,6647
70831,578
70834,291
70837,1165
70843,1617
70855,78
70856,6648
70857,73
70859,1312
70861,2166
70873,738
70874,5486
70888,6649
70891,2671
70896,6650
70900,5174
70907,6651
70916,459
70918,6652
70926,553
70942,990
70947,6653
70949,2934
70951,6654
70954,552
70961,39
70967,3222
70969,6655
70981,6656
70985,99
70991,556
71002,642
71004,6657
71019,3168
71026,4374
71026,6658
71026,6659
71037,1446
71041,6660
71043,6661
71047,6662
71048,1002
71051,140
71058,91
71068,6663
71072,6664
71080,6665
71080,6666
71080,6667
71080,6668
71082,6669
71095,6670
71104,200
71105,6671
71115,4767
71140,1804
71142,2188
71144,6672
71144,6673
71153,6674
71155,1411
71161,6675
71175,567
71176,2087
71179,6676
71181,445
71189,480
71191,3740
71200,6677
71205,729
71207,6678
71211,122
71227,2548
71227,6679
71231,6680
71233,6681
71237,474
71262,1938
71272,741
71283,6682
71285,2302
71285,2303
71292,6683
71300,6684
71302,39
71308,1026
71311,2956
71317,1474
71318,3881
71319,1071
71319,1072
71326,460
71332,255
71337,1392
71348,215
71349,6685
71351,1089
71354,2828
71361,4679
71364,482
71368,6686
71370,5377
71370,6687
71375,6688
71381,4011
71384,6689
71388,284
71395,3894
71399,6690
71400,1847
71413,956
71416,6691
71438,1409
71442,54
71449,1563
71453,6692
71462,1052
71474,6425
71475,5574
71487,6693
71489,3305
71490,1106
71499,6694
71503,6695
71510,6696
71527,157
71531,2118
71532,6697
71539,1941
71548,746
71561,6698
71567,1253
71570,174
71574,424
71575,4211
71578,366
71580,668
71581,3577
71592,1635
71595,6699
71598,6700
71598,6701
71608,6702
71609,2898
71637,200
71642,3390
71651,563
71654,6703
71658,6704
71659,6705
71660,485
71662,6706
71674,6707
71676,2015
71676,6708
71689,6014
71690,721
71694,6709
71696,6710
71697,6711
71706,6712
71713,6713
71713,6714
71716,2963
71729,6715
71740,185
71751,1114
71753,123
71753,862
71753,935
71753,4361
71753,4855
71753,6716
71755,6717
71756,6718
71758,727
71764,2849
71778,1110
71792,6719
71800,4629
71803,3927
71805,6720
71806,4374
71809,847
71814,6721
71819,3761
71833,141
71839,6722
71846,6723
71847,6724
71852,741
71853,821
71868,6725
71878,1608
71879,433
71896,99
71897,6726
71899,6727
71903,6728
71914,136
71924,1471
71936,319
71943,4383
71943,4384
71947,6729
71949,574
71950,6730
71955,1685
71955,6731
71985,6732
71992,578
72000,1481
72002,2961
72002,2962
72006,942
72022,5529
72024,6733
72027,3201
72028,699
72039,3083
72045,708
72049,838
72052,5
72060,3066
72068,6734
72075,6735
72083,788
72088,2304
72091,891
72099,6736
72103,6693
72106,838
72120,6737
72120,6738
72128,6739
72130,1303
72131,2276
72138,499
72144,2708
72148,1583
72149,280
72151,5690
72159,6740
72172,6741
72178,1635
72186,1488
72200,26
72213,556
72218,54
72221,39
72223,6742
72242,737
72250,6743
72253,6744
72259,6745
72259,6746
72262,6747
72268,446
72268,447
72276,445
72279,1381
72285,1129
72287,3294
72290,6748
72315,6749
72318,1846
72335,6750
72335,6751
72336,4490
72337,6752
72349,4114
72351,3783
72356,817
72363,6753
72382,556
72383,6754
72385,398
72388,6755
72395,6756
72403,6757
72412,3244
72416,233
72418,847
72420,729
72428,161
72433,6758
72447,6759
72450,6760
72453,929
72462,6761
72467,1709
72467,1710
72482,1846
72489,6762
72510,658
72514,4578
72514,6763
72515,6764
72521,1274
72524,6765
72528,6766
72529,6767
72532,848
72547,6768
72559,413
72564,1695
72567,6025
72571,6769
72575,6770
72582,2783
72586,6771
72593,679
72600,6772
72609,721
72612,6773
72618,460
72627,305
72630,6774
72649,6775
72662,6776
72666,6777
72667,6778
72671,1026
72680,6779
72681,157
72686,593
72687,3066
72689,5255
72691,1252
72695,6780
72698,838
72711,6781
72712,6782
72713,6783
72717,862
72718,157
72720,947
72722,5632
72723,573
72732,1009
72739,6784
72745,3667
72754,6785
72759,6786
72781,571
72783,6787
72802,563
72803,6788
72817,488
72826,3907
72830,1375
72833,39
72842,6789
72845,2652
72846,5563
72855,6790
72860,6791
72872,424
72880,6792
72890,1344
72894,1834
72912,6793
72923,254
72924,1556
72929,1765
72936,6794
72946,1740
72947,6795
72947,6796
72958,6797
72963,6798
72964,73
72976,150
72985,230
72989,1695
73003,6799
73019,6800
73024,6801
73037,553
73038,25
73046,2185
73067,144
73068,5234
73069,242
73082,1396
73088,44
73090,2424
73093,6802
73098,846
73103,6803
73109,6804
73111,650
73115,842
73116,6320
73132,5232
73141,91
73151,6805
73155,39
73158,6806
73161,3229
73180,39
73190,222
73191,2677
73191,3897
73195,3244
73211,185
73212,222
73215,815
73222,3467
73223,1695
73233,1512
73241,5651
73241,6807
73244,466
73248,275
73250,1415
73251,3695
73256,6808
73259,6809
73266,855
73270,6810
73273,5465
73279,336
73296,75
73317,2708
73330,6811
73344,6812
73347,6813
73348,179
73358,6814
73367,385
73380,321
73382,76
73384,569
73390,268
73391,2026
73391,2027
73403,424
73410,6815
73415,1720
73417,2424
73418,6816
73431,6817
73434,144
73437,1563
73440,6818
73440,6819
73447,291
73449,6820
73450,6821
73464,891
73469,298
73475,3321
73483,263
73485,361
73486,761
73487,6822
73491,2372
73493,6823
73495,6824
73532,1092
73545,6825
73568,6826
73574,91
73581,1834
73587,6827
73587,6828
73588,3222
73593,105
73603,2667
73615,5070
73638,529
73641,869
73645,6829
73675,3222
73700,2131
73729,6830
73729,6831
73733,6832
73735,1440
73742,161
73751,2678
73755,6833
73759,6834
73764,6835
73764,6836
73768,25
73777,26
73782,1428
73783,6837
73789,4287
73791,4578
73811,3522
73814,346
73826,5170
73835,185
73838,160
73843,6838
73844,3066
73854,6839
73856,6840
73856,6841
73863,815
73866,6842
73867,6843
73873,2654
73876,6844
73877,3860
73892,2729
73901,599
73901,1516
73905,6271
73910,78
73911,674
73913,5070
73918,3000
73925,6845
73925,6846
73937,2105
73941,6847
73945,3032
73953,6848
73955,1129
73958,367
73993,39
74001,1514
74003,728
74008,1503
74013,6849
74014,937
74018,6850
74033,1002
74035,4399
74039,721
74048,6851
74051,578
74058,4831
74059,1303
74068,4403
74069,6852
74075,740
74077,6853
74086,24
74100,5153
74101,6854
74107,394
74110,116
74117,6855
74121,6856
74125,2573
74128,6857
74130,233
74134,2216
74136,2418
74138,6858
74141,891
74169,6859
74177,587
74182,6860
74186,6861
74194,147
74196,150
74205,6862
74224,977
74228,5397
74230,6863
74240,6864
74244,48
74250,6865
74268,838
74270,447
74277,6866
74281,6867
74294,222
74298,5218
74299,3393
74311,1891
74319,184
74335,6868
74337,44
74346,6869
74351,6870
74360,1563
74364,2302
74364,2303
74365,1061
74374,446
74374,447
74377,185
74378,6871
74379,1262
74398,1396
74400,1834
74401,578
74407,6022
74409,135
74413,6872
74434,5748
74440,6873
74447,6874
74449,1591
74450,69
74457,6875
74465,3083
74470,5589
74474,3391
74475,57
74478,497
74485,1778
74487,2291
74495,741
74499,6876
74502,1618
74503,6877
74512,67
74513,3591
74520,459
74524,6878
74526,599
74526,600
74534,1583
74541,6879
74543,6880
74544,346
74554,6881
74559,6882
74578,1376
74585,284
74589,6883
74599,6884
74601,6885
74613,204
74618,3870
74624,6886
74629,3802
74632,6887
74639,4236
74650,6888
74651,1581
74652,6889
74652,6890
74664,6891
74666,389
74667,6892
74674,508
74683,912
74694,6893
74707,1618
74714,1147
74720,556
74725,3180
74733,6894
74742,6895
74747,753
74766,148
74769,1563
74773,307
74775,1312
74779,749
74784,701
74792,6896
74800,219
74801,22
74803,6897
74804,3100
74818,6898
74820,6899
74834,346
74836,721
74839,305
74841,1397
74842,6900
74847,178
74850,2945
74851,5567
74860,148
74860,1376
74860,1938
74860,3894
74860,6901
74860,6902
74862,556
74863,721
74872,1033
74875,5864
74875,5865
74877,291
74882,451
74888,662
74892,1218
74903,1836
74933,6903
74939,6904
74943,669
74949,2487
74961,6905
74963,6906
74970,712
74975,509
74976,4298
74980,3881
74981,6907
74988,6908
74997,6909
75010,6910
75011,2353
75013,684
75027,1568
75030,6911
75036,2370
75040,99
75043,6912
75044,254
75055,6913
75059,1593
75062,357
75068,6914
75070,5150
75076,1936
75087,6915
75097,2418
75098,813
75105,6916
75107,6917
75111,6918
75156,3658
75162,6919
75169,62
75171,6920
75174,6921
75177,26
75180,2188
75190,6922
75211,634
75212,148
75212,3099
75214,1264
75216,2257
75230,1121
75232,1185
75234,3443
75242,552
75260,157
75261,6923
75267,6924
75273,817
75289,6925
75294,6926
75297,6927
75305,1584
75305,1654
75307,6928
75309,2940
75310,200
75331,319
75332,6929
75333,6930
75333,6931
75334,6662
75338,131
75342,6932
75344,4662
75346,194
75351,2243
75354,1588
75358,284
75359,2682
75360,488
75363,3873
75379,6933
75386,6934
75390,6935
75407,729
75416,3544
75428,3315
75432,984
75439,6936
75450,2340
75451,6937
75451,6938
75453,4520
75457,2339
75457,6939
75458,6940
75468,741
75470,6941
75481,6942
75482,6943
75495,6944
75497,6945
75499,6946
75508,6947
75516,6948
75521,947
75525,1985
75531,67
75537,907
75558,6949
75561,76
75564,215
75564,4410
75564,6950
75570,6951
75579,317
75581,2441
75582,1135
75588,5362
75615,1476
75618,663
75626,2901
75627,552
75630,565
75635,2940
75637,6952
75652,6953
75657,6892
75668,99
75674,845
75676,1135
75682,552
75689,1061
75689,1612
75707,6884
75708,1715
75716,3777
75717,6954
75735,6955
75735,6956
75735,6957
75735,6958
75735,6959
75735,6960
75735,6961
75744,6962
75749,599
75749,600
75758,2393
75764,2838
75765,5795
75771,6963
75785,161
75789,1604
75793,6964
75795,820
75796,6965
75797,6966
75798,6967
75801,6968
75806,191
75811,6969
75813,6970
75814,1891
75817,6971
75825,6972
75829,6973
75830,6974
75831,1895
75835,6975
75840,304
75844,6976
75846,6977
75865,5170
75874,157
75875,1570
75881,6978
75884,6979
75886,4302
75889,1498
75891,6980
75894,501
75895,2102
75911,6981
75920,2032
75921,6982
75926,3398
75941,578
75951,928
75958,1584
75964,157
75970,6983
75981,5299
75985,531
75987,556
75989,5917
75990,1720
75992,2105
75993,6984
75995,44
76009,284
76013,1344
76027,6985
76030,6986
76047,446
76047,447
76049,6987
76053,6988
76055,1837
76078,677
76083,1547
76094,191
76099,6989
76105,6990
76105,6991
76107,738
76113,52
76128,713
76132,6992
76135,721
76138,6993
76140,531
76142,22
76145,6994
76155,6995
76158,6996
76160,1009
76188,6997
76191,6998
76195,4682
76200,184
76203,4785
76210,3891
76210,3892
76213,6999
76223,982
76234,2790
76236,7000
76239,1899
76253,7001
76263,1575
76267,424
76275,7002
76293,7003
76300,2243
76306,663
76309,4372
76324,7004
76329,4
76330,7005
76332,556
76337,7006
76338,546
76341,7007
76347,4629
76355,7008
76359,157
76370,7009
76373,3287
76377,721
76378,7010
76386,7011
76396,7012
76408,7013
76429,674
76435,713
76444,7014
76456,1695
76459,7015
76459,7016
76460,2500
76463,1984
76464,3881
76467,3243
76470,7017
76473,7018
76473,7019
76474,6188
76500,250
76501,2299
76509,723
76512,7020
76513,155
76514,1709
76514,1710
76518,4392
76533,1772
76538,3228
76544,7021
76544,7022
76548,4932
76558,1299
76566,4179
76579,1138
76588,5281
76590,4928
76591,663
76594,3136
76596,7023
76608,2845
76616,136
76629,1702
76639,7024
76647,578
76649,7025
76649,7026
76653,4404
76662,4840
76670,263
76671,7027
76674,1037
76675,4627
76676,612
76688,7028
76694,7029
76697,669
76698,426
76707,7030
76717,7031
76722,1984
76726,7032
76727,556
76730,3028
76734,800
76745,7033
76746,7034
76750,305
76767,3069
76768,1063
76772,2267
76781,3240
76785,1007
76796,7035
76801,2994
76807,1565
76810,3380
76812,999
76815,578
76827,929
76838,459
76839,2212
76844,85
76850,7036
76854,1072
76857,689
76858,6213
76863,7037
76867,446
76867,447
76872,2667
76877,315
76884,671
76902,7038
76902,7039
76904,185
76908,7040
76909,2171
76916,7041
76917,4696
76922,597
76931,7042
76932,7043
76933,336
76936,2555
76946,6402
76962,1114
76968,1238
76969,179
76981,553
76982,931
76984,1584
76989,1558
76992,4071
76998,620
77005,7044
77031,7045
77041,7046
77043,36
77046,7047
77048,267
77060,7048
77061,7049
77061,7050
77081,5992
77090,4975
77093,7051
77104,4554
77113,157
77131,6944
77133,7052
77138,298
77146,7053
77150,1299
77154,7054
77155,7055
77158,7056
77166,1584
77168,7057
77169,815
77173,2243
77185,2243
77188,7058
77189,7059
77192,1465
77195,7060
77203,7061
77206,1203
77217,488
77219,5697
77221,7062
77223,22
77231,838
77233,7063
77237,39
77254,7064
77264,7065
77265,661
77265,7066
77266,2340
77267,7067
77289,185
77291,91
77310,4751
77328,347
77331,4339
77332,7068
77338,7069
77339,441
77360,7070
77364,5774
77367,340
77368,776
77370,319
77371,7071
77395,7072
77408,2803
77417,189
77418,7073
77424,291
77435,1608
77445,1924
77447,501
77449,7074
77458,409
77459,3240
77461,6250
77462,54
77471,722
77473,2031
77473,2857
77473,7075
77477,275
77479,1548
77486,4409
77493,3198
77499,5257
77504,140
77507,7076
77526,1565
77529,7077
77540,7078
77553,7079
77558,7080
77568,7081
77574,2478
77581,488
77583,2912
77586,5916
77592,1056
77599,7082
77599,7083
77603,7084
77607,753
77616,7085
77622,6762
77632,4387
77654,995
77670,1575
77678,2475
77686,39
77695,2968
77700,7086
77703,2451
77706,2647
77706,2648
77715,1775
77729,488
77735,4575
77735,4576
77743,105
77749,7087
77767,1568
77768,200
77769,1498
77779,1779
77780,7088
77783,447
77791,1557
77801,148
77810,305
77811,7089
77836,7090
77838,881
77849,7091
77850,873
77859,136
77862,1477
77869,2661
77878,7092
77889,7093
77889,7094
77889,7095
77897,788
77899,3382
77912,6125
77913,7096
77919,7097
77920,7098
77923,7099
77926,7100
77937,7101
77942,2533
77953,7102
77955,1457
77974,7103
77975,2807
77978,1797
77993,160
77993,185
77993,275
77993,553
77993,578
77993,865
77993,1372
77993,2467
77998,3709
78007,7104
78017,4077
78027,6254
78030,1571
78032,213
78033,291
78038,7105
78042,7106
78057,7107
78058,7108
78066,160
78079,816
78083,7109
78084,7110
78085,298
78085,749
78099,136
78103,336
78105,488
78112,3284
78118,7111
78119,1140
78127,2326
78155,75
78163,732
78167,7112
78183,2757
78186,105
78203,7113
78212,2681
78215,728
78220,7114
78221,2425
78226,3262
78228,7115
78231,7116
78235,1201
78238,4177
78241,485
78244,185
78245,1060
78252,5560
78255,291
78257,7117
78257,7118
78258,459
78259,1484
78270,179
78272,7119
78281,7120
78285,1207
78289,1834
78310,7121
78313,1472
78316,136
78317,1451
78340,25
78344,319
78345,7122
78355,7123
78361,7124
78371,1735
78374,6785
78388,7125
78388,7126
78388,7127
78399,50
78401,7128
78404,790
78412,7129
78413,781
78417,2628
78434,556
78436,200
78442,6158
78461,7130
78471,7131
78479,437
78490,674
78492,4273
78516,7132
78518,135
78519,3537
78520,837
78525,7133
78529,541
78532,926
78533,1749
78539,85
78540,7134
78541,771
78549,394
78549,1269
78549,3524
78549,3852
78549,3928
78549,5679
78549,6884
78549,7128
78549,7135
78549,7136
78549,7137
78549,7138
78553,7139
78553,7140
78554,227
78554,1751
78560,7141
78561,346
78567,3891
78567,3892
78570,2541
78573,7142
78575,7143
78577,7144
78586,2595
78597,459
78600,4905
78607,6797
78610,7145
78618,48
78627,611
78635,395
78637,3907
78644,7146
78650,291
78656,1720
78658,281
78668,22
78678,3066
78703,4081
78708,7147
78718,160
78718,200
78718,553
78718,578
78718,713
78718,837
78720,7148
78723,291
78731,7149
78735,7150
78743,749
78753,563
78777,1848
78780,7151
78785,7152
78786,7153
78796,7154
78801,2578
78814,193
78817,5382
78818,1449
78818,1450
78827,358
78835,4799
78843,3845
78850,1232
78851,44
78856,746
78857,75
78858,250
78861,4142
78862,663
78878,553
78888,6363
78926,7155
78933,2351
78934,2762
78942,2353
78943,7156
78944,7157
78949,7158
78950,7159
78954,3881
78960,150
78964,912
78969,33
78980,6171
78986,7160
78992,4180
79000,7161
79004,7162
79013,200
79017,7163
79017,7164
79022,785
79025,267
79027,300
79032,7165
79039,117
79040,792
79041,497
79049,7166
79050,3267
79051,7167
79056,804
79073,284
79085,684
79089,2929
79096,1008
79102,541
79108,1851
79109,7168
79110,6447
79113,2441
79124,1008
79127,3680
79129,4724
79136,7169
79142,346
79149,57
79150,6014
79155,459
79156,7170
79158,3033
79179,39
79189,7171
79195,4869
79200,2373
79202,1002
79205,7172
79207,553
79209,7173
79211,4627
79213,7174
79220,679
79228,85
79238,7175
79248,377
79249,7176
79250,7177
79252,962
79261,7178
79261,7179
79276,7180
79279,7181
79281,5575
79284,7182
79288,7183
79292,99
79292,1283
79297,189
79301,1692
79302,5841
79304,7184
79308,928
79313,7185
79313,7186
79314,801
79316,7187
79333,1217
79340,908
79340,909
79340,3650
79340,3652
79342,7188
79352,7189
79357,5242
79361,7190
79369,1556
79375,822
79376,1577
79377,7191
79379,6874
79384,148
79387,1996
79389,7192
79392,658
79395,693
79396,1765
79402,99
79403,7193
79415,7194
79415,7195
79415,7196
79415,7197
79415,7198
79420,1765
79421,7199
79429,7200
79432,3753
79432,7201
79435,1122
79466,784
79482,7202
79486,6974
79488,273
79494,2444
79497,935
79507,7203
79516,544
79520,563
79521,7204
79522,6787
79523,5099
79525,162
79537,4250
79557,7205
79558,7206
79564,5589
79565,6111
79576,7207
79577,815
79582,911
79584,161
79586,1145
79605,1602
79608,5826
79611,7208
79613,6782
79615,753
79616,5715
79620,684
79624,7209
79633,4392
79641,2858
79641,2859
79647,739
79661,531
79670,482
79672,6425
79679,6181
79692,1026
79693,7210
79701,969
79709,2790
79710,1885
79711,7135
79716,447
79722,1584
79732,2535
79739,7211
79752,7212
79755,2753
79757,4269
79758,1592
79766,1312
79773,7213
79779,7214
79781,7215
79793,3244
79794,7216
79795,4372
79798,298
79799,546
79805,205
79807,1194
79808,7217
79815,3755
79820,6857
79822,3724
79836,147
79850,161
79860,336
79860,7218
79870,7219
79896,1185
79906,48
79911,7220
79916,7221
79933,2639
79939,7222
79939,7223
79944,2131
79946,3677
79948,7224
79951,1525
79954,5774
79956,2594
79964,1440
79965,7225
79966,7226
79977,7227
79978,1305
79987,7228
79998,6834
80000,7229
80011,402
80012,7230
80023,4627
80029,7231
80031,7232
80036,7233
80039,1445
80051,7234
80051,7235
80053,1685
80056,7236
80056,7237
80058,4077
80071,7238
80078,117
80081,7239
80083,4322
80085,2901
80105,663
80108,99
80118,1002
80128,1834
80129,2797
80143,1429
80155,7240
80177,7241
80193,291
80195,784
80196,1258
80198,7242
80201,992
80204,2803
80223,2940
80224,6479
80248,7243
80253,562
80261,7244
80262,3220
80262,7245
80263,91
80272,161
80277,7246
80280,7247
80281,947
80293,1285
80302,1686
80302,2434
80322,1434
80324,99
80327,2722
80328,58
80333,199
80337,641
80340,7248
80355,838
80358,2444
80366,7249
80380,522
80386,1038
80390,148
80392,7250
80399,516
80410,185
80415,1285
80420,158
80432,1984
80450,2690
80455,3379
80460,7251
80461,1201
80471,552
80476,39
80479,4303
80480,615
80487,722
80488,1695
80490,6916
80502,261
80511,7252
80511,7253
80513,5095
80513,5096
80515,663
80516,459
80524,741
80530,587
80533,7254
80536,1009
80540,1429
80560,7255
80566,7256
80566,7257
80579,5122
80586,7258
80591,5302
80595,43
80601,2622
80612,7259
80625,3727
80627,552
80636,117
80640,414
80650,162
80651,1291
80663,3730
80664,2353
80666,222
80668,6356
80672,7260
80675,7261
80676,7262
80678,590
80682,157
80688,674
80698,620
80702,144
80705,7263
80706,1626
80710,431
80715,7264
80722,7265
80731,4250
80733,336
80747,663
80750,7266
80756,44
80758,7267
80760,7268
80766,7269
80772,7270
80773,7271
80790,5269
80801,7272
80806,5704
80807,7273
80816,4305
80844,1556
80848,367
80849,7274
80858,7275
80861,4434
80864,7276
80883,7277
80886,7278
80887,263
80892,6230
80895,693
80899,145
80909,7279
80914,7280
80923,5553
80932,7281
80940,1695
80940,7282
80941,7283
80955,3060
80957,1713
80968,7284
80973,2620
80989,2838
80999,1907
81000,7285
81039,7286
81044,7287
81048,185
81050,7288
81052,6717
81058,6365
81062,4140
81070,3427
81092,7289
81100,7290
81105,1667
81106,7291
81108,7292
81112,7293
81112,7294
81122,7295
81123,2458
81132,7296
81142,5417
81164,7297
81172,7298
81177,949
81190,501
81191,873
81196,3185
81200,1556
81201,2663
81207,552
81207,3537
81212,5021
81214,3823
81219,48
81236,2594
81239,845
81260,254
81265,99
81282,39
81285,7299
81287,928
81288,993
81289,1604
81296,3529
81301,800
81312,5572
81313,4512
81321,7300
81323,3847
81326,67
81335,3380
81340,4392
81342,553
81346,7301
81372,7302
81375,2257
81376,446
81376,447
81377,7303
81383,7304
81389,488
81390,7305
81403,7306
81406,7307
81420,1194
81423,2865
81437,44
81444,4913
81455,99
81456,7308
81459,133
81460,4399
81468,1563
81475,746
81475,7309
81480,242
81487,148
81489,980
81490,5163
81498,3106
81500,785
81507,7310
81509,7311
81513,869
81526,3203
81535,7312
81536,7313
81543,194
81546,162
81551,3382
81551,4435
81551,7314
81551,7315
81551,7316
81553,7317
81555,2694
81558,7318
81559,7319
81564,7320
81565,7321
81570,7322
81572,7323
81578,792
81578,1381
81578,7324
81580,6147
81584,7325
81588,4389
81595,3630
81596,2168
81599,1830
81606,4113
81616,4946
81618,1760
81631,7326
81635,307
81649,7327
81652,383
81652,509
81653,7328
81673,7327
81679,7329
81681,1093
81683,1584
81685,2647
81687,553
81693,5949
81693,5950
81699,1140
81717,4372
81721,6797
81723,679
81726,552
81735,2020
81744,7330
81746,1139
81760,3220
81760,7331
81760,7332
81760,7333
81765,144
81766,94
81771,5322
81771,7334
81777,553
81778,1291
81781,4753
81782,7335
81788,7336
81796,459
81802,821
81808,2190
81809,7337
81812,3293
81817,7338
81823,7339
81825,7340
81827,999
81830,7341
81838,212
81850,7342
81859,858
81862,4840
81867,7343
81869,1951
81871,7344
81876,7345
81877,7346
81887,2729
81890,7347
81905,722
81916,7348
81922,1295
81927,1767
81937,613
81938,7349
81940,7350
81943,3272
81943,7351
81944,2520
81946,179
81946,7352
81947,7353
81952,634
81953,39
81956,697
81972,7354
81979,254
81980,7355
81981,1336
81992,7356
81995,127
81996,7357
82015,7358
82039,3032
82047,4361
82063,7359
82079,1096
82080,2274
82084,7360
82085,7361
82089,298
82090,7362
82095,813
82110,3411
82117,358
82119,2595
82137,480
82147,7363
82147,7364
82150,222
82156,7365
82161,3869
82161,7366
82186,7367
82190,7049
82190,7050
82193,3229
82193,3230
82196,699
82202,1713
82205,2168
82206,135
82208,7368
82211,4180
82218,98
82220,7369
82229,4630
82233,340
82242,290
82244,3039
82246,7370
82248,7371
82250,7355
82253,7372
82259,57
82262,7373
82263,7374
82267,7375
82276,6085
82281,7057
82287,531
82288,1830
82289,7376
82290,6118
82306,446
82306,447
82307,1604
82308,7377
82309,4490
82313,556
82327,7378
82328,1449
82328,1450
82329,1905
82335,3404
82345,7379
82351,7380
82352,2929
82353,7381
82360,822
82369,1232
82385,5207
82390,4679
82392,7382
82401,203
82405,7383
82406,1584
82410,7384
82419,7385
82426,7386
82431,7387
82438,1568
82440,837
82441,1584
82444,7388
82448,2603
82449,1765
82456,7389
82460,7390
82463,7391
82480,7392
82483,161
82485,553
82487,103
82488,7393
82510,556
82521,2788
82528,1971
82531,105
82534,6230
82538,7394
82541,7395
82547,49
82548,4031
82554,148
82559,4991
82566,1096
82568,618
82575,74
82576,1411
82583,4681
82594,211
82604,599
82604,600
82618,531
82619,6181
82623,152
82630,1685
82632,885
82639,7396
82639,7397
82639,7398
82643,305
82645,7399
82653,7400
82661,815
82667,203
82670,7401
82674,7402
82679,552
82681,1709
82681,1710
82686,7403
82696,5207
82698,1193
82713,3927
82717,7404
82717,7405
82731,7406
82738,5589
82763,7407
82763,7408
82769,7409
82770,7410
82773,1209
82788,7411
82791,7412
82794,2724
82799,7413
82804,2131
82812,3591
82823,3292
82838,2020
82840,2913
82842,2781
82848,7414
82849,1757
82852,4955
82864,531
82870,701
82874,6473
82889,7415
82899,2993
82911,693
82917,3878
82917,3879
82922,7416
82926,7417
82927,1947
82935,284
82947,7418
82948,2123
82955,7419
82957,4928
82962,1026
82971,99
82978,117
82989,75
82997,7420
82997,7421
82999,1303
83002,7422
83008,2793
83023,1319
83030,1658
83037,284
83044,4549
83045,5876
83052,1706
83064,7423
83066,7424
83085,1957
83086,191
83090,4290
83091,7425
83101,531
83110,7426
83110,7427
83111,1765
83114,531
83115,140
83118,7428
83122,1624
83124,7429
83135,1110
83140,7430
83149,1792
83159,298
83167,817
83167,1711
83167,1712
83171,7431
83175,3066
83198,792
83198,1381
83198,7324
83199,5234
83201,894
83202,7432
83202,7433
83209,202
83218,291
83222,7434
83224,459
83237,553
83240,1096
83246,304
83247,3066
83250,7435
83252,174
83256,7436
83257,7437
83265,7438
83266,1429
83275,7439
83276,800
83287,48
83293,587
83322,7440
83351,242
83371,4520
83382,2963
83383,7441
83384,7442
83399,7443
83400,7444
83408,157
83413,7445
83417,2913
83421,298
83429,7446
83433,7447
83433,7448
83433,7449
83436,578
83439,7450
83459,7451
83459,7452
83464,7453
83465,482
83469,7454
83486,3437
83487,587
83488,7455
83493,4701
83497,7456
83503,494
83507,1336
83510,7457
83516,1429
83517,254
83526,414
83534,157
83536,3539
83536,7458
83538,7459
83543,6464
83544,7460
83553,612
83557,179
83557,262
83559,7461
83560,7462
83562,3473
83574,741
83581,7463
83582,7464
83586,7465
83596,1303
83599,1658
83607,7466
83608,1565
83612,32
83614,445
83615,1381
83622,7467
83624,3039
83627,1254
83639,4195
83648,7468
83649,969
83651,1282
83655,7469
83662,7470
83664,1008
83679,336
83679,7218
83689,956
83690,1525
83709,1121
83712,7471
83722,1788
83723,721
83724,459
83742,7472
83754,7473
83759,1532
83772,7096
83779,7474
83779,7475
83779,7476
83794,202
83795,2572
83800,179
83803,4339
83812,7477
83820,2541
83827,212
83828,4062
83831,105
83833,200
83842,3656
83852,7478
83871,7479
83871,7480
83880,2083
83881,7481
83887,837
83894,741
83898,7482
83898,7483
83902,25
83908,2520
83911,1695
83913,821
83917,3241
83917,3242
83919,587
83929,788
83933,69
83937,209
83939,7484
83951,587
83953,4068
83956,319
83957,3791
83962,4304
83964,7485
83964,7486
83964,7487
83964,7488
83969,293
83980,4062
83982,1968
83991,7489
83994,39
83996,1324
83996,7490
83996,7491
84010,7492
84018,7493
84022,531
84031,7494
84032,2869
84033,907
84035,956
84037,361
84043,7495
84044,3787
84048,699
84049,3000
84053,4824
84062,7496
84063,157
84066,1692
84081,1299
84101,7497
84102,7498
84103,2036
84138,7499
84144,7500
84145,2629
84157,630
84168,7501
84170,2593
84173,7502
84179,2131
84183,7503
84190,7504
84192,7505
84195,145
84197,7506
84200,91
84222,5266
84226,7507
84232,7508
84247,7509
84247,7510
84250,117
84255,7312
84261,7511
84266,7512
84270,4812
84271,7513
84278,1303
84281,2686
84286,7514
84287,1179
84288,721
84296,1757
84298,7515
84301,2131
84304,927
84313,157
84316,7516
84319,132
84338,203
84341,3845
84344,1232
84366,202
84374,2327
84381,6518
84383,7517
84385,2307
84386,1487
84389,7518
84399,1273
84401,185
84410,2299
84422,7519
84424,5637
84426,121
84427,1066
84429,5242
84432,698
84435,7520
84437,2829
84442,7521
84445,7522
84446,7523
84464,1767
84470,7524
84495,7525
84503,2520
84508,3357
84509,1008
84511,1331
84513,7526
84517,7527
84518,22
84519,271
84526,459
84530,2678
84532,7528
84537,7529
84538,7149
84544,1915
84544,7530
84544,7531
84546,284
84562,127
84563,3203
84565,480
84570,858
84573,7532
84580,117
84584,7533
84586,75
84594,1136
84595,668
84598,963
84601,2625
84620,553
84621,1589
84622,7492
84630,7534
84636,5187
84647,553
84648,552
84655,3870
84655,4928
84659,7535
84663,947
84666,7536
84667,78
84672,7537
84677,6213
84681,7538
84691,5420
84694,1008
84699,275
84731,2097
84731,7539
84731,7540
84731,7541
84731,7542
84731,7543
84732,556
84734,7544
84736,2901
84737,7545
84738,3840
84741,7546
84745,7547
84748,3102
84753,57
84753,157
84753,553
84753,713
84753,1238
84753,4500
84753,5992
84753,7548
84753,7549
84753,7550
84757,171
84762,138
84763,7551
84766,7552
84776,185
84779,928
84780,1658
84782,7254
84786,2902
84786,7553
84791,5256
84795,6147
84803,233
84810,3234
84818,5824
84825,3174
84828,7554
84832,7555
84850,162
84857,194
84868,5218
84877,2088
84883,7556
84888,6691
84892,5164
84903,7557
84908,4512
84919,578
84923,7558
84931,3611
84942,6539
84955,3380
84955,5261
84959,758
84966,2035
84968,7559
84972,7560
84997,1165
85002,7561
85006,7562
85025,147
85031,7563
85037,3203
85042,7564
85047,2614
85047,7565
85047,7566
85053,7567
85056,43
85069,67
85085,413
85087,3572
85091,7568
85093,7569
85094,7570
85099,7571
85110,7572
85115,4325
85121,7573
85121,7574
85127,7575
85129,7576
85136,727
85146,291
85149,143
85150,6787
85151,284
85153,6998
85169,7577
85181,7578
85181,7579
85183,6269
85196,4250
85203,7580
85206,2511
85208,7581
85228,1065
85237,1177
85254,7582
85262,5104
85262,5105
85264,7583
85268,336
85285,367
85287,275
85294,7584
85295,3226
85298,707
85304,4409
85307,139
85312,3218
85326,7585
85327,2373
85328,4335
85331,7586
85342,135
85342,164
85342,480
85342,766
85342,1177
85342,4231
85342,6051
85342,7587
85342,7588
85347,162
85378,91
85384,44
85385,6712
85397,3330
85403,191
85405,7589
85409,669
85411,1568
85420,1344
85422,1209
85422,6300
85429,638
85435,266
85442,721
85443,4372
85464,7590
85466,92
85469,7591
85473,7592
85473,7593
85478,7594
85480,130
85489,7595
85495,7596
85499,7597
85506,7598
85508,1584
85513,741
85514,1982
85518,5634
85524,7599
85525,7600
85526,1612
85563,3840
85570,7601
85572,7602
85585,7431
85626,2929
85627,482
85630,2714
85633,189
85635,6276
85636,1563
85638,2511
85643,148
85645,7603
85647,870
85647,7604
85653,189
85659,5657
85660,263
85663,158
85666,1093
85670,962
85676,785
85689,694
85693,7605
85699,7606
85703,7607
85705,7608
85707,6538
85725,2475
85731,2453
85735,195
85746,920
85747,2891
85747,7609
85756,7610
85756,7611
85757,1419
85759,4281
85761,4335
85765,697
85769,6391
85775,7612
85780,433
85786,885
85790,2015
85795,7613
85807,330
85815,7614
85823,7615
85829,305
85833,7616
85840,3063
85846,7617
85847,7564
85871,2678
85876,2324
85878,1695
85884,721
85887,75
85898,597
85901,2326
85902,7618
85902,7619
85916,300
85916,7620
85924,788
85932,663
85939,3877
85943,7621
85947,578
85952,1695
85954,2981
85966,7622
85973,148
85973,6901
85973,7623
85973,7624
85973,7625
85973,7626
85973,7627
85973,7628
85973,7629
85982,3028
85989,7630
85994,1195
85994,1196
86012,7631
86018,7632
86020,6313
86024,158
86044,4245
86053,7633
86063,2098
86069,3158
86073,7634
86078,2690
86083,7635
86104,7636
86115,1765
86116,3252
86123,6586
86124,4570
86124,4571
86129,1026
86131,150
86150,7637
86173,5781
86183,7638
86204,165
86224,7639
86227,699
86237,274
86239,322
86247,409
86253,2137
86253,2138
86268,185
86270,7640
86276,7641
86280,1128
86286,1937
86288,26
86302,6870
86305,7642
86312,7643
86313,2510
86317,2844
86333,57
86334,579
86340,1129
86341,3837
86342,7644
86342,7645
86383,2933
86384,3110
86388,3048
86393,284
86398,4570
86398,4571
86399,2541
86401,3889
86403,5681
86403,5682
86406,7646
86418,7647
86424,7648
86424,7649
86429,161
86436,284
86440,2718
86444,7650
86445,1457
86451,150
86457,800
86473,25
86476,2924
86486,194
86496,135
86502,651
86514,2277
86514,5567
86517,2690
86528,3416
86536,4693
86544,116
86548,7651
86548,7652
86553,7653
86560,813
86572,189
86573,2958
86585,7654
86586,7655
86588,44
86611,7656
86612,1372
86627,7657
86642,953
86643,7658
86646,7659
86657,2031
86664,501
86673,679
86678,4324
86679,53
86686,1372
86687,1553
86692,2730
86693,735
86705,7660
86711,557
86715,7661
86720,7662
86730,1457
86738,7663
86752,319
86753,4392
86756,107
86759,7664
86759,7665
86760,119
86760,121
86760,1008
86766,7666
86772,6023
86782,7667
86787,1807
86791,552
86814,385
86818,5949
86818,5950
86827,200
86828,1941
86831,158
86831,160
86831,185
86831,200
86831,245
86831,275
86831,578
86831,1372
86831,1733
86831,7668
86842,1525
86855,7669
86861,7670
86862,7671
86864,7672
86874,7673
86877,813
86881,1525
86882,4892
86882,7674
86884,7675
86888,6696
86889,7676
86892,329
86899,56
86910,1563
86912,7677
86916,5490
86923,861
86923,2271
86923,7678
86924,7679
86926,1720
86929,1681
86930,721
86943,7680
86948,3929
86952,2656
86964,5486
86965,439
86967,7681
86978,346
86988,599
86988,600
86994,1720
86997,4374
86997,6659
86998,7682
87003,7683
87016,1065
87016,5548
87031,784
87040,1238
87043,7684
87047,7685
87047,7686
87052,5469
87054,587
87060,7687
87061,578
87062,3703
87066,7431
87085,587
87101,3662
87102,7688
87107,7689
87118,7690
87123,194
87125,587
87126,7691
87136,6550
87140,7692
87144,221
87154,1496
87161,117
87171,7693
87178,7694
87179,275
87181,7695
87185,7696
87203,4335
87213,189
87214,161
87222,245
87225,2524
87243,7697
87244,5221
87253,446
87253,447
87258,7698
87260,7699
87260,7700
87270,7701
87277,162
87281,5430
87290,157
87291,419
87297,7702
87308,7703
87311,7704
87319,7705
87322,1065
87338,752
87340,85
87345,746
87361,935
87364,5362
87379,1720
87390,157
87400,815
87403,3957
87410,532
87410,533
87414,110
87432,7706
87464,506
87480,200
87482,721
87483,7707
87484,7708
87500,7709
87503,508
87506,211
87508,7710
87513,7711
87517,7712
87521,631
87525,7713
87531,7714
87543,7715
87546,7716
87559,6359
87559,7717
87559,7718
87560,556
87566,553
87576,7719
87590,7720
87594,7721
87597,3466
87608,7722
87610,7723
87618,7724
87633,7725
87640,658
87641,694
87642,7726
87645,659
87646,2924
87663,529
87666,7727
87667,6150
87668,191
87674,7728
87675,5380
87686,4421
87688,7729
87690,3222
87692,185
87694,689
87697,3198
87698,6
87708,7730
87708,7731
87708,7732
87709,7733
87714,7734
87719,1468
87729,1214
87741,7735
87745,1429
87751,689
87756,2647
87756,2648
87770,1788
87778,701
87779,7736
87783,7737
87783,7738
87783,7739
87783,7740
87784,885
87788,7741
87800,7742
87801,319
87804,497
87805,7743
87817,2031
87825,2788
87827,7744
87836,7745
87853,7746
87854,7747
87855,7748
87857,185
87865,2734
87865,2735
87872,446
87872,447
87880,3722
87886,6209
87887,3155
87891,118
87916,587
87931,7749
87932,336
87936,7750
87941,7751
87944,7752
87948,713
87949,4490
87949,7753
87956,2404
87959,7754
87963,1709
87963,1710
87967,7755
87970,1141
87973,4869
87978,722
87981,7756
87983,2092
87987,689
88005,7757
88009,105
88009,179
88009,1145
88009,1376
88009,1702
88009,1851
88009,1855
88009,1859
88009,1860
88009,2126
88009,2196
88009,2300
88009,2822
88009,3540
88009,4303
88009,4893
88009,4934
88009,5123
88009,7758
88009,7759
88009,7760
88009,7761
88009,7762
88009,7763
88010,2228
88012,3168
88021,7764
88021,7765
88021,7766
88024,2572
88027,161
88034,426
88047,7767
88047,7768
88057,4399
88060,1931
88063,7769
88072,445
88072,7770
88094,7771
88094,7772
88130,7773
88130,7774
88133,7775
88138,150
88147,1765
88150,612
88169,7776
88175,7777
88179,3041
88196,7778
88200,7779
88232,578
88233,7780
88237,752
88238,67
88243,1846
88245,6015
88245,6016
88249,2178
88260,7781
88262,5878
88277,741
88285,7782
88297,1158
88298,6150
88301,2629
88302,7783
88305,7784
88319,7444
88320,2690
88321,7785
88322,1797
88331,7786
88344,3379
88345,7787
88352,7788
88357,300
88361,13
88363,298
88367,7789
88373,2134
88381,1300
88382,7790
88396,5679
88397,328
88398,7791
88400,7792
88404,1291
88409,7793
88415,2404
88425,2686
88427,7794
88429,2323
88431,6442
88438,4756
88441,7795
88448,7796
88456,39
88458,75
88465,233
88474,701
88476,5362
88488,6953
88495,7797
88497,161
88505,494
88508,587
88518,2708
88521,5095
88521,5096
88525,2339
88528,2738
88532,44
88544,7798
88555,7799
88568,2681
88574,7800
88576,798
88579,1525
88581,2549
88586,7801
88588,1129
88589,99
88590,6521
88600,7802
88600,7803
88600,7804
88609,174
88610,7805
88610,7806
88614,760
88618,1367
88618,7005
88618,7807
88620,2847
88623,179
88623,6552
88624,7808
88629,2302
88629,2303
88631,7809
88647,1971
88660,7810
88666,111
88677,2341
88682,5805
88683,1514
88692,7811
88697,222
88705,1110
88707,291
88713,1968
88717,1242
88721,6787
88727,4555
88739,858
88745,837
88748,7812
88749,189
88771,7813
88772,2098
88774,1082
88776,7814
88791,2748
88798,280
88820,2384
88821,3323
88825,2143
88843,7815
88848,203
88848,662
88860,7816
88862,3640
88875,7817
88880,44
88882,7818
88892,862
88903,3001
88903,5995
88906,7819
88906,7820
88906,7821
88912,663
88913,26
88919,185
88926,357
88945,943
88954,7822
88962,7823
88976,7824
88986,2600
88991,1026
88996,7825
89005,52
89015,7826
89017,145
89027,7827
89031,7828
89031,7829
89031,7830
89031,7831
89031,7832
89031,7833
89031,7834
89031,7835
89031,7836
89044,191
89049,712
89054,44
89055,7837
89057,7838
89066,2678
89077,2770
89086,185
89104,7839
89106,7840
89106,7841
89116,3524
89130,254
89136,1188
89143,838
89144,414
89146,179
89148,7842
89148,7843
89152,4579
89153,1695
89161,6762
89163,7844
89166,5276
89170,48
89171,5239
89179,1709
89179,1710
89181,203
89200,7845
89200,7846
89201,152
89210,7847
89212,3112
89214,563
89215,556
89218,2730
89228,7848
89228,7849
89229,7850
89234,7851
89236,7852
89245,7853
89247,1459
89252,135
89255,7854
89258,587
89261,5362
89266,3929
89268,969
89269,1180
89269,3529
89270,459
89272,1201
89279,7855
89281,5899
89283,3198
89293,194
89294,6363
89298,44
89301,7856
89313,150
89315,7857
89320,3207
89321,7858
89323,127
89327,7859
89329,482
89341,4249
89364,102
89372,7860
89376,281
89386,7861
89392,2144
89393,7862
89396,3913
89398,305
89405,821
89421,305
89432,7863
89437,7864
89450,7865
89452,4714
89453,7866
89454,3702
89460,7867
89464,7868
89467,7869
89482,3415
89483,634
89484,7870
89487,7871
89489,1268
89505,7872
89512,7873
89526,157
89537,7874
89540,7875
89548,3240
89553,2484
89555,250
89564,185
89567,1685
89568,7876
89570,460
89588,4499
89589,5328
89590,2690
89594,663
89603,858
89611,4383
89611,5429
89625,7877
89640,4490
89641,7878
89650,73
89656,3207
89665,2381
89676,7879
89685,7431
89687,7880
89696,7881
89700,1372
89708,7882
89732,7883
89737,669
89750,7884
89755,7885
89759,7886
89768,54
89772,2178
89775,1324
89778,1198
89787,1022
89792,358
89793,1832
89803,6367
89808,451
89815,7887
89819,784
89825,7888
89826,7889
89830,7890
89831,2105
89835,732
89836,7891
89846,142
89849,1829
89849,2459
89850,7892
89859,453
89859,454
89863,3323
89869,1008
89874,22
89877,291
89879,90
89891,446
89891,447
89892,128
89909,5354
89910,144
89919,578
89935,180
89937,2263
89941,7172
89951,3403
89957,2804
89963,7893
89966,423
89977,7084
89983,7894
89985,148
89986,5345
89998,7838
90001,7895
90002,191
90008,7896
90013,7897
90016,1177
90020,4945
90024,7898
90025,727
90030,26
90031,7899
90035,1654
90048,7900
90049,7901
90049,7902
90051,409
90053,862
90059,7903
90061,85
90065,582
90070,1810
90071,7904
90084,7614
90087,1899
90091,139
90098,33
90099,7905
90110,7906
90112,1962
90113,7907
90114,531
90117,7908
90133,7909
90148,95
90154,242
90167,5083
90170,485
90176,91
90181,7910
90182,7911
90188,692
90193,1694
90195,7912
90196,692
90206,152
90213,509
90215,7913
90216,2520
90225,7587
90226,3467
90230,657
90231,5285
90236,785
90246,4460
90259,143
90261,618
90289,4302
90290,7914
90292,157
90295,4532
90303,4816
90318,2185
90321,5316
90325,7915
90331,578
90336,7035
90347,1571
90353,634
90355,298
90356,7916
90360,579
90370,7917
90378,3680
90381,287
90387,413
90388,663
90391,459
90406,7918
90410,25
90414,7919
90415,4015
90420,67
90420,464
90420,721
90420,3948
90422,7920
90423,3798
90430,5562
90447,7921
90456,7922
90461,7923
90463,699
90464,4250
90469,746
90469,7924
90470,7925
90474,78
90478,7926
90481,7927
90481,7928
90488,2961
90488,2962
90489,2307
90493,6717
90498,587
90499,117
90505,7929
90511,305
90514,2997
90519,7930
90523,5810
90525,3203
90531,161
90534,2267
90541,7931
90550,7932
90552,679
90553,136
90557,3187
90558,7933
90560,7934
90569,95
90571,2500
90590,6004
90591,3702
90594,2353
90595,7935
90599,1936
90603,2511
90608,6996
90613,7936
90614,663
90616,552
90619,7937
90625,885
90634,1971
90640,254
90644,307
90659,1508
90664,3539
90670,7938
90671,803
90673,1330
90674,977
90676,7939
90681,1061
90684,5448
90686,445
90686,7770
90694,763
90698,3243
90712,1996
90715,7940
90715,7941
90721,4769
90722,157
90727,2381
90731,2853
90731,3181
90737,7942
90742,2228
90745,488
90746,766
90751,788
90769,7943
90772,7944
90773,1141
90774,7945
90774,7946
90783,7947
90785,98
90805,7948
90809,57
90812,3455
90813,3256
90822,2665
90826,1465
90837,1376
90838,2178
90857,7949
90863,7950
90866,7787
90868,1775
90876,7283
90882,1977
90888,203
90889,599
90889,600
90896,227
90896,5609
90896,7951
90900,7952
90903,1547
90915,7953
90922,117
90931,7954
90933,7955
90944,1610
90945,7956
90946,162
90952,1766
90974,318
90985,2243
90986,993
91029,1971
91032,409
91050,7957
91064,7958
91066,5090
91067,7959
91069,284
91075,7960
91077,1832
91080,3136
91089,3235
91095,7961
91098,1440
91103,1268
91105,1232
91125,12
91131,7962
91132,1376
91136,1880
91140,1033
91143,358
91147,192
91148,160
91154,7963
91159,925
91162,2459
91167,2547
91168,3440
91216,7964
91222,729
91248,7965
91250,1344
91251,2444
91252,1154
91255,4072
91271,106
91274,1701
91279,7966
91288,848
91298,1827
91322,159
91327,445
91334,7967
91335,7968
91345,5855
91354,7969
91367,7970
91369,7971
91379,1608
91380,7972
91383,529
91399,1800
91405,6487
91405,6488
91411,7973
91416,6888
91422,222
91435,91
91436,7818
91438,2297
91444,150
91457,26
91468,837
91469,5382
91476,98
91478,5086
91479,7191
91480,741
91483,552
91489,1136
91498,7310
91517,1457
91523,7974
91523,7975
91529,7976
91530,1558
91535,7977
91550,1475
91555,1588
91558,641
91559,116
91565,7978
91570,701
91578,553
91580,300
91587,7979
91590,749
91618,1407
91622,733
91622,7980
91629,2102
91634,157
91635,7981
91651,1601
91656,1608
91658,95
91662,659
91663,4642
91665,445
91668,586
91669,2714
91678,7982
91679,1610
91688,752
91716,7983
91717,1140
91719,399
91719,7984
91724,1695
91730,5299
91736,7985
91739,7986
91740,7987
91744,1303
91755,7988
91759,7989
91767,1128
91768,157
91777,7990
91791,5073
91800,121
91813,7991
91823,242
91824,7992
91842,7993
91848,7994
91851,1316
91852,7995
91856,185
91857,482
91868,7996
91869,284
91873,117
91875,7997
91886,1612
91892,1695
91897,7998
91904,7999
91913,1983
91920,3754
91934,1915
91937,885
91947,508
91955,761
91960,8000
91965,578
91967,8001
91969,2856
91981,3136
91982,7319
92001,1232
92015,431
92016,7003
92027,26
92027,5642
92027,8002
92027,8003
92027,8004
92031,8005
92041,5414
92048,8006
92052,6533
92065,615
92069,8007
92073,8008
92076,8009
92076,8010
92080,2231
92083,8011
92103,6079
92105,8012
92106,35
92108,459
92117,5736
92119,8013
92120,104
92122,2243
92149,2732
92160,8014
92162,445
92165,6884
92166,8015
92176,663
92178,8016
92180,3463
92183,746
92183,3743
92184,8017
92185,2467
92192,291
92206,191
92216,870
92221,160
92225,157
92230,1588
92238,8018
92242,4985
92247,8019
92264,8020
92264,8021
92275,8022
92284,8023
92288,8024
92290,815
92317,815
92320,1061
92331,6520
92337,432
92340,5565
92342,8025
92344,571
92348,2510
92352,8026
92361,7057
92362,3855
92367,4953
92376,8027
92380,8028
92389,8029
92390,8030
92391,8031
92393,5589
92406,136
92412,222
92415,2681
92417,8032
92425,8033
92437,8034
92446,1695
92452,3682
92455,526
92463,8035
92472,8036
92481,3032
92486,39
92489,8037
92493,891
92500,8038
92509,8039
92517,1429
92518,4520
92523,8040
92530,8041
92540,125
92562,2444
92565,3243
92567,8042
92572,1880
92595,8043
92596,136
92599,579
92610,460
92622,721
92648,69
92649,6601
92656,2541
92657,8044
92666,1408
92667,8045
92671,8046
92672,85
92674,8047
92675,8048
92678,8049
92689,8050
92692,8051
92692,8052
92696,431
92704,8053
92705,1096
92708,1409
92715,4689
92716,250
92718,1720
92725,185
92726,8054
92727,8055
92745,8056
92757,8057
92763,8058
92765,8059
92767,1254
92785,804
92796,8059
92808,8060
92821,1553
92837,3142
92844,1395
92845,185
92847,4097
92847,4098
92856,8061
92863,179
92863,4186
92866,135
92867,634
92876,2830
92883,352
92891,305
92896,1686
92901,2088
92904,6438
92905,8062
92920,1916
92923,8063
92925,8064
92941,3891
92941,3892
92951,148
92951,1312
92960,2236
92967,8065
92969,8066
92974,424
92987,4948
92994,291
93002,8067
93004,3392
93005,8068
93009,8069
93022,8070
93029,8071
93037,8072
93040,1581
93051,85
93052,44
93057,675
93064,8073
93064,8074
93066,7702
93068,287
93077,8075
93078,1658
93079,8076
93080,2228
93082,1238
93084,8077
93095,2549
93102,357
93114,567
93127,1024
93129,8078
93132,52
93136,2489
93141,131
93143,7911
93146,741
93155,8079
93157,1058
93186,5377
93194,8080
93210,6853
93213,1303
93214,298
93219,1877
93226,4180
93228,6784
93235,7495
93246,459
93249,8081
93250,8082
93250,8083
93251,812
93254,179
93254,8084
93256,116
93265,127
93290,7055
93292,8085
93292,8086
93315,4747
93328,1764
93330,5207
93331,620
93334,1312
93352,305
93358,8087
93366,721
93371,2708
93375,8088
93387,8089
93388,22
93388,784
93388,2273
93388,2596
93388,5262
93388,7597
93388,8090
93388,8091
93388,8092
93388,8093
93388,8094
93388,8095
93389,3731
93395,8096
93397,1145
93405,8097
93411,1192
93420,669
93422,8098
93436,8099
93437,3080
93440,3787
93446,8100
93459,846
93459,1299
93459,3439
93459,4399
93474,1928
93486,8101
93490,663
93494,1122
93495,8102
93499,6260
93505,494
93523,161
93527,611
93528,3047
93537,4327
93540,8103
93564,8104
93564,8105
93572,2618
93578,242
93582,752
93585,91
93590,8106
93608,8107
93622,8108
93623,4083
93626,3246
93634,230
93641,674
93651,539
93660,8109
93665,4364
93667,284
93670,159
93675,1165
93685,668
93690,8110
93693,8111
93709,5896
93719,2988
93723,977
93738,1001
93742,556
93743,634
93743,1325
93743,4699
93745,8112
93753,117
93768,707
93774,1106
93778,266
93781,8113
93787,587
93792,4296
93798,8114
93801,8115
93815,200
93818,5153
93824,8116
93831,2020
93850,8117
93855,135
93859,1986
93878,8118
93880,233
93884,358
93887,1880
93891,1456
93897,8119
93902,383
93902,8120
93903,8121
93904,1024
93912,8122
93918,6891
93920,2273
93926,930
93927,8123
93937,3232
93937,8124
93943,201
93950,6547
93950,6548
93957,8125
93958,633
93962,8126
93963,1928
93963,8127
93967,1390
93976,538
93982,1705
93991,8128
94006,8129
94007,7664
94007,7665
94015,8130
94036,7503
94037,1635
94074,6563
94075,117
94079,2638
94083,1037
94089,8131
94090,4372
94097,8132
94107,6066
94111,2458
94113,634
94122,160
94132,929
94149,62
94155,150
94159,8133
94167,26
94183,1083
94191,99
94191,4019
94199,8134
94210,8135
94216,213
94218,8136
94239,8137
94245,611
94257,8138
94259,445
94262,8139
94263,8140
94266,8141
94266,8142
94266,8143
94267,2353
94269,1783
94289,2393
94290,788
94294,1971
94298,99
94301,2677
94302,2678
94306,700
94314,8144
94316,3102
94318,91
94326,2444
94328,8145
94331,8146
94332,642
94334,8147
94335,5130
94338,6414
94339,284
94340,907
94345,194
94351,837
94353,1563
94355,3107
94355,8148
94360,2421
94369,8149
94371,8150
94375,8048
94381,284
94383,1110
94385,319
94385,485
94385,4539
94393,8151
94400,242
94405,8152
94407,1602
94409,744
94411,612
94412,8153
94418,1661
94421,1661
94421,1662
94424,169
94425,8154
94444,8155
94447,1330
94466,8156
94468,8157
94469,99
94472,5660
94479,291
94480,8158
94480,8159
94484,8160
94491,242
94494,447
94497,6916
94498,8161
94501,1442
94506,8162
94509,4048
94524,784
94534,7125
94538,284
94539,8163
94540,1790
94542,8164
94542,8165
94554,8166
94564,57
94566,5
94567,346
94572,8167
94572,8168
94573,8169
94573,8170
94575,1259
94576,8171
94586,3907
94595,492
94597,8172
94601,8173
94604,3832
94625,3595
94631,189
94640,215
94642,127
94654,1459
94655,2919
94663,907
94665,8174
94670,185
94682,1186
94683,596
94683,4115
94685,175
94685,307
94685,1854
94685,3161
94685,3166
94685,5299
94685,5987
94685,8175
94685,8176
94685,8177
94685,8178
94688,1745
94702,957
94712,99
94729,157
94740,8179
94743,8180
94750,281
94757,74
94764,1008
94766,531
94771,4740
94773,2037
94785,8181
94796,891
94797,8182
94808,6622
94813,1531
94818,7128
94822,6977
94824,8183
94826,2487
94833,459
94844,3702
94847,8184
94848,1024
94853,85
94856,8185
94861,2929
94867,8186
94868,8187
94873,1411
94879,8188
94879,8189
94879,8190
94884,8191
94889,8192
94893,8193
94897,1563
94898,2552
94915,4089
94917,8194
94932,8195
94934,1376
94935,2781
94940,754
94941,8196
94945,8197
94966,39
94986,7035
94989,8198
94994,143
95003,319
95012,2291
95018,67
95024,8199
95029,8200
95038,587
95040,1196
95048,2639
95055,499
95059,1685
95067,3702
95070,105
95070,1702
95070,1855
95070,1856
95070,1857
95070,1859
95070,1871
95070,1873
95070,3532
95070,3983
95070,4327
95070,5123
95070,7758
95070,8201
95070,8202
95070,8203
95083,722
95084,679
95087,273
95088,8204
95097,8205
95098,4865
95106,1841
95108,2793
95118,8206
95121,2557
95123,447
95124,2222
95143,524
95143,525
95147,8207
95154,6261
95156,8208
95156,8209
95228,99
95233,1082
95235,8210
95243,1788
95258,3158
95263,319
95266,8211
95279,8212
95281,4448
95291,1009
95296,8213
95298,937
95302,3141
95320,351
95333,8214
95356,8215
95358,2215
95363,4392
95381,2197
95382,2691
95391,532
95395,96
95395,8216
95395,8217
95395,8218
95400,5221
95403,8219
95403,8220
95403,8221
95419,694
95423,8222
95429,6044
95439,8188
95439,8189
95459,8223
95470,8224
95472,2371
95482,395
95487,8225
95492,8226
95492,8227
95492,8228
95493,1175
95494,8229
95499,8230
95500,579
95502,8231
95504,5724
95509,8232
95514,340
95521,1556
95531,578
95534,3604
95536,482
95543,6581
95544,8233
95545,838
95552,4286
95570,6362
95584,1963
95602,7057
95604,6027
95606,78
95610,2776
95632,53
95633,8234
95634,8235
95638,2018
95643,8236
95652,815
95662,5248
95663,8237
95675,790
95675,6057
95691,1706
95692,965
95700,8238
95707,749
95712,1548
95723,1926
95731,1040
95731,1041
95731,8239
95731,8240
95731,8241
95741,3950
95743,552
95750,8242
95756,4862
95760,741
95763,1971
95767,2475
95770,291
95772,250
95781,8243
95784,8244
95790,263
95794,8245
95795,203
95799,8246
95802,749
95807,1300
95810,556
95814,3610
95819,99
95821,8247
95822,2168
95827,700
95828,460
95831,99
95835,8248
95837,8249
95846,8250
95847,6291
95865,1372
95868,104
95870,8251
95883,2229
95885,659
95889,1429
95895,4985
95899,5466
95921,587
95924,8252
95929,6002
95942,8195
95949,1193
95955,587
95965,157
95966,8047
95967,3640
95968,1239
95969,298
95972,8253
95979,8254
95985,8255
95995,1177
95999,8256
96000,869
96002,485
96007,1003
96011,8257
96022,918
96026,8258
96029,1007
96032,8259
96033,8260
96034,275
96047,235
96049,8261
96052,22
96057,8262
96076,2934
96082,8263
96110,222
96114,2551
96115,7646
96116,8264
96117,8265
96128,284
96132,8266
96135,1568
96138,5140
96140,197
96144,663
96148,8197
96150,8267
96152,578
96166,6870
96186,4604
96200,280
96206,8268
96208,409
96213,8269
96216,302
96219,135
96220,578
96223,8270
96239,8271
96241,5419
96243,8272
96248,5242
96271,5803
96274,1503
96280,6442
96284,2461
96285,2424
96292,8273
96302,2929
96307,307
96310,523
96313,3805
96317,3948
96330,8274
96333,5
96335,727
96336,446
96336,447
96350,8275
96358,6582
96362,738
96371,8276
96381,8277
96383,3777
96389,8278
96390,8279
96396,8280
96398,8281
96402,2274
96409,3230
96414,1535
96420,7918
96426,8282
96430,727
96434,2896
96437,1194
96440,3787
96445,8283
96452,8284
96462,611
96465,148
96466,669
96471,8285
96476,615
96487,8286
96495,1156
96516,111
96518,1979
96534,8287
96538,8288
96549,2984
96562,99
96564,8289
96565,3881
96582,8290
96584,24
96586,2327
96598,993
96600,304
96615,8291
96617,2574
96641,4288
96676,8292
96678,2922
96683,8293
96687,7298
96694,8294
96696,67
96697,1791
96697,2271
96697,8295
96697,8296
96697,8297
96697,8298
96697,8299
96697,8300
96703,4341
96718,8301
96726,135
96727,8302
96729,3277
96732,8303
96737,1009
96751,3367
96759,5359
96764,1155
96767,6822
96768,2912
96785,485
96786,8304
96790,509
96798,8305
96812,91
96815,8017
96825,5864
96831,7239
96835,8306
96836,663
96836,3965
96840,91
96854,8307
96857,2858
96857,2859
96858,8308
96865,3075
96888,3113
96891,8309
96895,3777
96901,8310
96902,1303
96903,1285
96903,4835
96903,8311
96907,631
96932,2710
96935,6320
96936,8312
96942,1572
96944,2475
96945,8313
96946,7115
96948,8314
96949,861
96969,8315
96970,2901
96975,4267
96984,8316
96992,8317
97009,766
97012,6264
97015,247
97028,1588
97030,2340
97035,8318
97041,4761
97043,353
97044,3606
97047,4287
97049,721
97051,44
97060,2088
97067,8319
97089,8320
97093,3732
97108,6280
97109,5589
97110,969
97113,804
97121,8321
97123,1070
97127,2990
97128,8322
97134,5475
97140,8323
97144,2809
97147,1832
97153,107
97178,8324
97181,8325
97184,1768
97184,1769
97185,8326
97189,8327
97196,1695
97199,3380
97201,8328
97215,250
97218,1548
97238,8281
97248,713
97260,8329
97263,1399
97264,8330
97268,39
97277,8331
97283,822
97285,1398
97286,1905
97289,8332
97291,8333
97298,8334
97305,160
97310,270
97320,307
97322,4916
97330,1022
97331,2470
97332,8136
97334,8335
97335,191
97340,7437
97340,8336
97351,3049
97352,8337
97360,8338
97365,8339
97369,2597
97371,1129
97375,761
97382,8340
97382,8341
97386,298
97399,615
97400,4708
97402,8342
97409,8343
97412,742
97421,8344
97422,6363
97439,4211
97453,8345
97467,8346
97469,8347
97472,492
97488,2322
97490,3123
97491,161
97495,529
97502,1604
97516,8348
97517,8349
97520,3754
97521,48
97539,8350
97554,567
97559,727
97570,8351
97570,8352
97572,409
97572,2815
97572,5569
97572,8353
97572,8354
97573,701
97575,8355
97583,8356
97588,148
97595,8357
97599,4412
97606,1832
97610,8358
97624,284
97628,295
97635,3325
97638,8359
97642,567
97643,8360
97644,2302
97644,2303
97646,8361
97649,8362
97656,6822
97657,861
97661,160
97663,281
97671,2037
97676,8363
97678,738
97680,2675
97696,44
97715,480
97716,4131
97721,1469
97722,1411
97727,99
97728,8364
97733,501
97734,5560
97748,8365
97757,8366
97760,8367
97762,499
97772,1024
97780,8368
97787,1106
97789,8369
97791,5513
97794,1457
97828,982
97830,195
97832,2219
97833,2788
97839,2596
97849,8370
97855,8371
97868,5508
97874,8372
97877,7564
97892,4791
97894,1587
97895,8373
97901,5723
97902,8374
97904,862
97918,6910
97919,8375
97921,195
97925,8376
97928,8377
97931,804
97940,1050
97949,157
97952,359
97954,213
97954,783
97972,1118
97978,8378
97983,57
97986,741
97992,4327
98006,8379
98026,2788
98035,25
98037,8380
98038,1114
98039,8381
98040,2620
98048,8382
98063,8383
98067,8384
98080,6282
98083,1446
98087,8385
98091,160
98091,245
98091,553
98091,713
98091,1372
98091,1846
98091,3294
98091,5213
98092,144
98102,1664
98103,2629
98118,250
98124,485
98128,250
98133,8386
98153,657
98155,8387
98162,266
98163,136
98166,2404
98184,99
98189,8388
98189,8389
98189,8390
98189,8391
98189,8392
98189,8393
98189,8394
98189,8395
98189,8396
98189,8397
98189,8398
98189,8399
98190,459
98211,1830
98220,117
98221,8400
98232,2183
98238,8401
98242,26
98245,8402
98250,996
98252,4485
98253,8403
98255,485
98265,2125
98265,3268
98268,6178
98268,8404
98270,383
98277,4399
98280,7824
98282,3194
98283,744
98284,8405
98284,8406
98288,8407
98295,8408
98299,800
98303,8409
98310,663
98312,8410
98319,480
98324,8411
98328,8412
98337,2952
98344,2504
98353,4724
98355,104
98357,8413
98362,6907
98366,185
98372,1608
98373,44
98380,4498
98386,8414
98402,1201
98416,8415
98416,8416
98423,813
98435,8417
98447,8418
98448,4629
98451,200
98458,6784
98463,36
98465,235
98476,291
98482,8419
98490,304
98491,8420
98494,8421
98495,1971
98500,91
98501,1382
98501,1383
98501,1384
98501,1385
98506,841
98506,842
98507,8422
98509,7600
98510,305
98512,8423
98514,1175
98517,485
98522,8424
98522,8425
98533,8426
98574,1203
98585,2115
98597,6881
98603,8427
98605,8428
98614,5949
98614,5950
98635,761
98638,4912
98641,8429
98644,8430
98647,815
98652,446
98652,447
98655,8431
98656,977
98660,4703
98663,2267
98669,689
98671,1563
98678,2088
98683,8432
98688,8433
98691,135
98693,1503
98694,679
98712,353
98717,663
98718,8434
98719,398
98739,6774
98741,8435
98751,2671
98753,8436
98754,8437
98769,1267
98772,3398
98792,611
98796,1324
98807,753
98813,1563
98820,8438
98827,8439
98828,57
98837,1571
98841,8440
98848,1215
98858,7008
98859,2339
98863,8441
98863,8442
98865,199
98868,3948
98874,8443
98881,5732
98887,8444
98888,587
98893,8150
98899,7103
98901,297
98903,1299
98916,1776
98919,2307
98920,6891
98931,8445
98933,4239
98938,3881
98946,6470
98951,1542
98952,1768
98952,3539
98955,8446
98957,6004
98961,8447
98965,587
98967,22
98969,446
98969,447
98981,6
98981,1378
98984,8448
98994,688
99000,721
99001,305
99010,6457
99010,8449
99021,6916
99035,5609
99039,8450
99046,3315
99048,488
99052,8451
99065,7922
99066,242
99074,6845
99082,6779
99083,160
99084,742
99090,8452
99096,5055
99097,8453
99102,394
99103,8454
99109,7020
99113,1589
99117,587
99121,3680
99121,8455
99122,8456
99124,8457
99126,1837
99140,8458
99140,8459
99148,2088
99154,2535
99154,2545
99154,6268
99154,8460
99157,8461
99178,694
99180,8462
99181,330
99182,2424
99193,399
99196,8463
99199,464
99201,671
99211,8464
99213,8465
99215,8466
99217,3740
99219,448
99227,2215
99237,623
99265,8467
99272,346
99273,76
99274,57
99275,453
99275,454
99277,1983
99304,3074
99308,3198
99327,1558
99339,3
99347,8468
99350,3975
99353,7009
99357,8469
99359,6147
99360,74
99366,6468
99381,8470
99396,2595
99403,885
99406,8471
99407,8472
99407,8473
99409,1336
99410,2905
99418,1274
99421,642
99426,8474
99443,679
99454,8475
99471,8476
99482,2929
99483,7752
99484,993
99486,929
99492,185
99498,370
99505,1993
99505,1994
99509,8477
99512,8478
99515,2641
99522,1372
99524,8479
99528,813
99544,3891
99544,3892
99550,8048
99554,2913
99558,1765
99560,3777
99563,418
99572,3026
99575,8480
99581,5721
99585,752
99592,693
99597,8481
99597,8482
99602,8483
99610,689
99616,8484
99619,4767
99624,6091
99644,3372
99652,8485
99653,157
99660,4913
99677,254
99678,1720
99690,5496
99697,200
99698,2690
99701,1003
99722,3682
99734,699
99739,242
99750,8486
99750,8487
99754,8488
99767,6391
99769,1398
99780,936
99783,2292
99784,8489
99804,78
99820,95
99821,2463
99828,8490
99830,8491
99838,1584
99850,8492
99854,742
99856,3134
99858,284
99865,8493
99874,8494
99878,8495
99891,8012
99897,8496
99912,8497
99915,5567
99936,848
99944,326
99946,6629
99948,3376
99952,2282
99954,8498
99961,2807
99970,7944
99974,2638
99977,8499
99981,657
99983,242
99999,3822
100004,1797
100005,8500
100012,231
100014,8501
100019,254
100021,2591
100023,8502
100023,8503
100023,8504
100023,8505
100023,8506
100023,8507
100023,8508
100023,8509
100023,8510
100038,8511
100043,586
100047,398
100050,1568
100052,275
100053,1389
100054,8512
100054,8513
100054,8514
100054,8515
100054,8516
100054,8517
100056,2119
100060,99
100065,488
100078,279
100089,4355
100095,7298
100101,2385
100107,38
100109,1775
100112,634
100125,8518
100129,8519
100130,821
100131,5995
100138,8520
100139,738
100142,7885
100155,8521
100158,8522
100166,8523
100177,1588
100178,493
100183,121
100183,1008
100191,8524
100198,544
100204,8525
100207,8526
100216,612
100218,4615
100219,8527
100229,157
100231,5414
100243,3032
100244,92
100252,729
100254,2562
100255,24
100256,366
100259,1498
100265,8528
100269,8529
100273,6190
100275,3682
100276,578
100280,8530
100281,8531
100283,1877
100288,7130
100290,8532
100305,8533
100320,8534
100321,3174
100327,8535
100337,674
100344,8536
100347,758
100361,817
100362,2093
100362,8537
100389,2710
100394,8538
100396,565
100397,274
100399,1001
100408,7388
100409,8539
100415,200
100432,12
100434,39
100437,3427
100444,4305
100444,5470
100450,399
100451,556
100452,3196
100460,8540
100463,1096
100471,8541
100493,3211
100493,3212
100497,611
100517,5090
100519,813
100521,99
100522,2404
100537,43
100539,8542
100539,8543
100539,8544
100539,8545
100539,8546
100547,8547
100550,266
100554,2307
100555,8548
100564,8549
100576,8550
100576,8551
100580,2229
100586,409
100595,1771
100595,8552
100597,179
100597,3539
100599,8553
100604,446
100604,447
100609,7393
100611,2518
100615,1198
100617,8554
100620,4747
100626,150
100628,4714
100631,2979
100640,1686
100640,2434
100650,91
100651,8555
100660,402
100665,8556
100675,803
100676,1705
100679,8557
100679,8558
100684,1706
100693,162
100694,474
100696,3865
100697,57
100698,2425
100703,716
100706,815
100710,1646
100717,8559
100717,8560
100718,8561
100719,8562
100726,1173
100727,3180
100731,4142
100739,5086
100744,8563
100746,447
100748,135
100754,8564
100755,8563
100756,4046
100758,8451
100764,8565
100779,26
100783,12
100783,1298
100785,5917
100787,5326
100787,5372
100787,5713
100787,8269
100787,8566
100787,8567
100787,8568
100787,8569
100787,8570
100787,8571
100787,8572
100787,8573
100787,8574
100787,8575
100787,8576
100787,8577
100787,8578
100787,8579
100787,8580
100789,132
100796,459
100803,8581
100806,446
100806,447
100809,305
100810,99
100820,8582
100821,1843
100822,1563
100829,8583
100843,3475
100855,6280
100857,4984
100858,671
100860,817
100860,1711
100860,1712
100863,7643
100865,5123
100865,6901
100865,7626
100865,8584
100865,8585
100865,8586
100865,8587
100865,8588
100865,8589
100865,8590
100865,8591
100865,8592
100866,291
100880,815
100881,8593
100881,8594
100891,6586
100921,5518
100922,8595
100923,815
100927,8596
100928,99
100930,8597
100934,8598
100939,284
100940,865
100956,8582
100963,3638
100972,1558
100974,175
100975,3321
100982,1503
100984,4187
100990,1720
101000,39
101016,3376
101019,663
101025,6004
101026,907
101043,862
101044,144
101048,3775
101049,8599
101051,1762
101054,57
101056,227
101058,1008
101060,744
101062,2248
101065,8600
101066,8601
101067,140
101070,679
101082,451
101083,8602
101088,26
101088,1764
101091,3218
101092,1556
101097,552
101097,4330
101101,5142
101103,3243
101110,582
101113,1186
101121,3606
101133,8603
101156,6136
101157,5530
101159,655
101160,1190
101171,8604
101183,2267
101186,8605
101186,8606
101187,8607
101189,1296
101190,8608
101194,611
101197,8609
101207,6176
101209,3066
101213,7278
101215,57
101215,160
101215,275
101215,553
101215,578
101215,627
101215,713
101215,821
101215,865
101215,918
101215,1372
101215,2914
101218,2688
101227,5231
101230,6517
101236,3426
101237,185
101241,4689
101247,346
101248,1743
101250,1216
101254,578
101255,8610
101260,78
101264,1525
101277,8611
101278,587
101291,8612
101296,535
101300,263
101304,8613
101310,7431
101329,2371
101332,5701
101335,8614
101338,3881
101340,5701
101345,8615
101364,5242
101376,8616
101379,274
101384,7734
101399,8617
101404,1312
101417,1595
101423,5173
101427,474
101428,1190
101430,8618
101433,803
101443,721
101451,8619
101457,57
101462,803
101469,8620
101473,8621
101479,579
101484,284
101488,242
101499,6822
101506,8622
101507,1583
101508,411
101517,110
101518,669
101520,157
101530,8623
101536,203
101536,4299
101537,150
101540,2125
101552,2981
101558,3683
101566,270
101569,457
101593,8624
101595,4404
101596,5637
101600,346
101603,1094
101610,8625
101619,4537
101629,821
101638,2624
101641,8626
101671,2353
101672,8627
101678,3974
101683,8628
101698,2228
101701,8629
101717,8630
101725,1908
101734,8631
101738,1303
101741,1971
101743,856
101744,1232
101748,8358
101758,482
101770,8632
101775,721
101789,6851
101791,8633
101793,7425
101794,8634
101796,8635
101796,8636
101796,8637
101800,377
101801,4689
101803,2933
101806,2547
101819,8638
101824,1372
101827,5153
101828,8639
101829,1926
101831,8640
101831,8641
101832,8642
101842,8643
101852,1143
101857,8644
101859,136
101863,254
101867,6097
101885,8645
101891,713
101892,274
101893,1274
101903,8646
101903,8647
101912,159
101913,8648
101924,364
101938,8649
101966,4693
101969,280
101971,4677
101974,1084
101974,1085
101981,8650
101985,2595
101986,92
101993,1593
101999,959
102000,501
102003,7035
102010,8651
102023,2164
102031,681
102031,1172
102034,3222
102035,8652
102035,8653
102056,8654
102056,8655
102057,2419
102059,161
102064,6587
102069,8656
102072,8657
102079,3154
102081,8172
102085,661
102087,189
102091,298
102108,8658
102110,749
102116,8659
102119,1588
102120,1979
102124,4627
102126,1165
102132,1556
102139,8660
102144,1212
102146,8661
102156,304
102163,4361
102164,1492
102165,25
102172,2868
102174,8662
102175,8663
102176,3110
102180,205
102180,770
102185,962
102193,203
102195,784
102196,2034
102200,8664
102208,157
102209,8665
102218,8666
102225,5301
102230,8048
102233,8667
102234,8668
102237,8669
102250,8670
102252,8671
102258,8672
102263,4785
102264,6602
102270,893
102275,5020
102280,8673
102290,3606
102291,3415
102294,2459
102296,8674
102300,1188
102307,8675
102310,6577
102313,587
102319,4352
102323,8676
102330,8677
102331,44
102334,848
102335,552
102347,4751
102351,5344
102353,8678
102365,1711
102365,1712
102366,299
102367,2677
102368,977
102375,157
102376,1026
102395,1503
102406,4033
102409,1136
102411,485
102416,3411
102416,3412
102416,3413
102416,3414
102421,393
102439,8679
102441,612
102444,85
102446,157
102453,663
102486,575
102497,929
102498,543
102500,6825
102516,1834
102518,1331
102520,250
102530,3855
102532,3679
102533,2753
102536,3100
102553,761
102558,447
102568,8680
102572,8681
102582,99
102583,859
102586,4235
102592,3696
102593,317
102597,744
102598,8682
102603,8683
102610,8684
102619,8685
102621,2131
102624,1583
102645,8686
102648,4691
102668,556
102674,8687
102674,8688
102677,2500
102682,6159
102684,5252
102686,8689
102688,8690
102689,3907
102694,144
102695,8691
102705,5996
102706,1307
102709,1188
102712,3643
102713,8692
102716,553
102718,1602
102719,215
102726,3158
102727,8693
102729,346
102731,8694
102731,8695
102731,8696
102735,862
102738,336
102744,2251
102758,8697
102766,8698
102774,1114
102776,3877
102780,8699
102786,8700
102798,663
102806,8701
102822,8702
102825,8703
102832,185
102840,8704
102856,8705
102856,8706
102860,8707
102881,2959
102897,446
102897,447
102899,6539
102908,8708
102909,8709
102916,1681
102922,1800
102930,821
102931,501
102932,8710
102933,8711
102937,8712
102938,3580
102940,2984
102942,8713
102943,1070
102946,3674
102948,1324
102956,44
102959,291
102972,6887
102974,8714
102981,2500
102988,98
102990,8715
102991,1484
102994,8716
103006,8717
103012,3082
103014,358
103018,6648
103027,273
103037,1251
103038,4180
103039,1926
103047,291
103064,4250
103075,2593
103077,1772
103081,2118
103089,8718
103095,8719
103102,8720
103103,357
103105,39
103117,8721
103120,8722
103123,25
103137,862
103148,8723
103149,8724
103150,8725
103157,8726
103172,781
103174,99
103188,848
103190,2971
103193,1699
103199,7035
103201,431
103207,157
103216,697
103217,7
103219,8727
103227,4560
103229,3999
103232,8728
103239,679
103240,8729
103242,29
103245,99
103249,8730
103253,1908
103268,8731
103273,549
103274,267
103277,2229
103296,336
103302,329
103314,8304
103315,562
103316,638
103317,54
103325,1957
103342,6662
103350,2929
103351,8732
103352,8733
103367,8734
103375,8735
103401,8736
103405,862
103407,1583
103411,4426
103412,8737
103412,8738
103426,144
103439,8739
103440,8740
103445,476
103450,556
103451,8741
103460,2274
103484,2637
103491,3168
103492,8742
103505,699
103506,22
103506,53
103506,116
103506,291
103506,538
103506,656
103506,977
103506,1003
103506,1025
103506,1325
103506,1601
103506,3032
103506,3185
103506,3667
103506,4928
103506,8743
103516,8744
103518,8745
103523,902
103538,4026
103559,5
103563,8746
103572,815
103573,157
103574,91
103586,8747
103586,8748
103589,8749
103589,8750
103605,8751
103606,3891
103606,3892
103613,105
103617,2581
103625,3787
103631,3315
103655,1160
103663,2295
103667,8752
103673,8753
103675,8754
103680,918
103681,44
103684,6767
103690,841
103690,842
103691,8340
103691,8341
103694,8755
103698,721
103708,8756
103709,7285
103711,746
103716,2924
103717,53
103719,39
103727,2924
103729,8757
103740,8758
103741,8759
103750,99
103750,4019
103761,8760
103767,671
103768,7142
103774,6691
103777,48
103800,227
103800,4977
103819,189
103820,1437
103821,8761
103828,44
103832,8315
103834,713
103843,254
103854,3948
103872,162
103876,1700
103878,1764
103888,1193
103903,2776
103906,7465
103914,287
103924,6393
103925,2535
103925,2545
103925,6268
103925,8460
103938,3709
103945,689
103946,8762
103968,2708
103981,8763
103982,39
103984,8764
103989,1563
103991,281
104008,8595
104009,8765
104009,8766
104010,291
104012,1299
104013,3034
104016,6271
104024,1251
104030,4166
104045,1232
104053,494
104056,3777
104057,3419
104060,689
104072,1129
104074,4142
104079,7558
104081,1590
104087,8767
104087,8768
104089,8769
104098,460
104100,8770
104104,568
104123,501
104126,8771
104130,2129
104130,2814
104130,2815
104130,2818
104130,2821
104130,2825
104130,8772
104130,8773
104130,8774
104130,8775
104130,8776
104130,8777
104130,8778
104130,8779
104130,8780
104130,8781
104130,8782
104138,125
104144,8783
104147,8784
104155,1879
104164,8785
104171,8786
104179,8787
104182,8788
104195,3011
104196,446
104196,447
104198,3928
104203,752
104216,8789
104219,8790
104220,8791
104231,26
104232,711
104234,1025
104249,6757
104250,8792
104253,8793
104262,8794
104264,7815
104288,8137
104298,635
104299,8795
104307,1909
104319,8796
104334,5957
104335,8797
104337,91
104340,280
104356,8798
104358,8799
104359,7258
104364,611
104368,7882
104374,5499
104387,8800
104390,1899
104397,368
104398,8801
104398,8802
104414,8803
104414,8804
104420,1888
104424,928
104424,2487
104424,3837
104424,5554
104424,8805
104431,346
104435,2015
104440,1271
104445,8806
104446,2698
104451,8807
104459,4724
104460,8659
104464,5637
104467,1971
104475,578
104476,44
104484,54
104497,509
104499,8808
104500,735
104501,91
104502,8809
104504,3380
104507,841
104507,842
104518,280
104525,44
104535,5250
104536,284
104544,1110
104550,865
104553,630
104562,2999
104564,262
104564,2128
104567,8810
104576,157
104581,91
104583,445
104599,8811
104610,5272
104610,5273
104613,158
104626,8812
104640,8813
104656,1696
104660,1617
104664,8814
104668,8815
104668,8816
104672,8817
104675,8818
104692,284
104712,8819
104717,245
104720,8820
104721,722
104722,579
104726,2698
104728,8821
104735,106
104744,8822
104770,671
104771,1577
104776,8823
104778,319
104784,8824
104785,8825
104786,8826
104788,136
104791,1457
104797,3731
104805,1033
104812,8827
104825,8828
104827,3530
104829,99
104839,1711
104839,1712
104846,8829
104858,922
104859,4672
104859,8830
104859,8831
104860,2836
104863,185
104864,956
104868,107
104869,179
104882,2799
104900,8832
104907,8833
104911,8834
104911,8835
104911,8836
104914,658
104915,5215
104918,135
104921,8837
104921,8838
104925,671
104931,4991
104932,1728
104934,741
104945,3539
104949,656
104956,8839
104960,8624
104960,8840
104970,304
104980,399
104989,752
104998,1791
105015,8841
105018,5
105020,8842
105023,8843
105026,3049
105038,977
105039,701
105041,817
105041,1711
105041,1712
105056,2537
105058,6739
105061,2444
105066,8844
105093,275
105093,873
105094,8845
105099,8846
105105,8847
105119,1476
105122,8848
105125,2339
105133,6606
105146,8849
105149,322
105157,8850
105162,2665
105164,2125
105168,2675
105170,8851
105178,3034
105183,2302
105183,2303
105189,7732
105189,8852
105201,8853
105205,230
105208,319
105210,8854
105212,8564
105213,4780
105214,116
105216,3032
105218,1681
105224,8855
105226,1466
105233,8856
105236,7147
105239,3977
105253,7660
105254,8857
105259,873
105262,6947
105263,2404
105266,95
105268,2681
105276,8858
105284,713
105285,1411
105286,5232
105287,8859
105287,8860
105293,26
105310,1547
105312,538
105315,8861
105338,8862
105339,8863
105339,8864
105342,746
105350,133
105350,8865
105351,6465
105355,185
105356,8866
105361,8867
105362,91
105390,8868
105403,1695
105411,870
105411,8869
105416,8870
105419,8871
105421,553
105427,8872
105434,8873
105440,8874
105442,450
105447,1484
105454,1135
105459,634
105463,8875
105471,4378
105472,254
105483,3380
105487,990
105498,2140
105504,2504
105507,8876
105519,161
105521,446
105530,281
105535,3380
105536,2867
105540,319
105542,22
105549,2125
105559,944
105559,8877
105569,143
105574,7790
105601,4341
105612,8878
105622,85
105648,1942
105653,299
105654,8879
105656,8880
105662,1411
105670,7807
105675,8881
105678,157
105692,495
105697,8882
105713,8883
105717,2125
105717,3268
105723,8884
105725,510
105741,482
105747,813
105750,891
105751,4254
105755,8885
105755,8886
105755,8887
105759,8888
105762,587
105779,242
105792,1457
105804,4325
105809,2595
105812,117
105814,935
105817,215
105818,8889
105823,195
105829,8890
105829,8891
105835,3048
105836,29
105837,5732
105838,6504
105842,8892
105843,8893
105845,161
105854,8894
105857,3964
105875,6210
105884,8895
105889,8896
105892,8897
105892,8898
105900,26
105901,8899
105909,8900
105916,538
105921,4134
105926,8901
105929,157
105947,815
105955,1418
105963,4250
105966,247
105967,738
105968,5397
105970,8902
105976,8903
105986,2593
105988,185
106016,5531
106022,54
106023,928
106032,1172
106036,116
106039,5897
106044,8904
106051,327
106056,1588
106068,8905
106069,8906
106070,4243
106071,918
106098,5276
106098,8907
106099,815
106103,185
106105,8908
106125,5904
106132,4250
106135,99
106137,587
106138,1500
106139,127
106140,4512
106146,8909
106151,3702
106163,1060
106174,8910
106176,52
106177,1312
106194,1610
106196,8911
106201,8912
106202,8913
106204,821
106211,1812
106223,2302
106223,2303
106228,8914
106230,4323
106230,8915
106231,7612
106235,803
106237,210
106242,8916
106242,8917
106253,8918
106259,8919
106260,8920
106261,4794
106263,7775
106265,891
106269,5
106269,8921
106272,634
106284,8518
106287,2718
106294,815
106296,7974
106297,1465
106298,157
106315,5570
106323,2012
106328,298
106330,4871
106331,185
106357,8922
106362,1968
106369,102
106372,8923
106373,501
106377,1772
106387,99
106388,8924
106393,270
106393,1937
106393,2145
106393,2168
106393,3950
106393,4986
106393,8925
106393,8926
106393,8927
106396,8928
106398,8929
106407,8930
106409,2729
106410,8931
106427,1503
106429,2276
106437,8932
106438,8933
106439,5243
106448,2520
106450,5271
106452,91
106454,1588
106456,2216
106480,1465
106484,8934
106486,2256
106489,1531
106497,8935
106498,117
106499,6066
106504,270
106509,6425
106512,8936
106520,6158
106521,3906
106525,4361
106529,963
106530,361
106531,1837
106537,161
106546,2813
106548,1102
106555,545
106560,1331
106561,8937
106566,8938
106567,501
106568,663
106577,8087
106583,3598
106612,8939
106614,8940
106617,8941
106619,8942
106626,8525
106635,29
106645,8943
106653,2418
106660,6787
106662,3902
106662,8944
106676,8945
106688,1803
106693,693
106694,6385
106696,891
106708,107
106713,1147
106715,929
106727,6540
106735,8946
106743,291
106746,1801
106748,1757
106750,8682
106756,741
106761,8947
106762,191
106771,659
106782,22
106791,6487
106796,5062
106802,4748
106813,8948
106826,907
106833,162
106841,4006
106855,8949
106859,189
106867,1963
106882,1080
106884,2693
106887,977
106888,8950
106900,346
106903,8951
106906,1685
106908,5452
106908,8952
106910,8953
106916,8954
106921,3777
106925,6912
106931,3270
106931,8955
106931,8956
106943,2307
106948,8957
106956,2893
106957,8958
106971,8486
106971,8959
106972,8960
106976,7689
106979,8961
106997,2837
106998,1936
107005,32
107012,8962
107023,8963
107026,8964
107026,8965
107028,448
107029,699
107034,766
107036,1104
107044,135
107047,8966
107049,8967
107050,553
107053,742
107061,8968
107068,8969
107072,7568
107073,1591
107079,8970
107081,284
107087,1571
107090,8971
107101,1691
107101,8972
107105,1780
107108,6308
107111,8973
107117,8974
107142,587
107145,8975
107159,1449
107159,1450
107160,2125
107160,3268
107161,5386
107163,8976
107169,442
107170,8977
107172,273
107179,552
107182,8978
107190,8979
107194,8980
107195,401
107204,578
107216,6724
107223,8981
107232,354
107232,3101
107233,8982
107237,22
107238,547
107259,8983
107275,8984
107275,8985
107289,8986
107293,3294
107298,697
107305,8987
107307,1089
107313,7826
107315,8988
107319,8989
107321,19
107326,189
107333,8990
107334,8991
107339,697
107340,8992
107349,6564
107349,8993
107354,8994
107356,6004
107357,563
107359,291
107361,8837
107361,8838
107363,2036
107365,8995
107367,1819
107368,4635
107373,1188
107374,274
107374,8996
107388,304
107394,8997
107395,1056
107404,1180
107417,587
107425,8998
107431,7915
107433,6850
107435,6516
107436,497
107437,3222
107441,319
107446,875
107459,966
107461,57
107465,8999
107469,9000
107473,284
107474,9001
107479,3908
107482,5092
107485,9002
107490,9003
107490,9004
107493,9005
107494,2686
107510,8814
107515,2097
107516,9006
107516,9007
107522,2804
107527,3382
107530,275
107536,4364
107543,6192
107543,9008
107545,214
107550,947
107550,9009
107555,9010
107560,9011
107560,9012
107579,2709
107584,431
107585,721
107591,1591
107596,9013
107601,9014
107615,552
107635,9015
107640,7172
107647,9016
107649,7860
107654,9017
107654,9018
107656,659
107664,3578
107674,2678
107675,435
107693,9019
107693,9020
107694,5143
107698,638
107709,9021
107719,9022
107722,14
107723,3526
107743,8198
107745,9023
107746,1106
107749,9024
107770,9025
107776,9026
107783,2035
107792,194
107793,4689
107798,1937
107817,2845
107822,9027
107827,918
107832,2875
107835,227
107835,1751
107842,1372
107843,3317
107855,9028
107860,578
107866,9029
107876,9030
107883,13
107895,713
107896,39
107897,638
107920,9031
107920,9032
107923,9033
107932,25
107940,9034
107941,870
107941,938
107941,1635
107941,2102
107941,5739
107941,8307
107941,9035
107941,9036
107941,9037
107941,9038
107941,9039
107941,9040
107941,9041
107941,9042
107941,9043
107941,9044
107941,9045
107941,9046
107941,9047
107941,9048
107941,9049
107941,9050
107941,9051
107941,9052
107941,9053
107941,9054
107941,9055
107941,9056
107941,9057
107946,191
107949,160
107952,185
107960,9058
107963,353
107964,3514
107965,157
107977,9059
107979,9060
107981,9061
107982,2964
108004,4971
108010,99
108029,9062
108030,6274
108033,665
108053,9063
108061,815
108063,797
108074,1444
108078,9064
108079,9065
108080,553
108083,7936
108086,160
108089,3328
108093,175
108094,9066
108096,1602
108100,5289
108117,3607
108120,9067
108120,9068
108130,9069
108140,9070
108148,785
108150,9071
108161,9072
108168,1577
108174,3754
108204,402
108207,319
108208,4762
108214,43
108221,9073
108221,9074
108221,9075
108223,735
108228,273
108234,1090
108234,5279
108247,159
108255,9076
108274,9077
108278,1219
108285,955
108287,571
108297,4404
108318,9078
108331,578
108338,2858
108338,2859
108341,9079
108345,73
108349,2307
108368,3532
108368,9080
108371,665
108378,1082
108379,3037
108393,29
108394,756
108399,9081
108406,821
108420,7613
108425,657
108426,98
108426,9082
108427,9083
108431,148
108431,6901
108432,6505
108439,26
108442,9084
108444,2215
108447,9085
108449,4635
108460,135
108461,99
108469,9086
108469,9087
108469,9088
108471,1217
108488,701
108493,7151
108498,9089
108503,49
108505,2274
108506,2788
108510,9090
108515,5221
108527,5529
108534,3732
108536,652
108546,319
108551,6176
108560,8679
108564,9091
108566,6704
108567,9092
108588,2510
108590,9093
108593,1250
108594,9094
108600,135
108610,9095
108617,2858
108617,2859
108620,281
108622,3046
108623,1503
108626,254
108629,281
108631,4700
108638,9028
108641,721
108642,2796
108642,9096
108647,44
108648,363
108652,1477
108652,1672
108653,9097
108654,9098
108655,117
108662,9099
108669,9100
108674,552
108676,8718
108677,8595
108680,1563
108690,254
108693,2975
108698,9101
108710,611
108715,752
108727,701
108736,3110
108749,9102
108750,423
108751,1165
108756,599
108756,600
108759,24
108763,2444
108768,612
108786,4682
108798,254
108803,1431
108809,977
108815,9103
108823,2929
108840,9104
108848,587
108852,270
108856,9105
108860,9106
108862,9107
108864,485
108865,7490
108877,928
108881,2274
108884,9108
108895,2475
108902,1943
108905,721
108910,1093
108919,91
108922,1206
108934,2940
108943,71
108948,9033
108952,4046
108960,358
108961,1687
108964,9109
108989,9110
108997,7075
109001,270
109002,4630
109003,1443
109011,3784
109018,7228
109023,9111
109030,689
109037,179
109038,1942
109040,1180
109056,612
109057,145
109061,9112
109073,4912
109078,6499
109086,1300
109088,9113
109091,2302
109091,2303
109094,130
109095,3046
109097,446
109097,447
109107,91
109115,7981
109117,261
109138,9114
109145,987
109165,556
109170,9115
109170,9116
109171,4404
109173,2095
109185,1284
109198,2527
109201,135
109206,9117
109211,78
109234,9118
109244,7518
109244,9119
109252,9120
109253,3073
109259,9121
109265,275
109277,8549
109301,562
109314,351
109315,2107
109315,6954
109316,1507
109318,169
109323,552
109337,9122
109343,1186
109354,556
109355,199
109372,143
109377,9123
109380,488
109382,9124
109393,9125
109402,9126
109406,127
109408,3315
109415,590
109416,1751
109420,439
109425,9127
109435,1185
109436,5696
109439,9128
109452,5723
109452,9129
109455,9130
109459,253
109460,74
109463,5242
109467,2418
109469,1283
109470,3755
109472,9131
109472,9132
109475,5564
109477,9133
109481,150
109488,3536
109488,6852
109493,669
109503,9134
109511,2118
109512,136
109519,679
109522,2299
109533,1765
109536,8563
109538,933
109543,9135
109545,1937
109550,162
109552,9136
109577,5513
109591,162
109592,9137
109599,2307
109605,448
109606,7622
109606,9138
109619,689
109625,3894
109631,5582
109633,157
109643,6850
109662,9139
109663,394
109666,9140
109695,817
109700,1685
109706,4142
109712,9141
109717,386
109721,9142
109722,2089
109723,39
109724,1909
109726,1399
109729,663
109735,9143
109744,689
109751,7465
109755,1008
109756,185
109757,7
109764,3819
109775,3627
109776,9144
109786,531
109789,9145
109790,9146
109797,9147
109799,612
109800,9148
109805,1023
109807,74
109810,1548
109818,3302
109819,8718
109821,2125
109822,638
109823,3493
109827,9149
109834,1739
109835,9150
109837,3222
109844,179
109844,3326
109846,803
109850,1829
109850,2459
109855,6575
109859,1926
109860,9151
109873,1601
109874,160
109875,9152
109883,5269
109891,842
109896,9153
109906,9154
109924,716
109938,9155
109942,9123
109943,9156
109943,9157
109944,729
109946,578
109950,578
109959,9158
109965,143
109970,26
109971,820
109976,9159
109982,91
109991,1834
109996,3141
110009,394
110012,4250
110013,4945
110025,569
110027,9160
110029,29
110035,2324
110040,9161
110045,4512
110049,2678
110050,947
110056,6619
110057,2353
110066,250
110072,5565
110075,1765
110079,9162
110085,9163
110092,3316
110093,9164
110106,9165
110108,9166
110113,987
110127,6331
110128,1331
110136,1128
110147,1583
110151,9167
110158,254
110160,634
110164,9168
110167,234
110169,1753
110171,537
110176,693
110181,6536
110188,254
110196,432
110202,284
110207,3877
110215,2229
110223,460
110227,746
110227,7924
110229,2355
110241,5506
110243,3102
110247,1720
110249,681
110263,67
110264,1595
110266,2998
110277,9169
110282,8540
110283,305
110300,135
110303,531
110311,2578
110317,99
110323,395
110326,851
110329,9170
110333,9171
110336,9172
110338,329
110364,9173
110369,191
110375,203
110376,8983
110389,1778
110402,5256
110413,5325
110421,5530
110422,9174
110430,8121
110431,9175
110432,578
110435,1531
110439,1319
110455,1727
110461,242
110465,6362
110467,2404
110480,1088
110486,848
110494,9176
110501,9177
110502,9178
110503,4829
110507,578
110511,9179
110533,445
110535,1129
110537,3066
110537,9180
110542,185
110543,426
110545,741
110547,9181
110547,9182
110551,105
110552,9183
110559,9184
110561,8880
110568,9185
110572,9186
110582,9187
110585,233
110586,9188
110594,148
110599,9189
110612,9190
110614,9191
110617,9192
110618,91
110620,4928
110627,305
110628,693
110632,8903
110639,1180
110639,3529
110654,1092
110669,736
110674,254
110674,298
110674,663
110674,736
110674,1176
110674,3169
110674,9193
110674,9194
110674,9195
110674,9196
110674,9197
110674,9198
110674,9199
110674,9200
110674,9201
110674,9202
110675,9203
110676,1800
110690,701
110691,336
110714,284
110722,2609
110726,9204
110732,509
110743,294
110747,9205
110747,9206
110758,91
110768,9207
110770,6470
110771,354
110771,355
110771,9208
110771,9209
110773,136
110778,838
110779,9210
110800,8387
110803,638
110811,5370
110812,679
110817,816
110830,531
110834,9211
110857,22
110862,1166
110866,9212
110867,4025
110875,6607
110882,6724
110885,9213
110886,1140
110889,9214
110891,6403
110904,242
110910,9215
110913,9216
110913,9217
110919,185
110930,9218
110931,6474
110936,727
110940,4341
110956,1231
110961,1121
110963,9219
110967,9070
110973,2026
110988,39
110992,9220
111001,3719
111006,9221
111010,4069
111012,9222
111029,9223
111038,118
111039,9224
111044,9225
111047,9226
111051,3873
111052,689
111064,6993
111070,721
111075,8353
111078,6471
111083,587
111094,6612
111101,3174
111105,482
111108,4630
111120,9227
111120,9228
111120,9229
111120,9230
111120,9231
111120,9232
111120,9233
111120,9234
111120,9235
111120,9236
111122,663
111124,2251
111131,9237
111133,4185
111159,713
111167,5572
111167,9238
111171,9239
111173,53
111174,1695
111190,254
111198,803
111202,2929
111207,102
111216,189
111222,815
111231,9240
111244,9241
111252,9242
111262,553
111266,4133
111269,1156
111275,587
111277,9243
111303,139
111305,135
111306,9244
111313,9245
111320,578
111321,157
111323,7003
111324,1563
111326,179
111326,7352
111329,2190
111331,9246
111337,1375
111340,9247
111348,1563
111354,1498
111355,235
111360,622
111367,1768
111367,3539
111371,185
111373,1303
111390,931
111400,9248
111406,1658
111433,26
111434,578
111453,2339
111454,99
111456,2495
111471,1834
111480,7848
111482,9249
111497,1251
111503,9250
111506,4390
111517,3415
111519,280
111521,39
111523,1706
111525,659
111533,9251
111537,928
111543,2302
111543,2303
111556,9252
111561,281
111562,9253
111564,1575
111571,1709
111571,1710
111578,8273
111578,9254
111580,1291
111584,5380
111585,758
111587,9255
111591,57
111597,14
111600,612
111602,165
111609,771
111613,7149
111618,9256
111620,284
111625,3048
111627,9257
111633,1760
111634,9258
111637,91
111639,7388
111641,5371
111643,9259
111656,99
111660,2128
111665,5897
111666,1807
111672,8564
111675,9260
111678,9261
111678,9262
111678,9263
111678,9264
111678,9265
111678,9266
111680,9267
111691,75
111692,3722
111693,977
111697,722
111700,1568
111729,2273
111732,9268
111733,9269
111737,9270
111739,1188
111740,9271
111749,761
111750,5651
111750,9272
111755,1128
111757,4484
111761,185
111763,9273
111769,5047
111788,663
111791,1193
111793,157
111801,6921
111804,1558
111808,556
111809,1300
111816,920
111822,9274
111824,4077
111826,3952
111827,3382
111833,5257
111836,43
111843,1018
111845,9275
111849,9276
111855,9277
111860,1730
111871,3229
111871,3230
111872,9278
111875,9279
111877,8595
111883,738
111886,9280
111888,6470
111897,9281
111911,299
111912,9282
111912,9283
111912,9284
111913,9285
111915,701
111920,6884
111928,319
111931,4985
111936,9286
111945,9287
111948,3218
111950,254
111953,186
111960,1891
111965,2282
111977,5417
111982,816
111988,9288
111989,9289
111992,2889
111994,2804
112001,1324
112007,105
112009,9290
112014,1250
112015,9291
112027,9292
112029,9293
112032,556
112040,9294
112044,121
112046,9295
112047,9296
112052,4328
112065,9297
112071,298
112072,9298
112082,1061
112084,91
112092,1828
112098,9299
112101,9300
112102,552
112108,9301
112111,935
112128,9302
112128,9303
112135,9304
112135,9305
112136,2557
112137,6178
112137,6179
112143,1232
112144,472
112146,728
112149,9306
112155,800
112167,9307
112169,25
112172,57
112178,319
112193,446
112193,447
112195,2677
112197,9308
112213,8211
112221,2162
112225,8885
112225,8886
112225,8887
112232,9309
112232,9310
112234,9311
112240,3304
112269,351
112271,8462
112283,9312
112284,5486
112288,39
112293,597
112300,9313
112302,1242
112304,9271
112310,1841
112312,5302
112320,2924
112322,6213
112322,9314
112343,9315
112344,9316
112345,788
112347,445
112348,8358
112350,3014
112350,9317
112350,9318
112358,9319
112369,1123
112371,161
112381,1372
112384,1760
112410,7902
112420,5904
112421,9320
112424,9321
112429,460
112434,95
112435,284
112450,9322
112455,9323
112458,3754
112465,9324
112468,9325
112484,1071
112484,1072
112488,9326
112492,9327
112496,203
112505,6155
112506,741
112511,1267
112517,2572
112520,4848
112521,22
112521,191
112521,291
112521,538
112521,656
112521,838
112521,1003
112521,1025
112521,1114
112521,1601
112521,2282
112521,3032
112521,3185
112521,3667
112521,4679
112521,8743
112523,9328
112525,185
112528,4631
112539,722
112545,9329
112550,4390
112573,2158
112588,3182
112588,9330
112591,1936
112594,7564
112601,2444
112602,7458
112607,9331
112615,815
112622,1941
112624,3787
112628,9332
112628,9333
112628,9334
112631,6853
112634,7673
112642,2868
112662,1312
112663,1834
112667,9335
112680,9336
112691,3532
112701,9337
112705,383
112708,9338
112716,5020
112717,9339
112717,9340
112723,213
112727,364
112732,707
112733,9341
112735,9342
112745,3524
112746,6410
112751,22
112754,9343
112759,7
112780,9344
112787,179
112787,3539
112789,9345
112794,9346
112796,9347
112801,2947
112801,9348
112805,5679
112807,9349
112807,9350
112808,925
112810,1175
112812,611
112814,2441
112818,1601
112819,159
112820,1905
112821,3722
112827,9351
112828,2867
112831,79
112840,39
112844,4626
112850,587
112851,9352
112858,9353
112861,273
112864,832
112864,833
112864,834
112864,835
112864,9354
112864,9355
112878,247
112885,1695
112891,9356
112898,9357
112900,4686
112913,9358
112915,9359
112926,6331
112929,284
112932,640
112937,460
112956,1720
112970,9248
112972,9360
112980,1390
112982,735
112986,9361
112987,3168
112990,3948
112995,9362
113006,200
113010,9363
113010,9364
113015,488
113017,578
113028,1730
113035,1216
113044,2020
113045,358
113051,9365
113053,117
113056,2228
113059,2933
113061,9366
113064,638
113070,634
113072,9367
113073,9368
113082,3894
113089,305
113097,9369
113101,185
113108,189
113111,9189
113118,157
113125,451
113134,9370
113135,1094
113138,1685
113143,3382
113144,4250
113154,919
113190,102
113191,1148
113193,213
113199,4018
113202,437
113207,2678
113208,9371
113215,9372
113215,9373
113221,891
113243,7021
113243,7022
113248,9374
113249,803
113255,9375
113258,587
113268,9376
113271,9377
113273,9378
113274,529
113279,9379
113288,284
113292,98
113304,3891
113304,3892
113308,9380
113310,9381
113341,8379
113342,6254
113350,2677
113352,1424
113352,1425
113367,3511
113368,1288
113368,6938
113371,8822
113393,2475
113394,766
113399,4986
113402,738
113403,803
113405,9382
113407,284
113414,1936
113423,1584
113424,1563
113426,9383
113439,6149
113440,9384
113441,6139
113442,91
113444,9385
113444,9386
113453,968
113460,9387
113463,9388
113477,8848
113490,9389
113492,9390
113492,9391
113494,699
113500,1996
113501,5095
113501,5096
113502,5307
113517,3426
113525,1123
113530,4679
113533,9392
113534,1374
113536,746
113540,785
113549,3709
113550,2837
113552,9393
113574,9394
113575,7388
113580,1060
113582,1123
113594,9395
113596,1271
113612,4389
113619,1685
113620,6724
113625,9396
113628,283
113634,7724
113637,266
113645,5615
113645,9397
113645,9398
113645,9399
113646,9400
113659,4421
113661,106
113671,9401
113674,185
113678,9214
113680,7845
113684,777
113689,2729
113690,2901
113691,2320
113693,9402
113694,1493
113694,9403
113696,446
113696,447
113719,9404
113722,8582
113728,8878
113729,984
113735,132
113735,5632
113744,2458
113767,3203
113775,813
113782,3467
113790,9405
113792,3907
113796,1007
113808,3713
113813,132
113813,5632
113819,423
113821,240
113822,800
113827,9406
113837,7689
113844,6964
113851,8293
113853,5831
113853,5832
113854,9407
113856,9408
113869,9409
113873,5150
113878,1082
113883,9410
113886,5020
113886,9411
113889,4490
113894,5553
113896,396
113897,841
113897,842
113902,90
113903,870
113907,291
113911,9412
113914,9413
113929,69
113932,9288
113937,823
113940,1589
113965,1563
113973,9414
113987,99
113995,1694
113996,8122
114003,3709
114008,2519
114009,280
114010,9415
114016,1160
114019,9416
114020,2597
114024,383
114029,9417
114034,185
114039,1764
114045,9418
114050,1593
114059,125
114060,111
114077,3317
114079,671
114090,9419
114091,7306
114092,9420
114095,9421
114100,1667
114103,291
114108,242
114109,203
114111,230
114125,9422
114126,431
114127,158
114129,162
114129,1531
114129,2074
114129,2144
114129,2148
114129,2155
114129,4984
114129,6755
114129,7358
114129,9423
114129,9424
114129,9425
114129,9426
114129,9427
114129,9428
114136,57
114151,2353
114156,9429
114162,1300
114165,5285
114177,1457
114185,127
114196,9430
114196,9431
114197,8878
114202,9432
114206,1706
114215,2328
114219,89
114223,6745
114223,6746
114227,9433
114228,7893
114234,157
114237,4380
114245,3907
114253,3493
114256,1175
114274,1681
114286,161
114293,4716
114293,9434
114304,689
114305,2168
114314,283
114316,2302
114316,2303
114319,6691
114322,9435
114325,6725
114327,5826
114332,865
114334,3907
114342,707
114344,1275
114348,485
114351,663
114354,1681
114356,655
114356,9436
114358,587
114359,9437
114364,9438
114369,1841
114378,507
114379,9439
114398,9440
114408,3385
114415,281
114417,1558
114419,9441
114421,701
114427,6881
114432,865
114437,1891
114439,678
114451,2597
114453,6385
114455,9442
114458,9443
114460,160
114463,9444
114469,300
114470,578
114472,409
114477,9445
114480,9446
114482,1605
114483,6965
114485,620
114486,1155
114488,4002
114491,5605
114503,5629
114506,727
114516,8431
114518,175
114531,2134
114538,9447
114546,9448
114556,9449
114561,630
114579,203
114579,3158
114580,5022
114580,5371
114580,7807
114583,39
114585,203
114586,9450
114593,1053
114594,9451
114599,1129
114600,48
114605,578
114608,300
114609,7837
114610,9452
114617,5612
114622,9453
114631,44
114632,9454
114647,99
114651,689
114653,728
114661,758
114665,76
114667,9455
114670,9456
114689,869
114690,161
114695,9457
114701,6652
114707,7200
114715,800
114716,7272
114730,57
114733,920
114737,5851
114744,1242
114758,4570
114758,4571
114764,4423
114766,9458
114775,9459
114776,5632
114787,2837
114795,1879
114796,135
114803,1415
114804,9460
114808,313
114815,9461
114819,9462
114824,1654
114830,1577
114838,1561
114844,9271
114845,5670
114855,9463
114859,1165
114878,9464
114881,9465
114884,85
114887,2087
114918,4013
114922,6417
114922,7057
114931,1471
114935,9466
114940,341
114941,9467
114949,44
114962,125
114964,148
114966,7823
114985,2404
114989,3640
114997,529
115011,171
115013,160
115017,8661
115017,9468
115021,1558
115022,409
115032,9469
115033,2055
115033,9470
115033,9471
115033,9472
115038,3134
115039,9473
115040,145
115044,9474
115048,159
115052,6464
115055,150
115056,3380
115058,9475
115060,754
115068,7779
115074,597
115083,9476
115085,3234
115090,9477
115091,1186
115092,3663
115093,161
115110,9478
115111,6218
115114,3161
115118,9479
115123,9480
115125,158
115132,987
115134,7511
115147,358
115150,4862
115156,9481
115158,205
115175,4587
115179,9482
115184,9483
115186,6200
115187,3020
115190,464
115194,1512
115197,8367
115206,1601
115207,251
115207,552
115208,4060
115213,9484
115219,9485
115219,9486
115226,9487
115232,9488
115233,9489
115242,9490
115258,1834
115259,9159
115263,4765
115269,207
115273,445
115274,721
115282,9491
115290,7851
115291,9492
115295,9493
115310,2339
115318,1180
115322,7782
115331,9494
115332,9495
115337,1096
115344,1685
115355,319
115359,3032
115362,1373
115366,1407
115369,9496
115370,43
115373,91
115377,2031
115380,9497
115388,966
115389,6662
115391,95
115392,9498
115394,567
115396,3907
115398,9499
115400,931
115416,9500
115427,1837
115435,1026
115437,815
115440,578
115445,275
115462,2616
115468,2677
115469,1136
115472,213
115477,531
115478,556
115480,1271
115480,1347
115480,1647
115480,2495
115480,2756
115480,3034
115480,3965
115480,4355
115480,5255
115480,9193
115480,9501
115480,9502
115480,9503
115480,9504
115480,9505
115480,9506
115480,9507
115480,9508
115480,9509
115480,9510
115480,9511
115480,9512
115480,9513
115480,9514
115480,9515
115485,9516
115491,8787
115498,9517
115512,9518
115519,9519
115522,2190
115526,67
115538,39
115544,9520
115551,1033
115558,9521
115559,803
115569,2320
115579,160
115582,1503
115583,977
115588,538
115593,9522
115597,9523
115604,9271
115616,9524
115618,476
115619,841
115619,842
115625,3134
115626,460
115628,9525
115634,99
115641,1753
115658,9526
115659,7
115664,9527
115668,611
115675,4112
115689,2190
115692,6468
115693,2682
115703,556
115706,2381
115709,9528
115710,4613
115737,689
115743,658
115745,3536
115747,9529
115753,4372
115757,2093
115759,9530
115763,9531
115766,1602
115773,280
115776,790
115783,26
115794,665
115817,9532
115818,127
115825,480
115833,9533
115838,727
115839,9534
115849,209
115852,9535
115869,4679
115880,460
115880,2122
115882,9536
115886,5214
115894,9537
115899,22
115908,1203
115911,9538
115916,815
115916,9539
115923,8333
115924,9540
115934,5231
115935,6125
115946,5153
115948,401
115949,160
115951,7586
115984,9541
115987,2518
116002,928
116008,1715
116012,556
116016,409
116025,563
116027,3449
116032,9542
116058,1635
116062,935
116067,9543
116071,689
116075,9544
116078,459
116080,9545
116082,6355
116086,9546
116095,6749
116099,9547
116107,2694
116108,841
116108,842
116110,696
116112,1135
116117,217
116119,556
116124,263
116130,9548
116148,3212
116150,2704
116153,3948
116154,5316
116155,9549
116163,2231
116164,9550
116180,2251
116181,9551
116184,4862
116186,1800
116193,162
116197,9552
116202,121
116205,307
116213,552
116223,2140
116228,210
116233,2551
116238,161
116240,25
116240,1178
116263,1275
116269,157
116275,9553
116288,4710
116288,9554
116288,9555
116295,5800
116299,227
116304,1376
116308,1457
116309,9556
116312,8765
116312,8766
116326,9557
116330,9558
116336,3988
116346,9559
116348,96
116348,97
116352,9560
116353,9561
116389,9562
116389,9563
116389,9564
116392,9565
116401,9566
116407,9567
116420,1916
116422,9568
116426,161
116430,3999
116434,9569
116436,9570
116439,9571
116461,2296
116466,6213
116470,57
116470,78
116470,160
116470,185
116470,578
116470,587
116470,1880
116486,9572
116502,1789
116508,446
116508,447
116509,179
116515,1765
116516,9573
116529,191
116535,9574
116538,9575
116540,9576
116540,9577
116542,2353
116562,6020
116563,9578
116564,9579
116567,9580
116578,2140
116583,6495
116590,9394
116594,2021
116595,9581
116597,1061
116598,433
116600,615
116603,9582
116613,1462
116616,752
116624,746
116636,506
116647,9583
116649,185
116651,1007
116652,9584
116663,9585
116663,9586
116669,1581
116671,2922
116679,160
116689,298
116694,9587
116698,7209
116708,5913
116712,3776
116713,5860
116714,662
116715,9588
116720,2712
116724,9589
116730,9590
116740,1275
116756,9591
116768,9592
116768,9593
116773,597
116775,738
116797,1061
116804,5469
116806,91
116807,9594
116807,9595
116811,1312
116815,5397
116816,9596
116820,4077
116831,9597
116843,9598
116846,147
116852,9599
116852,9600
116853,4372
116867,1318
116877,761
116878,553
116888,353
116894,693
116896,9601
116897,6745
116897,6746
116904,7096
116905,6717
116915,9602
116920,315
116925,9412
116926,501
116927,9603
116928,3522
116934,529
116956,2015
116959,1050
116966,2444
116970,162
116979,7096
116988,5342
116989,1768
116989,3539
116998,9604
117002,4691
117006,74
117008,1193
117009,92
117012,2770
117023,5302
117031,1224
117045,9605
117047,9606
117052,790
117053,9607
117054,9608
117057,498
117070,6879
117071,191
117080,763
117081,1135
117091,9287
117092,9609
117095,9610
117107,1311
117111,8953
117112,413
117115,1489
117133,7959
117136,44
117138,1303
117148,1093
117156,754
117158,8581
117160,9611
117166,6822
117173,304
117177,2901
117180,9612
117184,4296
117187,106
117191,702
117201,9613
117206,98
117206,9082
117211,3082
117213,2486
117214,3309
117214,3310
117221,9614
117222,9615
117233,1437
117253,8612
117255,281
117259,136
117269,999
117272,9616
117283,117
117284,9617
117299,9618
117309,451
117316,5553
117318,9619
117321,1720
117328,4389
117330,792
117331,3147
117334,9620
117342,4335
117368,157
117374,1331
117388,9621
117392,1295
117396,6091
117401,284
117406,3307
117424,7283
117428,5674
117436,9622
117437,2710
117444,189
117451,9623
117451,9624
117468,153
117468,9625
117471,161
117479,1695
117481,9626
117484,9627
117485,304
117491,250
117492,9628
117495,9629
117522,22
117522,116
117522,191
117522,291
117522,414
117522,464
117522,838
117522,9630
117522,9631
117548,9632
117550,6197
117554,1965
117559,9633
117564,9634
117565,4281
117566,3913
117567,300
117570,9635
117570,9636
117570,9637
117573,136
117582,9638
117604,746
117628,9639
117632,235
117641,9640
117641,9641
117643,1904
117646,2945
117652,9642
117653,157
117656,1160
117663,3525
117669,578
117686,57
117686,157
117686,158
117686,160
117686,185
117686,671
117686,821
117686,1133
117686,1372
117686,1733
117687,9643
117689,9644
117698,663
117700,6837
117705,9645
117705,9646
117730,1916
117733,1566
117739,160
117744,5486
117746,1608
117746,9647
117747,227
117747,5609
117747,7951
117785,2464
117790,9648
117790,9649
117791,1047
117794,275
117798,657
117805,746
117807,91
117818,578
117823,2600
117835,274
117836,4629
117839,2424
117857,9650
117857,9651
117857,9652
117857,9653
117859,2268
117868,157
117870,26
117876,7572
117883,99
117895,9654
117898,319
117909,22
117911,3949
117919,9655
117927,3814
117930,9656
117933,9657
117935,578
117938,9658
117942,9659
117947,9660
117953,9661
117954,3722
117955,359
117960,4298
117964,1854
117964,1855
117964,1856
117964,3084
117964,3098
117964,3522
117964,3538
117964,3981
117964,4303
117964,6031
117964,7267
117964,8201
117964,9662
117964,9663
117964,9664
117964,9665
117964,9666
117964,9667
117964,9668
117968,9669
117984,127
117987,9670
117988,3443
117989,9671
118000,2251
118002,136
118007,992
118011,3277
118016,9672
118018,2092
118020,9673
118021,1375
118028,9674
118037,5076
118039,679
118048,140
118053,1080
118054,1511
118071,846
118072,1294
118072,9675
118074,9676
118080,6145
118089,4520
118093,1525
118102,1769
118103,291
118121,9677
118129,668
118155,4045
118161,2838
118173,9678
118187,1797
118193,2477
118197,2327
118201,995
118220,1008
118222,9679
118222,9680
118245,73
118246,9681
118247,2609
118255,9682
118262,6898
118263,9683
118264,9684
118266,1706
118282,9685
118283,9686
118296,281
118302,4140
118305,6947
118313,2867
118314,9687
118327,399
118346,4304
118347,85
118347,86
118365,3907
118387,44
118388,531
118395,2572
118402,157
118415,271
118417,552
118420,9688
118445,3665
118447,9689
118451,2229
118466,201
118468,2131
118472,5880
118473,165
118487,947
118492,4380
118497,8380
118521,358
118532,2710
118551,9690
118562,179
118567,9691
118584,9692
118587,9693
118595,161
118599,1531
118608,9694
118608,9695
118619,7570
118639,1232
118643,1709
118643,1710
118650,9696
118654,2362
118662,727
118664,157
118668,2102
118677,44
118689,1009
118693,7122
118697,813
118701,3677
118710,653
118743,6494
118744,9697
118751,353
118761,233
118764,9698
118768,9699
118777,5377
118779,9700
118781,4016
118793,9701
118799,764
118804,9702
118811,548
118819,9703
118828,7049
118828,7050
118829,9704
118837,9705
118840,9706
118842,1033
118845,9707
118845,9708
118851,9709
118860,627
118861,424
118868,821
118886,6393
118910,430
118913,9710
118920,24
118921,1110
118926,290
118937,817
118939,105
118946,7614
118949,9711
118958,3805
118966,2125
118966,3268
118969,2601
118973,4916
118984,2933
118991,1904
118994,9712
118996,305
119008,9713
119013,250
119018,1496
119023,2682
119032,546
119036,9714
119036,9715
119067,3493
119078,4263
119078,5545
119078,9716
119078,9717
119087,603
119094,383
119097,9718
119099,9719
119103,6977
119111,6798
119112,4387
119116,9720
119123,537
119132,44
119134,2355
119138,9721
119146,900
119148,5704
119158,9722
119160,185
119164,9723
119169,123
119171,9724
119174,749
119178,273
119182,2359
119189,9725
119191,1548
119193,6292
119201,1834
119205,578
119206,9726
119208,9727
119208,9728
119215,9729
119217,4955
119218,9730
119220,162
119226,9731
119234,401
119239,9732
119252,7876
119256,310
119262,123
119266,9083
119267,9733
119276,699
119288,1477
119290,1082
119300,446
119300,447
119302,8326
119307,2674
119309,304
119314,9734
119321,9735
119335,7952
119336,3907
119337,153
119343,1082
119354,1058
119357,870
119357,3099
119364,446
119364,447
119370,298
119374,9736
119378,9737
119383,9575
119397,9738
119399,3259
119400,6921
119411,1271
119418,69
119441,9739
119452,9740
119454,460
119458,1267
119462,4686
119476,254
119481,3229
119481,3230
119483,4231
119488,280
119490,9741
119499,2896
119500,160
119502,482
119503,9742
119510,9743
119518,869
119523,2837
119527,1224
119528,3416
119529,185
119533,9744
119534,7436
119534,9745
119534,9746
119535,9747
119537,7521
119541,865
119544,6308
119547,6470
119549,8835
119561,4399
119563,7662
119572,75
119592,4499
119594,9324
119595,424
119599,9748
119620,395
119631,3048
119639,9749
119644,3928
119645,9750
119650,9751
119654,85
119662,9752
119663,6795
119663,9753
119668,918
119677,9754
119679,9755
119686,395
119693,9756
119712,716
119727,205
119730,5256
119731,1457
119735,8821
119749,9757
119750,9758
119755,1583
119758,1413
119759,1165
119766,9759
119768,850
119769,9760
119774,9761
119781,414
119784,195
119790,713
119793,9762
119818,1440
119819,9763
119821,942
119823,9764
119827,1242
119831,9765
119834,9766
119848,95
119851,1007
119860,9767
119862,8930
119863,6176
119870,632
119872,9768
119873,7310
119888,553
119891,9769
119901,305
119903,9770
119904,8990
119930,9540
119933,111
119940,9771
119941,263
119953,189
119955,578
119962,305
119965,5220
119969,460
119969,2122
119984,44
119993,8838
119993,9772
119995,336
119996,578
120025,1064
120031,501
120033,9773
120056,4862
120063,9774
120073,9775
120076,8831
120076,9776
120077,701
120080,9777
120087,2730
120103,54
120104,3383
120107,5951
120128,6427
120129,3539
120139,148
120139,662
120144,1548
120152,9778
120171,4341
120181,9779
120181,9780
120201,485
120209,44
120216,7862
120217,742
120228,501
120234,5938
120239,2679
120245,57
120252,1036
120257,9781
120262,6553
120263,9782
120265,5531
120285,337
120297,1232
120299,9783
120302,9784
120308,8943
120309,587
120311,3359
120322,9785
120323,9786
120326,9787
120333,1158
120341,4435
120353,9788
120363,2050
120363,3126
120363,6250
120363,7595
120363,9789
120363,9790
120363,9791
120363,9792
120363,9793
120363,9794
120363,9795
120363,9796
120363,9797
120363,9798
120363,9799
120363,9800
120363,9801
120363,9802
120363,9803
120363,9804
120363,9805
120363,9806
120363,9807
120363,9808
120363,9809
120363,9810
120363,9811
120363,9812
120363,9813
120363,9814
120363,9815
120363,9816
120363,9817
120363,9818
120363,9819
120363,9820
120363,9821
120363,9822
120363,9823
120363,9824
120363,9825
120363,9826
120363,9827
120363,9828
120363,9829
120363,9830
120363,9831
120363,9832
120363,9833
120363,9834
120363,9835
120363,9836
120363,9837
120363,9838
120363,9839
120363,9840
120363,9841
120363,9842
120363,9843
120363,9844
120363,9845
120363,9846
120363,9847
120363,9848
120363,9849
120363,9850
120363,9851
120363,9852
120363,9853
120363,9854
120363,9855
120363,9856
120363,9857
120363,9858
120363,9859
120366,266
120372,749
120376,3731
120379,9860
120387,9861
120392,4431
120404,841
120404,842
120407,5732
120416,9862
120419,9863
120434,9864
120435,9865
120438,1588
120440,254
120446,920
120458,870
120459,9866
120463,203
120471,9867
120481,9868
120484,689
120493,856
120499,803
120501,9869
120505,9870
120523,9871
120527,956
120532,9872
120540,219
120555,9873
120555,9874
120562,145
120567,5469
120569,9875
120573,7009
120574,150
120576,2371
120604,7135
120615,9876
120618,3246
120620,1193
120624,161
120632,2371
120638,281
120639,2651
120648,697
120649,136
120652,117
120657,6587
120660,501
120687,9877
120688,3366
120696,9878
120706,9879
120716,9880
120720,3680
120722,9260
120727,4678
120731,1008
120736,9881
120740,2547
120745,275
120752,4380
120754,139
120761,6099
120762,3222
120773,9882
120777,44
120778,1299
120779,3150
120784,9883
120789,7267
120795,9884
120795,9885
120803,99
120803,1283
120808,9886
120809,9887
120818,91
120822,1050
120829,3218
120852,908
120852,9888
120853,7459
120855,395
120862,9889
120868,1772
120869,76
120870,9890
120879,9891
120885,9892
120893,3881
120900,3252
120900,3253
120905,9893
120917,9894
120924,284
120926,272
120932,4923
120934,368
120938,8139
120939,9895
120947,4969
120949,22
120949,9896
120949,9897
120958,185
120961,9898
120964,1108
120968,9899
120972,9900
120983,9901
120985,552
120993,185
121002,6759
121010,9902
121013,9903
121015,3325
121029,3032
121038,931
121041,9904
121043,6254
121048,3222
121053,9905
121053,9906
121053,9907
121053,9908
121059,284
121061,788
121065,199
121066,815
121069,9909
121077,9910
121078,9911
121079,6438
121080,9912
121083,9913
121084,5949
121084,5950
121090,7306
121095,531
121102,9914
121103,1331
121109,9915
121117,9916
121121,9917
121123,9918
121124,3582
121135,9919
121135,9920
121152,9921
121160,3107
121164,265
121169,9922
121180,9923
121182,336
121194,7508
121199,9121
121204,6391
121211,611
121219,2403
121225,9924
121232,3246
121239,9925
121249,531
121252,446
121252,447
121267,9926
121275,4305
121279,275
121282,185
121283,161
121302,9927
121307,9928
121320,1140
121328,9929
121341,1440
121347,78
121350,22
121354,629
121358,7200
121359,9930
121365,1942
121369,2307
121370,7281
121371,1702
121376,174
121376,935
121376,982
121376,2268
121376,9931
121381,7961
121390,1065
121391,1563
121392,9932
121399,3000
121403,1762
121413,157
121422,9933
121425,1128
121441,9934
121442,2929
121443,2292
121444,450
121463,2857
121485,962
121488,9935
121494,4235
121504,931
121511,3845
121523,5399
121526,185
121539,9936
121541,9937
121544,721
121545,9938
121547,135
121554,9939
121561,3996
121568,1995
121575,40
121576,401
121578,9940
121580,2948
121581,1398
121600,9941
121602,552
121603,9942
121603,9943
121603,9944
121606,3203
121609,1194
121612,1446
121616,6569
121623,189
121640,817
121645,274
121648,9945
121651,4684
121653,7096
121661,6711
121676,3719
121678,477
121680,172
121682,75
121685,9946
121687,2770
121689,211
121701,761
121708,9030
121715,9947
121718,8274
121729,5734
121729,7579
121729,8643
121729,9948
121729,9949
121732,966
121733,7458
121735,9950
121740,9951
121744,5159
121754,2629
121758,9952
121760,9405
121763,9877
121764,1061
121776,8765
121780,203
121781,1572
121784,117
121787,258
121793,5674
121811,336
121813,1258
121813,2535
121816,117
121818,1847
121819,918
121825,578
121847,9953
121850,9954
121852,9955
121859,4265
121869,551
121871,9956
121877,9957
121887,9958
121888,39
121892,7363
121892,7364
121893,798
121897,928
121908,2351
121909,6213
121917,9959
121923,9960
121927,6157
121931,741
121949,1733
121979,4211
121994,9961
121997,1175
122000,2895
122008,578
122013,26
122014,742
122016,9962
122029,1572
122044,4982
122054,6159
122058,213
122060,788
122082,298
122083,345
122087,2031
122109,2500
122110,663
122111,263
122118,2531
122125,9945
122134,9963
122152,9964
122153,9965
122162,99
122166,9966
122170,143
122173,544
122177,99
122183,837
122185,565
122203,1008
122206,639
122215,531
122219,7955
122241,9967
122242,741
122255,148
122268,248
122270,2125
122270,3268
122273,9968
122282,2545
122288,5670
122308,9969
122309,5039
122311,869
122312,9970
122317,2252
122322,189
122324,284
122329,69
122332,552
122340,99
122352,2753
122354,7130
122356,9971
122371,9972
122382,270
122385,764
122386,4862
122392,545
122396,9973
122397,9974
122400,663
122407,2467
122412,22
122412,977
122412,9975
122417,38
122422,1398
122453,9976
122454,4985
122456,5
122460,2142
122461,6858
122464,721
122467,4304
122470,5081
122473,7561
122477,9977
122480,9978
122502,4955
122516,485
122523,9979
122524,5895
122528,9418
122528,9980
122529,99
122531,9981
122539,99
122539,1283
122540,2583
122540,9982
122540,9983
122544,3028
122546,1407
122553,3805
122557,185
122567,1996
122568,3400
122569,2551
122570,848
122576,3472
122591,3483
122597,758
122601,9984
122614,346
122616,1135
122634,9985
122640,9986
122646,9987
122650,891
122655,9861
122656,1251
122656,3159
122656,9988
122656,9989
122656,9990
122656,9991
122656,9992
122656,9993
122671,4586
122678,1138
122681,9994
122683,91
122688,7521
122689,7617
122702,2384
122706,9995
122715,6431
122725,9996
122735,1951
122737,1713
122746,185
122756,1841
122756,1842
122762,9997
122766,3382
122773,3027
122780,1094
122787,3323
122800,1801
122802,5090
122821,7524
122824,9998
122826,9999
122829,10000
122859,6782
122865,699
122871,10001
122872,10002
122884,361
122892,697
122896,697
122900,10003
122900,10004
122900,10005
122900,10006
122904,4555
122918,10007
122920,634
122925,6040
122931,10008
122938,10009
122941,10010
122946,10011
122947,4211
122949,1465
122954,10012
122955,10013
122956,5613
122956,10014
122971,2453
122989,3523
122995,235
123001,1525
123007,340
123016,10015
123022,604
123038,1877
123061,69
123064,284
123070,353
123072,192
123073,3779
123073,5233
123073,5252
123073,6796
123073,10016
123073,10017
123073,10018
123073,10019
123073,10020
123073,10021
123073,10022
123081,13
123098,3754
123104,10023
123105,44
123106,1695
123107,956
123109,1556
123115,10024
123116,2021
123121,2580
123139,10025
123142,325
123162,9575
123168,846
123180,139
123183,10026
123184,110
123187,722
123195,1082
123206,266
123207,10027
123219,242
123222,10028
123232,4179
123242,2797
123250,7634
123252,10029
123256,22
123257,8279
123264,8049
123267,4340
123270,10030
123286,8853
123291,10031
123298,6363
123305,340
123307,446
123307,447
123308,815
123310,669
123321,10032
123338,634
123350,43
123351,1563
123355,1908
123360,10033
123368,10034
123384,1618
123390,3950
123396,578
123399,1232
123409,10035
123418,1389
123421,447
123426,2710
123435,4286
123451,891
123453,2041
123463,2339
123471,179
123471,10036
123473,10037
123474,10038
123474,10039
123474,10040
123475,1344
123479,10041
123483,1757
123485,1568
123488,195
123491,8747
123491,10042
123492,4734
123502,319
123505,10043
123508,10044
123514,10045
123514,10046
123515,448
123519,2134
123526,10047
123527,1563
123529,121
123539,10048
123540,459
123542,931
123547,171
123551,10049
123552,4305
123563,446
123563,447
123573,10050
123575,540
123581,10051
123589,3315
123590,715
123604,161
123606,645
123624,2519
123628,1617
123647,10052
123648,8047
123654,10053
123656,587
123671,10054
123673,1065
123676,3136
123678,4303
123682,10055
123683,459
123695,693
123696,4380
123697,10056
123712,10057
123713,3702
123714,10058
123719,10059
123754,5565
123756,6870
123758,1177
123770,4399
123774,205
123775,552
123779,4077
123790,4211
123807,464
123811,10060
123823,10061
123835,10062
123841,611
123844,4136
123856,5589
123871,10063
123873,242
123884,62
123884,1452
123884,1826
123884,2093
123884,2693
123884,3231
123884,3850
123884,3851
123884,5140
123884,5447
123884,8815
123884,10064
123884,10065
123884,10066
123884,10067
123884,10068
123884,10069
123884,10070
123884,10071
123884,10072
123884,10073
123884,10074
123890,10075
123895,44
123912,6884
123918,1775
123933,6003
123936,721
123989,1175
123997,10076
124001,10077
124002,2467
124017,729
124019,185
124031,10078
124033,2404
124037,10079
124045,191
124047,10080
124055,53
124060,10081
124060,10082
124064,3603
124070,10083
124077,10084
124079,2371
124080,1800
124087,195
124088,2603
124092,363
124100,10085
124104,235
124108,485
124111,10086
124114,1009
124146,10087
124163,10088
124164,4635
124174,150
124177,10089
124183,10090
124201,804
124211,488
124217,10091
124222,446
124222,447
124229,10092
124229,10093
124230,1548
124231,209
124236,3113
124237,578
124247,813
124256,1587
124260,10094
124267,3883
124277,8
124278,290
124284,3776
124289,304
124289,10095
124290,5058
124294,4374
124294,4375
124294,4376
124296,10096
124297,10097
124304,3352
124306,10098
124307,578
124309,729
124311,10099
124327,298
124335,91
124338,10100
124339,3264
124340,1093
124348,2102
124351,6479
124355,2178
124358,5469
124361,2994
124367,3951
124369,3847
124382,189
124393,3459
124404,597
124407,10101
124411,10102
124421,10103
124434,721
124442,160
124443,2384
124445,928
124445,2487
124463,1985
124465,1053
124467,1033
124484,9495
124492,1846
124503,4627
124510,150
124512,10104
124513,145
124516,2914
124525,6328
124528,6254
124536,2495
124541,3472
124546,4195
124565,10105
124574,169
124576,203
124576,3158
124590,1390
124596,4118
124602,870
124613,3762
124615,39
124616,1908
124617,5514
124617,10106
124617,10107
124621,4238
124624,659
124630,4549
124632,10108
124646,1733
124649,1827
124653,4243
124657,117
124658,1428
124662,7614
124673,327
124680,10109
124685,10110
124695,10111
124702,10112
124708,10113
124712,1588
124721,1330
124727,3927
124731,1129
124737,10114
124752,721
124753,10115
124757,10116
124764,10117
124766,136
124772,8814
124779,2327
124790,69
124792,10118
124793,10119
124796,95
124804,274
124807,3069
124837,10120
124840,2304
124841,10121
124841,10122
124854,10123
124859,10124
124860,160
124873,3392
124876,6581
124880,160
124882,865
124896,1604
124898,1008
124916,956
124921,1389
124924,10125
124933,4854
124938,6145
124946,3677
124952,10126
124957,5637
124959,6504
124963,19
124977,10127
124993,376
125000,10128
125003,273
125013,6787
125016,10129
125018,10130
125021,2990
125025,143
125036,5231
125038,1829
125038,2459
125050,5469
125051,738
125079,605
125082,10131
125092,266
125094,5274
125095,2143
125106,3873
125110,10132
125116,8357
125118,10133
125122,8419
125126,358
125127,1605
125131,729
125132,1324
125133,10134
125133,10135
125134,10136
125138,13
125143,10137
125144,639
125149,10138
125153,337
125159,2520
125164,4955
125170,10139
125173,417
125183,336
125187,2730
125195,43
125196,3074
125200,1143
125203,140
125204,6774
125204,10140
125209,3832
125210,171
125220,3497
125222,10141
125223,4635
125226,213
125229,10142
125234,8850
125235,10143
125235,10144
125236,1686
125247,144
125251,1558
125256,1201
125262,1830
125280,10145
125285,977
125292,10146
125302,663
125306,10147
125311,727
125319,10148
125327,106
125334,6273
125339,3382
125341,3
125345,7009
125352,291
125353,8048
125370,1558
125372,43
125375,189
125376,4203
125380,10149
125386,9575
125392,7285
125393,10150
125395,10151
125398,4456
125399,671
125404,925
125408,295
125411,10152
125416,74
125420,10153
125427,663
125430,10154
125433,3046
125435,1300
125456,4518
125468,1457
125473,10155
125477,99
125478,501
125479,977
125484,1720
125495,501
125497,10156
125509,10157
125513,4464
125533,4799
125534,4747
125537,39
125558,165
125559,701
125560,10158
125565,3382
125578,10159
125586,993
125596,5167
125600,322
125601,10160
125608,2934
125610,10161
125638,552
125644,7031
125645,319
125646,10162
125647,10163
125649,587
125654,679
125658,1070
125664,10164
125666,136
125668,26
125673,2328
125695,754
125712,10165
125716,3627
125717,383
125718,10166
125719,10167
125725,254
125727,145
125730,803
125731,8326
125734,10168
125735,10169
125739,10170
125754,10171
125767,10172
125769,10173
125769,10174
125771,179
125771,1600
125772,1397
125772,10175
125780,2385
125807,7271
125813,8955
125814,185
125815,4532
125827,556
125828,1078
125841,1312
125849,476
125860,10176
125869,298
125875,116
125882,10177
125884,5262
125895,6563
125900,185
125915,10178
125916,2006
125919,2952
125921,105
125923,2575
125923,2576
125934,2475
125938,10179
125943,449
125948,659
125949,1105
125954,2806
125956,1558
125959,10180
125960,10181
125965,599
125965,1516
125978,10182
125981,10183
125987,140
126006,5536
126015,6749
126019,578
126026,10184
126066,10185
126067,1058
126068,194
126069,1381
126070,553
126075,4238
126078,10186
126086,1143
126091,119
126097,1547
126098,10187
126103,75
126112,127
126113,2339
126126,10188
126128,788
126130,3056
126136,1769
126138,5285
126139,123
126154,250
126155,8451
126158,185
126171,815
126174,1610
126175,929
126176,634
126178,788
126185,501
126192,662
126195,10189
126203,1096
126204,966
126209,1985
126212,222
126214,460
126217,1271
126224,10190
126231,383
126251,611
126257,10191
126268,10192
126278,7283
126292,942
126302,10193
126311,98
126315,10194
126320,2519
126321,10195
126329,3422
126337,10196
126345,2708
126347,1300
126359,10197
126372,10198
126379,3427
126380,1140
126396,2240
126404,10199
126408,10200
126414,10201
126417,150
126424,722
126425,7456
126426,148
126429,6930
126429,6931
126430,822
126457,10202
126463,4313
126469,10203
126471,10204
126483,305
126487,10205
126490,464
126494,6782
126502,10206
126512,6657
126516,3774
126517,10207
126523,10208
126538,10209
126547,398
126549,1374
126552,10210
126557,10211
126560,4303
126562,10212
126568,5692
126577,6968
126579,1797
126581,3100
126582,91
126585,26
126592,10213
126592,10214
126594,8765
126615,1744
126659,1424
126659,1425
126661,345
126669,2914
126671,2168
126675,10215
126677,10216
126681,67
126697,10217
126697,10218
126700,300
126707,10219
126709,10220
126721,5272
126721,5273
126738,5344
126739,2484
126741,10221
126747,266
126749,7964
126752,8334
126763,99
126771,5638
126777,2327
126787,10222
126788,439
126794,10223
126809,3948
126811,3889
126813,6838
126821,792
126822,2500
126833,242
126837,10224
126845,5815
126851,10225
126853,7069
126862,1936
126868,3476
126875,634
126878,1408
126879,2831
126882,1244
126885,1510
126886,870
126889,2708
126891,4498
126908,249
126910,10226
126918,1093
126922,2753
126923,3077
126927,10227
126935,3948
126939,6267
126946,10228
126954,305
126959,10229
126962,10230
126970,1279
126972,2690
126973,1082
126976,445
126977,804
126979,5475
126984,10231
126985,139
126988,10232
126988,10233
126997,10234
127001,4626
127013,1081
127028,738
127029,3218
127036,2371
127037,10235
127049,6570
127049,6571
127052,1457
127055,10236
127056,10197
127065,3429
127073,10237
127073,10238
127080,10239
127092,838
127102,10240
127104,10241
127105,1563
127135,5585
127141,431
127148,738
127152,885
127164,305
127169,162
127173,10242
127179,91
127180,10243
127181,2520
127183,679
127187,2088
127200,3847
127217,10244
127220,2231
127221,10245
127226,992
127235,597
127240,10246
127242,10247
127243,2868
127248,10248
127251,482
127252,189
127254,10249
127256,831
127271,10250
127283,99
127293,1727
127315,10251
127324,1238
127342,552
127344,10252
127349,315
127352,552
127357,947
127365,3180
127369,1175
127372,1216
127375,10253
127387,5517
127392,91
127393,3026
127395,358
127399,250
127407,8254
127409,722
127411,2945
127417,10254
127436,254
127443,10255
127453,424
127455,679
127462,3776
127467,10256
127468,10257
127492,4785
127505,1790
127515,123
127515,749
127534,4834
127538,364
127540,5174
127542,57
127557,10258
127570,248
127572,679
127573,7524
127574,733
127577,10259
127579,817
127579,1711
127579,1712
127584,10260
127595,393
127602,10261
127608,10262
127609,10263
127612,200
127616,2504
127617,3062
127621,10264
127627,3039
127628,10265
127638,1296
127647,803
127665,4602
127666,4685
127667,73
127670,2339
127674,1440
127684,161
127697,1089
127701,2858
127701,2859
127703,2500
127705,5826
127708,258
127710,10266
127710,10267
127716,10268
127720,6925
127725,10269
127733,2000
127735,976
127736,5362
127741,10270
127742,1303
127744,10271
127746,663
127758,10272
127763,1037
127763,1640
127763,1644
127763,3370
127763,10273
127763,10274
127763,10275
127763,10276
127763,10277
127763,10278
127763,10279
127763,10280
127763,10281
127763,10282
127763,10283
127763,10284
127763,10285
127763,10286
127763,10287
127763,10288
127763,10289
127763,10290
127763,10291
127763,10292
127763,10293
127763,10294
127763,10295
127763,10296
127763,10297
127763,10298
127763,10299
127763,10300
127763,10301
127764,6653
127775,2478
127782,2870
127793,161
127797,741
127809,10302
127811,10303
127834,10304
127836,4747
127837,1478
127842,1916
127844,544
127859,10305
127866,1102
127871,148
127877,148
127883,10306
127883,10307
127885,10308
127892,823
127896,2788
127902,4294
127905,39
127909,7298
127911,813
127913,10309
127925,202
127927,733
127933,662
127934,10310
127937,10311
127945,744
127947,10312
127948,1753
127949,10313
127953,8310
127958,76
127959,2520
127970,10314
127987,48
127999,5582
128001,4740
128008,1775
128010,10315
128012,39
128014,10316
128015,10317
128018,10318
128023,10319
128024,10320
128036,4187
128049,2953
128062,357
128064,189
128072,6660
128077,627
128078,7823
128086,962
128110,148
128111,552
128112,3196
128115,53
128119,3476
128123,305
128134,358
128145,10321
128156,1341
128157,10322
128160,10323
128161,10324
128165,117
128170,999
128171,48
128185,99
128199,1936
128208,274
128217,9719
128218,10325
128219,9912
128220,73
128237,1709
128237,2762
128264,2274
128278,2708
128279,10326
128281,2810
128284,806
128302,2915
128314,2890
128319,346
128330,501
128332,10327
128338,284
128345,1457
128355,10328
128355,10329
128355,10330
128355,10331
128355,10332
128356,10333
128365,10334
128366,10335
128367,10336
128368,10337
128369,1421
128403,1082
128419,620
128430,10338
128435,116
128444,2475
128451,814
128456,721
128459,5179
128460,3316
128472,1545
128474,10339
128474,10340
128486,7431
128491,10341
128492,431
128495,865
128506,105
128509,5263
128511,99
128519,931
128520,159
128521,161
128525,10342
128530,8149
128540,1452
128543,274
128545,10343
128546,641
128548,351
128559,2470
128570,280
128593,54
128597,965
128603,67
128604,1410
128615,191
128619,39
128620,4016
128623,446
128623,447
128629,10344
128631,2179
128633,6870
128641,307
128652,10345
128663,203
128665,488
128666,4335
128669,10346
128672,54
128673,3455
128674,10347
128679,10348
128684,10349
128692,587
128697,10350
128698,1525
128699,597
128699,10351
128703,44
128719,8472
128719,10352
128721,2596
128727,4753
128728,446
128728,447
128732,10353
128739,10354
128762,485
128770,679
128772,10355
128778,1172
128795,788
128800,4422
128802,10356
128806,578
128814,10357
128823,189
128824,6885
128826,2893
128827,3988
128828,10358
128836,2224
128846,203
128848,2987
128857,578
128859,1082
128859,10359
128862,1242
128867,587
128881,10360
128887,2837
128890,145
128896,2487
128905,179
128918,185
128919,2756
128923,127
128953,10361
128956,7102
128961,460
128967,771
128977,186
128985,10362
128989,117
128991,4077
128993,1372
128996,4000
129000,497
129013,8089
129022,4500
129025,10363
129028,10364
129038,5732
129040,7035
129042,1845
129046,10365
129046,10366
129046,10367
129049,10368
129082,10369
129082,10370
129083,3380
129087,5654
129096,1559
129097,174
129108,233
129116,2678
129124,821
129126,2539
129126,5392
129141,441
129145,2837
129151,3427
129159,275
129161,869
129167,9172
129176,10371
129178,4712
129200,1291
129213,3198
129220,3735
129221,10372
129229,284
129243,191
129247,2012
129249,10373
129250,9222
129255,923
129259,10374
129268,699
129275,4222
129282,5899
129295,980
129307,1063
129307,10375
129316,10376
129320,270
129324,10377
129324,10378
129327,10379
129328,10380
129335,414
129340,480
129343,10381
129357,999
129366,3467
129370,10382
129371,10383
129373,5531
129374,2609
129380,7200
129386,6968
129389,1584
129390,1971
129398,1136
129406,918
129411,24
129421,885
129427,304
129429,44
129431,4520
129434,1695
129447,145
129448,922
129450,447
129453,4684
129470,191
129485,1695
129486,6592
129492,10384
129492,10385
129494,5115
129496,587
129499,1572
129507,3677
129508,3442
129509,1450
129522,2185
129538,744
129542,6402
129546,493
129547,136
129548,962
129555,1136
129558,10386
129558,10387
129558,10388
129558,10389
129564,928
129569,2921
129570,2030
129572,3537
129584,10390
129595,358
129600,57
129604,336
129606,395
129618,162
129628,10391
129632,638
129639,280
129649,10392
129649,10393
129649,10394
129649,10395
129652,4679
129655,696
129656,1411
129684,209
129690,10396
129694,2901
129698,928
129699,6004
129712,1709
129712,1710
129719,10397
129723,8333
129730,10398
129731,6759
129731,10399
129743,9602
129751,3380
129752,10400
129760,254
129767,663
129768,10401
129774,10402
129796,10403
129799,337
129804,3083
129813,4631
129819,6417
129828,935
129829,10404
129834,6791
129840,26
129843,10405
129843,10406
129849,10407
129850,346
129851,10408
129864,869
129866,7663
129884,5804
129886,305
129890,123
129895,57
129897,4740
129919,195
129929,10409
129935,1186
129959,464
129966,4250
129967,189
129969,424
129970,10410
129975,1176
129991,10411
129995,7261
130018,800
130027,95
130030,10412
130033,587
130036,10413
130037,10414
130037,10415
130041,1193
130051,210
130055,9053
130060,587
130067,10416
130077,10417
130083,10418
130084,1543
130086,7418
130089,2256
130093,5232
130094,10419
130096,4549
130101,2371
130102,3055
130103,2252
130108,562
130110,992
130113,1834
130120,587
130124,1735
130133,10420
130140,7087
130151,7313
130153,784
130160,10421
130162,3136
130163,6838
130163,10422
130175,143
130178,10423
130179,9861
130184,48
130187,1271
130192,1312
130201,735
130202,2641
130208,336
130214,4452
130214,10424
130223,135
130244,1224
130247,9682
130249,10425
130255,10426
130255,10427
130259,26
130272,599
130272,600
130289,614
130291,10428
130297,446
130297,447
130298,862
130308,1002
130310,1765
130315,129
130322,10429
130325,10430
130329,9777
130332,10431
130332,10432
130347,284
130349,158
130354,6077
130356,3642
130363,904
130373,1097
130373,1098
130381,3789
130388,531
130392,7254
130393,8384
130394,57
130394,160
130394,200
130394,713
130394,837
130394,1372
130394,5213
130394,5992
130396,169
130401,4113
130406,2323
130408,10433
130412,573
130413,10434
130414,10435
130432,10075
130442,1584
130451,1158
130475,526
130478,10436
130482,1893
130501,10437
130503,663
130511,2144
130511,9030
130511,9456
130516,150
130531,7232
130534,242
130551,4251
130562,870
130562,8869
130565,10438
130568,3423
130580,6898
130582,317
130585,10439
130597,10440
130599,2031
130603,10441
130604,10442
130605,1003
130607,5553
130611,788
130613,1007
130616,10443
130616,10444
130622,4708
130623,331
130627,1375
130630,2092
130632,10445
130638,2736
130640,760
130641,157
130642,8048
130643,123
130646,8993
130648,1299
130651,1189
130654,5288
130658,4876
130675,10446
130680,5651
130680,10447
130684,2289
130688,1753
130691,1299
130695,573
130697,5419
130705,1415
130706,5647
130709,245
130710,2522
130717,10448
130724,1114
130744,681
130767,8720
130772,157
130773,962
130778,8149
130782,10449
130785,845
130786,95
130787,5276
130794,1330
130796,1099
130799,4972
130804,3870
130812,645
130816,150
130817,3300
130823,250
130825,10450
130826,3294
130834,457
130843,185
130847,5207
130855,10451
130868,399
130870,10452
130871,4440
130871,4441
130873,99
130874,1024
130878,2690
130884,2268
130888,1367
130898,3881
130902,6207
130918,10453
130919,722
130927,5252
130929,1601
130949,7285
130953,446
130953,447
130966,10454
130971,91
130973,10455
130977,6167
130981,1903
130983,10456
131005,10457
131014,1680
131023,697
131037,10458
131043,10459
131046,10460
131049,459
131060,501
131064,9984
131069,4862
131078,57
131078,158
131078,160
131078,185
131078,245
131078,578
131078,865
131078,1331
131078,1372
131078,5819
131081,10461
131083,611
131094,135
131098,10462
131108,2458
131111,10463
131125,2940
131128,10464
131129,358
131141,158
131144,4276
131145,10465
131146,544
131148,10466
131150,6470
131153,1563
131159,10467
131160,482
131165,862
131174,5565
131177,10468
131181,10469
131184,10470
131187,3595
131189,2088
131190,6768
131194,8307
131195,10471
131206,4520
131210,10472
131214,738
131217,10056
131218,788
131219,91
131250,10473
131262,431
131272,10474
131272,10475
131284,291
131289,242
131290,10476
131294,3775
131298,254
131307,160
131314,2686
131316,611
131317,1773
131320,10477
131329,233
131339,5638
131343,2328
131344,1044
131347,800
131350,10478
131355,766
131365,10479
131398,766
131406,544
131412,6661
131413,568
131419,7752
131421,9741
131444,3493
131447,10480
131448,157
131450,10481
131453,127
131473,1765
131477,10482
131480,270
131483,556
131486,10483
131491,10484
131501,10485
131502,185
131503,1093
131505,10486
131506,7163
131506,7164
131510,10487
131518,10488
131533,3532
131536,4361
131537,128
131543,10489
131543,10490
131554,885
131555,1331
131565,165
131575,999
131577,1375
131582,2593
131584,1755
131592,1242
131605,2089
131608,10491
131635,6193
131636,6664
131638,9361
131642,10492
131643,3012
131673,10493
131677,8380
131682,1303
131684,4444
131690,2168
131693,125
131698,150
131702,2020
131710,8362
131716,1558
131725,10494
131726,692
131731,157
131737,5660
131738,859
131745,1070
131751,1603
131752,321
131752,10495
131769,8334
131771,10496
131773,599
131773,600
131779,1510
131786,194
131799,39
131805,6403
131808,2860
131809,1325
131811,10497
131825,770
131826,736
131829,804
131831,10498
131842,2519
131845,2943
131845,2944
131852,2578
131858,10499
131860,2810
131865,2302
131865,2303
131868,394
131875,993
131878,10500
131889,263
131891,10501
131901,160
131902,10502
131903,5213
131915,8799
131921,78
131931,10503
131940,10504
131960,3391
131964,144
131968,4627
131969,3695
131976,189
131980,3203
131990,10505
132000,250
132004,482
132030,10506
132042,10507
132050,10508
132052,10509
132053,1942
132057,2987
132059,2125
132059,3268
132065,795
132095,10510
132097,10511
132097,10512
132097,10513
132099,926
132108,10514
132109,10515
132115,1583
132128,4829
132135,10516
132144,729
132149,1775
132154,10517
132157,4374
132157,4375
132157,4376
132158,1753
132163,10305
132189,161
132198,10356
132206,2637
132207,132
132217,44
132229,10518
132233,162
132238,2302
132238,2303
132241,1110
132246,546
132247,1617
132247,2299
132249,10519
132251,2010
132253,460
132271,4299
132274,10520
132275,820
132276,999
132281,5354
132283,5231
132288,10521
132297,4557
132298,157
132317,10522
132335,5321
132339,2424
132341,1568
132343,10523
132350,727
132357,5531
132360,556
132361,721
132373,10524
132390,663
132392,841
132392,842
132396,6821
132401,10525
132402,10526
132402,10527
132406,6736
132407,10528
132408,744
132409,10529
132419,2629
132425,784
132427,1451
132429,383
132440,4325
132478,10530
132486,131
132487,537
132490,10531
132492,10532
132509,1539
132515,3041
132520,57
132525,10533
132538,140
132539,9353
132540,984
132543,10249
132573,6149
132583,13
132585,10534
132592,249
132609,5344
132612,5874
132612,10535
132617,3922
132617,3923
132629,250
132633,2837
132645,10536
132649,10537
132658,3267
132680,10538
132681,729
132684,5285
132687,2772
132687,2774
132687,10539
132703,552
132704,36
132704,10540
132718,5341
132720,8494
132744,10541
132744,10542
132758,2404
132760,22
132764,6822
132773,195
132778,1165
132787,3034
132788,8243
132800,10543
132804,578
132808,132
132809,10544
132817,10545
132825,3708
132840,5627
132841,1007
132856,482
132863,10546
132866,91
132872,10547
132873,10548
132877,10549
132886,697
132889,2307
132891,10550
132894,10551
132895,8334
132897,6520
132903,1916
132914,5562
132916,1477
132917,4452
132917,10552
132917,10553
132924,9884
132924,10554
132932,10555
132942,3680
132946,6218
132957,1587
132962,284
132963,298
132969,10556
132971,612
132971,4291
132973,57
132974,4602
132980,10557
132981,10110
132985,531
132986,803
132987,3100
132998,634
133005,6853
133013,6853
133020,5579
133021,4364
133027,235
133027,319
133027,485
133027,1695
133027,1843
133027,2865
133027,3194
133027,4985
133027,5754
133027,7282
133027,10558
133029,578
133040,10559
133040,10560
133040,10561
133040,10562
133046,281
133049,815
133052,235
133061,531
133063,233
133065,3371
133071,99
133083,862
133091,526
133096,10563
133099,351
133114,5430
133126,2441
133129,1457
133130,358
133133,10564
133138,53
133148,4409
133153,785
133158,10565
133192,200
133196,9108
133200,6317
133207,61
133208,1719
133209,10566
133222,117
133226,10567
133236,5
133242,10568
133257,340
133260,9160
133267,10569
133279,10570
133282,10571
133284,995
133287,2467
133292,8820
133301,3440
133302,160
133307,191
133315,5565
133322,482
133323,10572
133325,532
133328,846
133335,10573
133339,701
133347,10574
133355,200
133373,386
133384,2519
133411,2914
133413,1419
133415,10575
133415,10576
133423,10577
133424,10578
133431,1830
133445,10579
133446,1695
133449,713
133452,10175
133458,3476
133463,2225
133475,510
133477,3440
133478,4627
133493,10580
133498,10581
133508,776
133512,10582
133513,10583
133523,99
133527,777
133528,10584
133542,10585
133549,1765
133551,10586
133553,3604
133559,1713
133569,10587
133587,10588
133597,99
133597,1283
133600,8659
133601,358
133616,2807
133618,191
133637,10589
133644,10590
133646,885
133666,99
133667,10591
133669,10592
133677,10593
133681,1186
133689,2021
133697,885
133708,10594
133712,2088
133713,1194
133715,493
133718,1503
133719,2770
133728,10595
133732,10596
133733,9445
133743,5613
133751,1720
133753,4327
133765,380
133778,194
133786,91
133793,4409
133801,665
133802,254
133818,1856
133818,1857
133818,1860
133818,1867
133818,2196
133818,2211
133818,3083
133818,3087
133818,3540
133818,3541
133818,4326
133818,5123
133818,7267
133818,7759
133818,10597
133818,10598
133818,10599
133818,10600
133829,73
133849,1469
133853,10601
133857,1473
133857,5288
133857,10602
133861,171
133873,22
133890,10603
133893,10604
133893,10605
133893,10606
133893,10607
133893,10608
133896,723
133898,10609
133906,206
133910,239
133912,10610
133915,10611
133917,3252
133919,10612
133937,10613
133940,10614
133950,10615
133952,5153
133958,10616
133966,179
133966,1635
133973,624
133983,509
133997,10617
133998,10618
133999,8995
134000,10619
134008,10620
134015,10621
134027,10622
134033,10623
134033,10624
134033,10625
134033,10626
134042,3174
134049,10627
134053,7838
134070,358
134074,263
134079,1312
134082,929
134089,203
134100,10628
134103,663
134104,1830
134113,145
134114,10629
134115,1968
134123,10630
134123,10631
134127,10632
134130,263
134136,195
134142,1512
134155,154
134165,10633
134178,10634
134185,10635
134186,8553
134193,10636
134206,10637
134209,10638
134211,3153
134214,2500
134216,5638
134222,157
134224,10639
134227,300
134227,1344
134233,464
134234,1331
134237,9105
134245,4635
134250,284
134255,1401
134255,10640
134262,1009
134265,10641
134267,91
134268,6825
134271,10642
134279,10643
134281,5721
134284,1685
134290,99
134292,5949
134292,5950
134296,4867
134300,9877
134302,10644
134306,2678
134313,10645
134314,10451
134316,1595
134323,8102
134331,681
134340,1655
134346,10646
134351,423
134355,931
134360,10647
134365,5636
134366,1484
134373,10648
134380,10649
134388,10650
134396,8847
134397,10651
134400,6888
134403,10652
134414,1376
134416,5272
134416,5273
134419,5906
134420,3323
134421,723
134425,10653
134462,3695
134463,358
134475,10654
134476,10655
134478,10656
134486,10657
134491,10658
134493,10659
134493,10660
134498,117
134510,1831
134514,10661
134518,1028
134519,10662
134523,7781
134545,7503
134548,578
134554,10663
134565,2667
134569,3069
134590,284
134594,4549
134598,460
134609,99
134623,4131
134624,634
134629,4289
134635,2724
134649,6774
134652,4250
134653,918
134656,722
134657,9655
134666,10664
134675,1094
134679,10665
134680,1052
134684,5140
134718,10666
134724,537
134726,2031
134728,10667
134731,1891
134735,10668
134736,1203
134742,10669
134754,235
134762,10670
134765,10671
134771,215
134782,10672
134782,10673
134803,10674
134833,4025
134838,25
134839,2500
134840,10675
134852,10676
134854,10677
134864,10678
134866,10679
134866,10680
134888,1093
134892,10681
134894,116
134896,647
134896,5110
134899,10682
134902,828
134902,829
134908,10683
134912,284
134920,2649
134920,10684
134923,10685
134924,1583
134937,728
134940,10686
134940,10687
134945,9498
134951,10688
134960,10689
134973,191
134976,26
134982,1592
134982,6153
134982,6489
134982,10690
134982,10691
134982,10692
134982,10693
134982,10694
134982,10695
134982,10696
134982,10697
134982,10698
134982,10699
134985,6881
134992,5567
134997,10700
135007,493
135007,10701
135011,10702
135020,102
135031,10703
135032,254
135050,10704
135053,340
135060,10705
135064,464
135068,2890
135076,1379
135078,10706
135102,85
135111,2712
135112,10707
135117,160
135123,659
135124,8358
135125,10708
135126,126
135132,1892
135134,10233
135139,10709
135147,2125
135147,3268
135168,10710
135169,2591
135170,6740
135172,7779
135173,10711
135186,8179
135189,91
135193,578
135200,759
135201,10712
135208,2088
135209,5882
135219,986
135222,340
135240,2924
135245,25
135246,1312
135249,10713
135252,10714
135254,105
135260,919
135263,4725
135275,2144
135277,9260
135282,10715
135286,10716
135290,4197
135290,10717
135292,281
135303,305
135327,10718
135333,2102
135347,2031
135356,8238
135359,426
135366,127
135371,10719
135379,2276
135380,10720
135382,10721
135385,1829
135388,154
135390,4520
135391,9
135398,2035
135406,3229
135406,3230
135414,1094
135423,918
135431,394
135431,740
135431,1951
135431,3777
135431,4861
135431,5123
135431,7625
135431,10722
135431,10723
135431,10724
135431,10725
135431,10726
135431,10727
135431,10728
135431,10729
135433,10730
135445,701
135447,451
135448,659
135449,2527
135449,10731
135463,53
135471,10732
135476,10733
135487,1769
135490,3110
135492,6968
135493,1316
135506,446
135506,447
135513,9889
135514,578
135516,10734
135518,10735
135521,2102
135522,10736
135523,717
135526,1695
135530,838
135533,3677
135542,6369
135550,215
135557,148
135559,4399
135562,119
135562,120
135562,121
135562,1008
135593,1584
135596,1435
135606,5895
135609,736
135610,10737
135611,10738
135615,568
135620,10739
135628,1242
135632,10740
135637,1971
135640,3981
135655,3427
135682,10741
135699,1846
135705,5020
135706,1082
135713,663
135713,10742
135718,663
135724,10407
135735,2858
135735,2859
135755,191
135755,2753
135764,1713
135766,10743
135767,6951
135778,9721
135780,1491
135803,1695
135804,631
135815,1128
135817,200
135835,227
135836,1102
135850,10744
135858,242
135859,611
135874,10745
135884,798
135886,366
135891,578
135902,4573
135908,1123
135909,8134
135909,10746
135909,10747
135912,10748
135913,10749
135917,6538
135928,7
135934,10750
135937,742
135955,8892
135970,4886
135970,10751
135975,497
135977,1728
135981,88
135994,10752
136000,1025
136004,10753
136007,2222
136008,2404
136012,53
136016,8731
136021,284
136025,263
136028,10754
136031,10755
136031,10756
136032,2418
136034,669
136035,2500
136071,446
136071,447
136079,1905
136082,785
136085,721
136086,10757
136097,4635
136106,1369
136111,5940
136111,5943
136121,4975
136125,1303
136130,179
136130,1063
136130,1161
136130,1635
136130,1854
136130,1859
136130,1938
136130,2102
136130,2512
136130,3099
136130,3541
136130,5737
136130,5738
136130,9035
136130,10758
136130,10759
136130,10760
136133,2785
136133,2786
136137,474
136137,10761
136140,10762
136145,674
136146,495
136149,1951
136149,3204
136150,10763
136155,1879
136173,531
136174,329
136176,1180
136179,148
136182,5701
136185,328
136190,679
136199,476
136200,1727
136202,6176
136207,10764
136213,7807
136218,1238
136219,8149
136238,116
136240,1273
136241,10765
136251,364
136255,25
136259,699
136260,2541
136261,4544
136267,200
136303,10766
136306,3572
136308,10767
136308,10768
136318,10769
136327,1065
136327,5548
136338,52
136339,9292
136352,1216
136360,10770
136363,993
136367,284
136394,552
136399,962
136406,117
136411,3434
136426,1748
136439,634
136445,10771
136454,10357
136473,4490
136475,1834
136477,10772
136481,10773
136482,803
136498,846
136507,2788
136511,135
136532,2118
136539,820
136540,689
136549,10774
136554,7671
136555,2141
136557,10775
136560,10776
136562,175
136566,10777
136583,44
136586,10778
136607,10779
136607,10780
136608,446
136608,447
136612,3058
136612,10781
136625,838
136626,6995
136631,10782
136635,10783
136637,1107
136646,3975
136648,2997
136651,713
136656,1195
136656,1196
136656,10784
136661,10785
136663,2566
136668,817
136683,5513
136699,242
136702,10786
136702,10787
136705,10788
136708,10789
136717,920
136718,3787
136726,158
136745,383
136749,556
136751,10790
136754,10791
136757,1968
136766,10792
136773,460
136777,91
136780,10793
136780,10794
136791,10709
136797,10795
136798,57
136799,2228
136801,2678
136808,3023
136815,160
136823,1797
136830,7431
136842,395
136846,164
136847,4862
136860,4399
136866,562
136870,10796
136877,202
136881,3491
136892,1591
136900,106
136900,10797
136900,10798
136900,10799
136900,10800
136901,721
136916,798
136933,179
136934,291
136954,10801
136955,1531
136960,10802
136965,679
136969,99
136972,5613
136978,10803
136980,9575
136989,74
136992,1117
136993,10804
136994,10805
136997,10806
136997,10807
137005,10808
137006,604
137007,1717
137013,679
137020,6362
137023,2384
137024,670
137026,552
137033,10809
137036,2999
137072,5559
137074,10810
137080,1001
137082,1471
137086,931
137087,336
137093,5472
137093,5473
137096,663
137097,2686
137106,140
137112,1846
137123,1057
137131,5679
137135,136
137146,245
137154,143
137157,324
137159,10811
137159,10812
137174,1193
137175,10813
137180,10814
137191,3422
137195,10815
137209,1419
137217,10816
137229,3002
137231,1418
137259,777
137264,1556
137267,203
137268,284
137272,1368
137284,2788
137288,713
137291,417
137292,217
137299,1299
137312,6166
137312,10817
137319,10818
137321,846
137324,10819
137332,10820
137342,3173
137347,10821
137350,53
137359,10822
137360,4682
137369,3467
137371,10823
137376,3948
137386,91
137388,195
137399,1765
137407,2384
137424,4932
137430,8207
137433,10824
137443,10825
137445,10826
137446,250
137447,192
137458,10827
137466,5410
137476,1512
137479,10828
137480,841
137480,842
137481,2282
137489,2639
137493,1201
137502,10829
137503,2404
137507,99
137508,8451
137509,432
137517,10830
137519,657
137520,251
137525,10831
137527,10832
137532,2088
137533,74
137537,10833
137541,10834
137543,1891
137564,10835
137570,74
137575,578
137577,600
137577,1128
137577,3090
137577,10836
137577,10837
137577,10838
137577,10839
137577,10840
137577,10841
137579,662
137581,587
137589,135
137602,222
137607,446
137607,447
137608,117
137611,2678
137612,162
137620,1238
137624,668
137627,1484
137642,6270
137642,10604
137642,10605
137648,2656
137654,10842
137660,1089
137664,424
137665,1891
137666,1971
137675,185
137684,1720
137697,3028
137701,10843
137703,556
137710,488
137727,257
137739,7034
137742,10844
137745,858
137747,317
137753,10845
137757,999
137760,856
137769,4378
137795,5860
137800,2475
137802,10846
137807,1958
137809,10847
137816,1061
137822,164
137839,1449
137839,1450
137842,107
137847,361
137851,10558
137853,10848
137864,10849
137874,10488
137877,10850
137878,2519
137887,689
137890,105
137900,26
137918,10851
137922,2102
137924,10852
137939,10853
137952,5880
137956,7911
137965,1140
137972,1186
137975,3282
137981,721
137996,185
138012,358
138013,1977
138016,61
138018,81
138040,742
138047,5559
138048,4635
138060,10854
138072,1521
138081,447
138098,10855
138113,1825
138122,171
138126,10856
138153,1307
138160,10857
138167,120
138169,58
138173,6362
138188,1584
138192,85
138214,10858
138222,10859
138227,3467
138235,10860
138235,10861
138244,10862
138244,10863
138253,1602
138257,752
138259,1915
138259,10864
138271,4187
138283,1851
138295,3491
138296,4786
138296,4787
138297,10865
138301,185
138317,136
138318,495
138321,319
138334,3514
138338,2032
138343,394
138347,529
138355,10866
138356,54
138358,800
138362,9638
138365,541
138367,3204
138369,1065
138369,1976
138371,5613
138373,242
138386,3907
138387,26
138396,663
138398,4435
138399,10867
138406,227
138407,10868
138411,281
138421,148
138433,5991
138434,2098
138435,2969
138435,2970
138442,10869
138442,10870
138453,526
138458,7557
138467,5553
138471,1910
138475,414
138476,340
138477,1213
138480,10871
138480,10872
138480,10873
138490,2829
138498,332
138498,6954
138501,1312
138503,10874
138504,701
138512,127
138524,662
138537,10875
138540,233
138543,2533
138547,501
138551,668
138554,8167
138555,298
138576,10876
138587,9967
138599,10877
138605,689
138608,189
138614,556
138617,4577
138628,10878
138629,136
138633,1972
138634,754
138636,8277
138640,2594
138641,10879
138644,161
138649,3330
138652,291
138654,284
138658,721
138668,1399
138670,1875
138678,10880
138679,578
138684,10881
138686,10882
138698,1483
138705,2216
138728,5517
138731,10883
138749,148
138749,3094
138749,5123
138749,6901
138749,8584
138749,8585
138749,8590
138749,10884
138749,10885
138749,10886
138749,10887
138749,10888
138749,10889
138750,10890
138755,10891
138764,99
138772,3591
138784,10892
138790,10893
138793,7916
138794,10894
138805,689
138806,10895
138810,162
138814,8367
138816,638
138824,4932
138832,7696
138850,10896
138854,10897
138860,10898
138866,9578
138873,10899
138874,10900
138876,10901
138878,2681
138881,78
138886,9745
138895,2302
138895,2303
138899,741
138905,464
138909,753
138911,1846
138913,1531
138918,9638
138925,450
138929,781
138930,4024
138940,1070
138942,624
138950,6759
138959,2072
138962,192
138967,5509
138968,2690
138976,1452
138981,10902
138990,305
138991,1135
139009,681
139010,1242
139017,10903
139019,761
139049,2088
139063,10904
139079,161
139086,2302
139086,2303
139099,1193
139101,541
139103,1891
139106,7037
139108,6125
139115,10439
139119,337
139124,1477
139125,10905
139133,841
139133,842
139135,2424
139146,10906
139150,215
139164,821
139168,280
139180,3537
139185,3703
139194,659
139216,10907
139223,10908
139241,3076
139242,2165
139249,1096
139253,10909
139255,148
139257,599
139257,600
139258,203
139265,213
139295,254
139297,1695
139316,157
139329,749
139335,728
139336,1765
139340,1440
139341,1995
139350,99
139354,2339
139356,6652
139367,10910
139377,10911
139377,10912
139380,5904
139384,287
139386,599
139386,600
139388,10419
139394,7477
139395,1117
139406,578
139408,2500
139415,5457
139428,7849
139428,10913
139431,85
139433,2274
139435,6539
139440,951
139441,1767
139447,10914
139450,33
139466,10915
139478,1740
139479,2656
139480,803
139485,3681
139486,2282
139494,1273
139502,2535
139507,8699
139510,10916
139527,563
139527,1058
139527,1285
139540,959
139542,347
139544,10874
139548,10917
139558,6550
139571,3891
139579,6269
139584,2454
139590,48
139590,935
139590,957
139590,3439
139590,10918
139591,10919
139596,6129
139603,2102
139609,10920
139615,679
139628,6181
139641,482
139644,1909
139656,185
139662,3715
139669,671
139675,10921
139677,10922
139682,4026
139687,5954
139690,10923
139699,280
139701,3069
139719,1038
139719,10924
139728,838
139741,815
139753,409
139753,10925
139764,846
139774,1445
139786,10926
139788,1775
139792,10927
139792,10928
139803,1498
139808,2593
139812,5776
139814,980
139816,189
139819,3026
139821,10929
139821,10930
139825,662
139826,10931
139829,999
139830,878
139830,8682
139832,10932
139841,6308
139846,3907
139851,10933
139861,9248
139863,10934
139882,531
139883,10935
139896,117
139902,7388
139905,663
139905,5479
139916,199
139921,10936
139926,578
139931,5486
139932,10937
139935,9544
139940,947
139945,1943
139951,185
139977,3812
139978,179
139981,10938
139983,185
139989,242
139996,1733
140012,946
140015,10939
140016,139
140028,10940
140032,10941
140033,6949
140036,4180
140042,737
140043,10942
140050,10943
140054,135
140069,2500
140087,10944
140097,117
140101,1548
140108,10945
140109,4255
140111,10946
140117,10947
140129,10948
140132,2229
140140,10949
140144,544
140149,352
140151,205
140153,10950
140168,8152
140188,10951
140190,446
140190,447
140194,10952
140202,150
140212,95
140213,274
140219,671
140221,1193
140235,6081
140237,1618
140244,784
140255,3439
140256,3032
140264,488
140267,10953
140288,546
140301,5669
140302,242
140310,3948
140311,578
140328,1899
140336,7271
140338,2638
140351,1837
140356,1830
140357,151
140358,1558
140362,2519
140373,10954
140375,9401
140381,10955
140387,4435
140392,9612
140392,10956
140393,9221
140397,10957
140399,1179
140410,552
140410,4934
140415,721
140433,10958
140439,157
140442,10959
140442,10960
140461,587
140476,1476
140477,1891
140478,6996
140483,3066
140490,10961
140495,968
140510,578
140517,3207
140518,136
140527,6425
140530,366
140540,7472
140549,395
140552,9767
140555,10962
140586,10963
140587,6788
140595,10964
140604,10965
140607,10966
140610,261
140618,10967
140628,10968
140632,2039
140633,57
140638,5040
140647,2444
140668,1720
140684,10969
140687,10970
140691,3536
140702,179
140702,7352
140716,5245
140721,157
140722,4239
140722,10971
140730,2307
140731,8755
140736,1316
140737,2770
140753,2343
140753,2344
140755,2708
140757,254
140768,663
140770,501
140783,549
140788,727
140791,376
140793,1593
140796,10972
140812,10973
140825,3445
140826,10974
140845,106
140846,3669
140849,501
140852,7228
140858,10975
140867,10976
140882,10758
140894,10977
140896,6662
140900,2522
140910,10978
140912,5781
140915,10979
140915,10980
140916,10981
140916,10982
140917,4077
140921,311
140921,312
140926,1591
140929,741
140938,111
140940,1520
140941,10983
140945,2037
140952,701
140955,140
140956,1943
140959,10984
140960,242
140970,7726
140976,3726
140977,1695
140985,885
140991,25
140993,6247
140998,3177
141002,1563
141014,10985
141019,1885
141030,22
141034,1186
141035,815
141039,4705
141042,213
141044,10423
141045,275
141047,7602
141048,10986
141052,641
141056,1588
141066,10987
141069,537
141071,10988
141075,10989
141081,1411
141083,150
141092,446
141092,447
141093,39
141105,10990
141105,10991
141106,10992
141110,319
141111,738
141116,1695
141118,10993
141122,213
141127,6740
141132,5404
141135,10994
141145,1194
141146,10995
141151,185
141153,10996
141155,159
141157,120
141170,7664
141170,7665
141172,10997
141180,409
141184,5090
141188,10998
141190,2459
141192,4364
141207,73
141211,305
141216,8940
141222,10999
141222,11000
141244,11001
141254,662
141256,11002
141257,136
141260,11003
141266,11004
141270,552
141274,153
141279,11005
141280,1872
141292,821
141295,11006
141296,1529
141312,1903
141322,148
141328,11007
141341,1688
141344,931
141346,11008
141355,7922
141362,99
141367,870
141368,54
141372,161
141376,1964
141380,4460
141388,1826
141402,300
141404,10171
141408,3430
141411,11009
141411,11010
141413,11011
141414,11012
141426,22
141427,160
141428,179
141432,7729
141440,11013
141451,4718
141455,6778
141462,3173
141465,1695
141474,6254
141481,209
141498,9549
141501,157
141510,157
141528,11014
141547,11015
141549,459
141550,4955
141552,1312
141553,5540
141555,587
141560,599
141560,1516
141578,11016
141579,2190
141580,509
141590,3705
141600,11017
141608,11018
141608,11019
141617,485
141621,925
141631,692
141646,1242
141647,9259
141651,3380
141654,8451
141664,3816
141666,781
141675,291
141676,1174
141679,1936
141714,10336
141726,1602
141762,11020
141762,11021
141762,11022
141762,11023
141767,11024
141770,4460
141778,92
141781,595
141782,318
141783,11025
141787,11026
141791,1695
141799,8919
141802,200
141806,8085
141806,8086
141822,5841
141835,6021
141841,2924
141844,4977
141848,298
141859,2712
141864,11027
141883,1760
141898,3077
141899,11028
141902,1123
141908,11029
141915,11030
141916,3663
141922,4934
141924,11031
141926,11032
141933,674
141950,11033
141951,11034
141956,11035
141961,22
141963,488
141966,1558
141967,161
141972,3028
141975,39
141978,200
141980,986
141981,155
141989,2597
141990,305
142004,4513
142025,6099
142027,11036
142032,11037
142041,148
142041,1851
142041,1853
142041,1855
142041,1856
142041,1857
142041,1859
142041,1862
142041,1865
142041,1867
142041,1868
142041,1869
142041,1871
142041,1872
142041,1874
142041,2094
142041,3534
142041,3888
142041,11038
142041,11039
142042,284
142058,13
142072,11040
142073,6004
142077,11041
142077,11042
142082,99
142083,11043
142089,11044
142098,11045
142104,11046
142115,11047
142117,11048
142121,11049
142123,3392
142125,5163
142127,8733
142128,599
142128,600
142131,485
142149,4335
142151,11050
142158,341
142161,11051
142165,8923
142169,11052
142179,11053
142182,346
142188,248
142195,552
142211,11054
142233,7901
142249,11055
142252,254
142262,281
142264,1440
142269,872
142271,451
142275,275
142283,737
142286,11056
142291,11057
142297,1694
142303,144
142307,1971
142316,4708
142317,11058
142318,11059
142319,788
142320,679
142345,354
142345,355
142345,6225
142345,6226
142354,11060
142362,11061
142362,11062
142362,11063
142363,11064
142370,553
142373,689
142422,11065
142427,254
142428,6712
142447,11066
142458,11067
142474,1556
142476,191
142484,11068
142487,4271
142489,663
142490,629
142498,300
142504,11069
142506,44
142516,11070
142525,11071
142525,11072
142526,227
142528,656
142529,578
142531,39
142540,1244
142541,11073
142550,345
142552,4026
142570,11074
142571,712
142572,1632
142572,8061
142572,11075
142572,11076
142572,11077
142572,11078
142572,11079
142572,11080
142572,11081
142572,11082
142572,11083
142575,1330
142590,11084
142592,3852
142596,4471
142605,5513
142607,11085
142623,11086
142625,388
142629,157
142631,2482
142631,11087
142631,11088
142634,11089
142649,6062
142653,11090
142659,482
142661,3020
142662,4932
142668,11091
142682,11092
142686,135
142687,11093
142688,9063
142693,2404
142694,11094
142696,2282
142701,161
142703,11095
142703,11096
142710,5242
142712,1709
142712,1710
142714,177
142715,11097
142715,11098
142719,4934
142720,7529
142724,3748
142728,11099
142747,2329
142749,305
142766,6091
142777,4538
142781,157
142788,11100
142789,150
142794,2922
142795,222
142808,157
142823,931
142827,11101
142829,9998
142833,105
142834,1685
142835,2024
142836,99
142837,3245
142849,7219
142866,5696
142870,150
142880,11102
142886,11103
142886,11104
142897,8501
142903,2243
142935,1699
142936,6367
142939,11105
142948,800
142963,11106
142963,11107
142967,5289
142973,3294
142974,11108
142976,1547
142986,3020
142990,931
142997,4131
143004,8500
143015,11109
143016,684
143020,11110
143024,175
143038,11111
143041,1800
143043,6441
143045,2681
143054,5991
143056,291
143059,1139
143064,11100
143065,11112
143065,11113
143066,9095
143067,5548
143067,5549
143078,713
143084,242
143089,1608
143103,870
143104,298
143110,1141
143113,11114
143131,6758
143134,1238
143135,11115
143142,679
143146,4071
143155,1080
143162,11116
143164,136
143168,11117
143182,11118
143183,2628
143189,298
143190,7049
143190,7050
143198,200
143205,11119
143208,284
143216,678
143218,11120
143220,738
143237,5466
143251,5973
143253,11110
143263,162
143269,1760
143273,1058
143281,39
143292,821
143297,2929
143303,11121
143306,1658
143307,2276
143316,11122
143327,658
143338,656
143339,11123
143346,99
143348,3964
143355,907
143357,1635
143359,4448
143370,11124
143379,2809
143388,6617
143394,2189
143401,11125
143402,150
143404,3702
143405,2302
143405,2303
143412,11002
143419,818
143422,11126
143427,2709
143431,6115
143435,1507
143443,4156
143447,135
143448,185
143453,7459
143462,3284
143497,3317
143503,85
143505,11127
143507,722
143509,1094
143520,2302
143520,2303
143529,803
143530,578
143539,11128
143551,3777
143556,526
143557,11129
143578,1846
143580,5995
143592,11130
143600,11131
143610,848
143618,11132
143627,157
143628,44
143631,817
143631,1711
143631,1712
143640,699
143647,284
143655,11133
143670,928
143670,3837
143675,11134
143677,8048
143683,185
143685,11135
143687,870
143696,11136
143699,3948
143712,78
143713,5924
143741,161
143755,578
143757,3001
143758,11137
143758,11138
143761,99
143763,11139
143765,7564
143766,1624
143777,11136
143781,1498
143788,5609
143789,721
143792,11140
143802,4238
143812,11141
143824,11142
143826,11143
143859,11144
143867,8682
143869,2914
143877,6825
143878,3143
143889,11145
143900,11146
143904,11147
143910,1806
143915,578
143922,1558
143925,39
143927,3304
143928,11148
143929,3802
143935,11149
143940,139
143942,11150
143948,10077
143948,11151
143950,298
143956,3806
143957,11152
143960,11153
143966,3338
143966,11154
143977,629
143980,10322
143987,11155
143994,1808
143994,1809
143996,11156
143997,658
144005,1093
144008,273
144011,4372
144028,319
144040,1429
144065,185
144071,697
144075,2532
144077,1372
144086,3139
144087,11157
144096,8914
144096,11158
144096,11159
144097,1834
144098,11160
144099,11161
144104,148
144104,7775
144107,1608
144112,6085
144121,9569
144126,556
144127,9987
144128,11162
144130,11163
144132,2166
144140,11164
144141,4374
144144,11165
144144,11166
144144,11167
144149,11168
144159,91
144169,1321
144174,11169
144181,578
144182,2098
144199,74
144200,11170
144207,11171
144212,11172
144216,11173
144217,91
144218,5
144224,2115
144226,1852
144226,3532
144226,3536
144251,746
144259,11174
144263,728
144266,11175
144266,11176
144276,1061
144282,203
144290,552
144295,3713
144299,3857
144302,11177
144304,9174
144310,4627
144310,11178
144326,3037
144331,11179
144331,11180
144336,5239
144339,951
144340,2404
144344,11181
144344,11182
144347,4117
144348,6741
144350,91
144355,253
144362,222
144372,54
144373,169
144374,139
144376,2371
144394,39
144406,3928
144410,54
144411,327
144424,11183
144424,11184
144430,11185
144432,307
144443,4904
144451,91
144456,2031
144468,813
144470,693
144472,578
144486,75
144488,16
144489,11186
144493,281
144496,482
144497,319
144506,699
144507,9080
144507,11187
144522,53
144523,99
144524,4211
144526,11188
144529,11189
144531,5843
144533,1300
144545,9296
144559,3927
144561,1180
144561,3529
144565,11190
144573,131
144585,8255
144596,6151
144596,10404
144596,11191
144599,5919
144608,11192
144622,1435
144628,11193
144646,7887
144647,556
144651,11194
144651,11195
144654,11196
144660,11197
144662,1706
144663,993
144666,11198
144676,11199
144681,33
144690,130
144696,319
144697,116
144703,11200
144713,729
144721,11201
144723,567
144724,203
144730,4404
144735,4006
144736,1525
144741,185
144753,11202
144756,11203
144757,2381
144758,136
144766,300
144780,11204
144786,4716
144789,1818
144789,11205
144789,11206
144793,4440
144793,11207
144796,11208
144807,1082
144808,174
144810,11209
144811,11210
144840,192
144845,689
144851,11211
144856,553
144860,150
144868,869
144880,11212
144885,11213
144887,4448
144889,2583
144895,69
144898,11214
144907,266
144909,11215
144913,1233
144931,11216
144932,10404
144938,78
144939,669
144950,11217
144954,11218
144964,1879
144966,11219
144973,11220
144980,1477
144980,1672
145000,8163
145012,11221
145016,711
145029,11222
145034,11223
145034,11224
145037,4456
145039,298
145047,4083
145052,11225
145060,235
145063,2481
145063,11226
145064,4436
145067,57
145068,4060
145074,135
145079,821
145080,573
145091,11227
145092,161
145095,11228
145099,977
145104,701
145113,1206
145119,4288
145121,1312
145126,662
145144,3467
145148,7008
145155,701
145166,3066
145166,9180
145169,398
145170,6629
145183,578
145184,11229
145185,1829
145186,11230
145189,254
145204,10251
145210,11231
145211,11232
145220,1891
145221,6511
145222,2379
145234,5173
145235,891
145236,11233
145249,611
145256,133
145257,867
145258,499
145263,4030
145268,248
145269,3805
145282,4389
145291,9058
145292,10963
145295,11234
145302,4430
145310,8384
145333,5364
145338,1577
145339,531
145350,6147
145350,6749
145366,3233
145377,1140
145381,1136
145384,446
145384,447
145385,11235
145389,821
145394,2471
145402,2681
145404,2460
145406,11236
145411,209
145413,1118
145417,245
145427,6834
145430,482
145444,571
145445,85
145452,304
145455,562
145461,144
145471,11237
145485,1193
145488,7030
145489,6691
145492,11238
145503,4937
145507,2629
145517,11239
145518,11240
145531,11241
145534,295
145538,869
145539,1083
145562,189
145563,6472
145567,6838
145570,22
145590,148
145596,11242
145597,721
145600,803
145613,11243
145618,1291
145624,11244
145628,11245
145630,11246
145638,679
145640,179
145640,1600
145652,3791
145655,11247
145665,11248
145672,203
145672,3158
145673,11249
145686,11250
145692,1783
145705,2475
145708,5469
145716,25
145716,3938
145717,6679
145718,1411
145719,928
145723,1468
145724,9064
145727,1368
145739,36
145742,1565
145749,11251
145763,5624
145769,556
145772,1143
145776,838
145780,2519
145792,140
145799,185
145800,11252
145801,1030
145824,11253
145825,157
145826,3262
145840,3203
145840,3204
145857,8149
145863,11254
145864,157
145873,11255
145897,6487
145897,6488
145903,10161
145904,11256
145905,358
145909,922
145918,39
145956,1556
145964,11257
145970,11258
145972,478
145980,1760
145990,935
145993,203
146006,7547
146011,460
146012,235
146020,8765
146020,8766
146024,485
146043,11259
146054,9695
146054,11260
146065,5062
146066,4180
146078,2804
146083,11261
146095,820
146098,2035
146109,6898
146110,9400
146116,2418
146118,3975
146120,1390
146141,663
146156,804
146159,563
146160,3891
146160,3892
146161,4716
146169,39
146173,99
146180,841
146180,842
146197,247
146203,10407
146204,11262
146207,91
146208,5231
146210,908
146210,909
146210,3653
146210,9888
146214,11263
146221,99
146235,351
146241,537
146247,160
146247,185
146247,275
146247,553
146247,918
146254,6243
146256,11264
146258,5690
146259,7206
146266,8294
146267,931
146291,556
146298,11265
146300,11266
146305,1244
146307,3493
146339,6487
146343,11267
146348,145
146351,2404
146366,11268
146369,11269
146372,11194
146380,7172
146392,846
146405,11270
146408,4062
146419,2084
146423,284
146433,837
146433,1695
146438,3277
146456,5848
146460,4200
146464,4627
146468,9402
146476,9575
146478,7096
146483,3532
146493,11271
146515,552
146517,1765
146525,213
146529,3287
146531,578
146535,2188
146536,403
146546,11272
146556,2558
146564,1556
146568,1331
146582,26
146585,11273
146587,8759
146589,689
146591,9440
146595,11274
146598,53
146614,5022
146617,2945
146632,11275
146639,633
146659,2010
146660,11276
146661,556
146662,1288
146663,2299
146663,11277
146664,929
146669,233
146673,11278
146676,298
146676,935
146681,6506
146695,11279
146696,567
146704,1114
146707,11280
146713,460
146717,11281
146724,5551
146732,1565
146737,99
146738,6271
146739,2475
146745,48
146754,340
146764,738
146769,117
146774,11282
146776,476
146777,153
146787,11283
146789,663
146792,3949
146802,11284
146804,1951
146816,1880
146830,8198
146831,663
146832,213
146840,11285
146843,1610
146844,1268
146857,860
146864,2718
146865,189
146867,894
146871,3066
146873,74
146875,2102
146878,191
146883,11286
146889,1064
146917,160
146926,526
146939,48
146943,11287
146953,6425
146957,3427
146958,11288
146959,4512
146966,11289
146970,11290
146977,7663
146990,11291
146995,11292
147007,1790
147015,11293
147016,841
147016,842
147022,11294
147024,152
147027,2837
147035,10922
147037,2971
147043,817
147048,1695
147049,641
147055,11295
147060,1103
147071,11296
147078,5769
147080,11297
147096,2519
147102,157
147105,11298
147111,321
147112,7410
147117,11299
147124,11300
147137,11301
147138,6597
147144,1891
147151,398
147152,552
147163,1065
147166,431
147173,11302
147177,2914
147186,85
147187,776
147188,1658
147195,9221
147197,11303
147199,52
147204,578
147205,1070
147217,158
147252,1114
147254,4030
147265,136
147267,8881
147280,8250
147282,11304
147287,135
147289,668
147313,4616
147313,11305
147313,11306
147321,11307
147324,4747
147325,1667
147329,1695
147336,553
147337,11308
147338,10613
147339,11309
147361,3572
147365,11310
147368,4831
147368,11311
147382,841
147382,842
147385,490
147406,4340
147410,634
147412,11312
147414,1140
147419,11313
147441,11314
147454,11315
147455,91
147457,2500
147460,52
147467,11316
147475,501
147481,11317
147483,10013
147489,110
147494,508
147496,3604
147504,2674
147511,11318
147521,4361
147526,11319
147526,11320
147526,11321
147532,586
147542,8659
147551,150
147557,11322
147561,702
147561,703
147567,3948
147568,11080
147574,11323
147581,5122
147588,11324
147589,11325
147602,11326
147604,126
147612,11327
147623,906
147625,984
147628,1285
147629,409
147633,2652
147636,578
147637,11328
147637,11329
147646,364
147658,11330
147659,556
147664,2267
147675,3910
147676,8723
147677,908
147677,3978
147677,9888
147683,11331
147695,11332
147695,11333
147698,6530
147709,815
147712,11334
147723,106
147729,11335
147734,3027
147736,721
147753,7779
147759,11336
147759,11337
147763,1114
147767,11338
147767,11339
147769,11340
147771,2384
147772,11341
147777,291
147795,722
147798,11342
147800,1792
147804,130
147805,2952
147817,749
147822,587
147838,73
147844,298
147847,11343
147849,1058
147849,1775
147849,2888
147862,1753
147863,107
147865,1238
147868,3475
147870,10377
147870,10378
147892,11344
147892,11345
147896,1531
147899,11346
147900,587
147909,291
147921,4077
147924,1772
147924,11347
147924,11348
147926,346
147928,11349
147931,7149
147934,1826
147935,1971
147943,5724
147954,110
147961,465
147970,2844
147973,214
147975,1071
147975,1072
147977,161
147979,5864
147979,5865
147982,140
147984,815
147987,5087
147989,766
147989,2312
147989,2977
147989,4327
147989,10015
147989,11350
147989,11351
147989,11352
147989,11353
147991,383
148004,4073
148004,4074
148004,4075
148007,11354
148008,11355
148019,11356
148021,11357
148022,841
148022,842
148025,465
148028,91
148029,1085
148030,136
148039,2845
148049,1002
148051,671
148052,507
148056,91
148059,10522
148061,8683
148072,11358
148073,4247
148074,935
148075,2299
148080,928
148086,285
148086,11359
148090,11360
148099,1894
148099,7945
148101,11361
148110,1575
148112,7885
148121,578
148128,11362
148158,2593
148165,578
148168,446
148168,447
148169,11363
148170,1252
148181,6027
148191,10396
148193,44
148198,1602
148207,280
148212,11364
148218,11365
148252,7880
148263,2026
148265,189
148266,11366
148268,263
148271,11367
148282,11368
148285,11369
148288,305
148300,929
148304,10594
148309,150
148314,848
148321,587
148326,742
148327,362
148330,11370
148336,200
148337,2171
148339,753
148347,409
148356,1472
148369,2453
148398,106
148399,394
148400,10429
148404,3291
148404,11371
148413,2718
148424,674
148438,3234
148440,116
148441,5961
148442,2929
148447,321
148451,1058
148456,11372
148460,5948
148462,6517
148464,663
148487,556
148493,1510
148494,11373
148505,1313
148506,1193
148516,11374
148518,1390
148519,11375
148527,11376
148527,11377
148529,11378
148529,11379
148533,932
148539,280
148542,1445
148544,4335
148545,2519
148556,1128
148557,11380
148565,3776
148569,495
148574,1973
148585,541
148590,75
148593,11381
148594,679
148596,148
148601,3110
148603,2964
148607,3078
148617,634
148624,3881
148626,75
148637,3677
148658,1584
148676,2858
148676,2859
148685,5341
148686,1601
148688,1563
148695,11382
148697,11383
148700,4152
148710,1009
148714,641
148715,9719
148718,987
148730,120
148732,11384
148746,2475
148748,721
148752,727
148755,1372
148758,3906
148761,11385
148761,11386
148768,4485
148770,875
148773,394
148779,11387
148785,870
148788,11388
148795,549
148806,8343
148809,5503
148817,2890
148840,1129
148852,1531
148853,1372
148858,1378
148868,638
148870,612
148875,39
148878,7433
148879,11389
148883,8117
148884,6405
148888,821
148892,91
148895,11390
148897,211
148903,11391
148905,135
148911,11392
148912,2651
148918,11393
148921,10854
148931,191
148934,105
148939,5307
148950,1492
148952,160
148953,91
148955,95
148956,11394
148961,11395
148973,9304
148980,1780
148986,2566
148987,2168
149000,54
149012,5628
149015,1635
149020,1977
149032,8844
149040,5159
149046,273
149053,1695
149061,8145
149061,11396
149073,722
149078,266
149080,1774
149092,5755
149093,4097
149093,4098
149094,582
149101,1819
149104,612
149121,571
149125,11397
149129,7404
149144,1026
149145,3444
149148,11398
149157,661
149157,8682
149163,345
149166,2418
149177,4689
149180,3385
149184,721
149189,11399
149193,393
149197,11400
149197,11401
149198,11402
149199,298
149207,6149
149214,1001
149218,11403
149222,91
149224,951
149226,2289
149227,5517
149244,746
149245,11404
149249,3226
149257,1045
149258,161
149260,927
149271,254
149277,587
149289,1336
149290,586
149293,5995
149294,2188
149296,2424
149298,3145
149314,2770
149317,117
149321,148
149321,4299
149327,11356
149335,727
149351,1543
149355,1201
149356,1129
149359,11405
149365,11406
149385,11407
149392,11408
149403,3734
149411,531
149414,11409
149437,11410
149448,11411
149450,39
149468,3910
149471,35
149473,2520
149479,482
149484,4114
149488,11412
149490,11208
149493,459
149495,5193
149499,99
149501,2327
149502,741
149503,25
149505,11413
149511,11290
149521,11414
149527,11415
149552,1834
149558,3837
149562,157
149569,8419
149575,22
149577,203
149580,1516
149580,11416
149593,2249
149593,2250
149594,2708
149598,3816
149606,11417
149614,175
149614,272
149614,1376
149614,2092
149614,2093
149614,2178
149614,2519
149614,3037
149614,3121
149614,3196
149614,4652
149614,11418
149614,11419
149614,11420
149614,11421
149626,8612
149628,2384
149630,1472
149636,3958
149639,12
149642,977
149646,157
149652,699
149656,146
149662,2689
149663,135
149667,348
149667,11422
149670,885
149672,707
149673,3066
149688,4635
149692,11423
149698,99
149701,189
149705,2140
149707,618
149714,2597
149734,4251
149738,3907
149741,11424
149757,712
149764,157
149765,1602
149770,4652
149772,11425
149776,258
149782,11426
149784,185
149786,754
149787,185
149796,728
149800,24
149805,6064
149821,3493
149825,815
149827,11427
149828,11333
149836,99
149839,5146
149840,11428
149843,11429
149846,11430
149855,1219
149856,11431
149871,99
149881,11432
149886,5661
149886,11433
149893,11434
149904,230
149918,1123
149936,4298
149944,1242
149949,1186
149958,5831
149958,5832
149961,161
149963,721
149968,2074
149975,117
149982,918
149984,9606
149985,2706
149987,3870
149988,319
149993,11435
150005,553
150021,532
150021,533
150024,1788
150027,6353
150030,2102
150032,4488
150035,53
150037,3379
150049,1617
150055,1903
150055,11436
150056,10702
150068,1830
150071,11437
150078,11438
150083,11439
150090,5531
150091,11440
150099,4305
150102,298
150106,785
150111,1457
150119,4555
150122,414
150130,1376
150141,4062
150147,11441
150150,291
150151,11442
150155,663
150162,1063
150165,2895
150175,11443
150177,11444
150179,6968
150181,39
150183,11445
150184,11446
150186,5247
150192,627
150206,11447
150209,4448
150216,1713
150237,11448
150247,845
150263,8875
150276,11449
150279,578
150280,11450
150282,766
150286,11451
150288,919
150299,11452
150299,11453
150300,11454
150308,11455
150311,185
150317,11456
150319,11457
150328,3275
150351,11458
150365,11459
150369,254
150371,143
150373,8302
150380,658
150386,552
150387,11460
150394,11461
150411,501
150412,907
150413,4786
150413,4787
150416,11462
150420,5256
150425,1695
150427,865
150434,10829
150442,553
150455,5869
150464,928
150464,2487
150475,1244
150476,11463
150489,11464
150512,7135
150521,2248
150522,4383
150522,4384
150533,166
150544,358
150546,38
150548,3931
150561,11465
150567,11466
150574,1206
150584,11467
150589,213
150591,6539
150592,10349
150593,925
150603,200
150606,1806
150616,8389
150619,2504
150626,11468
150628,6125
150630,2252
150633,2327
150641,11469
150642,7225
150649,4142
150650,11470
150653,6391
150654,11471
150655,1056
150661,1172
150662,11472
150665,2709
150667,4008
150668,5
150674,646
150676,11473
150678,11474
150686,11475
150687,1477
150687,1672
150696,1563
150698,921
150699,918
150705,11476
150708,1163
150713,8122
150729,290
150731,10191
150732,8908
150733,7583
150743,1891
150762,11477
150763,11478
150767,11479
150778,11480
150779,2031
150788,6385
150803,233
150811,11481
150812,1919
150817,383
150825,4627
150832,98
150833,1548
150844,3477
150859,701
150860,189
150862,446
150862,447
150865,883
150883,11482
150885,657
150906,597
150908,11483
150920,11484
150923,803
150933,11485
150935,11486
150937,11487
150944,1832
150960,11488
150969,291
150977,1082
150980,6797
150986,679
150988,8760
150992,1591
150993,11489
150995,291
150998,11490
151005,2098
151008,3860
151013,587
151014,11491
151018,785
151024,26
151025,3245
151025,10075
151034,143
151035,561
151036,535
151041,3824
151052,11492
151076,684
151088,120
151089,185
151096,688
151098,319
151104,11493
151116,11494
151116,11495
151126,11496
151135,1376
151157,5220
151158,1705
151172,3110
151175,4323
151175,5233
151179,11497
151180,11498
151184,10254
151188,661
151190,1114
151198,11499
151202,11500
151215,4862
151216,85
151217,319
151232,99
151236,11501
151246,99
151247,1503
151248,10825
151254,11502
151258,1764
151262,8172
151278,322
151283,633
151286,11503
151288,1525
151297,2031
151304,7761
151308,653
151317,1713
151331,11504
151340,5845
151340,11505
151340,11506
151340,11507
151344,2597
151346,1962
151356,10733
151370,2145
151397,4526
151404,11508
151409,11509
151417,11510
151418,2295
151422,3816
151431,1727
151439,11511
151440,11512
151441,2140
151443,242
151451,11513
151454,3380
151465,4511
151467,11514
151472,250
151499,11515
151507,11516
151514,11517
151516,185
151521,11518
151527,3380
151543,11519
151549,688
151555,11520
151557,7707
151574,11521
151586,305
151596,195
151601,6881
151602,69
151610,11522
151618,1201
151627,11523
151634,44
151644,4054
151650,4644
151651,7057
151659,6126
151660,1367
151666,728
151669,11524
151673,11525
151673,11526
151675,11527
151682,784
151683,1871
151688,11528
151701,2678
151706,3680
151706,11529
151713,4235
151719,815
151720,11530
151721,4268
151725,4294
151739,6612
151750,40
151754,712
151761,217
151776,631
151782,54
151784,6441
151788,10983
151791,11531
151797,5476
151806,5143
151821,1299
151826,92
151833,162
151844,1563
151845,498
151853,400
151854,1685
151855,1080
151865,11532
151869,319
151871,1457
151876,552
151879,689
151887,1635
151888,11533
151900,738
151902,11534
151910,11535
151915,194
151930,132
151936,245
151941,11536
151946,578
151949,2914
151954,446
151954,447
151968,1399
151973,11537
151980,3948
151983,4500
151986,78
151989,3787
152001,107
152012,8742
152017,3066
152022,11538
152033,4072
152036,6448
152042,431
152052,4912
152052,11539
152059,136
152062,11540
152069,5311
152069,5312
152072,873
152108,2384
152110,8661
152112,5242
152118,578
152130,3891
152130,3892
152138,300
152142,1834
152143,450
152162,150
152173,3317
152174,722
152175,11541
152176,91
152180,3046
152182,1686
152187,3930
152191,281
152194,556
152195,11542
152221,11543
152224,197
152229,203
152236,11544
152243,11545
152243,11546
152246,144
152248,1760
152251,11547
152257,3168
152261,11391
152271,9951
152273,399
152276,11548
152280,11549
152281,11550
152283,305
152292,11551
152293,144
152295,2088
152296,10619
152308,1947
152316,11552
152327,91
152329,2929
152335,6318
152337,1036
152338,284
152340,2629
152347,2693
152351,268
152353,6085
152358,358
152374,777
152375,3323
152378,674
152384,11553
152386,4865
152394,1372
152395,161
152396,11554
152397,2547
152401,3380
152402,6145
152407,1908
152408,5026
152411,1695
152422,11114
152424,2728
152426,26
152434,10459
152438,344
152442,485
152443,5696
152447,5179
152452,7151
152462,6752
152467,7714
152470,553
152475,11555
152477,1038
152478,2444
152485,11556
152487,11557
152488,11558
152489,821
152506,9123
152523,3317
152529,1201
152543,291
152551,552
152551,870
152556,11559
152558,5221
152563,7431
152566,669
152567,1581
152570,556
152572,284
152577,4407
152602,4283
152605,3784
152606,11560
152612,150
152617,785
152626,2168
152658,11561
152662,121
152665,1942
152675,817
152675,7580
152676,3854
152679,135
152681,11562
152690,143
152692,11563
152695,2595
152699,7029
152702,11564
152705,1303
152708,8749
152708,8750
152716,275
152717,308
152719,3567
152726,1775
152727,6850
152742,754
152743,4511
152747,3034
152751,185
152753,11565
152753,11566
152754,11567
152766,161
152767,1331
152772,552
152772,4934
152777,1889
152781,2804
152804,284
152808,482
152829,231
152842,284
152848,11568
152848,11569
152855,11570
152857,578
152861,26
152864,10488
152872,1563
152879,105
152880,9244
152884,11571
152892,136
152911,394
152912,11572
152914,22
152919,99
152933,1102
152934,3380
152942,261
152944,460
152946,6019
152961,552
152964,2541
152969,4389
152986,11573
152988,1372
152989,446
152989,447
152998,5613
152999,1094
153019,11574
153022,1331
153024,11575
153025,501
153029,1316
153032,2656
153050,200
153051,2249
153051,2250
153057,300
153058,2889
153061,11576
153078,1588
153081,11577
153086,1637
153094,11578
153094,11579
153116,587
153141,11580
153147,1601
153155,11581
153164,11582
153168,107
153190,11583
153201,5781
153203,11190
153204,3713
153206,5029
153206,7479
153206,11584
153216,11585
153223,11586
153228,11587
153240,11588
153243,5314
153245,11589
153257,11590
153264,3709
153270,485
153273,935
153289,4564
153297,11591
153298,10251
153300,8163
153303,11592
153303,11593
153303,11594
153303,11595
153303,11596
153308,3233
153317,567
153342,5269
153343,11597
153347,117
153357,160
153358,1381
153364,2971
153377,4991
153378,1916
153404,739
153408,11598
153415,638
153428,553
153433,2929
153438,1117
153440,11599
153442,2681
153447,1818
153447,8879
153447,10390
153447,11205
153447,11206
153447,11600
153453,11601
153454,8868
153457,11602
153463,445
153470,7493
153474,460
153477,4485
153481,281
153485,99
153495,189
153517,7632
153523,4751
153524,1407
153527,11603
153530,11604
153534,721
153541,11605
153545,364
153547,11606
153548,3197
153549,2267
153561,1296
153563,11607
153565,3948
153566,11608
153569,5221
153577,291
153579,11609
153579,11610
153591,2914
153594,308
153602,4499
153603,2188
153609,460
153609,2122
153625,5778
153627,3196
153631,2593
153648,11611
153653,6884
153654,11612
153655,11613
153657,1053
153667,10091
153674,11614
153677,275
153678,11615
153679,1008
153685,3002
153692,110
153721,749
153722,11616
153727,44
153737,11617
153738,11618
153742,1557
153744,44
153750,1848
153751,154
153751,1085
153753,11619
153759,6364
153763,6271
153775,91
153779,1876
153785,284
153787,10009
153790,5703
153801,11620
153836,25
153849,3444
153857,11621
153864,1270
153865,721
153868,9167
153897,11622
153898,1285
153915,679
153918,11623
153919,11624
153927,1563
153930,3359
153931,5992
153934,6362
153936,11625
153954,658
153972,189
153975,1547
153985,663
153987,6376
153989,287
153991,6505
153995,552
154005,11626
154019,803
154021,784
154022,11627
154026,11628
154038,4288
154046,446
154046,447
154060,1024
154064,11629
154067,1843
154070,284
154072,11630
154074,254
154109,922
154114,91
154116,488
154117,4061
154126,6724
154128,117
154148,3086
154157,2558
154172,11631
154176,911
154183,8761
154184,2622
154192,885
154207,742
154211,11632
154212,1067
154216,6438
154218,977
154223,11633
154227,11634
154230,205
154233,578
154245,2870
154255,11635
154258,53
154261,2479
154281,11636
154290,11637
154294,91
154298,4812
154308,10667
154311,2638
154314,697
154315,11638
154324,171
154345,689
154351,11639
154353,11640
154354,233
154365,11641
154371,4251
154378,2593
154383,1135
154387,11642
154396,5351
154399,11643
154409,4211
154417,11644
154418,200
154420,7698
154424,2898
154427,11645
154437,1268
154449,697
154453,2168
154459,1110
154462,1106
154471,6630
154509,11646
154517,11647
154523,11648
154529,1312
154532,1217
154534,6170
154536,5670
154544,11649
154547,815
154561,11650
154564,2730
154571,848
154574,111
154580,11651
154586,10565
154591,150
154602,631
154609,11652
154612,2467
154634,1325
154639,451
154641,649
154644,1687
154646,136
154653,7586
154658,1608
154668,603
154701,91
154704,95
154708,11653
154717,305
154718,417
154721,197
154721,11654
154734,2678
154737,7211
154761,1572
154763,150
154787,4578
154792,689
154795,399
154799,307
154802,10953
154802,11655
154805,11656
154819,11657
154820,116
154820,117
154820,291
154820,611
154820,656
154820,721
154820,722
154820,1001
154820,1025
154820,1026
154820,1510
154820,3032
154820,11658
154825,7431
154826,935
154829,11659
154833,11660
154838,966
154843,11661
154845,1986
154859,307
154862,1303
154873,2629
154875,11662
154877,804
154879,861
154883,11663
154885,506
154888,11664
154890,11665
154898,254
154900,1604
154901,11666
154907,11667
154912,3877
154914,2125
154917,161
154919,7210
154930,11668
154940,35
154941,553
154944,11669
154946,328
154961,11670
154975,870
154975,2102
154981,13
154983,298
154984,111
154986,11671
154987,663
154994,139
154995,11672
154998,11673
155000,11674
155003,587
155008,11675
155015,5673
155021,3754
155028,2746
155034,7163
155034,7164
155041,11676
155046,263
155051,1324
155060,2302
155060,2303
155061,11677
155066,385
155069,11678
155069,11679
155091,26
155119,11680
155119,11681
155119,11682
155119,11683
155120,3816
155124,69
155127,2712
155129,11684
155130,679
155133,679
155135,11685
155136,1547
155137,3656
155145,552
155146,26
155146,307
155146,552
155146,1854
155146,1856
155146,1862
155146,2929
155146,3685
155146,4126
155146,4892
155146,4934
155146,5981
155146,7623
155146,8889
155146,11686
155146,11687
155146,11688
155146,11689
155146,11690
155146,11691
155146,11692
155146,11693
155146,11694
155146,11695
155146,11696
155159,5165
155162,3677
155166,1720
155167,839
155176,5553
155182,4678
155184,4006
155191,7135
155195,11697
155196,11698
155198,11699
155209,11700
155217,2190
155231,11701
155242,11702
155242,11703
155242,11704
155246,6885
155249,11705
155251,11706
155254,11707
155254,11708
155263,358
155266,721
155270,2475
155273,11709
155287,11710
155289,4300
155293,567
155313,2125
155323,3128
155333,11557
155339,8212
155340,6630
155343,5787
155344,117
155352,2760
155358,464
155361,4484
155362,1437
155364,123
155364,298
155364,749
155364,982
155364,3019
155364,8116
155364,8366
155364,11711
155365,11712
155389,721
155390,5047
155401,2652
155427,401
155433,6099
155436,956
155444,11713
155445,1375
155451,6213
155461,266
155469,12
155476,219
155477,450
155479,11714
155494,564
155514,5354
155516,39
155522,5565
155527,11715
155529,8172
155537,2694
155539,11716
155574,2677
155578,364
155585,339
155588,4305
155593,7490
155597,4699
155612,11717
155634,680
155636,139
155639,4986
155644,446
155644,447
155646,11718
155648,5153
155652,7201
155654,123
155655,4699
155663,179
155663,11719
155673,4372
155678,11720
155685,11721
155686,11722
155686,11723
155688,3852
155706,57
155708,693
155709,11724
155719,1296
155720,1493
155728,394
155730,1274
155735,4250
155751,3323
155754,1765
155757,2006
155758,11725
155764,501
155765,761
155769,11726
155773,11727
155774,11728
155779,2678
155790,11729
155793,4630
155795,587
155796,11730
155800,1576
155804,11731
155808,11732
155811,962
155830,3674
155832,11733
155838,200
155842,399
155845,2583
155880,11734
155882,4829
155903,9997
155920,414
155926,99
155930,26
155937,1916
155946,11735
155948,1563
155949,804
155954,191
155981,5539
155987,803
155994,657
155996,8243
156002,11736
156003,22
156023,11737
156036,615
156038,11738
156045,13
156052,4484
156055,7655
156057,10265
156064,631
156065,11739
156067,1903
156070,2682
156085,99
156101,770
156106,1064
156107,956
156118,5722
156120,11740
156133,451
156142,185
156148,1830
156154,3028
156167,11741
156180,11742
156181,8765
156185,11743
156189,11744
156190,2088
156197,1846
156202,2379
156213,501
156222,242
156226,4435
156246,409
156254,200
156259,3399
156265,614
156266,11745
156282,460
156284,1655
156287,2301
156287,4990
156287,10311
156287,11746
156291,11747
156295,11748
156297,8238
156300,663
156304,281
156307,203
156308,401
156313,11749
156321,11750
156325,2520
156329,4679
156331,194
156333,9575
156339,3648
156339,11751
156339,11752
156344,2475
156349,11753
156349,11754
156351,8055
156352,911
156356,1299
156359,11755
156366,11756
156368,1129
156372,1188
156384,2505
156393,240
156394,862
156397,7409
156414,4380
156418,3174
156421,2267
156428,11757
156430,235
156434,3794
156436,11758
156453,11759
156457,22
156461,233
156465,6066
156477,578
156488,353
156490,5634
156491,135
156495,11760
156499,2581
156499,2582
156504,1188
156522,36
156534,5269
156535,291
156545,11761
156571,597
156571,10351
156577,2423
156577,3211
156579,11762
156591,5654
156601,1344
156605,39
156607,935
156612,138
156625,3877
156626,1693
156633,712
156635,4080
156649,162
156650,1973
156661,11763
156662,5213
156673,11764
156676,11127
156684,3649
156684,11765
156704,825
156709,4251
156714,11766
156716,121
156717,8486
156720,894
156729,587
156735,11767
156737,993
156741,11768
156768,552
156772,558
156776,2031
156779,6386
156789,459
156806,280
156814,57
156814,160
156814,245
156814,275
156814,713
156814,821
156814,865
156814,3294
156818,227
156823,394
156839,5733
156840,117
156843,11769
156849,10362
156855,353
156860,3019
156862,501
156866,2393
156879,11770
156884,76
156894,11771
156897,11772
156904,741
156907,552
156907,5322
156913,8760
156919,5285
156920,1267
156925,2770
156936,185
156949,552
156963,556
156967,4175
156974,327
156975,11773
156976,11774
156976,11775
156983,5717
156985,11776
156992,11777
156997,4799
157002,157
157012,11778
157012,11779
157016,8986
157017,2291
157036,1655
157038,6898
157050,11780
157052,837
157056,553
157058,7580
157068,11781
157075,674
157077,1300
157089,11782
157094,11783
157098,6586
157099,4939
157100,738
157103,11784
157114,161
157121,11785
157121,11786
157132,132
157138,39
157145,11787
157146,587
157163,4785
157171,291
157173,11788
157174,7306
157186,5713
157189,192
157191,2961
157191,2962
157193,1079
157203,195
157223,1713
157236,4077
157237,451
157242,1695
157245,11789
157249,4190
157252,11790
157253,3537
157297,8097
157297,11791
157297,11792
157300,1503
157303,11793
157306,6465
157308,532
157314,44
157323,4142
157328,106
157329,11794
157337,813
157356,1370
157366,249
157367,3964
157378,11795
157381,11796
157394,8677
157397,815
157399,3534
157403,11797
157405,800
157412,5342
157413,11798
157422,679
157454,11799
157455,3142
157458,2686
157459,2858
157459,2859
157460,3074
157463,556
157465,203
157481,1713
157485,11800
157491,1303
157493,54
157496,11801
157499,7720
157503,10101
157504,8250
157508,5291
157516,204
157522,146
157542,4009
157551,271
157556,11802
157571,11803
157572,11804
157575,150
157578,663
157579,284
157580,73
157582,1500
157599,340
157608,578
157612,157
157628,693
157642,848
157649,7896
157652,969
157655,1979
157659,7901
157665,2829
157666,6998
157693,7547
157694,976
157699,357
157711,11805
157713,9432
157715,556
157718,11806
157725,132
157733,11092
157742,8931
157774,44
157777,1760
157781,6441
157795,11807
157825,11808
157826,1449
157826,1450
157838,4142
157839,11809
157843,11810
157856,2327
157857,2327
157876,486
157880,48
157882,11811
157886,634
157888,11812
157892,3777
157896,4862
157899,267
157902,1180
157906,11813
157907,99
157914,91
157916,11814
157920,74
157921,662
157933,1303
157942,1437
157950,800
157953,1025
157964,11815
157973,1312
157975,11630
157990,11816
158003,11817
158005,663
158007,544
158009,5870
158014,861
158014,11818
158016,3702
158016,4321
158020,11819
158026,3906
158027,6495
158043,1720
158056,8521
158063,11820
158068,140
158079,451
158079,1324
158079,3607
158079,7490
158080,3137
158081,529
158084,722
158089,1094
158094,11821
158101,203
158101,662
158105,2593
158113,8749
158113,8750
158123,5214
158124,5848
158132,11822
158136,11823
158139,2951
158139,11824
158139,11825
158143,7482
158148,1568
158153,4298
158155,7267
158165,11826
158167,1547
158169,291
158170,11827
158171,35
158175,1102
158185,11828
158191,711
158196,721
158212,5213
158213,956
158220,788
158226,4025
158232,53
158234,7409
158236,11829
158236,11830
158238,11831
158239,11832
158240,3787
158243,3214
158245,6363
158255,11833
158264,69
158266,1373
158268,44
158270,11834
158276,3246
158280,679
158284,573
158285,3519
158291,1285
158299,4374
158316,2327
158326,2404
158327,11835
158331,792
158331,1381
158340,11013
158341,298
158343,3199
158346,815
158349,44
158355,2609
158360,5010
158361,11836
158369,11837
158370,200
158374,1283
158404,8908
158406,7727
158424,1128
158426,4696
158426,11838
158437,11839
158439,5146
158440,2934
158441,11840
158455,557
158458,1723
158460,291
158470,11206
158476,6784
158484,11841
158487,741
158488,9413
158501,671
158506,446
158506,447
158508,4222
158515,11842
158522,11843
158523,39
158527,11527
158535,631
158540,73
158565,160
158579,1061
158580,11844
158582,6425
158589,485
158612,222
158620,11845
158627,579
158631,11846
158642,446
158642,447
158643,6213
158646,105
158647,11847
158650,11848
158660,11240
158660,11849
158668,7418
158669,4335
158679,11850
158720,7418
158723,179
158724,11851
158727,8854
158727,11852
158735,696
158748,1175
158752,117
158756,1728
158760,11853
158761,2803
158768,925
158772,1009
158778,11854
158781,497
158795,11855
158798,11856
158808,689
158817,11857
158821,205
158821,6193
158824,11858
158827,11859
158836,3869
158842,459
158844,722
158845,11860
158849,501
158850,11861
158851,995
158857,614
158859,11862
158860,100
158861,95
158867,11863
158870,11864
158873,5703
158877,10251
158879,3398
158885,2444
158886,11865
158892,11866
158911,1175
158916,11867
158918,999
158929,3229
158929,3230
158935,815
158936,157
158938,11868
158940,1268
158944,11869
158951,3631
158967,11870
158967,11871
158968,18
158968,5999
158969,556
158979,3535
158981,482
158987,770
158989,11872
158991,157
158997,11873
159003,663
159007,567
159016,11874
159042,344
159056,485
159057,3907
159065,11875
159067,11876
159075,35
159075,36
159079,11877
159081,3380
159083,11878
159083,11879
159083,11880
159084,270
159086,10157
159101,1094
159108,11881
159112,11882
159124,7603
159125,9392
159127,11883
159127,11884
159127,11885
159128,185
159133,11886
159146,11887
159147,1667
159149,645
159159,6782
159160,3907
159166,39
159178,11888
159180,11889
159182,11890
159183,11891
159185,11892
159187,1577
159193,157
159198,815
159200,26
159207,1705
159216,11893
159224,10874
159226,185
159233,1786
159242,8254
159249,39
159254,11894
159255,11895
159258,11896
159259,639
159263,336
159264,353
159266,11897
159270,179
159283,497
159297,6925
159316,2131
159323,1457
159327,6417
159330,11898
159331,195
159334,11899
159337,4809
159341,11900
159352,245
159369,11901
159370,2994
159372,1916
159376,233
159385,11902
159400,11903
159405,11904
159409,44
159413,394
159414,8145
159421,535
159432,230
159436,464
159437,2901
159439,928
159442,73
159442,11905
159446,907
159448,3294
159455,394
159467,746
159467,747
159484,11906
159487,4832
159492,2359
159496,11907
159501,11908
159511,44
159512,73
159521,1456
159522,1547
159530,2730
159532,750
159544,275
159554,1106
159559,3464
159561,11909
159563,209
159566,9419
159567,263
159570,11910
159572,11911
159580,4755
159601,305
159604,6444
159604,11912
159610,689
159624,1658
159626,11913
159632,821
159643,11914
159655,4694
159662,11915
159664,1123
159667,11916
159667,11917
159670,8304
159678,304
159690,11114
159692,11918
159694,714
159707,2932
159711,5122
159714,612
159718,1685
159724,305
159727,935
159733,1926
159735,11919
159736,150
159747,663
159748,612
159749,185
159750,6837
159752,4627
159755,1117
159760,116
159763,2390
159769,4725
159772,133
159774,2461
159776,11920
159776,11921
159777,7775
159784,2273
159786,11922
159788,11414
159789,11923
159791,11924
159800,11925
159800,11926
159822,8380
159825,11927
159826,699
159828,11928
159831,11929
159834,11930
159840,11931
159852,1962
159864,1294
159869,6353
159871,2404
159879,11932
159884,11933
159887,803
159892,2558
159892,11934
159896,353
159899,11935
159900,928
159900,2487
159908,140
159913,693
159918,26
159918,1764
159921,11936
159941,701
159943,3240
159944,290
159965,5463
159968,11937
159980,678
159990,5840
159991,1372
160001,482
160014,4244
160015,749
160020,9544
160022,6320
160026,11938
160028,4506
160033,6949
160036,111
160037,11939
160052,2558
160059,529
160061,1089
160068,699
160069,298
160075,2717
160076,6821
160078,1165
160086,3948
160088,36
160094,3881
160095,565
160103,11940
160105,821
160106,11941
160109,291
160127,3244
160138,11942
160141,11943
160152,5593
160154,11944
160156,8254
160157,326
160158,11945
160161,7527
160174,865
160176,6425
160185,4635
160200,6219
160201,721
160204,8122
160209,578
160217,578
160228,11946
160232,91
160238,99
160243,1193
160248,11947
160252,11948
160263,11949
160270,1372
160271,919
160272,2648
160274,50
160279,57
160280,2299
160281,11950
160282,11951
160283,3519
160294,11952
160297,6470
160298,263
160304,143
160331,3392
160334,11953
160340,271
160370,162
160371,135
160383,260
160383,480
160383,1450
160383,1693
160383,2804
160383,4163
160383,4231
160383,4723
160383,5748
160383,6216
160383,6783
160383,7200
160383,7595
160383,8271
160383,8962
160383,9794
160383,9796
160383,9877
160383,11954
160383,11955
160383,11956
160383,11957
160383,11958
160383,11959
160383,11960
160383,11961
160383,11962
160383,11963
160383,11964
160383,11965
160383,11966
160384,11967
160393,763
160394,116
160396,2189
160399,2599
160402,2125
160402,3268
160406,179
160406,11719
160417,75
160418,347
160421,5399
160424,11968
160438,5588
160448,11969
160450,3372
160462,2518
160465,91
160467,11937
160479,6438
160482,11970
160502,3476
160511,11971
160535,9584
160543,11972
160544,11973
160554,3360
160556,563
160573,4785
160579,189
160580,11974
160593,358
160596,11975
160599,5904
160602,116
160610,11976
160614,11977
160634,1061
160636,2922
160637,11978
160639,556
160642,4985
160648,1547
160652,11979
160669,11980
160673,11981
160690,544
160705,11982
160709,723
160710,22
160712,9033
160715,26
160716,3467
160723,11983
160723,11984
160734,9170
160746,1719
160768,11985
160769,358
160770,161
160773,10734
160777,11986
160778,8059
160785,189
160792,5860
160796,931
160799,7306
160805,11987
160807,980
160819,3907
160829,2541
160847,501
160862,11988
160863,800
160871,586
160882,11989
160883,4826
160884,5588
160894,821
160904,145
160910,11990
160915,472
160922,2776
160925,9312
160933,1070
160938,11991
160941,2853
160941,2854
160946,7273
160948,5167
160961,11992
160970,4113
160973,11993
160976,3537
160978,674
160994,11994
160997,161
160999,6749
161001,4077
161007,11995
161008,11996
161017,855
161018,281
161035,1692
161040,322
161041,1457
161042,8723
161044,11997
161064,11998
161065,352
161080,841
161080,842
161081,863
161081,6747
161082,1224
161088,11999
161089,12000
161095,200
161104,263
161107,12001
161116,446
161116,447
161117,12002
161118,7008
161124,3323
161133,821
161135,968
161141,12003
161145,99
161145,1283
161154,642
161155,681
161156,12004
161159,12005
161163,39
161167,6539
161185,12006
161186,953
161189,22
161195,2475
161197,701
161201,4961
161204,12007
161219,12008
161220,501
161228,1973
161232,2020
161246,9130
161248,159
161256,713
161260,531
161261,7521
161280,4073
161289,3857
161291,5316
161297,12009
161300,291
161321,992
161322,4008
161358,1832
161365,158
161375,12010
161387,9638
161389,161
161394,3239
161403,476
161413,358
161420,54
161426,9596
161427,459
161436,532
161452,12011
161454,497
161456,721
161466,12012
161474,54
161475,7299
161479,12013
161482,148
161488,3236
161503,179
161515,2678
161518,12014
161528,482
161531,44
161543,3323
161548,659
161550,460
161551,1783
161553,7041
161566,12015
161569,136
161571,12016
161572,929
161573,1720
161580,12017
161593,589
161594,649
161597,9447
161605,8049
161612,10845
161615,587
161616,6337
161616,12018
161616,12019
161618,10268
161619,12020
161621,1559
161638,305
161639,44
161646,809
161648,12021
161661,2681
161665,6345
161666,4156
161672,1141
161682,12022
161694,105
161704,1889
161715,412
161723,12023
161724,148
161724,12024
161725,12025
161726,4549
161737,12026
161738,12027
161741,242
161746,161
161757,5755
161761,2593
161763,1832
161767,12028
161771,12029
161772,1025
161773,136
161777,10857
161786,552
161789,624
161790,159
