publikacija_id,autor_id
161798,744
161800,319
161800,485
161800,563
161800,712
161800,2153
161800,3950
161800,4539
161800,7358
161800,12030
161800,12031
161800,12032
161800,12033
161800,12034
161802,4392
161810,2252
161814,12035
161816,1946
161828,804
161831,2649
161839,162
161842,6367
161845,3881
161858,6015
161866,553
161869,1563
161871,161
161873,2609
161876,5589
161876,12036
161880,10137
161894,448
161899,1174
161902,766
161904,3100
161905,12037
161907,2813
161910,12038
161923,362
161929,395
161934,10094
161943,12039
161948,2444
161964,10767
161964,10768
161965,4239
161972,2938
161974,2828
161981,3709
161983,284
162000,6088
162017,6529
162030,8307
162032,612
162033,6282
162033,11753
162033,12040
162033,12041
162040,482
162041,3625
162045,2504
162048,12042
162051,12043
162053,12044
162055,1053
162060,3522
162073,4679
162077,5276
162080,189
162084,721
162086,12045
162089,4298
162092,6964
162093,12046
162102,1097
162102,1098
162108,6490
162111,804
162112,11786
162112,12047
162112,12048
162112,12049
162118,2021
162124,1033
162138,12050
162146,157
162152,12051
162155,12052
162162,250
162196,12053
162198,12054
162212,4374
162212,4375
162212,4376
162214,12055
162215,69
162216,140
162227,587
162228,1477
162230,485
162238,4316
162249,2099
162261,12056
162262,578
162263,6176
162268,552
162271,7078
162282,3705
162287,12057
162291,3646
162291,12058
162297,12059
162300,4485
162303,413
162304,12060
162309,2424
162311,12061
162314,446
162323,233
162324,696
162324,3404
162325,578
162334,12062
162341,3020
162348,2677
162355,333
162355,390
162356,1435
162361,12063
162370,2600
162371,2618
162376,5219
162384,9107
162388,254
162391,261
162392,4391
162401,7318
162430,3316
162440,386
162455,663
162457,701
162459,459
162463,10694
162471,12064
162472,7193
162484,135
162489,160
162496,3812
162498,78
162502,4134
162503,12065
162507,5150
162508,12066
162510,5517
162521,12067
162524,795
162533,185
162544,7342
162548,1832
162551,307
162559,1061
162562,12068
162572,11811
162584,837
162584,1695
162590,1291
162591,12069
162593,1706
162596,305
162600,150
162609,12070
162611,2893
162616,1531
162619,9970
162620,1440
162625,634
162630,459
162630,8564
162630,9223
162630,12071
162630,12072
162630,12073
162635,2850
162636,12074
162637,12075
162644,587
162645,556
162651,6930
162651,6931
162652,464
162656,319
162657,2712
162659,3680
162663,7943
162664,2686
162664,12076
162669,12077
162678,2441
162687,2168
162688,12078
162706,12079
162708,12080
162710,12081
162711,116
162715,12082
162716,254
162729,12083
162736,91
162749,12084
162753,12085
162762,1435
162765,12086
162767,1713
162776,284
162777,1996
162782,1612
162784,12087
162785,552
162785,3084
162785,3087
162785,3088
162785,3099
162785,3544
162785,3683
162785,4303
162785,4329
162785,4330
162785,5567
162785,6368
162785,7761
162785,12088
162785,12089
162785,12090
162785,12091
162792,5291
162818,195
162824,2690
162836,4500
162838,127
162840,556
162845,12092
162850,2339
162853,12093
162853,12094
162853,12095
162853,12096
162858,12097
162871,10686
162871,10687
162871,12098
162877,12099
162878,12100
162879,480
162881,289
162881,12101
162881,12102
162886,12103
162888,8049
162903,157
162911,12104
162913,12105
162917,727
162926,498
162932,194
162938,280
162940,12106
162945,12107
162947,11651
162948,12108
162952,12109
162954,804
162959,10150
162961,8813
162965,12110
162969,1089
162979,803
162981,2638
162987,189
162998,3380
162999,9174
163000,12111
163004,2464
163008,12112
163011,3186
163018,9110
163035,76
163040,2649
163046,1727
163055,12113
163057,5242
163082,1201
163084,130
163086,299
163095,620
163102,12114
163103,12115
163104,12116
163106,2836
163123,1753
163124,12117
163124,12118
163126,5371
163127,140
163130,2404
163133,4660
163137,24
163137,639
163137,694
163137,723
163137,784
163137,977
163137,2698
163137,2797
163137,3703
163137,4498
163137,6838
163137,8679
163137,12119
163140,1695
163143,3928
163143,7135
163146,10610
163146,12120
163150,7210
163152,11483
163167,3755
163180,553
163185,319
163194,5670
163200,157
163204,4679
163208,12121
163210,150
163214,9063
163218,12122
163219,12123
163227,10946
163237,250
163244,12124
163248,4905
163251,12125
163254,7215
163258,544
163259,693
163260,578
163262,12126
163266,12127
163270,1587
163275,2339
163288,235
163301,6126
163317,1282
163322,12128
163326,12120
163330,578
163340,556
163341,151
163341,908
163341,3646
163341,3648
163341,3651
163341,3653
163341,3654
163341,3655
163341,4604
163341,11751
163341,11752
163341,12129
163341,12130
163341,12131
163352,12132
163352,12133
163352,12134
163357,942
163363,12135
163382,445
163384,597
163386,5703
163390,4865
163394,656
163410,556
163411,12136
163415,12137
163416,4136
163437,1720
163442,12138
163452,161
163457,263
163459,1503
163460,6941
163463,12139
163465,12140
163470,803
163471,5291
163499,10488
163506,12141
163516,563
163524,817
163525,12142
163527,2422
163532,4930
163532,12143
163539,12144
163539,12145
163548,8385
163551,4848
163553,12146
163563,2013
163563,12147
163563,12148
163563,12149
163572,12150
163577,12151
163579,12152
163582,12153
163584,5476
163587,587
163590,935
163599,304
163603,556
163618,22
163619,553
163637,7402
163638,6237
163638,12154
163640,2997
163641,8759
163643,501
163645,603
163649,12155
163660,727
163668,12156
163669,6242
163671,6336
163673,865
163676,599
163676,600
163695,10961
163700,235
163702,1063
163706,7477
163710,837
163717,1440
163727,136
163729,111
163748,2914
163750,3996
163753,12157
163755,3581
163761,48
163762,4020
163766,12158
163769,12159
163770,1563
163774,12160
163775,127
163776,12161
163781,290
163783,336
163788,12162
163788,12163
163795,4464
163803,7271
163805,78
163807,12164
163811,1091
163814,4062
163823,639
163835,105
163837,1303
163840,870
163852,2339
163856,12165
163859,2815
163864,12166
163865,12167
163867,818
163870,512
163874,2102
163876,1285
163880,3260
163892,6581
163895,8645
163909,663
163924,1177
163931,459
163934,105
163935,291
163936,12168
163956,44
163961,4352
163965,12169
163976,486
163977,11251
163979,1275
163991,328
163992,919
164000,12170
164011,501
164015,298
164020,3805
164026,2869
164037,7847
164042,12171
164046,2444
164060,3869
164065,5490
164083,6269
164090,12172
164093,74
164094,1299
164102,6193
164107,12173
164116,1071
164116,1072
164117,1186
164119,12174
164122,1193
164124,4977
164131,12175
164131,12176
164146,2478
164171,143
164179,12177
164182,12178
164184,5156
164195,280
164202,2971
164207,2802
164222,368
164223,11717
164224,4357
164224,12179
164229,150
164231,12180
164239,603
164248,12181
164256,671
164260,12182
164269,1768
164269,1769
164276,556
164277,9571
164277,12183
164285,12184
164287,8583
164299,12185
164301,1303
164306,12186
164311,12187
164326,3881
164332,2667
164340,1291
164341,11606
164345,12188
164347,337
164356,275
164367,553
164380,701
164389,5271
164390,12189
164394,12190
164402,531
164406,25
164412,99
164415,563
164416,194
164417,969
164428,1180
164437,556
164441,116
164443,669
164445,5371
164447,2836
164451,12191
164458,552
164459,12192
164462,859
164465,8384
164468,12193
164470,53
164471,12194
164473,9973
164478,8116
164480,1872
164487,662
164501,1295
164504,690
164504,691
164509,12195
164534,12196
164534,12197
164545,2022
164556,10931
164557,2021
164561,336
164573,1543
164584,12198
164584,12199
164586,7103
164591,549
164593,3243
164600,1558
164603,1535
164610,7862
164617,12200
164632,12201
164638,631
164646,5841
164651,7990
164655,95
164662,12202
164663,12203
164673,7241
164675,12204
164676,12205
164681,999
164682,2631
164686,2712
164691,178
164691,460
164691,542
164691,815
164691,1161
164691,1547
164691,1673
164691,1856
164691,1859
164691,1860
164691,1866
164691,1938
164691,2122
164691,2823
164691,3099
164691,3165
164691,3546
164691,4327
164691,5124
164691,6176
164691,11689
164691,12206
164691,12207
164694,206
164714,205
164725,5337
164750,556
164752,4767
164754,701
164765,76
164766,587
164769,12208
164772,2747
164780,10426
164780,10427
164783,1194
164784,116
164795,685
164801,7805
164802,1133
164805,12209
164806,1500
164810,2674
164820,669
164821,3656
164825,123
164829,12210
164850,12211
164861,12212
164868,4426
164872,12213
164880,12214
164904,12215
164912,894
164918,977
164921,1477
164921,1672
164926,4372
164950,12216
164956,3182
164960,1556
164963,431
164963,1744
164963,3174
164963,7062
164969,482
164970,11127
164976,4557
164984,12217
165000,1574
165003,128
165016,298
165018,12218
165020,1099
165027,12219
165028,7727
165031,346
165035,1061
165036,200
165038,48
165041,1114
165044,446
165044,447
165047,7617
165050,284
165051,107
165063,200
165065,741
165072,12220
165076,2708
165082,3078
165095,12221
165099,2661
165101,12222
165102,127
165102,1510
165102,5851
165102,6019
165102,11907
165102,12223
165102,12224
165103,242
165108,7506
165122,185
165124,4133
165128,263
165140,1720
165141,537
165158,336
165159,254
165162,12225
165168,994
165179,339
165195,3112
165197,107
165211,12226
165213,12227
165214,305
165220,1188
165223,157
165226,504
165229,1418
165237,10582
165238,398
165238,12228
165243,12229
165243,12230
165244,12231
165247,3391
165248,9421
165263,12232
165268,160
165275,446
165275,447
165290,117
165294,578
165295,5206
165296,1054
165301,788
165308,157
165313,26
165314,2943
165314,2944
165316,12233
165323,12234
165328,263
165330,9655
165334,12235
165336,2168
165340,12236
165341,7087
165350,1695
165351,10007
165357,12237
165359,12238
165362,150
165363,815
165365,11547
165376,98
165377,821
165379,7033
165384,1547
165386,5269
165391,12239
165392,336
165392,1802
165399,1478
165408,9
165411,3787
165424,712
165433,307
165436,2677
165439,305
165440,12240
165454,12241
165457,5414
165457,12242
165481,12243
165483,5146
165486,2271
165488,12244
165493,370
165495,12245
165497,409
165506,99
165509,556
165522,752
165526,5354
165530,383
165534,78
165536,741
165539,254
165549,2557
165555,315
165571,1548
165572,12246
165576,2291
165585,135
165587,10396
165597,111
165605,1532
165618,4779
165625,1487
165626,1720
165627,499
165632,403
165634,12247
165643,6740
165645,12248
165651,4718
165666,5774
165669,1846
165683,12249
165690,12250
165699,99
165705,254
165711,284
165713,1064
165716,85
165721,12251
165725,164
165729,12252
165730,3392
165734,358
165757,6199
165772,815
165780,12253
165782,12254
165785,5099
165787,12255
165792,5089
165794,4901
165807,815
165810,69
165811,1949
165822,1331
165833,12256
165834,263
165840,164
165840,2811
165841,39
165843,12257
165844,7273
165846,5288
165846,10251
165850,2365
165857,12258
165877,6361
165881,12259
165895,12260
165903,1556
165912,5436
165914,3537
165925,102
165930,12261
165948,553
165953,1943
165959,12262
165967,1071
165967,1072
165968,5394
165977,12263
165982,4341
165993,9687
166001,12264
166002,7895
166022,160
166026,815
166037,11444
166043,12265
166046,9575
166049,191
166070,12266
166082,203
166092,1071
166092,1072
166098,1568
166102,254
166113,383
166116,12267
166122,12268
166131,12269
166133,149
166137,4171
166139,12270
166140,838
166144,1190
166159,5207
166166,162
166179,12271
166195,12272
166206,3762
166209,12273
166210,353
166214,4751
166221,12274
166227,2686
166229,12275
166244,12276
166245,12277
166252,611
166255,12278
166260,120
166270,135
166271,803
166271,12279
166272,784
166276,1851
166277,12280
166300,400
166301,12281
166304,10962
166327,12282
166327,12283
166373,1038
166374,3493
166378,12284
166380,9487
166389,902
166393,12285
166407,12286
166409,7244
166409,12287
166412,578
166415,12288
166419,2197
166425,3076
166433,12289
166436,9999
166437,340
166439,291
166447,12290
166452,1201
166473,331
166483,1477
166485,5153
166492,1557
166499,499
166501,12291
166503,673
166507,838
166513,578
166520,12292
166525,3539
166529,587
166531,12293
166542,6491
166542,12294
166552,158
166559,12233
166563,3777
166565,116
166568,39
166572,242
166579,9474
166583,12295
166585,9879
166585,12296
166586,1092
166589,3100
166590,26
166605,4460
166612,9017
166612,9018
166622,5086
166623,24
166630,12297
166631,587
166637,891
166642,10118
166646,1320
166657,7752
166667,9295
166667,12298
166673,2188
166694,6622
166695,10172
166697,12299
166700,556
166701,12300
166708,8332
166717,3416
166728,207
166728,1617
166729,2693
166748,12301
166753,36
166759,6041
166763,12302
166765,7310
166769,550
166780,689
166781,11850
166796,1503
166797,9568
166806,150
166825,4560
166829,12303
166830,9719
166830,12304
166831,7981
166833,12305
166837,7206
166847,3475
166850,12306
166859,7773
166863,150
166864,162
166867,400
166870,12307
166881,4139
166891,12308
166901,300
166909,12309
166913,12310
166917,12311
166926,319
166929,12312
166934,39
166939,1009
166941,12313
166944,12314
166949,8315
166950,9405
166953,2783
166966,161
166971,423
166980,12315
166982,7345
166992,1733
167006,2519
167031,12316
167044,347
167044,12317
167049,12318
167055,450
167057,2888
167059,1047
167062,1584
167069,12319
167086,2718
167090,5274
167099,5342
167100,12320
167104,12260
167107,12321
167126,870
167126,7604
167135,12322
167139,12323
167141,4573
167144,1299
167166,12324
167177,116
167185,8645
167186,558
167187,12325
167189,2893
167193,1304
167200,7027
167212,785
167222,12326
167228,1203
167232,1610
167238,813
167259,2520
167285,12327
167289,1193
167289,12328
167293,1058
167300,12329
167306,98
167312,6951
167321,5269
167326,6822
167332,12330
167338,12331
167360,12332
167361,12333
167362,1635
167365,552
167366,12334
167371,2858
167371,2859
167376,6483
167381,663
167382,12335
167398,1765
167399,25
167400,2323
167418,275
167421,12336
167437,11946
167441,556
167455,1765
167458,12337
167476,4179
167484,817
167487,12338
167487,12339
167487,12340
167487,12341
167494,631
167498,409
167511,12342
167518,12343
167526,10425
167534,12344
167534,12345
167535,132
167537,11963
167539,12346
167543,7622
167547,12347
167557,12348
167562,396
167567,10026
167574,7147
167578,2710
167580,9719
167582,544
167584,10767
167584,10768
167596,721
167598,12349
167605,1856
167609,4672
167609,9776
167611,12350
167624,162
167637,733
167639,191
167641,3964
167642,383
167643,482
167648,111
167666,12351
167667,1981
167669,1610
167674,3730
167678,862
167691,12352
167702,315
167714,927
167728,12353
167734,12354
167734,12355
167744,947
167757,679
167764,3083
167780,1951
167786,3928
167787,599
167787,1516
167794,1588
167814,1291
167815,4056
167819,39
167849,2307
167851,12356
167856,1390
167863,340
167867,919
167876,3262
167885,1189
167888,12357
167891,1702
167891,1851
167891,1852
167891,1853
167891,1854
167891,1855
167891,3088
167891,3532
167891,3533
167891,4328
167891,4712
167891,5012
167891,7758
167891,12358
167891,12359
167891,12360
167891,12361
167891,12362
167891,12363
167900,9119
167904,12364
167916,8704
167932,11259
167935,12365
167940,9963
167947,12366
167947,12367
167951,9474
167954,227
167954,1751
167956,12368
167957,1009
167962,383
167965,12369
167965,12370
167972,552
167974,157
167988,203
167989,222
167994,2404
168000,319
168007,12371
168008,74
168015,5760
168015,12372
168016,12373
168017,2452
168018,7974
168023,663
168030,12374
168037,1612
168038,346
168043,5826
168056,12375
168058,11635
168068,409
168068,8353
168072,1751
168077,10050
168080,4500
168081,1299
168089,1986
168103,4135
168112,699
168119,815
168131,1507
168134,1082
168144,2307
168145,804
168146,12376
168153,95
168175,848
168177,870
168179,12377
168180,12378
168200,12379
168200,12380
168206,1572
168214,10580
168217,3110
168223,1940
168231,1832
168233,12381
168239,12382
168251,556
168259,12383
168260,679
168262,140
168265,656
168274,4304
168275,12384
168279,12385
168285,12386
168286,12387
168307,5466
168309,100
168310,587
168323,1121
168325,12388
168327,848
168334,150
168336,346
168339,291
168340,1316
168345,12389
168359,11400
168359,11401
168365,136
168368,240
168374,447
168375,556
168380,1539
168386,712
168389,12390
168393,409
168393,5569
168394,9571
168398,3392
168400,12391
168403,409
168434,39
168440,4251
168442,1971
168444,9849
168448,6259
168452,57
168465,12392
168482,12393
168484,5746
168491,6147
168492,12394
168496,1916
168507,4928
168514,541
168519,12395
168519,12396
168520,629
168521,1457
168522,508
168541,2012
168542,7860
168545,150
168550,319
168552,2861
168552,12397
168554,11258
168557,432
168561,7388
168564,150
168574,1695
168575,1556
168595,255
168596,12398
168600,960
168600,12399
168608,4292
168610,1556
168615,645
168628,7585
168632,12400
168635,12401
168638,7035
168641,211
168656,12402
168659,44
168664,1072
168665,2265
168682,161
168683,1957
168686,1143
168688,11461
168695,2504
168701,987
168708,2838
168726,12294
168733,12403
168733,12404
168736,12405
168741,307
168761,24
168763,345
168767,12406
168769,8490
168770,5531
168770,8277
168770,12407
168770,12408
168770,12409
168770,12410
168770,12411
168789,8708
168801,553
168803,150
168810,12412
168817,4222
168822,12413
168822,12414
168828,195
168844,1574
168847,12415
168847,12416
168852,10050
168854,185
168859,135
168864,8621
168865,3066
168871,12417
168882,1810
168883,99
168888,663
168890,2140
168895,12418
168898,12419
168898,12420
168900,711
168901,11287
168902,1797
168904,12421
168906,12422
168916,816
168921,6992
168930,24
168936,10125
168953,4268
168982,215
168983,1058
168986,6282
168986,12041
168986,12423
168987,22
168992,3870
169000,12424
169003,1437
169005,210
169007,12425
169025,1834
169029,57
169035,3779
169057,1136
169066,562
169073,482
169079,6718
169085,150
169088,6487
169088,6488
169093,12426
169094,185
169123,7188
169126,1538
169129,12427
169146,1658
169158,3514
169163,1916
169171,1548
169183,75
169185,12428
169192,431
169197,5073
169199,12429
169199,12430
169200,649
169209,611
169216,870
169224,12431
169244,12432
169245,1061
169264,12433
169273,3186
169282,12434
169295,8785
169296,12435
169297,1022
169299,12282
169301,12436
169303,7
169325,842
169330,788
169335,966
169337,856
169337,3170
169337,3172
169337,12437
169337,12438
169337,12439
169337,12440
169337,12441
169337,12442
169337,12443
169337,12444
169337,12445
169337,12446
169354,721
169369,12447
169381,12448
169383,362
169384,12449
169387,12450
169403,957
169409,1457
169412,2451
169418,8999
169421,62
169422,501
169430,4679
169440,1061
169441,12451
169443,12452
169449,5342
169471,12453
169473,8252
169485,1331
169488,10403
169499,53
169501,649
169506,12454
169509,1271
169512,2089
169513,549
169514,587
169516,11646
169520,6403
169527,12455
169529,1702
169531,5047
169591,200
169592,2074
169595,35
169603,721
169606,891
169612,12456
169613,846
169623,44
169632,1020
169636,1830
169640,4799
169660,1887
169666,4912
169670,1957
169674,7549
169677,411
169699,804
169704,6787
169709,265
169725,4537
169729,52
169732,12457
169749,12458
169755,4303
169769,8992
169770,749
169776,12459
169777,11271
169780,721
169788,12460
169792,3877
169800,280
169803,4570
169803,4571
169808,669
169811,132
169821,1316
169822,1845
169836,12461
169853,291
169862,802
169867,291
169868,1563
169870,267
169871,245
169874,12462
169878,346
169893,674
169901,6787
169902,12463
169911,12464
169912,3442
169914,1370
169920,5122
169930,668
169932,12465
169936,446
169936,447
169937,935
169942,8384
169944,2853
169944,3181
169951,5660
169958,205
169962,12466
169979,39
169987,6254
169996,663
169997,6193
170001,551
170027,12467
170030,2411
170031,9482
170036,3218
170039,15
170041,12468
170041,12469
170046,544
170049,161
170065,12470
170070,284
170071,160
170072,361
170081,11630
170086,5932
170091,12471
170100,12472
170110,6181
170111,9223
170117,12473
170119,12474
170121,6125
170124,2307
170143,978
170144,669
170152,36
170154,189
170158,431
170161,1821
170167,1259
170170,2444
170174,2353
170175,79
170176,3203
170189,12475
170191,74
170202,6573
170205,12476
170219,2339
170220,3385
170223,12477
170234,721
170237,12478
170238,3277
170244,721
170249,1846
170256,556
170271,1558
170275,12479
170279,6213
170279,12480
170281,203
170283,1832
170291,12481
170293,12482
170303,12483
170304,12484
170311,12485
170314,5612
170321,669
170323,161
170328,5299
170335,158
170343,6723
170343,12486
170344,12487
170348,599
170348,600
170350,5628
170356,1723
170361,11494
170361,12488
170369,663
170371,10936
170377,2276
170378,194
170384,12489
170394,1583
170397,4851
170400,109
170401,12490
170408,12491
170412,12492
170414,992
170433,6147
170439,12493
170445,556
170447,987
170450,12494
170453,5207
170458,788
170459,140
170465,3032
170472,693
170489,409
170500,144
170504,5289
170515,12495
170520,679
170538,612
170551,1223
170554,5016
170556,12496
170562,3032
170567,2404
170576,4662
170577,2802
170578,12497
170580,3845
170593,2770
170603,12498
170604,8799
170610,1766
170612,669
170617,2324
170634,157
170635,12499
170637,12500
170641,3043
170642,12501
170651,2418
170663,3262
170669,1001
170670,7173
170674,617
170677,1469
170683,2012
170689,12502
170699,12503
170704,157
170707,2649
170711,12504
170719,552
170720,2276
170722,74
170735,2770
170740,12505
170750,9170
170758,12506
170761,1065
170761,5548
170762,125
170773,2888
170775,2424
170776,54
170785,160
170787,4955
170789,1065
170790,8632
170791,8420
170794,587
170797,8935
170805,353
170814,12507
170815,7404
170826,12508
170826,12509
170837,12510
170843,284
170846,12511
170857,5431
170864,12512
170879,1303
170881,12513
170888,574
170903,3380
170907,12514
170909,1267
170912,11557
170918,9568
170921,12515
170923,1058
170930,2267
170932,12516
170932,12517
170933,12034
170940,1071
170940,1072
170950,501
170951,6336
170953,11977
170959,7156
170964,587
170966,4751
170970,12518
170977,2168
170978,1128
170983,12519
170985,242
170988,199
170993,531
170997,746
171005,1776
171008,1979
171014,12520
171020,12114
171021,8881
171023,144
171024,798
171027,7849
171027,10913
171031,549
171033,1584
171040,6097
171043,846
171044,12521
171045,3446
171048,99
171052,7
171057,12522
171059,7281
171065,12523
171071,5228
171078,4727
171082,6018
171084,1096
171089,200
171106,1368
171108,12524
171113,2302
171113,2303
171115,12525
171117,222
171119,4435
171124,6784
171126,2758
171128,1695
171131,1512
171132,12526
171134,12527
171134,12528
171134,12529
171139,689
171140,1733
171144,804
171145,7916
171146,67
171150,135
171157,9965
171165,1208
171170,135
171172,9189
171173,2773
171180,1033
171185,949
171197,7302
171200,728
171207,12422
171216,12530
171216,12531
171217,12532
171218,669
171226,2858
171226,2859
171228,291
171229,231
171232,3066
171241,12533
171244,91
171252,1130
171252,2028
171252,2320
171252,9928
171252,12534
171252,12535
171252,12536
171252,12537
171252,12538
171252,12539
171252,12540
171252,12541
171253,3493
171256,9575
171266,7580
171267,12542
171285,12543
171285,12544
171298,2803
171315,556
171318,7636
171319,3537
171325,1891
171359,4912
171369,12545
171409,4156
171410,99
171424,649
171428,658
171435,44
171451,12546
171454,1916
171459,12547
171464,275
171466,3591
171474,781
171483,3439
171485,91
171503,9581
171504,4519
171514,1064
171516,10446
171521,227
171521,12548
171523,12549
171530,922
171531,1612
171550,8743
171553,12550
171554,162
171555,735
171559,191
171563,399
171563,12551
171563,12552
171565,5243
171566,12553
171567,8418
171568,12554
171571,1008
171574,294
171578,242
171582,12555
171583,12556
171599,12557
171605,12558
171611,6749
171612,5176
171613,6111
171617,298
171618,1503
171622,1024
171635,2638
171638,12559
171651,738
171654,12233
171667,1457
171672,1979
171675,35
171676,659
171678,12560
171679,2929
171680,3889
171687,4179
171709,12561
171711,679
171712,12562
171718,12563
171728,1296
171731,1572
171738,12564
171741,12565
171742,12566
171757,4131
171758,22
171764,727
171769,12567
171788,2810
171791,6847
171792,12568
171795,2404
171810,305
171813,587
171824,12569
171830,284
171841,12570
171842,556
171847,186
171848,99
171852,357
171855,3382
171859,7725
171861,267
171867,1695
171874,12571
171875,3708
171890,788
171891,44
171908,12572
171909,12573
171911,12574
171916,1587
171920,754
171921,2921
171928,1477
171932,12575
171942,1291
171948,4716
171953,480
171979,5285
171981,12576
171996,12577
172000,7959
172003,1273
172004,2144
172004,2486
172004,2804
172004,8480
172004,9030
172004,9456
172004,12578
172004,12579
172008,191
172025,11273
172028,1851
172029,1018
172051,12580
172052,12581
172058,7285
172061,2451
172063,531
172064,445
172070,578
172076,2901
172076,12582
172077,8959
172081,11461
172096,291
172103,358
172105,663
172116,12583
172121,88
172126,1915
172131,12584
172152,482
172167,383
172176,12585
172180,1720
172185,8718
172199,10091
172202,2418
172207,12586
172220,9302
172222,1303
172230,125
172237,2093
172242,12587
172243,1570
172244,1765
172247,5123
172252,11749
172256,12588
172266,419
172268,12589
172269,5080
172273,995
172282,1083
172285,185
172304,5213
172314,4460
172320,12590
172324,12591
172341,73
172357,107
172375,4203
172377,12592
172395,12593
172397,330
172400,12594
172403,949
172408,6021
172415,54
172417,12595
172433,12596
172441,7881
172453,2301
172459,12597
172462,476
172463,157
172469,1009
172472,152
172473,11623
172474,12208
172475,7565
172479,12598
172480,815
172483,12599
172494,9107
172495,12600
172501,3472
172505,12601
172506,12602
172506,12603
172509,6255
172509,6256
172509,12604
172513,2282
172518,2327
172524,194
172525,3532
172544,12605
172549,1375
172563,8080
172566,79
172574,183
172578,1856
172583,394
172586,4682
172589,870
172590,12606
172594,11369
172598,3625
172602,12607
172604,12608
172604,12609
172604,12610
172604,12611
172611,1320
172621,99
172627,12612
172631,139
172632,12613
172639,10488
172646,291
172647,544
172650,3212
172653,931
172678,12614
172683,586
172690,12615
172697,3246
172702,11287
172710,638
172717,12616
172719,242
172724,3712
172731,1451
172732,2309
172741,2555
172742,12617
172754,12618
172757,1774
172758,12619
172776,12620
172776,12621
172776,12622
172780,11802
172795,250
172800,841
172800,842
172812,701
172826,1160
172832,6855
172838,12623
172847,1478
172854,127
172856,12624
172863,1061
172866,5159
172870,689
172879,284
172880,12625
172881,5612
172893,446
172893,447
172895,85
172895,9882
172896,3182
172899,12626
172901,3379
172915,157
172917,12627
172926,1299
172933,679
172934,10196
172941,1201
172969,200
172970,12628
172986,9478
172986,12629
172991,12630
172995,1027
172996,1165
172999,8383
173010,4372
173012,135
173015,48
173018,1175
173019,556
173020,5970
173026,563
173026,12631
173036,9974
173039,1498
173039,2804
173045,7241
173064,3361
173068,150
173075,171
173090,663
173093,578
173100,1180
173100,3529
173105,12632
173112,48
173123,2547
173134,611
173136,800
173148,1303
173151,12633
173154,486
173158,162
173161,383
173168,12634
173170,8
173174,3027
173176,12635
173177,2641
173193,4794
173199,700
173203,12636
173218,12637
173227,12638
173230,12327
173233,3784
173234,340
173235,12639
173246,848
173247,250
173253,1770
173259,10610
173271,663
173275,290
173283,91
173303,5047
173305,12640
173306,1563
173307,6213
173310,3382
173315,4006
173327,12641
173330,578
173334,821
173340,2423
173347,2222
173349,304
173353,907
173363,4679
173364,12642
173364,12643
173364,12644
173365,1667
173370,388
173372,3141
173395,7200
173397,4286
173404,480
173405,150
173407,12645
173416,5275
173420,12124
173450,12646
173457,29
173465,10595
173487,2107
173492,12647
173505,12648
173506,13
173508,12649
173512,12650
173513,7035
173515,741
173536,2012
173540,12651
173556,5490
173557,4932
173558,1303
173561,9783
173563,9141
173580,111
173581,5430
173582,10978
173585,2690
173588,531
173590,1487
173591,3948
173593,1895
173600,1061
173602,12652
173611,6605
173613,12653
173615,135
173625,12654
173629,777
173631,5114
173634,3076
173636,91
173640,552
173645,12655
173645,12656
173648,7815
173653,12657
173654,855
173655,2102
173656,1457
173667,185
173670,12658
173674,12659
173674,12660
173678,1165
173689,1695
173707,460
173718,12661
173720,12662
173722,2368
173723,2600
173724,12663
173724,12664
173728,12665
173729,3048
173737,1117
173739,3028
173742,12666
173748,12667
173749,174
173754,6176
173757,931
173758,194
173768,161
173774,12668
173780,6850
173793,161
173801,569
173811,274
173819,2088
173820,152
173822,2393
173822,12669
173823,11285
173832,957
173842,445
173844,626
173845,588
173848,12670
173870,501
173875,679
173876,1908
173878,12671
173881,1801
173885,6479
173893,5095
173893,5096
173910,12672
173911,501
173918,476
173938,347
173968,12673
173971,3932
173991,2475
173997,11444
173998,12674
174022,44
174029,555
174029,5143
174031,1376
174033,12675
174035,746
174037,12676
174039,1160
174040,12677
174041,102
174041,1951
174047,230
174049,26
174058,12678
174059,2441
174065,12679
174071,383
174078,2888
174079,4024
174088,962
174090,2929
174099,701
174109,649
174125,12680
174128,501
174131,12681
174135,358
174156,3158
174158,12682
174159,2574
174165,5232
174172,4523
174174,3271
174178,934
174194,12683
174195,12684
174214,3027
174219,8333
174223,5010
174227,5465
174227,12685
174232,117
174234,12686
174235,10377
174235,10378
174238,12687
174245,712
174249,2258
174249,6749
174264,12688
174274,12689
174284,12690
174290,7057
174294,12691
174301,6253
174314,1681
174333,12692
174337,1188
174340,7580
174343,9017
174343,9018
174350,352
174356,838
174362,12693
174367,12694
174367,12695
174369,929
174373,1106
174374,12696
174391,7845
174393,6487
174393,6488
174399,2535
174399,2545
174399,6268
174399,8460
174402,721
174409,1556
174410,9224
174417,1846
174421,12697
174423,11485
174424,3380
174426,7583
174428,9042
174433,6941
174433,12698
174436,1706
174439,11487
174444,679
174452,12699
174457,715
174467,5326
174475,701
174484,12700
174486,12701
174511,25
174522,671
174525,507
174535,2307
174536,758
174537,11461
174541,501
174549,875
174554,4499
174555,1865
174565,3604
174578,12702
174585,3798
174591,10142
174596,813
174605,563
174611,3847
174627,2625
174627,3541
174627,7674
174627,12703
174627,12704
174627,12705
174627,12706
174627,12707
174627,12708
174627,12709
174627,12710
174627,12711
174627,12712
174627,12713
174627,12714
174629,821
174634,12715
174647,12716
174659,12717
174664,1503
174665,7785
174666,12718
174668,701
174676,1695
174694,1979
174699,977
174700,12719
174702,848
174711,185
174713,1829
174722,1936
174737,12720
174740,2969
174740,2970
174757,2708
174759,4734
174762,12721
174764,10324
174765,12722
174774,12723
174776,931
174779,157
174780,3186
174784,4286
174802,11606
174812,12724
174825,3467
174834,729
174836,5234
174841,1007
174843,482
174851,298
174859,3709
174862,12725
174864,4554
174871,12726
174877,994
174881,154
174888,414
174895,497
174901,94
174906,69
174912,3044
174913,12727
174914,12728
174915,157
174917,12729
174921,12730
174929,788
174930,3850
174930,3851
174933,12731
174942,1008
174952,12732
174961,12733
174962,1512
174972,119
174979,721
174986,1843
174993,2098
174998,5345
175002,12734
175005,12735
175010,815
175028,8595
175029,689
175052,291
175063,8049
175070,4250
175077,12736
175080,4303
175082,1830
175092,222
175101,1971
175128,9974
175129,12737
175129,12738
175129,12739
175135,2580
175137,118
175139,2465
175139,2466
175140,185
175155,573
175162,1344
175166,841
175166,842
175171,10301
175176,12740
175179,12741
175183,12742
175186,6403
175187,12743
175191,12744
175193,1007
175195,3158
175202,8284
175203,5276
175207,12745
175208,464
175215,2829
175220,1457
175221,12746
175249,305
175262,693
175263,2580
175270,12747
175271,12748
175279,671
175282,1843
175288,2301
175296,9275
175296,12749
175304,191
175334,98
175336,7355
175340,3476
175353,12750
175353,12751
175354,242
175365,2558
175366,6835
175369,6254
175406,1063
175408,693
175411,12752
175414,2929
175421,85
175421,9882
175425,12753
175426,752
175434,669
175437,150
175456,749
175461,2035
175463,803
175474,2381
175486,12754
175489,270
175490,1583
175493,12755
175503,800
175507,233
175510,12756
175519,12757
175526,1618
175527,10259
175531,12758
175559,4179
175570,721
175586,12759
175589,12760
175591,1242
175599,10964
175606,102
175612,12761
175616,12762
175621,2594
175625,161
175637,414
175641,204
175644,12763
175644,12764
175644,12765
175647,150
175649,3472
175651,587
175671,12766
175686,3245
175698,6712
175705,820
175722,12767
175725,3185
175729,117
175730,10721
175737,12768
175742,2351
175747,1070
175751,1226
175754,727
175759,2870
175769,12769
175770,12770
175790,947
175793,1145
175795,5466
175796,2189
175796,12771
175797,12772
175812,2568
175817,148
175817,1376
175817,1998
175817,2819
175817,6901
175817,12773
175817,12774
175817,12775
175817,12776
175817,12777
175819,12778
175820,12779
175828,1885
175837,12780
175848,162
175850,2307
175867,1584
175870,12781
175871,2929
175878,4679
175911,12782
175912,3676
175917,1608
175920,12783
175921,12784
175921,12785
175930,3656
175932,1571
175935,2785
175935,2786
175936,12786
175937,249
175948,99
175959,2197
175961,2321
175973,492
175981,701
175986,6398
175988,531
175995,12787
175999,634
176003,6487
176003,6488
176005,12788
176007,12789
176008,1902
176009,12790
176011,12791
176013,1739
176021,6749
176024,2654
176026,5472
176026,5473
176030,12792
176042,4299
176044,6715
176045,24
176057,78
176060,136
176062,668
176065,5887
176069,12793
176074,907
176074,4361
176074,12794
176085,195
176086,2475
176092,501
176093,498
176101,319
176101,485
176101,712
176101,1217
176101,1937
176101,2168
176101,4549
176101,5755
176107,1052
176110,5285
176111,194
176125,143
176127,2685
176127,2686
176131,4554
176131,12795
176136,142
176140,838
176141,242
176144,12796
176161,12797
176173,222
176173,3382
176173,4435
176173,5026
176175,431
176180,4769
176182,12798
176186,11580
176190,689
176203,160
176205,200
176209,12799
176212,2681
176218,1102
176222,135
176226,12800
176230,12801
176233,12802
176239,69
176242,1715
176243,91
176244,459
176244,1095
176244,2804
176244,4231
176244,5003
176244,6216
176244,7200
176244,7564
176244,9877
176244,12803
176244,12804
176247,12805
176252,183
176256,1548
176257,12806
176265,426
176269,6188
176270,636
176283,12807
176289,578
176291,2123
176298,99
176303,2302
176303,2303
176309,679
176315,1832
176316,189
176317,1331
176319,2404
176337,50
176344,3170
176349,2665
176350,12808
176351,2850
176352,2940
176355,191
176356,161
176357,7206
176362,3625
176363,12809
176366,12810
176382,9997
176384,3001
176388,12811
176391,9534
176398,12812
176399,3385
176403,12813
176414,544
176423,12814
176427,104
176435,85
176436,1064
176438,3382
176444,162
176447,460
176450,2421
176451,12815
176453,1478
176454,154
176462,627
176465,9737
176467,12816
176474,803
176480,634
176484,599
176484,600
176504,4511
176506,721
176507,12817
176509,12818
176511,1061
176513,12819
176517,2686
176517,12076
176517,12820
176520,1547
176527,12821
176528,11208
176531,701
176538,2922
176547,12822
176561,4561
176567,12252
176575,78
176576,474
176577,2353
176579,3437
176582,2554
176589,4497
176594,4089
176597,501
176599,12823
176603,476
176608,12824
176613,1772
176614,6153
176618,6340
176618,12825
176619,189
176623,4889
176632,7200
176634,2274
176635,2547
176641,4231
176660,4117
176663,817
176670,135
176673,143
176690,185
176696,12826
176704,1038
176715,1772
176719,8089
176719,12827
176724,1106
176726,1587
176727,446
176727,447
176733,2102
176734,7527
176753,7702
176755,227
176755,1063
176755,1751
176755,2092
176755,2968
176755,3755
176755,4862
176755,4865
176755,5609
176755,10722
176755,12828
176755,12829
176755,12830
176755,12831
176755,12832
176755,12833
176755,12834
176766,12835
176767,645
176783,135
176799,5952
176801,1381
176803,1129
176804,102
176805,870
176810,12836
176812,447
176814,230
176818,4985
176825,10623
176834,12837
176847,3604
176849,12838
176852,5145
176856,284
176858,7709
176863,291
176868,2691
176875,1381
176889,12839
176893,307
176898,803
176904,739
176909,116
176914,12840
176921,4855
176924,7219
176926,263
176935,12841
176937,1783
176938,8187
176940,12842
176945,9638
176951,7580
176956,3246
176963,336
176972,12843
176977,12844
176988,1286
177002,12845
177015,12846
177018,7356
177020,6881
177021,12847
177024,12848
177031,12849
177036,12850
177037,6370
177038,2845
177039,2107
177048,7477
177056,160
177066,139
177067,968
177070,3467
177073,1709
177073,1710
177078,2475
177081,721
177082,12851
177092,8333
177098,4133
177113,552
177115,12852
177116,1232
177118,12853
177119,242
177124,12854
177129,12855
177153,12856
177158,10964
177170,12857
177176,12858
177181,634
177195,12859
177196,2717
177207,2089
177210,6570
177210,12860
177216,7502
177222,12861
177223,12862
177227,3712
177228,1415
177233,12863
177239,12510
177252,2267
177253,556
177254,2031
177257,451
177257,1114
177257,1324
177258,12864
177259,12865
177265,459
177275,222
177299,3229
177299,3230
177305,3174
177307,12866
177311,804
177318,5920
177332,1477
177332,1672
177333,1381
177343,157
177353,929
177355,1671
177357,8130
177369,12867
177371,3420
177374,12868
177375,26
177376,26
177377,12869
177379,12870
177380,409
177385,700
177390,12871
177393,353
177399,1319
177400,280
177409,12872
177412,195
177418,12873
177420,44
177429,721
177432,9
177440,12874
177446,798
177452,12875
177457,553
177467,3467
177470,3754
177472,5843
177477,4256
177477,4257
177483,556
177495,204
177507,803
177508,88
177509,74
177515,925
177525,3256
177527,1740
177533,12876
177545,746
177547,5609
177567,12877
177567,12878
177594,5701
177595,11368
177599,215
177615,1765
177624,858
177625,1563
177631,92
177637,9734
177643,4390
177648,1583
177649,6387
177661,552
177662,634
177665,12879
177667,39
177670,5213
177674,191
177687,199
177691,154
177704,3910
177716,164
177726,12880
177729,11014
177737,12881
177756,9025
177757,158
177762,73
177782,2991
177785,3852
177788,3212
177792,76
177795,785
177796,11325
177809,12882
177810,2403
177822,1846
177824,12883
177830,1058
177835,699
177845,12884
177855,993
177872,2302
177872,2303
177876,2929
177878,3385
177887,12885
177888,459
177894,12886
177897,12887
177899,22
177906,3656
177923,12888
177930,885
177941,855
177947,8277
177960,6387
177980,663
177989,2188
177990,2901
177990,12889
177992,2439
177993,12890
177995,10694
177997,12891
178000,1602
178004,2989
178013,99
178018,12892
178025,12893
178029,12894
178031,300
178038,12895
178041,189
178050,3953
178060,1577
178063,892
178072,8281
178078,327
178097,12896
178120,1210
178123,12897
178135,157
178144,2020
178168,57
178174,707
178182,6505
178184,3407
178185,2307
178187,3740
178199,2922
178200,5704
178201,7347
178216,12898
178229,117
178230,12899
178235,235
178235,563
178235,1058
178236,12900
178240,788
178249,2257
178254,641
178257,738
178259,245
178262,3110
178263,10739
178269,275
178269,2351
178274,12901
178288,529
178295,12902
178297,319
178298,12903
178305,1033
178305,12904
178312,12905
178314,451
178317,3225
178321,12906
178323,679
178324,1695
178336,78
178339,4398
178362,744
178379,4498
178396,9958
178402,5949
178402,5950
178403,1775
178408,7902
178417,3203
178418,7981
178420,11311
178436,139
178437,2893
178439,11543
178448,143
178449,679
178450,10077
178450,12907
178450,12908
178450,12909
178450,12910
178451,4627
178453,12911
178462,157
178463,2788
178465,508
178469,1529
178472,3974
178502,8251
178503,12912
178504,12913
178514,91
178517,12914
178517,12915
178519,729
178520,254
178532,12916
178534,587
178539,1402
178539,10020
178539,11518
178539,12917
178539,12918
178539,12919
178539,12920
178540,12921
178543,1300
178544,12922
178553,922
178556,12923
178563,3307
178569,1855
178569,1859
178569,1865
178569,1873
178569,2200
178569,2300
178569,3540
178569,3541
178569,3983
178569,7267
178569,7759
178569,12206
178569,12924
178569,12925
178569,12926
178579,1061
178579,1612
178583,1583
178589,3426
178590,865
178595,8337
178597,11285
178601,4913
178604,587
178609,1547
178613,12927
178626,7271
178633,3952
178640,4364
178644,6371
178653,749
178658,217
178659,319
178663,12928
178666,3205
178671,319
178673,12929
178674,12930
178694,1696
178703,5242
178711,2599
178718,199
178719,1440
178723,501
178724,12931
178725,1846
178740,284
178744,2858
178744,2859
178759,127
178762,3975
178769,12932
178771,2185
178778,573
178784,153
178789,544
178794,358
178806,4390
178819,838
178821,8334
178825,117
178826,6870
178830,815
178837,1661
178837,1662
178840,12933
178859,12934
178864,6425
178865,185
178871,1466
178871,12935
178874,8522
178877,12936
178882,553
178884,2681
178886,12937
178889,1180
178898,7130
178900,821
178908,2520
178911,5255
178914,5321
178922,3392
178925,7911
178930,9759
178931,6936
178935,211
178939,2017
178944,12938
178957,361
178969,150
178975,44
178983,5288
178988,1899
178994,12939
178996,12940
179001,3846
179004,984
179010,2837
179011,12941
179013,3294
179015,2291
179034,1375
179036,7187
179036,12942
179039,2857
179060,12943
179071,157
179086,158
179088,4511
179097,12944
179103,12945
179110,329
179115,578
179126,968
179127,633
179129,659
179132,3805
179140,459
179142,12946
179155,2914
179159,4591
179163,556
179167,2467
179169,12947
179178,587
179184,12948
179186,12949
179186,12950
179186,12951
179187,54
179191,2339
179197,274
179214,5271
179228,1435
179233,11118
179236,663
179238,4544
179244,12952
179249,2943
179249,2944
179252,12953
179252,12954
179266,291
179270,12955
179271,12956
179272,1033
179279,6720
179283,537
179292,1571
179294,8247
179297,1136
179323,12957
179325,105
179325,148
179325,162
179325,251
179325,1851
179325,1858
179325,1859
179325,1860
179325,1863
179325,1864
179325,2092
179325,2128
179325,2195
179325,2202
179325,3083
179325,3087
179325,3090
179325,3540
179325,8084
179325,12958
179325,12959
179325,12960
179326,1300
179343,663
179345,501
179347,549
179351,7371
179353,12961
179355,741
179363,242
179370,10382
179372,923
179377,735
179377,12962
179390,12963
179395,12964
179399,6833
179402,12965
179409,12966
179410,127
179415,813
179423,10270
179434,117
179446,99
179451,12967
179472,12968
179482,12969
179482,12970
179482,12971
179482,12972
179482,12973
179494,12974
179495,7482
179495,7483
179501,12975
179507,1760
179510,12976
179516,12977
179523,721
179529,12978
179536,6139
179540,12979
179542,12980
179543,10537
179567,12981
179571,1300
179575,250
179577,358
179582,8116
179592,12982
179602,4389
179608,12983
179613,10230
179630,12984
179634,12985
179635,2831
179636,1411
179642,611
179645,12986
179646,12987
179655,12988
179664,12989
179677,485
179680,117
179689,1061
179695,6670
179699,1695
179710,1722
179711,2929
179716,803
179724,459
179735,4444
179739,3284
179743,2500
179745,12990
179750,2097
179763,22
179764,4186
179765,727
179766,1783
179767,12991
179768,12992
179774,12993
179777,12929
179781,12994
179794,4622
179813,2665
179815,135
179824,3245
179830,12995
179835,12996
179844,1344
179845,8185
179847,5208
179848,11384
179853,117
179857,12997
179867,1008
179868,91
179879,12998
179881,5422
179884,191
179886,10989
179889,4969
179898,12999
179902,8130
179902,9612
179914,1972
179915,13000
179918,5572
179918,13001
179925,291
179928,1251
179928,13002
179930,7587
179938,13003
179940,8431
179949,10449
179952,3382
179960,9428
179976,107
179977,304
179979,13004
179984,13005
179990,13006
180007,7259
180015,437
180015,13007
180018,102
180025,13008
180026,178
180026,179
180030,1295
180031,13009
180043,1135
180049,98
180051,319
180055,2888
180057,6778
180075,499
180086,13010
180087,531
180094,2143
180097,12372
180098,5723
180101,13011
180117,2520
180119,13012
180120,689
180137,298
180145,1456
180149,9546
180153,1556
180161,2384
180163,3196
180164,360
180168,3307
180173,13013
180174,4436
180177,13014
180187,869
180191,1780
180192,7371
180196,13015
180200,8198
180208,674
180212,7044
180218,13016
180230,1685
180230,9367
180238,4334
180248,2893
180252,13017
180254,2424
180255,242
180257,13018
180261,13019
180268,556
180275,394
180280,587
180285,13020
180286,738
180291,553
180294,5410
180304,611
180310,8381
180316,10538
180326,13021
180331,3642
180342,13022
180345,1253
180349,11053
180350,603
180353,13023
180355,13024
180374,13025
180380,13026
180389,869
180391,2024
180396,2021
180398,5291
180399,3948
180400,13027
180404,6822
180411,13028
180415,39
180419,6610
180423,2131
180445,4211
180451,13029
180452,3927
180476,13030
180479,291
180481,2476
180481,13031
180482,250
180484,13032
180484,13033
180485,2550
180488,13034
180493,5951
180494,7603
180502,2712
180509,13035
180511,2433
180518,305
180525,7431
180526,13036
180534,977
180555,947
180558,5687
180571,10354
180585,6787
180586,1503
180600,1723
180603,535
180615,13037
180621,11289
180626,8304
180627,194
180638,13038
180642,727
180645,211
180655,13039
180667,13040
180671,358
180680,13041
180683,1341
180686,157
180688,6059
180696,136
180710,813
180717,8518
180719,669
180723,123
180725,1563
180728,1186
180741,26
180767,284
180776,446
180776,447
180786,11125
180787,485
180788,7922
180789,157
180811,2084
180813,13042
180817,13043
180818,9753
180820,5796
180828,13044
180829,7192
180848,3466
180849,39
180853,4546
180869,1671
180873,12796
180879,1140
180886,13045
180888,13046
180889,5690
180899,13047
180910,13048
180921,281
180936,11346
180937,537
180951,13049
180954,2351
180956,10983
180968,13050
180979,185
180983,399
180983,13051
180987,2353
180992,2893
181005,13052
181012,13053
181014,13054
181016,1694
181019,13055
181022,195
181023,13056
181034,399
181035,1056
181047,2031
181048,4722
181051,13057
181053,553
181060,3323
181066,57
181067,4753
181071,3632
181094,13058
181096,1180
181096,3529
181105,446
181105,447
181109,9405
181120,3236
181123,3776
181126,12150
181134,5407
181140,1477
181142,4409
181147,541
181152,10671
181157,529
181160,85
181164,13059
181169,111
181170,821
181183,2418
181184,13060
181186,13061
181188,13062
181189,2596
181196,1279
181197,5207
181201,2837
181202,446
181213,291
181218,13063
181220,13064
181222,1402
181222,13065
181222,13066
181222,13067
181222,13068
181222,13069
181234,587
181237,5699
181243,1685
181244,1563
181250,12543
181250,12544
181251,13070
181252,5860
181264,111
181271,5906
181274,5104
181284,10611
181308,1681
181319,6758
181324,1216
181325,254
181327,6217
181333,804
181336,8986
181342,6762
181349,13071
181351,1563
181352,164
181367,3100
181376,2011
181381,4387
181387,12880
181393,701
181412,568
181422,2140
181426,11462
181427,8995
181429,13072
181430,5092
181441,674
181442,13073
181443,13074
181450,8718
181451,2504
181456,3421
181456,5679
181468,1000
181480,2500
181494,3731
181497,245
181501,13075
181505,13076
181505,13077
181506,13078
181521,13079
181523,6822
181524,957
181547,291
181570,10094
181581,250
181585,4398
181603,972
181605,865
181615,1418
181617,7035
181630,4305
181642,3194
181643,3302
181646,2339
181648,13080
181649,3323
181659,13081
181660,12759
181661,4139
181669,54
181670,10771
181680,573
181695,5415
181697,13082
181719,2274
181727,9498
181728,13083
181729,13084
181732,1096
181736,1846
181745,2266
181751,13085
181753,13086
181766,1462
181773,13087
181776,13088
181777,671
181792,2370
181796,9695
181796,11260
181797,2475
181809,1190
181810,9357
181816,1061
181821,13089
181828,2969
181828,2970
181830,200
181838,249
181843,8982
181845,9474
181851,13090
181857,1180
181871,195
181895,4361
181900,8469
181900,9300
181903,1936
181907,191
181909,85
181919,13091
181919,13092
181924,263
181925,8733
181951,5243
181953,5502
181955,1114
181962,4861
181986,671
181990,871
181991,792
182015,11496
182028,12
182034,2510
182035,13093
182041,8530
182046,26
182056,539
182060,665
182064,12743
182067,5721
182069,556
182070,1764
182082,13094
182084,9958
182104,12981
182105,736
182110,13095
182111,3489
182118,1929
182123,1451
182129,13096
182132,13097
182139,1671
182141,13098
182142,13099
182148,13100
182157,8380
182158,931
182165,13101
182167,1449
182167,1450
182171,1673
182171,1821
182171,1859
182171,2093
182171,2129
182171,2815
182171,2818
182171,2821
182171,8353
182171,8357
182171,8776
182171,13102
182171,13103
182173,209
182178,157
182181,1244
182182,1773
182186,160
182189,4238
182202,90
182220,573
182228,925
182229,185
182230,446
182230,447
182250,4803
182255,2591
182259,1556
182267,663
182272,459
182274,13104
182277,2307
182279,2913
182279,13105
182285,4765
182294,6365
182296,13106
182300,13107
182301,578
182306,1201
182314,2947
182314,9348
182318,13108
182324,919
182342,803
182346,2000
182350,136
182353,4089
182354,140
182360,414
182361,385
182365,2945
182381,7792
182384,6782
182406,412
182412,160
182412,185
182412,587
182412,821
182412,918
182412,1765
182412,5213
182417,13109
182433,7939
182441,4313
182453,5860
182460,284
182461,7781
182464,7612
182477,6669
182483,1547
182485,231
182486,8079
182500,947
182503,701
182508,1063
182511,13110
182517,1658
182520,597
182535,13111
182544,35
182544,1439
182544,13112
182544,13113
182552,13114
182557,3907
182558,200
182563,25
182570,1984
182571,459
182588,358
182593,43
182602,1568
182604,12280
182606,544
182612,54
182615,6602
182619,8595
182624,13115
182626,13116
182626,13117
182631,556
182636,4550
182638,865
182643,273
182649,6520
182652,3035
182661,579
182662,13118
182663,13119
182675,3032
182682,13120
182683,346
182690,2084
182692,3352
182693,446
182693,447
182695,117
182706,4120
182706,4121
182706,4122
182706,4123
182706,4124
182706,4125
182706,4129
182706,4130
182706,4131
182706,4268
182706,6419
182706,6421
182706,6422
182706,13121
182706,13122
182706,13123
182709,9687
182712,13124
182733,2418
182738,1804
182743,813
182757,7200
182775,13125
182787,1024
182788,546
182795,3391
182798,3180
182799,203
182799,3158
182809,13126
182813,5770
182815,10026
182819,7404
182831,13127
182834,4573
182839,5638
182840,13128
182848,1572
182848,13129
182848,13130
182854,460
182854,2122
182867,1875
182874,6125
182875,728
182876,423
182878,1852
182878,3536
182880,1303
182887,1686
182890,291
182895,13131
182909,159
182910,663
182915,746
182917,280
182920,13132
182928,832
182928,833
182928,834
182928,835
182928,9354
182928,9355
182937,1185
182945,5685
182948,5287
182951,578
182956,13133
182958,6544
182967,882
182968,135
182969,949
182972,2088
182983,161
182988,689
182989,624
182996,39
183004,546
183008,157
183019,13134
183039,5859
183047,393
183050,5299
183052,13135
183080,8167
183081,3719
183095,135
183100,13136
183103,1303
183112,562
183113,1083
183129,2251
183132,1971
183135,1527
183141,78
183142,464
183148,13137
183149,13138
183172,13139
183179,91
183182,541
183184,1291
183192,1299
183200,227
183204,13140
183207,10404
183215,397
183216,39
183232,319
183233,578
183262,7296
183269,1056
183270,185
183275,831
183285,679
183286,157
183287,678
183293,2577
183295,291
183297,145
183299,741
183315,3777
183316,13141
183325,147
183335,222
183336,1070
183344,13142
183346,3439
183351,13143
183356,1477
183362,1554
183364,13144
183371,22
183381,7521
183392,639
183395,13145
183408,6230
183417,227
183417,1751
183418,4856
183421,13146
183423,7512
183423,13147
183430,13148
183448,13149
183455,13150
183463,13151
183473,556
183477,13152
183481,2961
183481,2962
183489,26
183507,13153
183507,13154
183512,13155
183515,136
183536,121
183544,73
183547,203
183547,662
183552,9999
183578,977
183584,1841
183584,1842
183585,13156
183586,2461
183590,5086
183603,4324
183606,8334
183613,99
183625,13157
183627,185
183628,1449
183628,1450
183634,5996
183636,179
183644,3284
183672,728
183674,4912
183674,13158
183683,4740
183689,13159
183691,893
183709,13160
183714,13161
183716,49
183734,13162
183737,908
183740,1435
183749,39
183755,150
183759,13163
183770,473
183774,928
183783,13164
183785,13165
183790,1301
183793,1457
183801,375
183804,3982
183818,798
183824,1810
183827,13166
183835,13167
183851,4579
183855,26
183856,1685
183859,1713
183861,9879
183870,923
183877,578
183879,7431
183882,1413
183884,13168
183885,94
183897,888
183897,1620
183897,5512
183907,1177
183915,1908
183929,91
183933,7859
183938,770
183940,4361
183952,2893
183954,13169
183957,6101
183960,1115
183960,13170
183960,13171
183960,13172
183963,1128
183972,1937
183975,2551
183991,498
184020,2947
184020,9348
184021,200
184022,13173
184027,9879
184029,13174
184031,5174
184034,78
184037,13175
184039,1372
184051,1172
184054,1926
184057,268
184069,284
184071,671
184075,552
184076,8181
184085,663
184087,3682
184100,1009
184105,674
184115,1892
184122,13176
184128,3581
184129,275
184136,1001
184137,321
184138,8197
184147,679
184148,3907
184150,531
184155,13177
184161,185
184174,723
184178,5701
184184,44
184187,10076
184188,12654
184195,403
184207,13178
184211,1291
184216,13179
184216,13180
184222,4131
184223,439
184227,7529
184231,5720
184243,4485
184246,13181
184246,13182
184246,13183
184246,13184
184247,3419
184259,1695
184263,222
184272,4986
184280,1673
184280,1821
184280,1859
184280,2129
184280,2196
184280,2814
184280,2815
184280,2816
184280,2817
184280,2818
184280,2819
184280,2825
184280,4495
184280,8279
184280,8354
184280,9752
184280,13185
184280,13186
184280,13187
184280,13188
184280,13189
184287,13190
184290,13191
184293,1800
184299,13192
184305,13193
184310,6147
184323,587
184328,1058
184331,3894
184333,217
184337,532
184347,13194
184348,587
184369,1232
184377,13195
184377,13196
184381,13197
184393,13198
184395,6125
184398,482
184399,13199
184402,157
184419,13200
184430,13201
184435,9033
184436,13202
184443,5513
184446,5316
184452,931
184454,8881
184458,1916
184461,1047
184467,91
184473,13203
184476,185
184484,203
184484,662
184494,352
184503,954
184506,721
184526,13204
184537,11407
184540,10558
184550,7838
184561,4485
184571,663
184576,1706
184583,4434
184583,13205
184588,13206
184594,26
184596,13207
184602,219
184604,10128
184610,13208
184616,13209
184619,7240
184622,13210
184648,13211
184648,13212
184652,13213
184654,13214
184655,13215
184658,13216
184672,5269
184687,2103
184693,1721
184695,5104
184703,99
184708,13217
184708,13218
184711,6589
184721,13219
184750,13220
184757,13221
184763,1808
184765,4372
184770,2415
184778,13222
184784,1465
184796,5996
184797,10744
184806,1216
184809,222
184812,12
184814,1797
184814,13223
184814,13224
184816,13225
184818,1140
184840,13226
184859,1061
184869,13227
184882,1577
184885,178
184887,6282
184887,10949
184887,11063
184890,1568
184916,1723
184934,159
184935,49
184943,195
184949,556
184951,578
184953,169
184970,6081
184989,88
184998,10321
185005,486
185031,13228
185051,1283
185053,4716
185053,9434
185069,2307
185074,631
185095,13229
185096,641
185098,3229
185108,13230
185118,663
185152,73
185163,13231
185165,729
185172,1765
185175,891
185178,157
185185,39
185195,5272
185195,5273
185197,13232
185199,5723
185207,3906
185208,57
185210,4566
185210,13233
185210,13234
185222,3317
185246,203
185251,158
185255,26
185258,5671
185266,766
185271,6742
185272,13235
185273,11075
185284,1336
185286,2473
185291,1556
185303,2404
185307,2475
185317,2274
185321,117
185326,13236
185348,788
185349,3141
185351,12676
185374,784
185376,346
185382,3028
185387,298
185388,11998
185390,6870
185394,191
185398,1002
185406,203
185416,10382
185418,9955
185422,578
185425,4238
185429,57
185433,5637
185434,1588
185441,24
185452,210
185457,13237
185458,713
185463,5823
185466,2145
185475,437
185475,3033
185475,4975
185477,13238
185479,5841
185485,488
185506,13239
185511,67
185522,497
185523,6640
185528,3877
185531,1846
185536,3229
185544,1429
185549,2324
185554,1096
185556,395
185557,5810
185569,22
185582,13240
185585,4409
185590,2975
185596,587
185599,158
185603,641
185604,6362
185608,13241
185614,822
185617,6181
185624,2510
185632,52
185636,26
185645,482
185649,340
185662,1459
185663,2475
185666,12
185673,13242
185678,3881
185684,8799
185688,738
185693,135
185703,13243
185708,6385
185715,5703
185718,4673
185726,1448
185728,1477
185728,1672
185734,4171
185739,13244
185744,1418
185746,1711
185746,1712
185749,3024
185751,965
185761,586
185767,1688
185773,7493
185776,556
185779,2807
185791,13245
185800,478
185813,13246
185816,815
185817,13247
185819,8819
185819,13248
185832,2837
185850,1331
185855,4238
185863,10219
185865,1063
185871,175
185875,3102
185875,13249
185875,13250
185876,8704
185879,291
185892,669
185896,291
185906,1324
185907,10591
185932,6491
185950,11144
185952,2018
185954,319
185964,13251
185966,6712
185969,13252
185974,13206
185975,8305
185976,157
185985,4250
185987,13253
185995,7272
186016,117
186017,13254
186027,13255
186036,841
186036,842
186037,1558
186043,414
186044,12648
186047,663
186048,1584
186048,13256
186050,2867
186052,1788
186056,3048
186069,13257
186077,11782
186092,10576
186094,13258
186104,2006
186115,5143
186124,12694
186124,12695
186140,111
186141,13259
186149,185
186156,13260
186158,848
186159,414
186161,552
186164,3000
186169,5028
186180,8418
186185,749
186185,846
186187,13261
186188,4518
186189,13262
186192,298
186196,738
186205,4371
186211,191
186212,1722
186213,9959
186217,5735
186218,347
186224,1288
186226,4211
186228,298
186234,13263
186249,2307
186260,73
186275,556
186289,13264
186289,13265
186289,13266
186291,1692
186292,13267
186303,1344
186303,3034
186303,5174
186303,5309
186303,13268
186303,13269
186303,13270
186303,13271
186303,13272
186303,13273
186303,13274
186303,13275
186303,13276
186303,13277
186315,13278
186342,13279
186349,13280
186352,723
186355,5579
186355,8550
186355,13281
186364,13282
186382,13283
186390,663
186391,531
186401,5906
186407,13284
186408,838
186412,13285
186418,1720
186422,91
186423,7761
186425,13286
186427,13287
186439,1399
186441,13288
186441,13289
186450,549
186456,307
186456,870
186464,12679
186471,13290
186473,329
186474,13291
186477,13292
186481,398
186489,721
186490,13293
186492,553
186493,185
186495,13294
186503,191
186506,13295
186506,13296
186506,13297
186508,9879
186509,1186
186510,13298
186512,13299
186512,13300
186513,3100
186516,658
186521,157
186524,587
186531,1561
186536,333
186536,390
186550,1545
186558,13301
186561,160
186568,13302
186580,289
186580,13303
186590,11745
186593,3317
186596,2140
186600,13304
186609,4324
186622,638
186624,227
186624,1751
186627,13305
186632,13306
186641,2785
186641,2786
186651,2416
186653,4708
186656,1462
186661,1143
186667,1061
186669,786
186672,9167
186680,275
186684,499
186688,9558
186698,2686
186700,459
186710,1587
186715,13307
186717,184
186730,2829
186738,2803
186742,556
186743,2324
186750,7754
186755,13308
186759,842
186761,13309
186767,13310
186771,2531
186788,2185
186789,10619
186794,1008
186795,85
186795,9882
186798,3805
186800,13311
186808,727
186811,275
186823,13312
186828,13313
186834,1303
186837,3948
186847,721
186852,2321
186854,4459
186867,3950
186868,13314
186869,319
186884,2084
186885,358
186887,1242
186894,13315
186899,9358
186901,494
186907,931
186911,6725
186913,13316
186914,147
186917,13317
186927,2500
186930,2020
186933,7922
186935,222
186935,5016
186935,9405
186935,13318
186946,13319
186949,721
186957,13320
186959,222
186980,9193
186986,291
186997,4409
187000,1117
187010,3359
187013,145
187017,1900
187026,13321
187029,2131
187036,44
187041,13322
187045,4117
187048,53
187056,1175
187079,6742
187080,655
187081,4913
187088,10369
187092,13323
187092,13324
187096,13325
187098,5326
187099,2404
187102,599
187102,600
187127,2668
187138,13326
187143,7055
187146,10118
187155,13327
187159,13328
187170,254
187172,13329
187173,806
187179,13330
187180,336
187193,281
187196,13331
187201,858
187202,13332
187207,2964
187216,8007
187237,13333
187238,13334
187240,245
187246,5770
187255,11672
187262,4689
187273,1572
187273,13335
187273,13336
187275,12648
187281,658
187289,69
187291,9193
187295,721
187297,231
187301,13337
187327,1091
187328,891
187332,13338
187337,865
187345,57
187348,1375
187352,8540
187360,74
187365,185
187371,13339
187372,848
187378,242
187380,6055
187383,498
187385,1950
187402,386
187404,13340
187406,3927
187424,13341
187431,160
187432,1766
187437,821
187438,1807
187444,135
187445,3439
187451,861
187454,13342
187460,13343
187461,13344
187463,1238
187466,11270
187470,1832
187476,2477
187480,13345
187501,328
187506,13346
187514,838
187516,11464
187526,13347
187548,1405
187553,13348
187558,6362
187564,947
187570,2603
187571,4202
187597,13349
187599,75
187613,813
187617,552
187620,13350
187623,2998
187630,13351
187631,191
187641,2084
187642,185
187644,6181
187653,1201
187654,13352
187658,13353
187661,2681
187666,3194
187668,13354
187675,480
187678,1943
187689,2535
187690,13355
187694,2306
187702,13356
187705,4299
187708,12205
187711,925
187712,245
187718,13357
187718,13358
187722,1226
187728,13359
187734,13360
187748,1456
187755,158
187756,263
187757,1375
187759,1531
187763,721
187772,721
187774,862
187782,116
187783,250
187784,13361
187785,552
187790,13362
187800,2932
187807,13363
187811,11194
187811,13364
187817,147
187834,73
187838,4679
187841,39
187851,3080
187852,13145
187855,1971
187860,506
187875,1562
187877,13240
187887,501
187890,203
187897,13365
187911,26
187933,99
187937,161
187940,662
187944,13366
187954,10148
187956,13367
187965,11446
187967,1201
187971,4803
188001,9669
188005,6588
188010,10920
188011,13368
188012,578
188017,13369
188018,721
188023,346
188024,3871
188031,6255
188032,1568
188033,26
188038,13370
188047,13371
188048,13372
188050,587
188055,5055
188059,203
188092,1050
188097,8304
188099,962
188101,681
188110,2922
188119,9566
188126,4635
188142,1531
188145,7049
188145,7050
188146,1936
188154,552
188157,8383
188158,203
188171,150
188183,2320
188186,553
188191,13373
188195,13374
188208,1122
188209,13375
188211,13376
188231,13377
188236,6833
188253,13378
188254,13379
188260,304
188264,2475
188275,26
188277,788
188288,13380
188290,803
188297,760
188301,556
188306,13381
188306,13382
188313,3141
188315,8916
188315,13383
188335,4627
188340,1971
188341,10744
188342,1891
188345,1272
188346,6316
188349,2302
188349,2303
188353,3996
188366,13384
188368,13385
188368,13386
188376,665
188384,13387
188385,13388
188386,1136
188394,2809
188398,3677
188399,13389
188404,13390
188408,2421
188412,2681
188414,13391
188422,534
188428,785
188453,552
188462,135
188470,7247
188471,5774
188477,2520
188478,1008
188481,956
188488,2404
188493,5150
188494,13392
188497,6306
188497,13393
188501,679
188517,907
188520,157
188534,701
188542,5382
188551,2603
188552,13394
188553,13395
188555,815
188559,99
188566,6612
188569,13396
188571,813
188588,409
188591,13397
188595,13398
188600,7810
188601,13399
188608,708
188608,2273
188608,13400
188614,3776
188626,354
188626,355
188626,6225
188626,6226
188630,5717
188631,39
188636,185
188641,5157
188644,13401
188653,13402
188671,13403
188673,280
188677,131
188683,13404
188690,9695
188690,11260
188690,13405
188696,1696
188700,245
188703,4751
188707,792
188708,5020
188715,13406
188715,13407
188726,11666
188735,13408
188754,13096
188759,3256
188762,13409
188762,13410
188763,11384
188767,2092
188770,1035
188772,8734
188773,696
188776,1165
188777,409
188780,1584
188781,4390
188782,1193
188783,13411
188792,499
188796,8163
188797,298
188805,13412
188813,13413
188813,13414
188819,274
188833,13158
188839,1303
188846,87
188847,117
188863,1879
188867,1512
188873,2012
188883,2504
188889,12475
188893,803
188896,13415
188909,12981
188926,4551
188944,57
188947,3398
188953,5397
188957,5531
188960,245
188967,4817
188972,305
188973,13416
188985,3044
188997,157
189003,2302
189003,2303
189008,13417
189026,499
189030,13418
189043,1435
189047,281
189048,721
189055,5396
189068,13419
189073,11700
189074,1751
189075,4577
189082,4781
189091,13420
189095,105
189098,739
189103,13421
189106,4642
189108,13422
189111,9338
189115,13423
189124,13424
189125,13425
189127,254
189129,587
189138,13426
189143,74
189149,6691
189155,353
189164,13427
189172,552
189176,12147
189186,531
189188,13428
189188,13429
189195,645
189200,700
189204,627
189217,1766
189218,2547
189221,398
189223,150
189233,553
189257,99
189260,13430
189261,157
189277,553
189283,2483
189287,3493
189291,1008
189295,13431
189301,2243
189311,7306
189326,2597
189333,2914
189339,5095
189339,5096
189349,157
189356,4341
189369,741
189376,10946
189382,728
189383,3514
189385,905
189397,1617
189425,2681
189426,3330
189428,2600
189431,233
189436,12542
189439,2083
189445,2097
189447,689
189450,5207
189460,12213
189464,597
189470,1128
189471,6340
189471,13432
189477,13433
189479,245
189486,5246
189487,13434
189491,13435
189502,2652
189503,5580
189503,10552
189511,13436
189515,2929
189531,11962
189536,9146
189544,13437
189544,13438
189544,13439
189548,57
189550,13440
189562,4305
189569,2168
189570,13441
189576,13442
189592,2714
189605,2307
189606,6825
189612,3695
189613,2188
189614,7163
189614,7164
189619,162
189621,8431
189624,953
189626,6968
189636,414
189639,13443
189644,3110
189657,4626
189668,6881
189678,106
189681,106
189683,13444
189700,3702
189705,446
189705,447
189710,13445
189710,13446
189722,424
189725,4578
189725,6763
189734,3907
189735,13447
189737,13448
189737,13449
189738,185
189747,4421
189751,319
189752,360
189755,8343
189757,13450
189762,200
189763,1299
189796,2724
189810,962
189813,117
189826,13451
189831,659
189836,1435
189839,13452
189855,74
189857,3794
189876,171
189883,13453
189887,744
189888,556
189890,346
189902,79
189903,242
189904,13454
189936,1602
189938,213
189942,13455
189944,627
189950,820
189951,553
189951,5316
189952,1232
189954,13456
189955,13457
189959,2651
189959,13458
189959,13459
189959,13460
189959,13461
189959,13462
189959,13463
189959,13464
189963,5405
189967,2274
189968,602
189972,12493
189978,8675
189978,13465
189981,707
189984,3046
189986,531
189992,13466
189993,1775
190001,13467
190012,1378
190022,3891
190022,3892
190045,13468
190059,203
190071,7812
190076,11737
190078,12967
190079,657
190084,85
190097,8457
190101,13469
190104,366
190107,539
190113,160
190117,13470
190121,33
190126,3907
190129,3167
190134,13471
190141,222
190145,1635
190149,928
190149,3837
190150,13472
190152,13341
190158,1079
190171,713
190185,11774
190192,13473
190196,9764
190196,13474
190199,446
190199,447
190205,13475
190207,544
190212,409
190223,13476
190223,13477
190229,2736
190232,242
190236,578
190238,13478
190238,13479
190238,13480
190238,13481
190238,13482
190238,13483
190238,13484
190238,13485
190238,13486
190238,13487
190238,13488
190238,13489
190238,13490
190248,57
190249,865
190254,2717
190262,4657
190266,13491
190272,9536
190279,4288
190288,5130
190299,136
190301,284
190302,22
190302,117
190302,611
190302,721
190314,12082
190317,13492
190318,1846
190336,1834
190337,476
190343,3066
190343,3067
190346,107
190353,13493
190354,3243
190358,3812
190362,8
190373,635
190380,1587
190380,2081
190380,13494
190380,13495
190380,13496
190380,13497
190380,13498
190380,13499
190380,13500
190380,13501
190380,13502
190380,13503
190380,13504
190380,13505
190380,13506
190380,13507
190380,13508
190380,13509
190380,13510
190380,13511
190380,13512
190380,13513
190380,13514
190380,13515
190388,13516
190392,7905
190408,162
190409,1457
190412,13517
190414,10767
190414,10768
190416,13518
190427,1082
190429,1378
190432,1769
190455,2020
190460,13519
190494,6441
190497,13520
190500,6051
190503,13521
190506,3677
190518,233
190525,6645
190531,13522
190537,12139
190543,213
190548,2358
190559,5257
190568,556
190597,13523
190603,4490
190609,9721
190616,1139
190618,85
190623,13524
190624,13525
190625,3783
190643,13526
190650,13527
190652,13528
190653,13529
190654,8080
190655,713
190669,727
190686,2717
190690,1009
190709,13530
190711,13531
190720,135
190727,746
190728,13532
190743,1061
190746,1105
190776,13533
190782,13534
190783,13535
190785,13536
190796,7826
190797,13537
190801,13538
190810,1282
190815,13539
190827,157
190833,2307
190836,1092
190837,634
190844,291
190855,1804
190868,13540
190869,159
190878,8533
190885,1135
190889,1426
190893,1316
190908,13541
190913,6359
190913,13542
190916,8679
190918,13543
190928,3094
190934,1325
190936,1765
190947,10171
190951,1481
190951,9791
190951,13544
190951,13545
190951,13546
190951,13547
190951,13548
190951,13549
190951,13550
190951,13551
190956,13552
190960,2967
190964,185
190975,732
190979,13553
190988,4015
190991,7663
190996,2681
191001,1658
191002,12233
191005,578
191006,13554
191019,707
191024,13220
191041,13555
191050,3182
191053,2898
191060,1775
191066,1226
191075,13556
191075,13557
191092,9248
191100,4901
191102,578
191111,13558
191120,13559
191123,13560
191125,1267
191128,544
191143,192
191175,39
191178,39
191180,663
191189,2981
191190,788
191206,91
191207,1748
191219,8559
191219,13561
191219,13562
191225,7109
191230,4355
191243,13563
191244,13564
191253,13565
191258,2452
191265,144
191266,284
191267,254
191270,578
191279,13
191280,556
191289,13566
191305,13567
191305,13568
191318,4417
191319,11125
191321,4324
191323,1139
191327,1295
191343,13569
191345,395
191351,13570
191355,828
191355,829
191361,4521
191385,821
191389,2804
191394,13571
191402,4913
191404,856
191409,9107
191415,13572
191420,2464
191421,2830
191424,6487
191424,6488
191427,2404
191431,13421
191431,13573
191433,5700
191448,1160
191454,1471
191459,179
191459,3326
191460,451
191465,10686
191465,10687
191477,4913
191481,13574
191486,157
191490,245
191506,67
191510,2276
191528,13575
191532,5000
191536,9956
191539,13576
191541,2190
191544,729
191548,739
191551,284
191557,1783
191562,1095
191569,414
191572,1123
191573,1891
191577,4
191585,13577
191590,254
191591,722
191599,319
191600,136
191604,891
191611,7210
191622,117
191625,821
191627,2031
191627,13578
191628,507
191631,506
191640,140
191655,13579
191659,242
191671,13580
191684,13581
191687,300
191689,1238
191690,4016
191696,6247
191703,13582
191706,160
191707,611
191709,12507
191710,7120
191711,13583
191712,1711
191712,1712
191715,13584
191720,627
191722,9861
191736,13585
191750,13586
191767,1481
191767,9791
191767,13544
191767,13545
191767,13546
191767,13548
191767,13550
191767,13551
191767,13587
191767,13588
191767,13589
191769,537
191771,702
191793,2830
191793,13590
191795,571
191796,291
191800,3020
191801,2747
191803,1257
191815,13591
191822,1568
191849,293
191859,395
191864,4901
191865,1065
191869,13592
191877,254
191911,13593
191911,13594
191915,8144
191918,1330
191931,7271
191935,13595
191937,22
191937,977
191937,1003
191937,1114
191937,1218
191937,5203
191937,6312
191937,6715
191937,13391
191937,13596
191937,13597
191937,13598
191937,13599
191937,13600
191938,5452
191952,9440
191953,280
191955,2441
191958,233
191960,13601
191962,13602
191975,13603
191975,13604
191975,13605
191975,13606
191978,161
191989,10846
192009,8380
192010,7135
192014,22
192018,35
192021,870
192034,13607
192034,13608
192036,752
192038,13609
192041,6194
192044,157
192046,5176
192050,9669
192063,26
192069,99
192071,971
192072,13610
192077,8819
192079,44
192087,2728
192087,7625
192090,6355
192091,8402
192091,13611
192092,242
192112,13612
192113,803
192123,13613
192132,13614
192161,999
192172,91
192185,9146
192189,6920
192198,13615
192201,744
192206,157
192213,13616
192218,13617
192223,351
192228,13618
192229,12120
192240,48
192249,275
192261,1128
192270,531
192277,12295
192280,2520
192287,4594
192289,1071
192289,1072
192292,7069
192306,8920
192314,13619
192321,482
192328,136
192330,13620
192332,1556
192340,1155
192341,13621
192341,13622
192341,13623
192355,696
192355,3404
192363,200
192371,175
192372,8149
192373,13624
192374,3708
192391,13625
192394,9083
192398,6027
192408,2609
192409,977
192417,13626
192420,2439
192427,4131
192435,1139
192437,13627
192437,13628
192439,4722
192440,721
192449,13629
192451,537
192464,13630
192464,13631
192464,13632
192464,13633
192466,6652
192473,91
192478,159
192479,451
192480,13634
192487,11813
192498,13635
192499,189
192506,935
192507,6586
192529,1830
192535,2686
192535,5902
192537,2753
192540,10623
192557,3032
192558,13636
192558,13637
192560,13638
192561,5224
192576,488
192591,1720
192594,160
192597,13639
192608,13640
192609,11501
192621,13641
192635,13642
192637,3883
192644,4025
192648,2682
192662,13643
192668,2724
192670,3301
192676,3276
192677,9136
192678,1757
192680,13644
192691,8382
192692,1448
192700,5572
192700,13645
192707,2467
192715,556
192726,2938
192728,552
192731,11017
192735,5040
192744,578
192747,13646
192749,761
192754,13647
192762,777
192764,744
192778,5609
192786,5760
192789,694
192794,13648
192796,179
192796,11719
192804,4736
192810,13649
192812,242
192818,1832
192823,788
192847,440
192853,4716
192854,800
192863,5955
192869,13650
192872,150
192876,4932
192883,13651
192884,885
192887,1135
192901,13652
192904,9063
192906,1960
192926,3199
192953,13653
192969,283
192974,13654
192974,13655
192977,3300
192977,13575
192979,395
192998,2444
193005,13656
193029,12874
193032,556
193038,8181
193043,13657
193044,143
193054,3677
193060,13658
193066,563
193072,1009
193094,13659
193095,138
193098,13660
193105,1559
193118,13661
193128,501
193130,4298
193137,11323
193138,13662
193146,13663
193156,885
193161,13664
193162,13665
193163,10931
193170,803
193173,1255
193173,1258
193173,1344
193173,1345
193173,1346
193173,1644
193173,3965
193173,9219
193173,9506
193173,10275
193173,10280
193173,10295
193173,13269
193173,13277
193173,13666
193173,13667
193173,13668
193173,13669
193173,13670
193173,13671
193173,13672
193173,13673
193173,13674
193173,13675
193173,13676
193173,13677
193173,13678
193173,13679
193177,556
193180,13680
193180,13681
193186,1937
193193,157
193195,2421
193203,29
193212,1008
193230,721
193234,13682
193236,304
193237,2188
193245,2287
193245,5662
193245,11831
193245,13683
193245,13684
193245,13685
193245,13686
193245,13687
193245,13688
193245,13689
193247,1344
193256,304
193258,2929
193259,3158
193269,39
193274,2168
193277,3421
193277,5679
193284,185
193310,663
193317,4862
193321,2531
193328,13690
193336,305
193348,8126
193358,13691
193359,586
193360,111
193364,13692
193369,3577
193370,39
193375,3330
193377,13693
193377,13694
193380,455
193382,4272
193400,13695
193401,13696
193403,848
193408,2671
193409,140
193410,8959
193410,13697
193410,13698
193423,414
193434,2968
193435,10946
193436,13699
193445,7807
193464,464
193465,460
193465,2122
193470,4426
193485,599
193485,600
193487,749
193488,12436
193496,10494
193501,135
193503,482
193505,2289
193506,13700
193512,2137
193512,2138
193519,13701
193523,13702
193527,13703
193535,4627
193536,11520
193540,4392
193550,13704
193568,2140
193575,8868
193578,1806
193584,1089
193588,618
193591,1060
193598,9417
193600,13705
193610,1136
193618,1127
193636,942
193651,11802
193654,13706
193657,161
193658,189
193669,73
193672,13707
193675,13708
193676,1715
193679,5334
193679,13709
193679,13710
193679,13711
193689,612
193697,149
193704,1477
193704,1672
193705,1096
193706,13712
193707,194
193711,1186
193717,1759
193724,13713
193728,999
193730,185
193731,1780
193736,7845
193747,5717
193758,4734
193767,8820
193776,2651
193785,2320
193789,5002
193793,821
193808,694
193809,2105
193811,918
193820,7622
193821,2625
193825,319
193826,4440
193829,3356
193840,482
193844,1826
193865,531
193867,7032
193879,383
193886,1797
193889,254
193896,13714
193897,1089
193898,1764
193902,2889
193909,179
193909,3326
193921,3777
193924,2710
193929,1406
193930,136
193933,5159
193937,1695
193945,9128
193946,4322
193949,579
193956,13715
193970,3677
193977,9292
193989,8053
193989,13716
193991,7130
193994,1299
194000,1753
194001,74
194027,13717
194031,219
194043,135
194044,3493
194045,634
194060,2302
194060,2303
194061,4612
194067,635
194071,13718
194080,3205
194096,568
194097,2844
194102,13719
194104,13720
194105,6355
194110,13721
194110,13722
194127,13723
194127,13724
194127,13725
194129,210
194131,634
194149,679
194149,2168
194149,2198
194149,2928
194149,3803
194149,4986
194149,7227
194149,7898
194149,13726
194149,13727
194149,13728
194149,13729
194149,13730
194149,13731
194149,13732
194149,13733
194152,319
194153,13734
194156,13735
194158,3066
194169,13736
194173,13737
194175,5397
194177,3059
194180,295
194183,13738
194185,13739
194186,13740
194197,804
194200,13741
194205,634
194210,5823
194222,1203
194226,5173
194227,13742
194233,2089
194237,319
194238,2691
194251,13743
194259,13744
194269,1331
194270,2307
194283,274
194288,2236
194291,13745
194292,3583
194297,291
194300,2599
194305,5302
194308,13746
194313,13747
194322,222
194324,7741
194333,4238
194336,821
194341,10488
194364,445
194365,1190
194370,13748
194371,931
194381,1901
194381,10019
194383,587
194384,91
194387,1381
194393,13749
194395,274
194396,482
194403,5469
194405,663
194414,13750
194422,763
194437,13751
194451,8282
194452,13752
194458,911
194460,13753
194465,1023
194490,837
194491,1891
194500,273
194522,13754
194530,13755
194531,13756
194535,501
194543,12
194550,13757
194550,13758
194571,931
194574,2596
194586,1370
194593,13759
194601,803
194603,3330
194605,3440
194611,578
194630,99
194633,12039
194635,13760
194636,8686
194637,3066
194654,9402
194665,284
194671,7982
194675,701
194678,13761
194678,13762
194685,753
194691,160
194691,185
194691,200
194691,578
194691,713
194691,865
194691,3523
194696,13763
194698,707
194702,254
194707,2416
194711,947
194712,6170
194715,117
194746,13764
194751,13765
194751,13766
194752,815
194754,662
194757,377
194770,319
194779,1206
194792,13767
194795,641
194807,13768
194809,749
194811,459
194812,2452
194822,4582
194823,931
194824,5609
194827,7418
194828,2952
194834,1531
194837,191
194845,4343
194848,364
194854,13769
194869,2012
194873,13770
194877,171
194885,4392
194892,117
194896,1691
194896,8972
194896,12335
194902,1510
194908,5150
194917,13771
194917,13772
194918,88
194921,13773
194928,13774
194937,1027
194947,13775
194954,13776
194961,13777
194980,1507
194981,13778
194993,13779
195010,39
195017,26
195024,2353
195027,663
195034,2924
195039,13780
195040,175
195040,537
195054,1608
195074,947
195076,13781
195079,5274
195090,2893
195094,13782
195101,623
195102,13783
195122,788
195123,13784
195125,11659
195130,578
195133,2519
195137,1058
195139,4448
195140,295
195143,4870
195146,3847
195150,8743
195165,2236
195166,2781
195180,657
195185,721
195191,13785
195194,3046
195199,6932
195201,13786
195221,5823
195240,9546
195245,552
195245,8875
195248,13787
195248,13788
195249,3532
195257,12089
195261,250
195271,13789
195271,13790
195278,189
195279,2118
195304,13378
195311,488
195328,13791
195329,1305
195334,4359
195340,13792
195345,2413
195345,5153
195347,3143
195348,4749
195353,9172
195362,203
195362,662
195367,920
195385,5638
195389,13793
195399,13794
195406,918
195408,4913
195412,2975
195415,2556
195418,578
195420,3948
195424,3415
195426,13795
195431,1102
195431,1821
195431,3987
195431,8419
195431,13796
195431,13797
195431,13798
195431,13799
195431,13800
195431,13801
195431,13802
195431,13803
195431,13804
195431,13805
195431,13806
195431,13807
195431,13808
195432,13809
195436,279
195438,22
195445,1973
195454,8522
195456,39
195458,2740
195467,1971
195468,2557
195470,3199
195479,13810
195487,2803
195491,4761
195500,741
195503,13811
195508,99
195516,13812
195522,13813
195523,35
195539,6455
195540,13814
195542,13815
195548,6837
195554,2547
195556,13816
195561,3948
195565,13817
195571,2573
195573,4593
195574,254
195575,12689
195580,815
195582,1203
195588,13818
195591,219
195606,1136
195628,200
195629,13819
195631,1511
195632,1664
195636,161
195638,2473
195643,2307
195645,1078
195662,5529
195666,556
195669,1635
195671,9316
195672,25
195674,3406
195693,11772
195695,3859
195707,8868
195712,6119
195729,494
195745,123
195750,3037
195768,1982
195770,13820
195773,7516
195776,838
195784,13821
195785,1753
195793,383
195795,13822
195797,1767
195810,8294
195822,2547
195831,160
195834,13823
195840,13824
195841,5764
195843,403
195847,2166
195850,3906
195853,13825
195865,721
195868,7432
195868,7433
195872,1604
195877,179
195877,308
195877,815
195877,932
195877,1161
195877,1376
195877,1852
195877,1859
195877,1938
195877,2102
195877,3083
195877,3099
195877,3541
195877,4896
195877,5737
195877,5738
195877,10758
195877,10760
195877,13826
195877,13827
195877,13828
195877,13829
195883,189
195885,13830
195895,2299
195922,5242
195928,395
195938,2901
195971,1370
195984,233
195992,125
195993,2809
195995,1008
196005,689
196014,2558
196016,11356
196016,13831
196024,13832
196036,411
196049,13833
196049,13834
196052,1312
196053,13835
196065,3822
196073,135
196078,13836
196079,13837
196083,1658
196088,13691
196092,3881
196102,13838
196107,360
196120,13839
196121,7742
196129,13840
196131,13841
196131,13842
196139,13843
196139,13844
196145,91
196150,1201
196161,1587
196175,383
196182,305
196187,158
196189,13845
196204,11230
196205,10187
196206,6947
196207,1175
196210,1203
196212,663
196217,13846
196217,13847
196223,6306
196233,5696
196234,2444
196238,1291
196243,4613
196245,192
196247,1279
196256,5095
196256,5096
196258,6164
196269,5634
196270,1973
196282,13848
196288,78
196289,1232
196294,929
196295,2803
196300,1938
196306,4294
196314,13849
196319,8854
196351,13850
196355,2520
196357,13851
196360,242
196361,9071
196361,13852
196361,13853
196361,13854
196361,13855
196361,13856
196361,13857
196361,13858
196361,13859
196361,13860
196361,13861
196361,13862
196361,13863
196361,13864
196361,13865
196361,13866
196361,13867
196367,693
196368,13868
196377,1201
196381,587
196384,13869
196384,13870
196395,4449
196406,10810
196406,13871
196408,143
196421,1316
196422,2788
196424,863
196429,622
196430,13872
196431,3363
196439,1070
196441,13873
196448,145
196449,993
196452,6645
196460,721
196462,13726
196465,3977
196467,13874
196474,3476
196475,13875
196476,13876
196479,5700
196480,13877
196484,721
196486,3442
196488,281
196494,13008
196495,4062
196506,1608
196517,291
196519,13878
196520,12
196526,13879
196539,143
196540,1812
196545,13880
196546,816
196551,13881
196553,10964
196554,761
196557,2902
196558,99
196558,1283
196559,4689
196583,2690
196586,13882
196594,13883
196600,13884
196600,13885
196611,145
196624,1465
196626,3028
196631,1315
196634,4722
196642,13886
196643,2453
196658,1556
196670,2651
196672,577
196672,13887
196672,13888
196672,13889
196673,192
196679,3292
196681,999
196690,10725
196691,13890
196692,12010
196701,227
196701,5609
196701,7951
196706,8269
196722,7968
196725,3294
196729,2547
196742,287
196744,4679
196753,1373
196756,590
196757,13891
196759,7547
196765,1193
196782,13892
196789,13893
196792,432
196793,13894
196794,8443
196794,13895
196794,13896
196805,1843
196808,784
196810,13897
196818,712
196830,13898
196853,12905
196854,3795
196857,13899
196862,13900
196863,464
196866,13901
196868,13902
196871,13903
196872,13904
196875,222
196882,13905
196895,254
196901,8330
196903,5486
196907,4577
196913,222
196921,862
196923,304
196933,5730
196940,13049
196945,5831
196952,2015
196954,1058
196961,1285
196963,6825
196968,3514
196968,8197
196974,432
196976,2291
196985,158
196986,2290
196988,587
196999,13906
197003,345
197005,13907
197006,2809
197026,13908
197027,966
197031,13909
197033,692
197041,99
197043,26
197046,9077
197053,5651
197053,13910
197058,13911
197063,5374
197063,13912
197068,1155
197086,13913
197092,4809
197093,7792
197101,13914
197111,157
197115,13915
197124,10499
197128,36
197130,13916
197137,1783
197139,1695
197140,13917
197153,2282
197155,13918
197164,275
197164,873
197171,153
197181,157
197196,13919
197199,6612
197203,578
197206,189
197207,10404
197220,3321
197221,4015
197224,54
197228,13920
197232,10700
197233,157
197239,13921
197240,1962
197241,13922
197251,7477
197263,148
197263,1376
197270,1695
197272,549
197291,587
197296,162
197315,13923
197315,13924
197317,3444
197327,13925
197328,13926
197337,13927
197343,4686
197346,13928
197348,8248
197349,6736
197351,13929
197355,297
197362,445
197374,13930
197375,120
197376,848
197383,4417
197410,13931
197411,701
197415,13932
197416,293
197418,351
197420,203
197422,8333
197423,29
197426,784
197436,13933
197441,6720
197444,636
197445,2115
197456,3930
197457,1399
197461,9861
197466,1581
197467,3530
197472,1434
197473,409
197474,721
197480,67
197486,1715
197488,549
197499,1321
197500,959
197505,13934
197511,6170
197515,25
197516,4627
197525,578
197531,400
197534,1563
197540,3877
197545,1429
197546,1818
197548,98
197552,99
197557,7431
197559,7055
197560,298
197566,6652
197568,547
197576,13935
197578,6947
197579,13936
197580,8993
197586,10334
197597,13937
197602,13938
197619,13939
197621,3595
197628,9093
197631,9980
197631,13940
197632,3240
197635,671
197638,8997
197645,697
197646,1835
197649,13941
197650,13942
197663,13943
197664,13944
197667,13945
197667,13946
197668,200
197670,7885
197673,157
197677,1565
197720,4431
197735,13947
197748,684
197756,11745
197759,13948
197759,13949
197768,53
197770,8638
197774,3032
197788,446
197788,447
197791,2185
197793,9167
197815,54
197816,148
197819,11230
197820,13950
197825,13951
197833,319
197840,894
197847,13952
197854,185
197869,754
197873,3279
197874,1695
197882,250
197883,340
197890,4779
197891,12007
197892,12274
197904,431
197920,409
197920,2129
197920,2812
197920,2814
197920,2815
197920,5569
197920,8279
197920,8353
197920,13953
197920,13954
197930,11794
197940,291
197944,1720
197952,4374
197952,13955
197952,13956
197953,679
197954,3845
197958,501
197964,721
197978,1492
197984,69
197992,73
197995,8765
198001,8197
198005,36
198006,2140
198027,5585
198030,13957
198034,5431
198049,986
198049,8092
198049,9498
198050,29
198063,13958
198072,13959
198073,13960
198073,13961
198073,13962
198094,13963
198108,1827
198114,501
198116,200
198120,148
198124,10467
198128,291
198131,928
198153,1695
198157,668
198169,7698
198180,9418
198182,7057
198186,1620
198188,13964
198193,2140
198225,5469
198237,821
198240,26
198244,1635
198246,8250
198248,1957
198254,275
198259,753
198261,6158
198264,9956
198266,5908
198267,145
198268,293
198278,815
198281,1336
198292,738
198296,13965
198302,13966
198311,9581
198323,135
198338,26
198346,1971
198361,1570
198362,1695
198372,8333
198373,1556
198388,6125
198389,3066
198391,13967
198392,160
198393,13968
198396,11700
198403,348
198405,13969
198408,781
198412,200
198414,2188
198427,2811
198434,13970
198435,701
198436,1563
198437,1129
198447,3391
198464,12428
198470,13971
198474,3493
198476,117
198477,2243
198480,3423
198482,1775
198482,12174
198482,12631
198483,57
198486,578
198490,194
198505,353
198511,2924
198512,821
198516,5721
198520,7209
198536,13972
198544,5913
198546,13973
198555,1983
198576,358
198579,13974
198580,13975
198591,353
198593,7922
198597,5624
198606,150
198607,13976
198613,13977
198617,6718
198617,13734
198619,12320
198620,697
198625,13978
198631,194
198632,1608
198634,8528
198645,501
198650,837
198650,1775
198650,13979
198658,615
198664,13980
198679,587
198683,3444
198686,5503
198687,1492
198691,13981
198699,788
198703,13982
198704,2404
198708,281
198709,13983
198710,1686
198722,136
198725,5736
198728,13984
198731,552
198734,813
198741,8192
198750,1406
198753,4544
198767,2986
198773,2677
198783,409
198784,1058
198788,7003
198797,13985
198804,724
198806,85
198809,1556
198817,7741
198818,2647
198818,2648
198828,13986
198829,13987
198833,752
198845,620
198847,6451
198850,754
198856,7209
198865,3317
198866,117
198877,723
198879,504
198881,627
198889,13988
198890,578
198910,98
198916,642
198922,2803
198932,1720
198939,1376
198950,6517
198973,291
198974,13989
198978,1066
198980,13990
198986,13991
198990,13992
199003,792
199009,4832
199010,3197
199010,13993
199017,665
199018,358
199020,13994
199030,13995
199046,12907
199051,13996
199064,5841
199074,3695
199081,3462
199089,13997
199092,1312
199097,746
199104,611
199105,1139
199107,13998
199112,5255
199114,1052
199118,7298
199120,2985
199121,13999
199122,3262
199123,9071
199125,977
199131,1263
199132,11448
199134,4977
199140,13284
199147,1007
199160,5636
199170,14000
199178,14001
199191,337
199197,5068
199204,14002
199214,13159
199215,538
199219,4104
199227,14003
199228,4015
199232,870
199232,3087
199234,728
199235,1105
199237,1532
199238,3390
199241,803
199245,711
199259,1026
199266,39
199277,5766
199278,44
199288,4682
199289,14004
199295,14005
199299,14006
199308,14007
199320,446
199320,447
199324,1686
199331,135
199335,300
199337,531
199339,14008
199345,14009
199349,1720
199352,99
199355,222
199364,697
199370,145
199381,143
199388,1845
199398,10254
199399,495
199405,14010
199420,14011
199422,821
199423,738
199435,803
199446,6139
199470,14012
199485,492
199489,136
199495,977
199496,1026
199498,9575
199499,13424
199500,1765
199507,14013
199517,1440
199524,201
199532,99
199541,5153
199548,203
199567,7285
199570,904
199575,117
199579,91
199581,14014
199582,1504
199587,721
199590,14015
199591,862
199593,663
199598,319
199600,162
199608,7779
199614,324
199616,14016
199619,578
199634,14017
199641,254
199648,1312
199653,1951
199673,578
199695,14018
199702,2551
199705,6516
199709,738
199711,14019
199712,14020
199719,841
199719,842
199724,210
199735,3380
199747,14021
199759,7356
199767,6494
199774,1082
199787,14022
199796,414
199807,821
199811,2816
199819,185
199820,14023
199822,157
199826,39
199827,14024
199833,14025
199836,485
199842,14026
199845,222
199849,169
199851,4426
199852,5123
199854,14027
199858,249
199863,4708
199865,191
199868,14028
199873,488
199880,2299
199883,4455
199900,2649
199911,8634
199913,1143
199924,284
199931,451
199938,185
199939,3755
199941,1426
199944,1872
199947,2243
199952,14029
199955,1977
199960,14030
199960,14031
199964,4785
199965,14032
199978,14033
199980,2032
199984,2718
199999,99
200005,99
200006,14034
200007,919
200010,14035
200024,78
200026,305
200042,5362
200062,14036
200097,1574
200100,11066
200101,117
200105,14037
200115,14038
200115,14039
200125,353
200131,14040
200141,14041
200151,5513
200158,273
200161,57
200175,254
200180,6391
200181,1692
200184,2117
200211,275
200219,8457
200221,44
200224,453
200224,454
200228,2552
200265,1695
200276,663
200278,586
200282,587
200285,14042
200286,230
200293,9029
200297,451
200298,14043
200299,148
200305,9955
200312,1342
200331,2809
200332,5553
200332,14044
200332,14045
200332,14046
200334,14047
200341,460
200346,2302
200346,2303
200352,8703
200353,14048
200356,634
200362,14049
200363,3107
200363,8148
200367,531
200371,22
200374,7075
200375,5827
200378,185
200380,140
200389,544
200394,14050
200395,8870
200397,9033
200418,6085
200432,1856
200436,10643
200437,200
200438,362
200439,383
200445,14051
200452,3823
200458,150
200460,14052
200462,14053
200466,928
200471,4390
200490,727
200491,2572
200510,14054
200517,14055
200522,14056
200531,233
200534,14057
200535,284
200537,431
200549,1548
200551,3315
200554,777
200571,44
200573,2924
200577,13
200583,10810
200587,3199
200590,1093
200605,14058
200611,1483
200614,2945
200624,14059
200629,1440
200631,788
200641,186
200650,949
200655,8638
200679,10621
200682,919
200683,14060
200686,1596
200687,14061
200691,11246
200692,123
200704,284
200708,1025
200718,14062
200726,12267
200737,1695
200740,14063
200743,1185
200750,749
200753,14064
200755,78
200755,160
200755,185
200755,200
200755,553
200755,587
200755,821
200755,865
200755,918
200755,1133
200755,4211
200761,1571
200765,1753
200771,453
200771,454
200777,194
200778,992
200779,14065
200782,821
200794,14066
200795,2299
200797,284
200802,13796
200809,14067
200823,14068
200830,14069
200844,1531
200848,3681
200850,1331
200857,4302
200859,281
200860,5
200862,4955
200866,984
200867,663
200871,13193
200878,14070
200880,14071
200884,1593
200891,3332
200893,1817
200893,8735
200894,5910
200902,662
200903,14072
200906,14073
200917,2423
200928,13661
200947,432
200950,117
200952,10157
200956,305
200960,5221
200961,553
200967,14074
200977,2228
200981,701
200993,891
201009,4751
201012,615
201013,12313
201013,14075
201018,11423
201020,305
201027,711
201037,14076
201042,14077
201044,10075
201045,439
201047,9721
201065,634
201071,4490
201072,9445
201075,135
201083,14078
201089,13773
201091,1299
201097,14079
201110,191
201134,14080
201134,14081
201144,14082
201159,2320
201163,99
201172,195
201173,291
201177,266
201182,160
201202,290
201204,1058
201216,14083
201217,284
201220,14084
201221,894
201231,14085
201231,14086
201237,179
201237,3539
201239,14087
201245,482
201253,10612
201255,25
201260,2519
201262,14088
201283,213
201286,2020
201288,1180
201288,2620
201299,1344
201300,3203
201307,3222
201308,14089
201319,1760
201322,784
201330,14090
201332,136
201333,2404
201334,1429
201337,14091
201344,2328
201351,4831
201360,1563
201372,14092
201383,3927
201389,925
201407,8993
201420,4340
201421,803
201438,14093
201451,455
201459,1735
201464,3525
201465,14094
201465,14095
201469,14096
201474,14097
201485,267
201499,552
201501,7622
201501,9138
201506,1185
201522,2103
201527,8701
201530,14098
201534,14099
201534,14100
201535,1661
201535,1662
201535,14101
201535,14102
201535,14103
201543,1007
201549,821
201552,13040
201558,150
201566,3927
201583,2520
201586,14104
201590,242
201595,1372
201599,9380
201612,1415
201620,14105
201623,2783
201624,2091
201628,14106
201629,5684
201631,541
201634,91
201635,5047
201640,3275
201645,446
201645,447
201659,191
201668,14107
201673,563
201687,14108
201695,3059
201713,2307
201720,9606
201726,203
201727,1720
201734,14109
201737,4000
201739,351
201741,1681
201752,318
201762,1190
201765,8163
201775,414
201786,14110
201788,319
201797,1188
201801,26
201814,2307
201815,2796
201817,8274
201820,242
201824,361
201829,383
201832,2892
201832,9998
201832,14111
201833,44
201836,6312
201843,3024
201846,5846
201852,2088
201860,1730
201860,5319
201867,13
201867,123
201867,222
201867,298
201867,957
201867,982
201867,3382
201867,3855
201867,4855
201867,5736
201867,14112
201867,14113
201867,14114
201867,14115
201867,14116
201867,14117
201867,14118
201867,14119
201884,14120
201885,6022
201886,1038
201888,9082
201890,14121
201892,3824
201907,14122
201921,14123
201925,14124
201939,14125
201942,1344
201948,1299
201952,7207
201961,14126
201986,10501
201997,14127
201999,1772
202004,157
202005,6389
202006,668
202017,5362
202030,3677
202032,7807
202059,14128
202060,1145
202061,13226
202065,1457
202076,14129
202077,1225
202083,2232
202088,1626
202092,4015
202098,1532
202102,663
202104,5231
202112,14130
202114,13764
202116,36
202118,14131
202134,14132
202134,14133
202136,14134
202140,393
202147,689
202156,409
202158,459
202163,749
202166,7122
202172,641
202189,7431
202190,2282
202199,10655
202216,459
202217,14135
202219,14136
202224,14137
202225,13219
202229,1985
202237,2302
202237,2303
202240,1584
202245,869
202246,8271
202254,14138
202260,99
202261,1165
202262,57
202265,1699
202266,14139
202267,99
202273,466
202274,14140
202285,161
202293,712
202296,14141
202297,482
202305,4932
202310,12372
202316,1026
202328,663
202331,120
202332,74
202334,9370
202347,3884
202349,242
202352,14142
202356,53
202373,14143
202374,14144
202378,14145
202378,14146
202378,14147
202390,1372
202398,8380
202400,1765
202410,14148
202423,14149
202429,291
202431,1135
202435,12372
202453,928
202468,891
202475,185
202476,7328
202487,5966
202497,54
202502,14150
202502,14151
202504,1768
202504,1769
202516,553
202534,5778
202547,340
202548,5163
202551,401
202555,200
202558,14152
202563,150
202571,499
202579,1472
202584,110
202585,6346
202588,553
202593,14153
202593,14154
202593,14155
202593,14156
202605,304
202607,248
202622,3949
202627,150
202628,14157
202632,5553
202637,4718
202640,556
202649,11100
202656,4387
202657,5341
202674,544
202678,932
202679,4980
202680,14158
202688,8244
202690,14159
202691,4464
202703,14160
202715,10075
202721,1431
202729,2216
202738,611
202753,14161
202755,972
202759,587
202771,1188
202772,364
202782,242
202789,12033
202790,2012
202802,8274
202805,531
202809,1407
202816,5397
202829,1766
202831,12092
202835,1135
202841,150
202843,803
202845,150
202849,14162
202851,4303
202852,325
202871,2929
202881,10745
202902,753
202904,14163
202908,48
202912,738
202916,14164
202918,1557
202924,2425
202952,1709
202952,1710
202958,1905
202974,6996
202975,2323
202978,99
203001,1906
203010,785
203018,344
203019,14165
203022,744
203023,4912
203024,14166
203029,3917
203036,14167
203047,14107
203049,1591
203050,14168
203053,931
203053,14169
203058,280
203061,157
203068,14170
203070,804
203072,8250
203083,2845
203088,6427
203095,14171
203099,14172
203105,3203
203106,1753
203109,14173
203112,553
203122,490
203130,14174
203136,865
203142,14175
203148,5173
203152,14176
203153,4250
203164,1312
203165,14177
203166,14178
203170,1618
203174,7849
203174,10913
203175,3002
203188,6031
203195,2708
203202,12092
203207,14179
203214,14180
203216,3524
203216,3928
203218,1129
203242,8451
203246,275
203260,14181
203263,679
203266,157
203267,14182
203273,54
203288,222
203291,2856
203293,1744
203303,13030
203314,2475
203321,5498
203325,14183
203330,2971
203334,14184
203339,14185
203341,1971
203342,3218
203347,1940
203359,160
203361,14062
203364,443
203373,152
203374,135
203381,157
203394,1686
203402,6962
203406,132
203411,99
203412,8367
203413,160
203424,5690
203426,148
203427,936
203429,14186
203429,14187
203431,3172
203441,353
203444,14188
203450,8145
203450,14189
203459,12208
203498,446
203498,447
203499,446
203499,447
203505,446
203505,447
203508,8198
203509,544
203512,100
203517,1695
203525,14190
203531,14191
203536,3032
203543,3993
203546,5246
203564,13826
203565,1510
203569,14192
203570,14193
203576,319
203580,319
203584,284
203585,11960
203594,1717
203599,7647
203602,12089
203604,14194
203625,1188
203629,476
203633,993
203637,127
203652,14195
203661,399
203662,837
203692,1129
203696,14196
203701,1198
203702,14197
203705,2693
203726,14198
203728,14199
203744,6933
203754,88
203758,14200
203758,14201
203765,53
203769,8582
203770,1661
203770,1662
203770,14202
203784,977
203786,14203
203786,14204
203787,9288
203790,399
203790,14205
203791,14206
203791,14207
203796,4142
203797,1422
203798,587
203798,1058
203798,4083
203807,161
203809,5564
203810,6740
203813,195
203821,679
203824,14208
203832,537
203842,446
203842,447
203844,9312
203851,3218
203876,14209
203879,75
203882,13691
203887,12614
203892,928
203897,815
203900,2581
203900,2582
203905,14210
203908,776
203911,1135
203915,869
203920,2451
203933,770
203945,1584
203947,7200
203957,4785
203958,3229
203974,14211
203981,738
203984,8194
203996,14212
203999,6280
204000,4292
204003,7049
204003,7050
204007,2933
204013,57
204015,5307
204027,788
204034,7060
204040,8723
204043,161
204046,9496
204051,6367
204060,14213
204062,14214
204074,1937
204079,3721
204085,14215
204089,817
204092,14216
204103,721
204106,1279
204121,10795
204122,459
204124,2637
204133,5341
204150,1058
204170,531
204174,984
204183,7837
204185,304
204199,556
204202,870
204214,9353
204215,12614
204219,12870
204222,6391
204226,2845
204235,4294
204243,14217
204244,1701
204248,14218
204253,11151
204253,14219
204254,701
204258,185
204266,395
204268,2578
204275,13455
204283,488
204285,4604
204300,353
204307,4913
204313,14220
204318,195
204321,7200
204327,327
204329,3662
204331,657
204337,67
204339,358
204348,694
204350,14221
204353,14222
204354,1512
204355,6570
204355,6571
204381,8195
204386,26
204393,14223
204398,14224
204400,14225
204401,14226
204403,6885
204412,1114
204435,1492
204438,14227
204439,1851
204442,9286
204443,741
204450,325
204453,532
204453,533
204455,144
204458,822
204463,3083
204468,1602
204469,9392
204477,14228
204478,821
204481,437
204482,1834
204490,14229
204498,2307
204499,4390
204506,5710
204521,1399
204523,14230
204539,9404
204544,14231
204544,14232
204548,254
204552,91
204564,5831
204564,5832
204566,1007
204575,1296
204578,275
204588,14233
204602,8616
204620,14234
204633,157
204646,633
204667,10904
204668,14235
204673,43
204675,1943
204677,524
204681,102
204686,9759
204703,1020
204704,14236
204715,2171
204738,4793
204740,2616
204752,44
204764,1201
204766,6739
204776,590
204781,14237
204793,14238
204808,13093
204821,885
204825,2131
204831,578
204839,245
204855,195
204877,185
204879,14239
204884,929
204891,447
204893,556
204898,1995
204899,14240
204911,254
204913,14241
204919,14242
204928,117
204930,5355
204931,3277
204934,6441
204966,75
204967,54
204968,99
204971,712
204983,1378
204985,3032
204992,274
204997,5751
204999,39
205002,14243
205003,5102
205007,39
205015,14244
205016,5340
205028,235
205033,6495
205038,135
205050,1584
205060,14245
205079,4716
205081,1775
205100,14246
205100,14247
205104,14248
205122,298
205123,2505
205132,116
205136,14249
205136,14250
205136,14251
205145,192
205151,9581
205152,5174
205164,75
205166,14252
205179,266
205183,1419
205201,284
205211,98
205224,739
205226,91
205229,7482
205231,14253
205232,339
205237,358
205239,2229
205241,14254
205243,9721
205245,14255
205256,6257
205261,14256
205264,210
205269,105
205280,14257
205281,135
205285,1695
205289,185
205307,957
205326,679
205335,44
205337,1880
205355,14258
205360,14259
205365,14260
205374,739
205375,1879
205378,10294
205388,14261
205390,841
205390,842
205396,14262
205400,150
205412,6870
205425,171
205429,5992
205433,1563
205446,54
205454,837
205460,14263
205463,14264
205468,145
205472,1510
205472,14265
205473,14266
205474,14267
205474,14268
205474,14269
205474,14270
205474,14271
205474,14272
205487,14273
205488,11256
205499,14274
205500,4519
205508,3066
205515,11
205518,195
205527,451
205539,3272
205539,14275
205543,1572
205555,10916
205565,4412
205567,3012
205571,14276
205571,14277
205574,3791
205576,549
205587,14278
205589,1685
205591,671
205603,14279
205610,7087
205629,14280
205633,22
205651,932
205653,1926
205658,1452
205662,207
205662,1617
205665,721
205666,2651
205667,304
205668,263
205670,3244
205673,2744
205673,2745
205675,157
205682,195
205686,587
205687,7431
205690,14281
205692,5115
205728,14282
205729,578
205746,14283
205751,9534
205757,1588
205779,1372
205783,1129
205792,91
205794,12428
205799,8144
205810,249
205814,3252
205822,14284
205822,14285
205822,14286
205822,14287
205833,668
205838,2439
205844,233
205850,14288
205857,2145
205862,3180
205864,10322
205876,14289
205882,3046
205890,2747
205900,556
205919,6147
205923,13957
205937,743
205939,3950
205940,75
205943,1512
205951,284
205958,2690
205967,10989
205968,14290
205972,1372
205980,8889
205982,3437
205999,1720
206020,14291
206026,3680
206032,3927
206036,6604
206039,85
206044,14292
206056,131
206057,6171
206064,14293
206069,150
206073,10191
206076,3042
206077,171
206082,5271
206085,194
206099,14294
206101,5335
206109,9655
206119,2499
206138,5465
206142,14295
206142,14296
206146,3002
206147,1706
206149,1190
206162,977
206164,2600
206169,14297
206185,88
206196,788
206199,3002
206208,6269
206216,10343
206217,14298
206224,813
206236,9491
206243,1002
206249,634
206250,14299
206257,2845
206265,846
206265,14300
206271,815
206273,14301
206273,14302
206273,14303
206284,6385
206288,105
206288,1851
206288,7758
206288,14304
206288,14305
206288,14306
206288,14307
206288,14308
206288,14309
206293,135
206297,4250
206302,14310
206302,14311
206307,5846
206312,1757
206320,2131
206323,319
206328,10613
206329,444
206336,1608
206337,14312
206342,14313
206347,11664
206352,148
206352,213
206352,251
206352,1702
206352,1856
206352,1863
206352,1873
206352,2092
206352,2196
206352,2199
206352,3534
206352,4327
206352,10467
206352,12359
206352,12360
206352,14314
206352,14315
206352,14316
206353,1608
206356,14317
206367,185
206372,1198
206384,14318
206386,230
206387,14319
206406,586
206414,1758
206435,556
206440,308
206454,694
206459,14320
206460,1032
206462,838
206463,14321
206464,815
206465,14322
206470,14323
206472,5257
206473,1547
206474,1093
206476,14324
206491,6858
206498,1584
206520,14325
206526,39
206529,3039
206535,3754
206540,14326
206543,464
206544,6820
206558,14327
206558,14328
206559,14329
206565,14330
206566,3392
206567,14331
206568,14332
206570,721
206577,1292
206577,12338
206577,12339
206577,12340
206577,14333
206577,14334
206578,280
206580,346
206583,1765
206587,1061
206599,2326
206601,2160
206607,4247
206624,54
206639,153
206641,14335
206653,5949
206653,5950
206656,13097
206659,749
206671,2125
206671,3268
206682,1604
206694,2690
206705,1563
206715,754
206721,6866
206723,4791
206723,14336
206737,14337
206741,2730
206746,157
206751,78
206752,2500
206753,1253
206758,4374
206777,3112
206787,624
206788,11645
206790,11335
206801,75
206810,1180
206829,14338
206829,14339
206834,14340
206835,14341
206840,8243
206845,29
206847,14342
206848,157
206853,4537
206858,14343
206863,4231
206865,43
206882,618
206883,3256
206885,1375
206893,3214
206894,14344
206898,590
206907,501
206910,2914
206912,14345
206916,13318
206920,2393
206929,2010
206931,298
206937,1608
206948,305
206953,859
206979,1667
206984,8638
206998,44
207004,662
207010,8595
207030,10668
207037,14346
207042,4133
207043,482
207053,91
207055,10162
207059,127
207060,14347
207064,11450
207072,46
207080,9863
207083,14348
207084,935
207085,4072
207092,4117
207095,929
207104,291
207107,1390
207117,14349
207131,75
207133,1165
207137,944
207151,91
207155,563
207157,12404
207161,14350
207162,2168
207172,185
207173,275
207192,8380
207198,14351
207210,14352
207213,2938
207218,11296
207220,2984
207230,7147
207234,14353
207238,14354
207238,14355
207241,3445
207242,1558
207260,14356
207271,157
207275,266
207279,6181
207286,26
207290,9719
207290,14357
207308,2510
207321,1543
207322,419
207326,1457
207330,2324
207331,5676
207332,14259
207336,2919
207337,2920
207352,760
207355,8629
207359,615
207361,14358
207364,6320
207366,14359
207389,920
207393,14360
207400,1449
207400,1450
207411,634
207415,14361
207429,14362
207431,674
207432,12258
207433,10537
207434,14363
207434,14364
207441,1595
207465,250
207470,4078
207471,1531
207473,14365
207478,14366
207481,14367
207483,919
207489,721
207501,689
207503,4742
207508,5685
207511,39
207522,3048
207529,2893
207544,5430
207547,298
207563,14368
207578,447
207579,14369
207580,14370
207580,14371
207580,14372
207584,11290
207590,14373
207592,4303
207597,1968
207603,5813
207609,679
207613,754
207623,14374
207623,14375
207623,14376
207626,2105
207642,749
207649,701
207657,14377
207659,4190
207666,14378
207669,14379
207670,143
207671,2293
207676,5995
207677,3229
207682,963
207689,11398
207705,148
207712,639
207716,14380
207724,14381
207725,1718
207726,14382
207727,12551
207727,14383
207732,2708
207735,578
207736,9964
207740,578
207741,14384
207747,95
207751,179
207751,1600
207753,14385
207755,790
207755,6057
207762,578
207763,7988
207765,305
207770,161
207773,4499
207775,3001
207776,57
207777,85
207786,532
207788,1880
207802,862
207814,646
207816,8274
207822,671
207824,4179
207826,14386
207842,12
207843,358
207845,6178
207845,6179
207848,11663
207863,160
207865,9741
207868,1429
207879,1713
207886,4951
207891,1936
207894,7557
207900,817
207903,848
207907,14387
207907,14388
207909,14389
207926,48
207931,203
207944,298
207958,14390
207961,4549
207962,191
207972,1765
207973,105
207984,8743
207985,14391
207988,9403
207993,99
207997,423
207999,2299
208005,9070
208018,14392
208028,14393
208033,14394
208037,13957
208046,245
208047,14395
208058,2638
208068,8048
208084,12256
208085,4710
208099,4891
208128,1983
208129,106
208144,800
208145,1258
208145,1352
208145,1411
208145,1644
208145,3965
208145,9250
208145,9514
208145,13269
208145,13271
208145,13667
208145,13673
208145,14396
208145,14397
208145,14398
208145,14399
208145,14400
208149,14401
208156,679
208158,285
208158,11359
208161,99
208163,7752
208168,14402
208169,8683
208172,729
208178,1590
208183,1522
208195,121
208202,14403
208204,2888
208205,39
208221,9274
208228,3395
208235,1572
208238,14404
208241,876
208252,9366
208256,2929
208258,3392
208258,4363
208272,14405
208275,14406
208280,1026
208289,1788
208290,2971
208291,1465
208304,10080
208305,9879
208306,3870
208310,1768
208310,1769
208314,2893
208320,14407
208324,2831
208335,284
208341,14408
208345,615
208346,1165
208347,578
208354,14409
208354,14410
208361,117
208362,26
208376,195
208395,1512
208417,2651
208421,14411
208433,1401
208433,10640
208434,14412
208440,14413
208442,3301
208446,272
208447,529
208449,2688
208452,3212
208454,4576
208458,14414
208459,5781
208461,14415
208462,4008
208464,6622
208464,14416
208464,14417
208466,815
208468,99
208478,14418
208487,14419
208496,102
208496,3016
208500,73
208504,5632
208510,14420
208518,501
208527,556
208528,26
208531,4412
208534,199
208550,1753
208555,14421
208563,4304
208591,10611
208592,254
208593,14422
208599,2276
208605,14423
208611,3048
208616,106
208619,143
208620,14424
208621,417
208625,1296
208636,14425
208650,451
208651,2018
208653,50
208654,1972
208661,465
208665,1572
208679,1186
208685,3948
208690,2803
208695,53
208713,4945
208717,3309
208717,3310
208725,531
208728,274
208735,202
208737,4490
208744,6280
208749,13363
208751,14426
208764,14427
208765,8819
208766,133
208769,1061
208775,14428
208776,803
208777,135
208786,132
208792,6389
208792,6390
208800,1052
208821,501
208827,14429
208830,6758
208831,14430
208834,200
208835,14431
208844,2914
208851,671
208856,44
208861,1981
208868,14432
208868,14433
208876,14434
208878,14435
208881,1477
208886,57
208891,1589
208900,476
208904,9965
208921,4657
208922,5953
208922,14436
208924,590
208935,189
208941,2497
208941,14437
208945,7881
208948,14438
208952,2178
208959,2803
208960,737
208964,10417
208966,358
208981,57
208993,482
209005,1075
209009,728
209015,681
209015,1172
209016,94
209020,12489
209025,2267
209029,14439
209038,460
209041,14440
209048,2783
209051,14441
209054,3922
209054,3923
209056,4339
209058,14442
209059,635
209079,7371
209084,738
209086,14443
209088,14444
209088,14445
209088,14446
209095,120
209108,14447
209108,14448
209120,14449
209124,14450
209129,1316
209136,4231
209139,841
209139,842
209144,14451
209149,1022
209152,4519
209153,14452
209153,14453
209154,14454
209162,152
209168,3702
209185,3730
209198,14455
209213,298
209217,993
209222,4573
209223,14456
209225,2369
209232,450
209233,67
209237,848
209241,160
209242,14457
209242,14458
209244,7841
209245,5700
209260,821
209285,305
209293,3467
209302,57
209312,2651
209322,729
209326,22
209327,1239
209327,1271
209327,4455
209327,5255
209327,7003
209327,13668
209327,14459
209327,14460
209327,14461
209327,14462
209327,14463
209327,14464
209327,14465
209327,14466
209327,14467
209327,14468
209327,14469
209333,53
209334,549
209336,5173
209339,14470
209342,145
209361,284
209367,14471
209369,2277
209370,48
209379,117
209392,2144
209403,1336
209407,1440
209410,383
209423,189
209427,727
209430,179
209436,3069
209447,5272
209447,5273
209450,14472
209452,2229
209454,1279
209465,14473
209468,4977
209470,919
209482,14474
209496,91
209502,165
209521,1061
209524,931
209530,5594
209532,1695
209534,721
209535,578
209540,14475
209546,3049
209547,1064
209551,13613
209555,54
209571,2439
209575,4062
209587,2118
209592,2140
209593,281
209594,2228
209601,14476
209606,7859
209620,14477
209620,14478
209623,284
209634,5517
209656,78
209657,846
209659,26
209663,14479
209669,7958
209672,893
209673,663
209675,7877
209681,14480
209685,3581
209689,39
209695,4324
209697,891
209699,14481
209701,4305
209710,1599
209711,185
209716,2072
209718,6724
209719,195
209723,721
209731,689
209736,14482
209756,9137
209763,645
209767,1312
209775,2020
209794,2383
209797,160
209810,1188
209812,14483
209815,179
209815,10036
209816,14484
209818,14485
209824,2324
209831,195
209835,3823
209837,1209
209837,6300
209851,1224
209852,2404
209866,1336
209868,136
209869,4751
209870,14040
209884,460
209884,2122
209885,722
209888,3203
209903,1283
209905,319
209913,700
209936,2443
209943,10251
209949,14486
209957,143
209960,597
209961,294
209970,1733
209980,14487
209986,81
209989,1440
209990,13
209995,157
209998,1176
210000,186
210010,11061
210010,11062
210010,11063
210015,14449
210016,9288
210019,531
210030,161
210042,785
210043,14488
210044,815
210045,5992
210048,14489
210051,12551
210052,305
210059,7547
210062,99
210071,14490
210090,1667
210099,136
210110,508
210117,14491
210118,14492
210125,1695
210130,693
210139,14493
210149,14494
210158,14495
210162,2274
210168,14496
210168,14497
210169,951
210191,1160
210197,4156
210229,1375
210237,14498
210242,160
210248,3066
210254,1050
210261,14499
210265,11802
210268,803
210288,14500
210288,14501
210290,5471
210302,14502
210303,273
210305,4089
210311,439
210314,161
210316,744
210318,14503
210322,14504
210324,280
210331,6607
210331,14505
210358,3677
210364,189
210371,8612
210373,11270
210374,44
210379,2339
210381,14506
210396,13797
210403,6787
210404,2268
210405,6032
210410,1114
210412,14507
210417,5122
210422,1203
210430,4549
210435,1571
210455,1503
210491,39
210492,931
210493,2924
210503,4976
210527,788
210534,4561
210549,14508
210549,14509
210550,14510
210555,7612
210557,931
210557,14169
210561,14511
210563,8070
210566,14512
210566,14513
210567,291
210575,3845
210581,612
210585,10128
210586,6088
210592,1219
210596,14514
210599,14515
210606,1429
210610,14516
210616,4740
210625,14517
210630,460
210630,2122
210631,446
210631,447
210637,1753
210639,148
210646,4635
210655,99
210657,1063
210660,586
210668,10438
210676,822
210691,9261
210692,5469
210694,14142
210705,44
210713,14518
210716,587
210720,1846
210721,634
210730,1556
210742,14519
210743,1450
210749,3107
210750,929
210762,7147
210774,1760
210789,2693
210796,14520
210803,1471
210815,298
210816,14521
210819,4951
210820,5430
210822,1399
210831,4077
210832,4539
210837,14522
210866,9410
210879,13700
210885,1695
210897,1799
210904,14358
210906,14523
210909,13953
210917,754
210922,4635
210924,749
210928,1198
210933,2307
210939,2968
210953,105
210953,179
210953,1702
210953,1851
210953,1858
210953,3534
210953,4896
210953,7650
210953,7758
210953,11691
210953,14305
210953,14306
210953,14307
210953,14309
210953,14524
210953,14525
210953,14526
210955,14460
210960,14527
210970,6031
210972,14528
210977,1563
210979,721
210981,464
210982,12203
210985,446
210985,447
210987,8881
210991,5332
210994,6563
211010,3877
211010,14529
211017,14530
211023,696
211025,14531
211026,14532
211038,613
211039,3260
211051,7062
211070,7952
211073,12311
211076,2404
211078,25
211078,3947
211085,1175
211087,14533
211090,7049
211090,7050
211091,14534
211092,1331
211094,14535
211108,587
211110,14536
211113,26
211118,14537
211122,14538
211125,191
211128,1547
211130,14539
211133,7754
211137,157
211143,14540
211144,14541
211146,1547
211148,131
211160,14542
211161,2964
211165,11004
211167,254
211190,14543
211190,14544
211200,2940
211217,4297
211220,14545
211224,6273
211228,590
211231,110
211231,1899
211240,3476
211245,139
211252,14546
211252,14547
211254,4142
211256,1050
211275,131
211278,9184
211280,2418
211284,446
211284,447
211289,5341
211295,281
211298,14548
211307,679
211321,194
211324,14549
211328,5957
211331,1056
211332,459
211335,11383
211342,5955
211344,14550
211347,699
211359,360
211360,5634
211365,553
211368,2407
211381,298
211404,26
211407,99
211414,6491
211417,14551
211418,701
211463,14552
211465,2229
211487,556
211494,741
211498,2547
211501,25
211504,383
211522,14553
211526,1429
211528,14554
211539,482
211541,14555
211548,235
211551,14191
211553,73
211554,1760
211555,8451
211560,242
211562,801
211564,861
211566,14556
211571,48
211581,1779
211590,14557
211593,2678
211595,13578
211607,9114
211609,14558
211609,14559
211612,1022
211613,2804
211632,564
211633,3974
211640,1943
211642,14560
211660,14561
211660,14562
211661,14563
211668,459
211669,14564
211672,14565
211674,4113
211676,200
211683,14159
211696,319
211697,2031
211709,10130
211711,2535
211712,14566
211712,14567
211727,14568
211727,14569
211730,1574
211761,6602
211766,222
211768,5526
211776,495
211782,931
211798,3957
211803,1312
211804,300
211814,11658
211817,721
211827,885
211846,5992
211852,134
211859,7172
211860,148
211864,291
211878,5234
211879,1791
211888,14570
211888,14571
211894,3110
211897,689
211903,4708
211905,5150
211916,495
211918,14572
211924,99
211930,14573
211936,14574
211938,14575
211940,1188
211945,928
211959,9320
211960,14576
211960,14577
211992,222
211995,9602
212000,26
212011,2511
212013,815
212014,14578
212027,817
212040,6064
212043,2836
212045,2339
212046,451
212054,14579
212064,14580
212070,9705
212086,556
212087,6932
212089,14581
212092,1063
212095,14582
212109,2351
212118,14583
212119,250
212130,14584
212137,14585
212140,6159
212143,3240
212144,13116
212144,13117
212154,13
212158,14586
212164,5288
212164,14587
212164,14588
212165,1877
212168,4848
212168,4849
212169,271
212175,578
212183,573
212186,14589
212188,552
212193,11086
212197,935
212199,185
212203,8181
212216,270
212223,12
212250,44
212251,1563
212259,657
212265,9295
212269,191
212276,194
212280,1979
212282,14590
212282,14591
212282,14592
212282,14593
212283,54
212284,1846
212285,6563
212296,14594
212303,5257
212304,8462
212314,2170
212315,14595
212317,14596
212319,1926
212327,6664
212329,14597
212330,8885
212330,14271
212331,14598
212335,6241
212335,14599
212335,14600
212352,2544
212354,8333
212361,10895
212367,7906
212368,14601
212369,2986
212372,14602
212373,150
212375,14603
212401,11335
212402,956
212409,11435
212413,1089
212414,53
212420,8979
212425,14604
212435,14605
212440,13680
212440,14606
212442,2856
212443,3180
212455,445
212459,4016
212460,1303
212467,1047
212489,531
212490,12333
212492,739
212494,14607
212500,185
212501,815
212502,1733
212510,14608
212512,1899
212513,13303
212517,992
212525,3287
212539,5613
212543,4525
212544,14609
212547,317
212549,6006
212567,14610
212572,6838
212577,4765
212578,14611
212580,1466
212580,14612
212587,14613
212590,14614
212593,14615
212596,245
212605,291
212609,14616
212616,298
212637,99
212641,164
212660,164
212661,14617
212670,2591
212673,284
212674,784
212675,14618
212683,13404
212684,14619
212687,669
212691,1429
212697,14620
212705,1977
212713,2304
212714,4025
212738,14621
212739,2708
212741,563
212741,587
212741,1058
212741,4835
212748,727
212751,4912
212751,14622
212758,14623
212765,2504
212793,553
212796,5150
212799,2413
212807,284
212808,4287
212814,578
212822,459
212828,10047
212834,476
212842,541
212849,14624
212861,545
212862,14625
212863,409
212863,3894
212871,10494
212883,4913
212896,3827
212896,3828
212897,4913
212901,1588
212907,5781
212923,14626
212930,14627
212938,14628
212951,14629
212956,14630
212958,3229
212958,3230
212969,4341
212972,2232
212976,14631
212989,2708
212994,14632
212997,116
213000,340
213020,99
213038,6097
213045,1614
213060,612
213071,1275
213078,11044
213088,711
213101,1957
213114,671
213119,14633
213122,273
213131,3168
213137,14634
213144,488
213147,559
213150,2894
213154,2535
213156,14635
213159,14636
213169,5897
213173,284
213175,284
213189,2478
213197,1807
213207,721
213212,2708
213216,689
213220,157
213238,14637
213241,4250
213244,8844
213249,14638
213254,578
213262,14639
213276,763
213277,337
213282,14640
213285,495
213286,1570
213289,7859
213290,127
213292,14641
213295,1299
213298,22
213303,8030
213305,3840
213307,4679
213314,1215
213319,13476
213322,7745
213322,14642
213324,13
213324,298
213324,856
213324,3169
213336,14643
213349,3198
213363,1617
213371,6356
213372,8061
213379,14210
213385,993
213392,968
213393,1134
213397,721
213415,14644
213434,4187
213443,7502
213447,414
213454,788
213475,14645
213498,14646
213509,2475
213528,204
213538,6619
213551,14647
213553,578
213554,14648
213563,6795
213563,6796
213564,2609
213567,203
213570,1058
213571,291
213588,14649
213589,713
213592,14650
213603,3677
213613,556
213620,99
213634,231
213643,2781
213648,11056
213650,11358
213654,1979
213655,2475
213660,12344
213666,14651
213667,8645
213677,247
213678,6041
213679,482
213680,674
213681,3475
213689,14652
213695,14653
213704,14654
213708,227
213711,858
213719,157
213720,701
213733,99
213741,2089
213751,4975
213756,7903
213759,147
213764,175
213771,2830
213782,825
213783,10681
213794,3107
213802,3754
213805,1788
213807,2945
213811,1033
213812,53
213813,14655
213813,14656
213814,956
213815,14657
213822,3218
213829,91
213830,11287
213832,1695
213845,281
213852,804
213862,482
213867,2519
213873,1303
213880,4047
213885,14658
213887,291
213887,634
213888,14659
213904,11105
213906,920
213908,451
213909,14660
213910,2738
213913,6796
213913,10016
213914,14661
213919,6630
213924,2479
213928,3235
213932,14662
213937,1757
213951,10644
213954,7526
213960,14663
213961,1837
213965,3888
213978,6830
213980,14664
213981,6199
213985,10522
213988,14665
213999,203
214013,14666
214016,426
214039,185
214045,14667
214053,4629
214056,1336
214057,7191
214060,14668
214063,3988
214071,14669
214077,509
214080,14670
214083,3902
214100,14671
214102,674
214103,7856
214106,358
214108,8995
214123,12745
214129,1128
214141,1300
214146,347
214148,2595
214152,1452
214157,14672
214165,195
214166,1944
214177,247
214179,143
214188,14673
214192,815
214196,446
214196,447
214215,2243
214218,918
214220,6838
214221,1233
214225,1254
214232,501
214233,10803
214233,14674
214233,14675
214242,14676
214245,14677
214249,4629
214252,1588
214253,78
214260,2475
214278,14678
214279,263
214281,14679
214281,14680
214297,4519
214314,4549
214319,14681
214320,3935
214321,7271
214323,73
214324,649
214324,14682
214324,14683
214330,2404
214337,446
214337,447
214343,2421
214351,14684
214366,74
214374,274
214380,395
214398,3385
214401,160
214407,727
214408,701
214411,891
214419,11402
214424,14685
214425,3194
214427,14686
214440,1757
214446,14687
214447,14688
214472,14689
214478,10369
214492,1190
214493,13729
214495,568
214499,11816
214504,14690
214507,14691
214513,1830
214516,14692
214521,99
214526,13397
214526,14693
214531,250
214533,102
214544,9575
214546,14694
214546,14695
214553,14696
214574,1879
214579,1501
214586,4001
214593,14697
214593,14698
214593,14699
214593,14700
214597,14701
214604,7273
214609,7792
214610,1061
214621,13225
214625,389
214626,2307
214627,1071
214627,1072
214657,7959
214663,10667
214665,1700
214680,1217
214690,8931
214693,2591
214694,6491
214694,12294
214699,26
214716,2404
214728,14702
214738,308
214746,4339
214747,2971
214755,5654
214756,10190
214762,222
214775,8916
214777,1971
214790,1695
214795,962
214804,838
214808,663
214814,770
214817,14703
214822,400
214825,663
214826,14704
214828,1300
214839,14705
214846,5271
214851,105
214857,2000
214860,5588
214861,7009
214867,3891
214867,3893
214872,2197
214880,14706
214882,3304
214886,14707
214890,5059
214890,8905
214911,1401
214923,62
214927,240
214931,1783
214949,2798
214958,777
214968,761
214979,4488
214987,340
214996,136
214999,3229
215002,3680
215007,14708
215008,586
215010,129
215013,14382
215016,3323
215021,14709
215022,12377
215028,2349
215032,4000
215036,14710
215043,671
215045,1531
215056,1466
215056,6286
215056,14612
215059,1920
215062,2495
215082,5588
215085,1465
215089,9167
215104,14711
215121,14712
215127,14713
215129,14714
215142,12797
215147,2478
215152,56
215160,480
215165,2989
215173,14715
215177,4335
215186,95
215186,98
215186,304
215186,508
215186,712
215186,837
215186,885
215186,1242
215186,1372
215186,1531
215186,2168
215186,4932
215186,4985
215186,5382
215186,6755
215186,7149
215186,7200
215186,7227
215186,9082
215186,9426
215186,13731
215186,14716
215186,14717
215186,14718
215186,14719
215186,14720
215194,1155
215213,10013
215223,1342
215228,4958
215232,2222
215233,242
215239,2892
215239,14721
215239,14722
215240,3039
215254,284
215257,633
215259,815
215262,189
215264,14723
215268,61
215270,4955
215273,3749
215276,14724
215278,689
215280,14725
215287,662
215289,5854
215294,14726
215306,14727
215310,587
215318,3787
215320,1070
215322,2475
215323,1026
215330,885
215338,1563
215345,4288
215350,250
215364,482
215380,14728
215382,701
215384,2267
215389,4708
215390,161
215396,14729
215398,552
215400,360
215402,14730
215405,14731
215406,962
215412,1685
215424,14732
215426,106
215442,14733
215444,44
215458,44
215460,11492
215464,669
215465,567
215466,928
215467,14734
215469,1847
215470,2548
215471,14735
215476,150
215481,12
215489,1719
215494,578
215496,679
215497,140
215498,433
215498,14736
215499,14737
215504,395
215522,14738
215532,3157
215534,14739
215537,1224
215539,14740
215544,209
215551,2810
215553,14741
215557,2444
215559,2518
215568,14742
215570,8329
215572,200
215577,4602
215579,1139
215581,1273
215588,14743
215589,116
215592,1760
215594,2730
215609,5938
215612,14744
215614,14745
215620,679
215631,2858
215631,2859
215635,4642
215648,581
215650,2677
215654,4024
215660,1784
215664,394
215671,14746
215677,1372
215684,5131
215685,5774
215686,553
215688,200
215694,1493
215703,738
215715,2547
215721,2656
215734,1702
215749,14747
215751,14748
215752,2686
215759,11461
215761,44
215765,999
215767,14749
215796,4231
215809,2256
215816,6273
215829,14750
215838,4692
215840,603
215841,14751
215845,10613
215852,11742
215860,14752
215867,5553
215875,150
215879,1772
215886,3229
215886,3230
215887,1058
215900,12967
215907,135
215927,3702
215942,91
215947,861
215948,3136
215953,6539
215956,1003
215966,578
215969,4399
215979,578
215982,13201
215986,2924
215993,14753
215998,2359
216003,2215
216005,105
216012,1511
216019,395
216033,319
216042,5831
216042,5832
216050,721
216053,14754
216061,1033
216062,669
216083,3102
216084,14755
216089,4538
216090,4179
216106,1769
216107,361
216108,9866
216114,931
216122,14756
216134,4955
216135,2921
216139,14757
216140,91
216145,14758
216145,14759
216149,7363
216149,7364
216159,1556
216163,1531
216168,2690
216169,358
216171,206
216173,4667
216190,120
216197,1834
216209,157
216211,3367
216217,1601
216227,7779
216231,10714
216234,14760
216235,168
216241,501
216243,2125
216247,501
216249,14761
216261,1971
216267,2681
216268,837
216276,44
216279,11674
216307,14762
216311,532
216312,14763
216321,12837
216337,1325
216352,14764
216356,3391
216360,578
216362,494
216364,14765
216366,2809
216368,1764
216376,14766
216376,14767
216385,5611
216401,3037
216410,357
216421,14768
216424,14769
216429,99
216433,304
216438,4305
216451,2031
216456,494
216459,10266
216459,14770
216461,2404
216473,864
216473,3414
216473,14771
216473,14772
216486,2677
216499,145
216504,62
216510,10253
216512,14773
216518,509
216524,529
216526,3385
216527,11201
216527,12106
216527,14774
216528,9071
216535,14775
216543,10825
216548,1407
216552,531
216553,2380
216556,7964
216556,14776
216556,14777
216560,14778
216564,14779
216573,1971
216577,39
216585,1728
216589,98
216596,118
216606,8746
216607,980
216616,358
216617,14780
216620,4254
216623,14781
216626,14782
216629,721
216637,949
216639,14783
216640,3591
216652,14784
216653,185
216660,846
216665,197
216676,14785
216685,578
216694,7855
216695,891
216695,14786
216695,14787
216695,14788
216695,14789
216695,14790
216695,14791
216695,14792
216695,14793
216695,14794
216707,305
216708,222
216719,14795
216720,4549
216722,586
216731,105
216740,1791
216744,14796
216745,14797
216749,722
216752,13016
216753,841
216753,842
216755,4141
216760,14798
216771,14799
216784,57
216788,48
216812,14800
216822,99
216826,5565
216828,587
216851,10758
216854,3948
216856,2803
216858,5159
216864,1135
216866,8814
216874,446
216874,447
216880,482
216882,13075
216885,268
216895,14801
216908,1525
216915,1007
216922,6417
216931,1568
216935,501
216943,4766
216946,10797
216948,99
216950,2807
216960,160
216966,641
216968,14802
216972,14803
216973,3537
216983,364
216985,2092
216998,12596
217001,6124
217011,11756
217027,2302
217027,2303
217028,873
217030,26
217032,14804
217060,14805
217072,14806
217072,14807
217076,2520
217095,679
217097,5271
217109,8881
217110,7961
217110,12558
217122,451
217131,931
217144,14808
217145,14809
217149,11444
217153,5517
217159,281
217163,1411
217164,14810
217167,2895
217176,6740
217192,1673
217194,14811
217195,959
217199,324
217202,2952
217203,968
217216,14590
217219,9602
217221,1887
217235,25
217238,1597
217238,5170
217238,5732
217238,7058
217238,9508
217238,14812
217238,14813
217238,14814
217238,14815
217238,14816
217238,14817
217238,14818
217238,14819
217239,8783
217256,2424
217259,14820
217261,88
217286,2649
217292,14821
217294,1950
217298,14822
217310,947
217314,14823
217319,1797
217322,14824
217338,3135
217344,5553
217347,920
217349,8443
217352,3196
217357,144
217362,1457
217366,315
217369,14825
217382,14826
217386,611
217387,14827
217388,1492
217389,7756
217398,5922
217402,1539
217403,6022
217406,3366
217408,4101
217410,53
217417,1971
217425,1123
217429,153
217438,14828
217448,148
217461,14829
217468,531
217478,1221
217483,213
217498,14830
217506,29
217510,14831
217527,14832
217535,3787
217536,14833
217538,14834
217542,6725
217552,4716
217568,222
217573,99
217575,1563
217576,9876
217588,3380
217600,3157
217601,2356
217619,4678
217621,53
217629,14835
217633,995
217636,7356
217642,741
217660,13222
217672,14836
217673,1983
217682,7027
217682,14837
217682,14838
217684,858
217686,2339
217691,14839
217705,2686
217708,14840
217708,14841
217708,14842
217722,14843
217725,14844
217726,111
217728,1177
217728,14845
217733,815
217735,8813
217751,254
217754,7702
217761,14846
217761,14847
217761,14848
217761,14849
217767,13764
217781,14850
217793,14851
217796,587
217804,300
217808,132
217813,1061
217824,531
217830,2913
217830,13105
217836,531
217842,4
217850,26
217851,1971
217856,14852
217858,2444
217859,44
217862,460
217866,6367
217883,2730
217887,14853
217894,1936
217900,741
217923,556
217926,202
217933,4722
217945,14854
217956,14855
217961,14856
217966,3802
217984,3514
217987,284
217988,837
217992,6808
218002,2144
218010,14857
218018,1971
218025,1826
218031,14858
218031,14859
218040,848
218050,14860
218058,1785
218064,788
218076,157
218078,3798
218088,4549
218109,91
218133,75
218134,8951
218138,752
218139,928
218142,459
218144,1583
218146,14861
218166,5074
218168,10860
218169,14862
218170,543
218175,14863
218177,242
218184,1612
218187,1381
218190,445
218192,49
218195,57
218203,242
218204,2504
218213,1063
218219,14864
218223,446
218223,447
218225,2302
218225,2303
218235,10951
218238,2171
218242,14865
218244,7116
218265,5593
218269,35
218272,2681
218289,14866
218297,11725
218303,12475
218312,26
218317,501
218328,1030
218341,4602
218347,291
218354,159
218363,14867
218365,398
218373,281
218382,1135
218383,4567
218389,399
218397,14868
218398,542
218403,8692
218408,14869
218409,4211
218415,1843
218417,869
218424,14870
218444,556
218448,1114
218449,11335
218468,14871
218500,488
218509,922
218510,1175
218517,12879
218522,2168
218523,99
218524,1372
218527,14872
218533,105
218533,251
218533,1145
218533,1702
218533,1858
218533,3095
218533,3165
218533,3534
218533,3986
218533,4327
218533,7758
218533,7761
218533,10467
218533,14873
218545,14874
218545,14875
218549,542
218565,14876
218570,1273
218571,633
218593,5805
218594,14877
218595,254
218610,39
218614,679
218620,1909
218622,14878
218625,3442
218638,14879
218641,1720
218644,5187
218665,14880
218666,1303
218672,8048
218684,22
218686,905
218688,6072
218690,191
218703,14881
218705,12521
218707,3315
218708,2547
218711,1292
218712,9534
218713,14882
218714,26
218717,2964
218725,4156
218727,476
218731,482
218734,160
218736,482
218739,6796
218741,552
218746,14883
218760,4682
218767,14884
218782,13384
218782,14885
218791,2418
218793,3380
218794,14886
218796,5242
218798,2913
218808,150
218815,8185
218818,741
218829,1936
218835,2267
218836,971
218846,91
218857,3755
218858,4520
218860,7087
218867,6425
218871,222
218877,3385
218881,655
218886,537
218908,195
218909,336
218912,284
218918,329
218921,2385
218925,189
218927,14887
218929,6410
218936,1545
218939,2893
218950,1440
218954,14888
218956,230
218965,4390
218978,6021
218984,130
218987,160
218989,460
218993,5636
218994,821
219005,4497
219007,4299
219008,14889
219012,2125
219012,3268
219015,14890
219021,5869
219035,148
219039,5232
219043,6417
219059,12128
219071,537
219088,123
219099,9403
219102,337
219105,663
219108,14891
219111,7895
219113,578
219123,39
219126,1312
219127,14892
219129,157
219137,3382
219148,865
219164,3027
219168,160
219171,157
219172,376
219173,3076
219177,8709
219182,9456
219194,14893
219202,445
219204,11462
219206,14894
219208,1695
219213,4747
219215,2353
219218,556
219225,75
219227,304
219236,274
219237,800
219242,2731
219243,14895
219247,284
219258,480
219263,450
219265,1829
219267,14637
219273,14392
219275,4485
219278,5681
219278,5682
219280,14896
219294,14897
219296,482
219298,8506
219298,8507
219302,508
219307,1435
219318,1554
219321,4335
219324,14898
219328,11600
219329,3001
219337,123
219337,298
219342,611
219344,837
219348,14899
219350,254
219356,14900
219360,14901
219366,11770
219367,1968
219370,5992
219374,14902
219393,3948
219406,3683
219410,777
219428,4631
219439,127
219444,2775
219448,501
219451,573
219457,14903
219464,185
219478,3100
219479,7612
219480,10547
219482,357
219484,4702
219492,185
219496,358
219512,578
219523,395
219528,954
219530,14904
219533,984
219547,14905
219569,14906
219587,4945
219594,9602
219598,919
219602,14907
219607,12086
219611,160
219614,305
219619,3380
219625,191
219639,5355
219642,60
219649,2451
219652,14908
219665,14909
219670,1372
219674,2837
219675,179
219681,5289
219683,132
219693,1963
219696,4179
219704,2519
219718,14910
219718,14911
219719,8618
219723,13404
219724,1165
219726,12332
219728,3847
219733,14912
219738,2770
219743,6712
219750,4026
219757,14913
219769,2021
219772,1596
219773,1810
219785,1671
219800,581
219806,13397
219807,815
219807,1673
219807,1851
219807,1856
219807,1857
219807,1859
219807,1860
219807,1866
219807,1867
219807,1868
219807,1869
219807,1870
219807,2300
219807,3541
219807,3981
219807,3985
219807,4326
219807,5123
219807,5995
219807,6733
219807,7692
219807,9035
219807,12206
219807,12960
219807,14306
219807,14914
219807,14915
219807,14916
219807,14917
219807,14918
219807,14919
219807,14920
219807,14921
219821,3493
219823,157
219826,14922
219831,117
219838,3069
219844,136
219847,12892
219848,4474
219848,14923
219848,14924
219864,627
219867,6570
219867,6571
219872,14925
219877,185
219881,1695
219885,821
219888,57
219895,14926
219897,319
219898,3027
219900,1094
219901,728
219908,14927
219918,12981
219923,14928
219926,1977
219928,9296
219933,2580
219948,14929
219950,148
219963,14930
219986,14931
219997,39
220005,14932
220007,14933
220008,3154
220025,931
220038,14934
220039,2165
220041,3837
220042,91
220044,11816
220046,4341
220048,5073
220051,13856
220052,5607
220059,4871
220060,14935
220069,14936
220070,531
220081,98
220082,44
220083,696
220084,3754
220090,14937
220091,14938
220093,14939
220095,5406
220107,321
220118,14940
220122,275
220127,1893
220131,2084
220137,213
220138,14941
220138,14942
220145,161
220149,3264
220162,14943
220166,1963
220169,26
220174,587
220175,6554
220181,6965
220185,931
220190,935
220190,14944
220212,99
220213,3356
220216,14945
220220,10637
220228,5770
220230,3722
220236,1193
220256,3832
220258,3392
220260,5316
220262,14946
220276,3446
220283,11391
220302,14947
220307,1203
220335,11480
220336,482
220345,563
220359,531
220364,2796
220365,599
220365,1516
220374,157
220376,14948
220377,280
220386,336
220386,10557
220397,250
220399,1001
220408,1531
220410,2031
220417,14949
220422,14950
220424,14951
220428,4464
220438,2678
220439,647
220440,1457
220450,2190
220455,205
220464,14952
220484,197
220484,11654
220490,1300
220492,2822
220492,8357
220494,766
220496,1691
220505,14953
220511,353
220513,12235
220516,1941
220524,663
220530,4877
220530,7911
220536,99
220538,4352
220540,366
220546,4982
220560,3740
220581,14954
220589,69
220591,1503
220603,1283
220608,14955
220615,136
220655,14956
220657,848
220661,13384
220667,14957
220668,6968
220669,837
220671,94
220672,14958
220674,148
220675,9646
220676,14959
220683,3376
220692,2444
220695,741
220700,14643
220705,587
220709,4990
220710,746
220714,14960
220719,6213
220719,13147
220724,14961
220726,1571
220727,14962
220733,22
220734,501
220753,207
220753,1617
220754,721
220759,14963
220760,14964
220761,3467
220771,552
220773,567
220774,614
220786,305
220789,5040
220792,8002
220792,14965
220792,14966
220793,5548
220793,5549
220805,319
220806,531
220808,14967
220809,1769
220816,14968
220820,4195
220826,1411
220831,1026
220836,14969
220840,9657
220843,14970
220857,11848
220859,3536
220861,6712
220865,14971
220871,14972
220876,111
220878,14973
220895,361
220913,150
220918,4747
220919,862
220921,1832
220926,1402
220927,1635
220934,1003
220936,158
220937,12319
220938,1571
220942,535
220943,4536
220949,227
220949,1063
220949,2112
220949,2277
220949,2519
220949,3196
220949,4864
220949,7429
220949,11184
220949,14974
220949,14975
220949,14976
220949,14977
220949,14978
220949,14979
220949,14980
220952,14981
220958,1399
220966,2334
220966,2335
220974,647
220978,98
220990,14773
220992,148
220993,150
220998,155
221005,4861
221007,931
221010,26
221010,1764
221010,2929
221015,14982
221020,14983
221022,659
221036,14984
221048,7974
221048,7975
221058,6004
221061,14985
221087,280
221089,135
221092,749
221095,14986
221098,14987
221099,14988
221104,10114
221111,14989
221117,6824
221118,727
221120,14990
221124,7779
221126,150
221130,870
221133,6157
221135,1789
221140,14991
221140,14992
221140,14993
221140,14994
221140,14995
221140,14996
221142,5613
221150,804
221162,861
221163,2718
221175,136
221178,25
221184,13974
221191,3110
221196,8150
221198,26
221200,663
221204,14997
221212,99
221215,8830
221215,8831
221220,14998
221221,1114
221229,7505
221237,75
221248,194
221249,14999
221255,15000
221270,3847
221282,143
221286,15001
221301,624
221304,284
221308,15002
221320,15003
221331,3737
221338,4958
221340,488
221342,15004
221354,7394
221359,298
221364,254
221370,10176
221371,9575
221375,144
221379,242
221380,6487
221380,15005
221382,6457
221384,15006
221389,1723
221399,148
221399,1376
221408,2302
221408,2303
221423,15007
221429,2140
221430,885
221431,15008
221447,39
221451,1451
221471,3607
221474,15009
221478,1556
221479,15010
221482,2251
221485,15011
221486,222
221487,822
221488,6554
221489,5613
221496,1938
221503,15012
221506,738
221518,116
221521,6968
221525,7527
221532,1024
221534,298
221537,15013
221561,721
221562,777
221575,284
221584,1411
221585,451
221594,14833
221596,358
221602,693
221615,15014
221625,4374
221625,6659
221633,3419
221637,1753
221638,821
221644,9098
221648,3948
221651,9064
221654,10623
221655,14265
221655,15015
221655,15016
221655,15017
221655,15018
221662,15019
221662,15020
221667,117
221675,2940
221694,15021
221697,4579
221704,13472
221710,280
221715,7356
221724,15022
221724,15023
221738,291
221740,6099
221741,26
221742,5634
221753,2444
221759,157
221765,746
221775,6506
221776,1577
221787,1096
221790,209
221794,15024
221795,3399
221801,578
221806,15025
221810,111
221813,579
221815,9316
221826,15026
221830,11204
221838,2249
221838,2250
221839,270
221846,185
221851,634
221864,13459
221866,54
221870,15027
221873,15028
221887,15029
221908,14177
221915,15030
221923,417
221928,15031
221936,305
221939,800
221944,53
221952,1588
221955,744
221956,553
221972,280
221972,2371
221979,2143
221982,15032
221983,13214
221984,424
222005,8881
222027,749
222035,15033
222040,446
222040,447
222061,1818
222062,15034
222071,4528
222084,1577
222085,15035
222094,160
222096,127
222102,117
222105,546
222115,1445
222129,130
222132,3256
222133,3032
222142,1177
222144,433
222155,8281
222163,1312
222165,8955
222167,739
222175,11111
222176,1937
222177,7851
222182,578
222183,5073
222186,729
222197,2858
222197,2859
222198,12087
222202,2340
222215,2971
222227,15036
222228,10846
222230,15037
222235,119
222235,121
222235,1008
222238,1852
222238,3536
222243,15038
222246,488
222249,3001
222260,91
222264,3514
222267,449
222273,2837
222278,15039
222279,1160
222290,15040
222305,15041
222315,5685
222316,67
222327,15042
222338,143
222348,3380
222348,15043
222351,15044
222354,7936
222363,2728
222367,3787
222368,161
222369,2867
222371,723
222375,5588
222387,578
222395,1070
222400,15045
222403,15046
222403,15047
222435,9694
222441,663
222464,1760
222465,15048
222470,4765
222475,10222
222482,191
222486,2031
222490,9488
222505,4928
222509,15049
222529,763
222536,15050
222544,5179
222552,12605
222564,968
222573,135
222577,1527
222578,15051
222583,15052
222586,15053
222587,645
222591,15054
222591,15055
222611,211
222616,817
222622,4661
222624,13640
222626,1905
222634,2651
222637,5758
222639,8749
222639,8750
222640,15056
222641,1492
222644,305
222646,308
222649,10619
222656,7529
222659,784
222660,44
222662,15057
222679,8274
222687,3677
222697,3367
222698,242
222714,4417
222722,15058
222727,4651
222736,694
222739,57
222742,22
222754,6487
222754,6488
222771,15059
222774,1584
222802,2089
222810,15060
222812,15061
222818,15062
222818,15063
222829,7084
222843,1870
222854,5860
222863,15064
222863,15065
222866,15066
222868,3949
222877,3066
222904,10613
222908,1611
222912,1963
222915,10429
222930,15067
222950,15068
222954,15069
222960,552
222961,1319
222967,797
222975,13181
223003,8059
223010,250
223015,3977
223016,15070
223027,902
223035,11108
223039,15071
223040,5193
223054,15072
223054,15073
223056,15074
223063,15075
223064,1376
223072,1943
223075,60
223082,5322
223103,15076
223108,161
223121,3143
223128,15077
223131,553
223139,1720
223141,2497
223141,2676
223141,15078
223141,15079
223142,861
223142,2271
223166,931
223175,15080
223184,174
223192,254
223194,10035
223196,15081
223198,15082
223212,8254
223221,6199
223223,611
223228,15083
223239,15084
223247,5469
223255,5417
223257,3422
223258,1971
223263,53
223269,414
223270,2593
223272,119
223272,121
223272,1008
223273,8383
223276,227
223291,15085
223299,1783
223310,15086
223317,2922
223319,15087
223321,15088
223325,1612
223332,15089
223333,7342
223350,3066
223357,8837
223357,8838
223364,15090
223365,699
223369,12283
223378,203
223381,480
223396,5285
223397,4985
223399,15091
223399,15092
223411,1114
223412,135
223416,1375
223417,1612
223418,1190
223419,99
223422,189
223425,529
223433,966
223434,908
223437,776
223440,1466
223440,1467
223443,2666
223462,2145
223466,15093
223468,15094
223472,12137
223482,11753
223482,15095
223482,15096
223493,222
223495,95
223497,3107
223511,1457
223512,99
223519,3930
223522,1713
223523,485
223529,9982
223529,10996
223529,15097
223535,15098
223542,39
223544,6847
223554,91
223555,15099
223569,15100
223573,15101
223576,15102
223579,15103
223579,15104
223579,15105
223580,15106
223581,2140
223587,1285
223588,2339
223589,3361
223589,3362
223592,1213
223596,15107
223598,499
223605,15108
223608,15109
223616,13720
223617,556
223630,15110
223632,263
223633,15111
223634,2302
223634,2303
223659,242
223661,15112
223668,6030
223671,54
223686,254
223691,5316
223692,15113
223699,157
223703,2015
223704,15114
223708,15115
223711,3870
223719,546
223746,5242
223762,862
223770,7877
223772,11015
223772,15116
223786,90
223806,9403
223818,15117
223820,15118
223821,3787
223830,5073
223843,2500
223852,738
223853,821
223866,9353
223867,15119
223868,15120
223877,15121
223881,15122
223892,15123
223897,15124
223898,15125
223899,13290
223909,15126
223913,800
223924,15127
223942,14396
223942,15128
223944,634
223945,11473
223945,15129
223948,788
223953,4912
223953,14622
223954,358
223966,366
223968,5981
223974,15130
223976,1065
223977,1338
223987,15131
223989,15132
223991,5636
224009,1337
224010,6993
224019,1525
224021,578
224028,743
224036,746
224049,3850
224049,3851
224066,3767
224071,721
224076,401
224085,15133
224088,15134
224091,1288
224101,1007
224103,3891
224110,2031
224124,587
224144,266
224146,15135
224148,7196
224151,2882
224151,2883
224153,26
224176,944
224178,15136
224185,9001
224187,1440
224191,1382
224191,1383
224191,1384
224191,1385
224207,848
224208,5228
224211,2146
224217,5675
224222,11923
224232,529
224237,12678
224245,9537
224259,105
224269,15137
224270,3200
224280,200
224281,788
224283,8985
224285,2031
224286,352
224289,713
224327,8340
224327,8341
224332,15138
224335,2140
224337,707
224339,4627
224340,9592
224344,116
224351,618
224355,3907
224360,15139
224362,2072
224368,821
224375,15140
224376,91
224383,15141
224386,4848
224388,9383
224401,15142
224404,10718
224411,15143
224420,5874
224423,2583
224427,701
224440,15144
224441,933
224448,15145
224452,4512
224456,15146
224457,12903
224468,74
224471,446
224471,447
224474,15147
224477,14529
224484,15148
224486,987
224492,3695
224496,2222
224500,15149
224510,76
224512,2783
224517,358
224519,9997
224524,13883
224529,10963
224530,1765
224543,106
224550,15150
224553,15151
224556,15152
224562,15153
224570,15154
224577,3776
224593,1834
224595,8502
224595,15155
224609,8334
224626,2424
224640,15156
224644,15157
224650,5221
224654,14898
224658,2523
224664,7129
224666,157
224675,15158
224680,2487
224688,2329
224693,15159
224703,99
224705,13043
224706,668
224722,15160
224724,7602
224728,107
224729,15161
224735,4015
224741,9452
224756,376
224765,728
224774,1973
224779,563
224779,837
224779,1058
224779,8311
224787,7615
224788,348
224790,6417
224797,5829
224801,3321
224805,15162
224808,2681
224809,501
224813,15163
224821,15164
224825,459
224832,1303
224835,865
224851,3382
224853,3272
224853,3516
224853,10594
224854,587
224857,3722
224857,15165
224866,284
224871,5638
224872,15166
224889,143
224891,4490
224893,268
224896,5949
224896,5950
224908,2452
224912,1009
224914,2893
224927,4539
224932,15167
224946,44
224954,5908
224961,15168
224969,2243
224973,1985
224990,1091
224997,3127
224998,399
224999,154
225008,819
225008,11058
225016,722
225020,3438
225022,2708
225024,1938
225037,8593
225037,15169
225041,3722
225052,161
225056,9142
225062,15170
225094,587
225097,2125
225097,3268
225098,3229
225098,3230
225105,15171
225109,552
225110,9033
225120,1093
225121,1739
225122,5276
225122,8907
225130,689
225135,815
225136,7741
225138,157
225139,1273
225146,50
225155,297
225157,633
225166,3066
225167,1588
225169,2299
225171,15172
225175,263
225181,15173
225188,4286
225193,15174
225208,10671
225209,15175
225209,15176
225220,15177
225233,15178
225234,506
225238,788
225242,556
225247,15179
225251,5876
225257,203
225259,91
225265,1418
225276,7037
225276,15180
225285,545
225299,1968
225309,3974
225310,4577
225316,7298
225318,2188
225328,15181
225342,88
225348,1766
225349,1325
225352,15182
225358,157
225361,15183
225371,15184
225375,701
225379,2484
225382,14290
225385,3677
225386,290
225389,908
225389,15185
225389,15186
225389,15187
225395,327
225405,15188
225406,15189
225410,197
225410,1145
225410,1635
225410,3161
225410,5986
225410,6260
225410,7084
225410,14318
225410,15190
225410,15191
225416,5513
225417,2797
225422,14870
225424,1572
225425,91
225427,15192
225429,1201
225432,5153
225441,3032
225443,409
225446,14518
225459,15193
225476,1556
225484,9724
225485,15194
225493,227
225493,1312
225493,2112
225493,3037
225493,3802
225493,4859
225493,4977
225493,10722
225493,15195
225493,15196
225493,15197
225493,15198
225493,15199
225493,15200
225493,15201
225514,1940
225526,663
225537,2953
225539,15202
225551,1469
225555,2394
225556,99
225561,2320
225562,3709
225566,194
225575,9655
225586,1661
225586,1662
225586,15203
225590,44
225594,3229
225610,5322
225615,578
225617,15204
225623,15205
225637,15206
225641,15207
225647,2940
225652,281
225656,15208
225670,721
225671,2022
225678,9033
225692,754
225702,2523
225707,242
225709,3682
225711,15209
225717,3416
225722,587
225722,837
225722,1285
225722,10438
225732,12108
225755,2861
225755,15210
225755,15211
225769,1477
225775,754
225777,8257
225783,383
225785,1217
225788,2543
225788,15212
225788,15213
225802,242
225804,1539
225831,15214
225838,57
225870,284
225873,10322
225875,7371
225877,6335
225878,15215
225895,5815
225896,3153
225908,553
225911,48
225922,15216
225926,3472
225928,4716
225936,15217
225942,965
225945,13789
225945,13790
225950,200
225951,1008
225955,5345
225955,15218
225959,1602
225960,6637
225961,801
225962,782
225970,15219
225970,15220
225971,657
225982,298
225983,15221
225985,1973
225998,15222
226001,11228
226003,14926
226012,5028
226013,1143
226013,15223
226013,15224
226015,529
226029,7922
226031,7493
226034,200
226036,15225
226039,587
226043,2762
226053,15226
226069,11139
226069,15227
226069,15228
226069,15229
226078,859
226088,1093
226098,7498
226100,1056
226105,263
226111,317
226118,1196
226118,15230
226121,9530
226125,3203
226128,362
226140,1061
226157,1905
226161,403
226162,15231
226174,10460
226190,6269
226196,921
226199,235
226219,1498
226225,329
226230,15232
226233,3112
226235,2188
226243,529
226252,727
226253,869
226264,157
226267,69
226270,136
226272,1879
226274,15233
226287,556
226290,12631
226291,15234
226292,1529
226293,2651
226297,12559
226305,2353
226307,13181
226307,15235
226307,15236
226307,15237
226320,13625
226327,440
226352,9435
226358,194
226362,15163
226376,1879
226377,13004
226384,13966
226387,2895
226393,611
226397,321
226402,107
226410,4372
226411,15238
226420,15239
226426,91
226429,870
226439,14318
226444,587
226456,5517
226458,2760
226469,268
226471,15240
226478,2297
226481,3048
226485,15241
226486,106
226505,10528
226512,863
226512,15242
226549,5090
226551,160
226552,2929
226553,222
226559,701
226563,2593
226565,741
226566,185
226572,1635
226577,3755
226580,2302
226580,2303
226587,125
226589,3847
226600,4057
226602,8660
226606,3227
226606,15243
226606,15244
226611,15245
226612,1800
226619,928
226621,729
226626,316
226628,15246
226637,15247
226639,15248
226652,15249
226653,15250
226656,633
226670,419
226671,15251
226671,15252
226674,1575
226683,2106
226692,15253
226696,501
226706,15254
226708,185
226710,8343
226715,6712
226721,804
226735,15255
226739,15256
226745,1971
226751,291
226760,5092
226760,5093
226765,1667
226781,1722
226791,250
226804,6470
226805,1806
226813,15257
226816,98
226822,599
226822,1516
226823,403
226826,6679
226831,4985
226839,9063
226847,254
226850,15258
226851,15259
226865,1457
226869,9260
226870,4179
226876,3928
226878,99
226879,136
226882,116
226895,6097
226900,1344
226901,479
226901,12349
226916,15260
226918,2712
226922,2274
226924,7285
226943,599
226943,600
226952,2701
226958,26
226958,1764
226961,9102
226970,882
226972,1071
226972,1072
226989,15261
226991,6758
226993,242
227004,35
227013,15262
227014,116
227015,1938
227027,4865
227040,729
227047,9071
227048,689
227052,161
227055,15263
227065,22
227069,5214
227087,15264
227094,15265
227105,4361
227110,11671
227111,295
227115,2671
227118,492
227130,754
227142,792
227143,14573
227151,1061
227155,1501
227160,1338
227162,3982
227169,116
227173,3390
227180,501
227187,15266
227188,7525
227196,73
227204,1692
227217,4593
227238,3907
227246,1331
227257,1797
227258,2020
227265,1324
227266,145
227269,15267
227272,1575
227282,95
227296,4372
227299,865
227306,446
227306,447
227311,865
227312,1106
227318,697
227320,925
227323,5992
227338,8315
227340,2678
227344,6605
227346,14867
227357,11344
227357,15268
227370,656
227372,53
227378,1332
227379,788
227380,1987
227382,838
227384,2404
227385,136
227388,1300
227391,13365
227394,57
227401,15269
227402,15270
227402,15271
227405,12742
227408,821
227412,1094
227416,4740
227423,157
227425,4720
227437,266
227443,1587
227452,15272
227462,459
227470,15273
227476,4985
227484,5285
227491,336
227508,1905
227508,15274
227512,291
227514,2339
227516,3085
227528,5010
227538,741
227545,15275
227560,6753
227569,15276
227572,2804
227572,4121
227572,7643
227572,9030
227572,9812
227572,9853
227572,12127
227572,15277
227572,15278
227572,15279
227572,15280
227572,15281
227572,15282
227572,15283
227572,15284
227572,15285
227572,15286
227572,15287
227572,15288
227572,15289
227572,15290
227573,15291
227574,2282
227586,4444
227589,2484
227589,10944
227590,157
227593,15292
227597,1714
227611,13363
227615,10709
227621,15293
227621,15294
227621,15295
227622,200
227628,254
227634,15296
227647,5214
227652,157
227657,360
227662,441
227664,14312
227675,2649
227675,10684
227682,3074
227683,2730
227685,2249
227685,2250
227696,1512
227701,38
227710,15297
227714,15298
227715,15299
227718,185
227733,15300
227734,15301
227735,15302
227736,275
227737,15303
227739,2360
227753,1525
227758,1007
227759,185
227763,754
227769,15304
227771,9220
227773,4579
227776,1938
227783,1979
227805,15305
227807,15306
227807,15307
227826,2477
227839,15308
227842,15309
227847,451
227851,15310
227853,231
227858,91
227863,578
227867,162
227875,3240
227885,75
227895,5864
227895,12544
227907,15311
227907,15312
227920,6745
227920,6746
227935,3083
227946,1081
227953,15313
227956,15314
227956,15315
227960,102
227963,15316
227969,3383
227971,204
227978,1096
227982,136
227984,15317
227990,10172
227994,1203
227995,15318
227997,1957
228005,10251
228006,2421
228008,11590
228010,1880
228040,662
228055,154
228057,4740
228061,2100
228062,1713
228067,15319
228074,15320
228075,284
228077,284
228083,663
228086,2332
228091,1760
228095,92
228098,203
228103,5997
228137,15321
228139,12813
228139,15322
228143,1800
228148,8696
228148,15323
228153,15324
228160,859
228162,8569
228169,10089
228185,15325
228189,815
228195,203
228211,150
228217,284
228223,1503
228228,118
228229,15326
228234,4319
228243,15327
228248,113
228248,114
228265,99
228275,15328
228282,2677
228283,15329
228287,1807
228296,721
228298,98
228299,11482
228300,14886
228304,53
228306,105
228313,15330
228335,24
228340,2803
228342,3514
228343,9790
228347,815
228354,15331
228360,12234
228364,67
228368,15332
228376,5589
228376,5590
228376,5591
228378,8273
228384,15333
228391,2682
228394,275
228396,1846
228406,15334
228411,1238
228414,12992
228424,5553
228425,195
228429,612
228435,48
228435,123
228435,222
228435,298
228435,590
228435,856
228435,935
228435,957
228435,3168
228435,3170
228435,3171
228435,7966
228435,10333
228435,14118
228435,15335
228435,15336
228435,15337
228435,15338
228435,15339
228435,15340
228435,15341
228437,1834
228442,15342
228443,4032
228443,15343
228443,15344
228444,659
228446,4725
228452,15345
228455,15346
228469,1140
228471,494
228477,15347
228483,2024
228488,4381
228488,15348
228489,729
228490,161
228506,2552
228519,15349
228521,448
228525,4399
228526,9071
228527,6259
228527,6260
228530,3294
228531,157
228537,4032
228537,15350
228537,15351
228540,15352
228545,15353
228561,2753
228566,15354
228574,15355
228582,7779
228594,15356
228604,15357
228611,14211
228616,105
228616,552
228616,1376
228616,1686
228616,2128
228616,2514
228616,3099
228616,3532
228616,3534
228616,3981
228616,4933
228616,10467
228616,15358
228629,2651
228631,9063
228637,15359
228637,15360
228640,26
228643,13227
228657,15361
228672,3891
228672,3892
228672,3893
228673,203
228675,15362
228677,258
228680,928
228686,274
228692,15363
228702,15364
228710,346
228717,9082
228719,1024
228730,4117
228736,1058
228736,1775
228736,2997
228740,478
228745,25
228745,3934
228745,3935
228745,3936
228745,3938
228745,3939
228745,3941
228745,3942
228745,3943
228745,3944
228745,3945
228745,15365
228745,15366
228745,15367
228745,15368
228745,15369
228748,15370
228749,446
228749,447
228752,2950
228752,2951
228760,15371
228764,693
228767,15372
228786,1238
228787,3180
228792,268
228794,3777
228797,578
228798,2914
228803,403
228804,305
228812,280
228812,2371
228821,10922
228822,10634
228824,4436
228832,722
228838,4635
228845,15373
228853,10725
228854,578
228861,1808
228868,15374
228873,15375
228874,556
228879,13416
228894,587
228901,29
228902,1390
228904,804
228906,15376
228911,48
228932,15377
228934,10362
228938,4135
228941,485
228948,14214
228950,9607
228952,7555
228960,1452
228965,5726
228967,1484
228975,5159
228976,15378
228979,15379
228992,143
228993,838
228997,1000
229002,171
229012,1382
229012,1383
229012,1384
229012,1385
229017,3141
229024,1477
229030,1336
229039,6259
229054,693
229058,5529
229064,281
229068,15380
229069,4862
229074,154
229079,15381
229079,15382
229079,15383
229081,111
229084,4716
229099,693
229111,15384
229146,117
229147,15385
229148,15386
229150,1608
229153,5963
229154,132
229154,5632
229155,15387
229172,284
229177,6581
229180,15388
229186,3032
229188,11471
229195,1583
229197,6910
229200,13225
229204,1145
229209,15389
229222,587
229224,10613
229243,15390
229249,150
229255,3270
229263,5367
229272,90
229274,4928
229276,3446
229277,1238
229310,6797
229312,2404
229314,11335
229315,15391
229318,10719
229329,885
229346,29
229348,3304
229368,15392
229370,411
229376,927
229382,15393
229385,6254
229391,3591
229392,12348
229394,7848
229395,15394
229397,304
229420,544
229421,98
229425,663
229434,189
229442,111
229447,838
229448,869
229456,5826
229459,992
229462,6274
229463,7357
229464,14831
229471,15395
229474,746
229477,6064
229482,1532
229494,2339
229499,67
229500,5092
229505,8048
229518,414
229546,1720
229548,284
229551,39
229556,3955
229561,15396
229565,2274
229583,254
229590,3445
229592,2307
229593,721
229597,803
229600,1764
229601,3539
229618,6207
229618,15397
229632,1951
229642,11384
229650,200
229652,1114
229654,15398
229669,157
229673,671
229681,928
229682,431
229686,1381
229695,91
229701,681
229702,4769
229703,15399
229704,192
229705,931
229710,12881
229711,2989
229721,1834
229730,1512
229743,9953
229749,15400
229752,4824
229761,245
229770,15401
229772,1832
229784,693
229789,1608
229809,15402
229814,1584
229824,1268
229829,12743
229830,15403
229830,15404
229830,15405
229832,8380
229837,9549
229838,15406
229840,91
229844,862
229845,721
229847,15407
229850,668
229856,15408
229859,721
229866,578
229867,2188
229868,865
229872,117
229875,15409
229876,2686
229892,8022
229898,14392
229902,183
229903,4294
229908,7764
229909,5358
229922,6602
229923,15410
229924,15411
229925,2144
229928,157
229933,245
229937,81
229940,6601
229944,4627
229948,3982
229948,15412
229949,722
229952,652
229952,1115
229952,15413
229955,5232
229964,2804
229964,11960
229964,15414
229964,15415
229964,15416
229964,15417
229964,15418
229964,15419
229964,15420
229964,15421
229964,15422
229964,15423
229975,15424
229980,1095
229995,2243
229996,3642
230002,15425
230004,15426
230012,6756
230020,15427
230021,15428
230028,5255
230029,135
230040,531
230045,22
230046,2186
230050,1966
230057,15429
230061,11221
230063,5342
230067,22
230074,15430
230082,800
230091,2404
230093,3881
230101,1985
230109,6891
230112,5010
230119,5191
230123,7413
230127,1971
230142,485
230146,813
230156,7592
230156,7593
230165,5060
230176,4511
230183,679
230191,1457
230193,9071
230195,4528
230202,1300
230208,7564
230216,15431
230218,15432
230224,5200
230225,777
230237,1406
230255,459
230266,485
230274,15433
230295,663
230296,689
230308,15434
230309,696
230309,3404
230310,486
230316,8307
230339,2609
230365,7356
230373,446
230374,2339
230378,11796
230381,15435
230383,7524
230393,15436
230394,8875
230396,140
230404,12201
230410,2518
230420,761
230430,870
230439,15437
230445,15410
230456,284
230460,85
230468,1451
230470,26
230475,847
230476,191
230482,15438
230483,804
230485,284
230491,10075
230492,1951
230496,15439
230496,15440
230496,15441
230497,3656
230500,284
230509,497
230511,1702
230515,160
230517,2274
230520,14974
230524,13966
230528,1769
230530,713
230532,6917
230541,7490
230550,15442
230552,1705
230562,15443
230567,161
230571,3927
230592,2762
230600,1331
230601,800
230604,8306
230607,5289
230611,792
230611,1381
230611,7324
230628,753
230630,15444
230643,1312
230644,3292
230646,15445
230653,209
230665,14445
230665,15446
230680,5040
230685,4250
230702,15447
230703,744
230705,2690
230713,361
230760,7711
230770,377
230774,464
230775,15448
230777,3907
230781,2353
230786,1986
230798,284
230799,1720
230800,15449
230809,804
230819,3359
230822,3881
230825,11037
230845,2914
230854,7431
230861,4749
230865,1783
230871,11194
230873,803
230875,658
230876,1512
230880,15450
230895,2088
230904,15451
230906,1846
230921,2901
230921,15452
230923,15453
230923,15454
230937,1612
230954,185
230956,160
230971,1180
230977,689
230982,6027
231005,634
231007,44
231011,150
231022,1344
231025,2838
231025,15455
231035,677
231042,701
231046,4357
231051,669
231052,2596
231054,275
231054,2351
231055,1695
231058,10118
231067,3611
231069,3049
231079,2489
231089,1583
231097,69
231102,869
231108,284
231111,120
231111,121
231111,125
231111,538
231111,1563
231111,3382
231114,3449
231137,222
231141,157
231143,15456
231144,6457
231144,6809
231144,15457
231144,15458
231144,15459
231144,15460
231144,15461
231144,15462
231144,15463
231144,15464
231144,15465
231144,15466
231144,15467
231144,15468
231144,15469
231145,8660
231153,817
231155,1777
231158,1114
231159,15470
231160,14684
231163,1064
231173,157
231174,15471
231177,157
231178,53
231179,1331
231183,15472
231186,15473
231187,7499
231198,291
231203,15474
231212,5472
231212,5473
231215,179
231217,69
231225,4324
231226,15475
231226,15476
231227,12027
231238,15477
231239,1037
231242,15478
231248,15479
231250,4593
231251,15480
231252,15481
231257,117
231259,15482
231263,5810
231267,556
231268,148
231268,5123
231268,6901
231268,7626
231268,8584
231268,8585
231268,8586
231268,8587
231268,8588
231268,8589
231268,8590
231268,8591
231268,8592
231279,693
231288,11713
231303,10021
231303,15483
231323,935
231323,2690
231326,150
231336,15484
231340,721
231346,4549
231350,150
231351,2547
231357,15485
231358,6115
231360,139
231361,291
231364,4095
231366,671
231376,15486
231384,150
231386,200
231389,14278
231400,1971
231406,15487
231409,185
231419,446
231419,447
231424,15488
231425,9605
231427,15489
231431,150
231433,15490
231433,15491
231435,284
231442,587
231443,508
231457,5099
231460,578
231463,15492
231463,15493
231479,15494
231480,7404
231484,838
231487,815
231490,39
231497,6385
231499,15495
231500,15496
231501,360
231503,15497
231510,11184
231517,2678
231519,99
231521,15498
231530,15499
231533,11402
231542,15500
231554,15501
231555,1591
231557,460
231568,15502
231573,556
231594,1063
231595,9071
231597,3468
231613,2322
231615,3820
231624,15503
231628,636
231639,4602
231642,3049
231646,318
231649,91
231651,3683
231651,3684
231651,4329
231651,4330
231654,161
231658,446
231658,447
231660,242
231662,801
231664,885
231667,227
231667,1751
231671,3798
231676,356
231676,15504
231691,3315
231695,1089
231698,552
231703,2929
231711,15505
231720,161
231722,189
231734,2994
231740,2564
231747,5781
231753,15506
231755,9495
231765,2570
231774,6176
231778,11249
231779,3530
231786,579
231792,1375
231800,13448
231800,13449
231806,1766
231811,15507
231816,157
231846,1493
231851,1309
231861,3977
231862,108
231866,91
231867,15508
231868,8093
231881,150
231890,2228
231893,1685
231899,15509
231918,15510
231923,1324
231947,15511
231949,15512
231950,587
231959,15513
231962,729
231963,657
231967,603
231974,15514
231977,2477
231987,13169
231993,1695
232007,76
232010,937
232016,250
232022,5906
232030,15515
232034,13472
232039,2728
232040,3390
232047,1296
232048,200
232064,1378
232075,157
232077,53
232095,15516
232105,15517
232111,15518
232115,6850
232118,1695
232119,1715
232121,15519
232137,284
232140,2145
232143,608
232165,215
232170,157
232182,2168
232187,15520
232199,6019
232218,1719
232227,870
232230,663
232232,1238
232233,74
232241,1765
232243,2277
232243,5567
232244,15521
232268,57
232274,189
232275,15522
232281,291
232282,15523
232296,6976
232303,160
232308,11870
232317,1059
232320,25
232320,1459
232320,2141
232320,3934
232320,3935
232320,3936
232320,3938
232320,3939
232320,3940
232320,3941
232320,15366
232320,15367
232320,15524
232320,15525
232320,15526
232320,15527
232327,2324
232331,15528
232332,3523
232340,1180
232340,3529
232343,4570
232343,4571
232349,3027
232350,4151
232353,2231
232354,305
232360,1846
232373,15529
232377,716
232377,15530
232378,15531
232380,1128
232386,5256
232397,191
232400,6020
232401,649
232404,3677
232406,727
232412,26
232421,1032
232438,1193
232441,689
232461,482
232470,1093
232473,1242
232494,15532
232495,928
232524,4566
232525,689
232533,13936
232537,6490
232548,3074
232550,5669
232559,305
232562,367
232575,15533
232581,1880
232585,15534
232586,150
232595,1075
232596,1880
232597,5016
232599,15535
232602,15536
232606,15537
232608,6589
232617,15538
232619,848
232624,2102
232626,15539
232629,9421
232631,305
232632,117
232634,587
232649,227
232661,102
232667,157
232668,15540
232669,9877
232670,995
232681,679
232685,1221
232690,11865
232699,552
232703,15541
232716,7514
232724,684
232725,15542
232730,357
232746,15543
232751,3284
232758,928
232767,15544
232773,4243
232781,1695
232787,4913
232790,541
232791,5146
232792,150
232806,8765
232812,1894
232821,1063
232825,2547
232843,447
232848,446
232848,447
232854,1270
232859,1381
232862,6964
232871,353
232872,54
232874,15545
232888,2006
232889,189
232891,3889
232896,150
232898,11894
232902,15546
232911,11335
232928,15432
232932,4200
232933,99
232936,213
232941,15547
232946,3196
232946,15548
232950,587
232959,578
232960,15534
232962,15549
232982,1303
232985,7860
233003,3143
233003,15550
233016,3975
233020,885
233024,85
233031,250
233042,185
233043,12813
233046,2599
233047,2762
233050,1791
233054,2616
233055,91
233057,160
233058,761
233059,15551
233063,2384
233064,15552
233073,2629
233093,9085
233095,679
233099,1268
233106,5255
233126,1296
233137,15553
233143,310
233145,1593
233159,10820
233160,739
233161,859
233170,15554
233171,1138
233174,13958
233180,3102
233182,804
233188,15555
233189,207
233189,1617
233192,15556
233218,5629
233224,5017
233230,13138
233235,165
233236,54
233244,1996
233249,33
233249,3913
233251,741
233256,663
233263,13590
233267,5447
233268,2282
233275,7727
233279,1244
233284,91
233293,3402
233297,3948
233302,448
233309,15557
233326,1250
233330,2981
233334,15558
233341,1566
233349,1695
233351,12205
233352,2520
233370,157
233373,15559
233384,15560
233385,346
233386,15561
233386,15562
233392,707
233395,4923
233399,6880
233406,928
233411,35
233415,15563
233423,191
233431,2677
233431,3897
233433,200
233434,2125
233434,3268
233439,15564
233450,14680
233456,44
233460,495
233462,488
233464,1096
233469,15565
233477,14954
233483,1381
233486,540
233493,15566
233497,91
233501,106
233504,1061
233509,4374
233509,4375
233509,4376
233521,549
233527,15567
233528,5362
233545,157
233546,305
233559,15568
233562,99
233571,2678
233576,800
233581,191
233616,3154
233619,2564
233628,15569
233631,358
233635,2845
233636,2262
233643,1600
233644,792
233644,1381
233650,1474
233652,1378
233681,1303
233685,987
233689,15570
233689,15571
233696,57
233699,15572
233716,1186
233726,15573
233733,5171
233736,15574
233736,15575
233738,877
233745,3151
233751,2511
233762,1324
233782,284
233785,2267
233792,3865
233798,99
233800,6521
233809,3451
233811,5150
233820,171
233823,99
233826,9721
233828,377
233835,1203
233841,2421
233848,15301
233862,2092
233865,2404
233876,1891
233879,10
233898,348
233900,15576
233918,57
233920,634
233924,552
233925,15577
233925,15578
233927,85
233931,179
233932,578
233940,35
233961,1174
233965,3443
233967,1008
233974,935
233982,2021
233987,125
233992,545
233994,6491
233994,12294
234006,8124
234016,203
234018,6856
234024,611
234025,954
234030,6129
234049,770
234051,501
234057,7922
234071,191
234072,5316
234074,1026
234075,50
234076,2142
234080,611
234092,2302
234092,2303
234096,15579
234103,6976
234122,1186
234125,1244
234129,9221
234135,1140
234138,4186
234139,4488
234150,353
234152,766
234154,245
234159,136
234160,1294
234161,7244
234168,337
234179,15580
234194,53
234198,820
234200,15581
234202,179
234202,1600
234204,194
234210,6579
234224,1612
234230,8747
234230,15582
234230,15583
234236,7727
234237,5245
234241,9575
234252,3881
234257,14039
234257,15584
234260,8411
234265,15585
234269,15586
234271,1775
234282,4863
234289,203
234289,3158
234291,15587
234294,443
234299,150
234300,494
234303,553
234305,5465
234306,15588
234310,179
234310,1600
234313,266
234322,14041
234324,848
234334,15589
234335,1254
234336,838
234340,2487
234343,1692
234344,15590
234351,8057
234357,2533
234362,4361
234380,57
234389,15591
234390,4485
234392,1203
234393,611
234394,6269
234397,754
234398,105
234399,15592
234399,15593
234400,25
234402,690
234402,691
234409,544
234413,3000
234414,2714
234418,102
234418,872
234429,157
234434,388
234444,4303
234447,1720
234456,15594
234457,270
234463,531
234466,5242
234470,15595
234480,15596
234489,6004
234490,157
234493,200
234497,571
234506,15597
234507,118
234511,7241
234515,1193
234524,157
234527,150
234528,1919
234536,67
234540,15598
234546,862
234550,7564
234555,15599
234561,2229
234576,1440
234579,5906
234586,4142
234587,2536
234593,160
234603,2089
234605,250
234608,7321
234609,15600
234629,4537
234637,15601
234639,15602
234643,200
234646,78
234647,8500
234670,15603
234675,15604
234675,15605
234677,2459
234693,54
234710,15606
234711,531
234716,15607
234718,15608
234722,9063
234730,15609
234738,267
234745,263
234747,15610
234750,14208
234765,6824
234776,6389
234776,6390
234780,9935
234783,15611
234794,2518
234795,333
234795,5299
234796,6568
234800,2072
234801,5895
234803,44
234812,15612
234814,508
234815,2475
234820,25
234833,60
234859,8799
234885,11770
234912,15613
234914,15614
234921,1511
234923,10615
234930,245
234934,2843
234938,15615
234941,865
234945,15616
234951,15617
234953,15618
234957,15619
234967,1834
234973,171
234981,1426
234986,1215
234990,159
234995,10412
234997,399
234997,1783
235000,1267
235000,3593
235000,15620
235005,1618
235006,154
235016,266
235020,697
235021,85
235026,5638
235028,8274
235030,5276
235036,1563
235041,15621
235044,3322
235050,931
235057,12388
235078,185
235086,11444
235092,15622
235094,603
235111,2324
235115,3058
235129,3318
235132,1694
235134,4108
235136,2890
235137,6125
235139,5498
235156,5040
235158,15623
235158,15624
235158,15625
235173,869
235184,12252
235185,194
235187,578
235197,2276
235198,663
235203,1635
235207,185
235209,15626
235213,7902
235221,254
235222,578
235234,578
235239,659
235247,942
235248,145
235254,233
235255,2781
235275,1174
235277,15627
235281,2810
235283,15628
235288,15629
235292,15630
235296,1002
235298,3027
235299,15631
235303,1238
235305,3975
235308,15632
235310,11493
235318,2475
235320,13874
235327,15633
235331,2708
235334,821
235337,8829
235346,869
235349,2484
235350,4390
235379,11800
235383,160
235383,245
235383,578
235383,1238
235383,1372
235383,3294
235383,3927
235383,5213
235391,6820
235407,189
235417,15634
235423,242
235427,870
235434,1312
235443,614
235444,721
235445,13175
235452,15635
235453,5827
235466,1851
235470,383
235474,4407
235489,2520
235493,2404
235498,396
235505,669
235511,3294
235524,395
235530,13159
235542,12590
235543,15636
235559,7281
235562,15637
235566,317
235595,164
235596,13161
235598,4459
235600,15638
235611,254
235612,578
235615,15639
235627,2901
235632,13224
235633,127
235637,15640
235640,1047
235654,1185
235662,1082
235662,2487
235664,85
235664,15641
235672,2232
235675,15642
235676,1695
235677,7445
235684,2718
235685,445
235687,544
235697,73
235724,1916
235725,552
235729,634
235737,11821
235740,2031
235741,5099
235748,2286
235750,3834
235760,2339
235763,15643
235769,15644
235773,2088
235776,75
235785,1713
235789,702
235797,136
235799,2098
235804,885
235814,250
235815,4799
235826,14348
235833,1283
235834,552
235841,3393
235846,319
235850,1025
235862,44
235867,22
235867,291
235867,656
235867,742
235867,838
235867,869
235867,1025
235867,3185
235868,36
235876,12592
235884,3677
235885,5322
235890,2370
235892,4506
235897,2929
235905,855
235906,460
235910,2340
235916,587
235923,14137
235931,7254
235933,931
235943,9071
235944,10931
235945,57
235950,14618
235962,273
235966,15645
235971,145
235975,48
236000,15646
236004,15647
236016,1577
236032,13016
236033,627
236036,2914
236042,5926
236046,6792
236053,14231
236064,1225
236068,2717
236069,544
236070,15648
236080,8923
236087,158
236091,145
236103,153
236106,189
236115,758
236118,2901
236119,8255
236127,1477
236129,15649
236157,322
236174,15650
236183,161
236184,15381
236188,2785
236188,2786
236190,5009
236196,865
236199,2123
236228,3608
236230,15651
236249,15652
236251,15653
236255,198
236261,10619
236265,862
236272,15654
236284,4766
236285,295
236286,556
236290,11764
236297,7655
236302,578
236310,123
236310,298
236312,1922
236321,721
236328,1299
236331,5721
236351,85
236356,6657
236358,135
236365,130
236367,15655
236368,3300
236374,10883
236379,15656
236381,54
236389,117
236391,1797
236391,2358
236391,2359
236391,13224
236391,15657
236391,15658
236391,15659
236391,15660
236391,15661
236391,15662
236394,2681
236398,15663
236404,15664
236404,15665
236405,6015
236405,6016
236407,9626
236418,2339
236427,5231
236433,179
236433,14900
236434,2082
236434,15666
236440,2656
236441,1303
236450,160
236453,15667
236459,784
236465,15668
236484,356
236489,15669
236490,3315
236492,2495
236498,161
236501,6874
236506,25
236506,3934
236506,3935
236506,3936
236506,3937
236506,3938
236506,3940
236506,3941
236506,3943
236506,3945
236506,15365
236506,15368
236517,460
236525,304
236527,15670
236533,275
236533,2351
236547,7324
236549,549
236560,1483
236561,6487
236561,6488
236562,122
236563,235
236574,1033
236579,713
236581,987
236584,15671
236591,5342
236605,2708
236618,1658
236619,235
236621,233
236633,4358
236644,738
236655,4175
236656,1478
236657,15672
236669,1303
236677,2131
236692,15673
236694,295
236698,658
236700,12983
236709,15674
236714,351
236720,15333
236721,15675
236725,9499
236729,321
236746,1720
236756,1061
236758,375
236764,15676
236776,2544
236779,15378
236799,15677
236805,1695
236809,1472
236817,459
236817,480
236817,506
236817,1080
236817,1826
236817,2198
236817,4723
236817,5748
236817,5842
236817,7710
236817,8564
236817,8736
236817,10588
236817,10733
236817,11403
236817,14704
236817,15678
236817,15679
236817,15680
236817,15681
236817,15682
236817,15683
236817,15684
236817,15685
236817,15686
236817,15687
236817,15688
236817,15689
236817,15690
236817,15691
236817,15692
236817,15693
236821,1316
236824,1979
236840,284
236841,5868
236851,671
236852,697
236860,1783
236872,89
236876,15694
236877,1440
236884,6139
236885,931
236894,2678
236898,15695
236904,135
236905,1855
236921,15515
236926,11230
236930,15696
236931,1008
236938,2594
236940,8032
236942,1296
236944,2858
236944,2859
236946,885
236964,15697
236971,3185
236972,2110
236999,15698
236999,15699
237005,2185
237006,15700
237011,1409
237012,15062
237014,15701
237018,3032
237021,15702
237023,11843
237034,2103
237044,1129
237049,15703
237060,15704
237065,15705
237067,15706
237068,12360
237071,966
237074,227
237074,3802
237084,11313
237092,3155
237094,1058
237113,15707
237123,15708
237136,6563
237138,161
237145,2977
237152,15709
237154,6147
237157,15710
237159,6255
237159,6256
237159,15711
237169,2804
237179,291
237181,2302
237181,2303
237182,15712
237186,9591
237187,401
237192,4511
237197,2418
237201,91
237205,179
237207,15713
237211,721
237212,545
237220,3000
237227,189
237230,15714
237247,575
237251,4026
237258,15715
237262,1407
237267,804
237293,15716
237310,1000
237337,1695
237354,15717
237366,15718
237376,15719
237395,4691
237410,1047
237416,547
237419,15720
237423,319
237452,3196
237453,15721
237461,891
237467,7564
237488,15722
237491,6952
237491,15723
237493,15724
237493,15725
237496,2339
237512,7521
237517,15726
237534,15727
237537,6125
237545,15728
237546,15729
237550,9498
237552,966
237556,111
237563,15730
237563,15731
237567,5756
237573,15732
237574,5367
237578,98
237579,127
237580,6326
237590,185
237592,15733
237600,258
237613,15734
237616,15735
237628,663
237630,3245
237631,7342
237632,9575
237635,1612
237637,634
237639,679
237648,4520
237658,15736
237664,15737
237665,3855
237666,501
237676,14774
237695,10538
237697,15738
237697,15739
237702,8799
237703,2845
237729,39
237733,10305
237737,8695
237737,8696
237753,15740
237756,7614
237758,1325
237763,4809
237766,15741
237768,578
237778,8102
237780,15742
237783,464
237786,136
237787,3049
237790,11266
237791,157
237797,35
237798,15743
237799,136
237816,140
237821,1711
237821,1712
237822,4393
237832,1830
237833,578
237835,15744
237836,26
237836,1764
237840,1123
237844,1805
237849,663
237854,4513
237856,1452
237865,728
237866,1581
237877,213
237880,553
237883,3929
237896,2158
237915,14059
237917,2901
237917,15745
237917,15746
237927,15747
237936,160
237941,15748
237942,15749
237943,194
237953,6487
237953,15005
237956,959
237961,1050
237967,1110
237968,10538
237974,346
237979,15750
237981,15751
237996,3755
238000,1096
238001,578
238012,15752
238013,2404
238016,15753
238017,15754
238019,7824
238021,15755
238027,15756
238031,15757
238038,130
238043,1568
238045,403
238047,2665
238049,838
238063,1411
238066,99
238101,242
238107,1635
238108,4751
238109,3188
238110,578
238114,150
238120,531
238127,9102
238129,7918
238130,2168
238136,15758
238138,136
238142,15759
238145,195
238152,185
238153,460
238155,993
238173,544
238185,9498
238200,4722
238212,1009
238233,15760
238242,2901
238245,185
238248,460
238248,2122
238254,11836
238256,7538
238258,362
238273,281
238278,5059
238307,347
238316,6447
238326,15761
238339,15762
238346,15763
238348,2951
238353,4545
238354,202
238357,15764
238364,12790
238367,1832
238376,6451
238376,15765
238383,3072
238385,2870
238392,2591
238414,10445
238426,15766
238428,2520
238441,15767
238442,15768
238443,15769
238447,11199
238465,15770
238472,15771
238477,804
238480,785
238486,39
238491,9362
238516,8931
238517,476
238524,12983
238526,1695
238531,2289
238551,1830
238563,15772
238571,4327
238574,15773
238574,15774
238576,803
238590,7990
238592,1114
238595,758
238597,185
238604,1291
238611,15775
238615,15776
238618,3683
238639,1552
238644,1033
238645,5193
238648,1457
238653,336
238657,15777
238662,2629
238674,15778
238699,44
238700,160
238702,280
238706,2439
238711,15779
238712,15780
238716,488
238718,15781
238718,15782
238719,15783
238722,1342
238727,100
238739,132
238751,1269
238757,5651
238757,5652
238766,12291
238772,74
238773,1020
238774,6602
238779,85
238782,485
238783,15784
238805,2418
238819,1889
238820,15785
238829,15786
238832,2098
238834,777
238834,15787
238854,1568
238854,15788
238856,2370
238858,3427
238859,822
238867,15789
238869,5840
238873,1765
238875,1411
238876,10223
238880,4327
238881,6391
238889,1757
238893,162
238894,200
238901,111
238917,15790
238919,4267
238920,15791
238920,15792
238921,1834
238929,1020
238933,81
238941,15793
238942,4485
238949,8334
238951,10916
238955,15794
238960,15795
238965,701
238968,6824
238980,4894
238982,202
238983,102
238988,1733
238992,13455
238993,99
238994,357
238997,2857
239002,1056
239009,3076
239010,1312
239021,191
239022,105
239023,4631
239049,183
239050,4435
239051,298
239056,2268
239059,1061
239076,3913
239081,1129
239087,1190
239088,3795
239089,15796
239093,615
239098,4417
239099,761
239102,2810
239107,4912
239112,15797
239124,6328
239128,5687
239135,5957
239136,15798
239149,2686
239152,298
239155,2629
239160,4520
239176,15799
239184,15800
239186,2681
239190,275
239195,1510
239198,15801
239199,85
239209,318
239215,9078
239233,12549
239235,15802
239239,15803
239257,2168
239262,15804
239264,689
239269,291
239275,10904
239278,2418
239279,15805
239281,6733
239296,205
239324,8923
239327,482
239328,3315
239333,815
239338,15806
239341,1780
239348,3316
239353,11270
239354,713
239378,353
239381,1900
239386,1342
239387,291
239388,931
239390,578
239391,2299
239397,721
239399,1760
239400,39
239406,472
239418,15807
239427,446
239427,447
239429,140
239430,250
239437,15808
239458,91
239467,815
239472,150
239473,689
239475,1232
239480,722
239489,15809
239493,15810
239501,722
239503,210
239505,15811
239505,15812
239507,11735
239510,15813
239522,26
239525,529
239533,1117
239535,446
239536,13707
239536,15814
239541,15815
239549,7860
239551,2637
239552,319
239561,5417
239576,4765
239580,15816
239581,185
239602,15817
239613,6928
239616,15818
239638,291
239639,15819
239646,401
239646,15820
239649,3336
239649,15821
239650,6629
239660,13134
239671,132
239681,13704
239682,2324
239683,3681
239689,185
239691,13046
239707,15822
239715,159
239721,8277
239731,15823
239736,15824
239743,15825
239760,15826
239763,284
239767,2302
239767,2303
239771,8331
239773,24
239775,1254
239780,573
239788,15827
239790,537
239793,15828
239820,15829
239822,15830
239825,885
239834,15831
239836,1846
239838,2372
239849,578
239855,556
239857,578
239866,6031
239867,15832
239869,15833
239871,15834
239877,587
239914,1759
239922,15835
239925,2803
239945,15836
239958,2845
239960,200
239961,12757
239962,8171
239963,168
239971,202
239982,15837
239995,160
239996,5726
239999,10611
240006,6362
240009,135
240010,280
240013,6670
240020,409
240031,189
240033,1608
240038,7467
240047,15838
240049,1477
240049,1672
240053,161
240076,13785
240080,2522
240082,364
240090,75
240094,459
240095,12344
240099,14907
240106,250
240108,579
240111,15839
240112,7787
240113,134
240115,741
240117,8243
240127,15840
240128,4679
240133,9876
240187,15841
240190,1695
240191,821
240193,157
240198,5612
240204,15842
240215,99
240217,5774
240226,713
240235,2404
240238,1033
240244,962
240245,1775
240259,15843
240262,11727
240263,15844
240263,15845
240273,3227
240283,1117
240291,157
240297,5469
240304,11888
240309,4222
240321,2681
240324,5917
240325,5417
240333,15846
240342,11512
240345,1767
240352,3158
240363,3475
240364,298
240369,1295
240378,446
240378,447
240385,8181
240391,155
240396,15847
240402,15848
240413,2690
240418,5517
240429,7632
240433,2940
240436,1583
240440,2145
240480,203
240500,337
240515,8612
240518,2788
240519,386
240522,15849
240527,1593
240528,1834
240533,814
240534,15850
240535,8884
240548,742
240557,11114
240558,599
240558,600
240564,4146
240567,15851
240571,2831
240581,132
240587,7981
240594,1832
240597,3361
240597,3362
240600,75
240613,15852
240614,15853
240620,1089
240626,15854
240628,2929
240631,15855
240632,459
240634,3702
240642,15856
240645,5123
240646,91
240660,1002
240661,578
240665,3852
240672,9876
240686,8247
240689,15857
240693,4719
240711,15858
240731,1283
240743,1006
240745,358
240750,15859
240758,4380
240764,1346
240768,15860
240780,2084
240787,741
240789,816
240791,8725
240791,13967
240791,15861
240791,15862
240791,15863
240799,15864
240799,15865
240815,254
240819,11402
240825,3159
240825,15866
240827,1180
240834,947
240838,1856
240840,4202
240847,1224
240850,1457
240853,15867
240864,2681
240888,1548
240904,3110
240905,399
240909,3141
240916,6363
240931,15868
240935,2291
240941,15869
240942,13293
240946,6787
240949,242
240952,144
240963,9
240980,6097
240986,1720
240989,587
240995,803
240996,8493
240997,8686
241014,200
241020,199
241026,663
241050,1889
241064,2213
241066,15870
241080,721
241083,15871
241092,813
241120,1938
241124,700
241125,185
241128,737
241131,15872
241136,2404
241156,6808
241157,15873
241158,3682
241168,488
241173,15874
241173,15875
241188,135
241194,806
241197,663
241198,15853
241199,15876
241215,3218
241218,587
241224,713
241225,15877
241228,15878
241233,1879
241241,6425
241242,1065
241243,99
241249,2524
241258,15879
241262,11915
241276,15880
241294,10592
241294,15881
241305,6877
241309,281
241311,15882
241315,222
241320,15883
241321,674
241322,15485
241323,26
241327,9540
241331,15884
241348,5321
241350,15885
241351,311
241351,312
241357,8870
241358,15886
241371,862
241374,185
241376,13115
241379,353
241380,15887
241380,15888
241380,15889
241380,15890
241383,13443
241388,15891
241392,2145
241395,837
241398,15892
241404,15893
241409,6297
241427,488
241436,25
241443,3870
241445,1950
241448,15894
241456,15895
241458,1089
241459,4977
241459,15896
241462,8920
241469,3873
241478,15897
241541,254
241545,15898
241545,15899
241548,15900
241550,1720
241552,1411
241552,1593
241552,1639
241552,1641
241552,1642
241552,1644
241552,1648
241552,10280
241552,15901
241552,15902
241552,15903
241552,15904
241552,15905
241552,15906
241552,15907
241552,15908
241568,1608
241569,935
241572,15909
241577,4803
241585,15910
241587,11873
241590,15911
241596,1477
241596,1672
241607,15912
241608,699
241609,266
241616,1765
241633,15913
241646,3231
241647,15914
241665,15171
241669,1316
241673,298
241674,15915
241678,1428
241695,15916
241705,11485
241712,4142
241716,4026
241734,15917
241736,189
241749,15918
241752,908
241752,909
241752,9888
241755,14107
241758,298
241766,576
241774,459
241776,2291
241786,6442
241789,1203
241792,3580
241797,634
241800,15919
241807,9896
241807,9897
241823,1658
241824,727
241835,15920
241841,749
241843,2681
241856,10494
241861,502
241861,15921
241865,9713
241878,763
241883,2128
241884,935
241886,9494
241899,2724
241903,185
241913,346
241922,1617
241922,15922
241926,699
241928,1589
241936,1612
241941,6895
241947,531
241953,15923
241953,15924
241953,15925
241958,3888
241963,336
241967,15926
241986,15927
242013,3083
242015,15928
242025,99
242033,464
242035,291
242036,9581
242037,6406
242037,12905
242038,2089
242041,721
242048,6425
242052,15929
242052,15930
242057,578
242075,15931
242082,5179
242083,191
242085,14683
242086,1846
242094,501
242096,15932
242127,4152
242130,11232
242132,5311
242132,5312
242140,15933
242142,2520
242144,5020
242148,1751
242155,2753
242168,1843
242170,150
242173,67
242175,15934
242175,15935
242175,15936
242179,501
242181,722
242189,4243
242191,2690
242192,1507
242199,10733
242212,6549
242216,3372
242219,15937
242223,4343
242224,26
242233,15938
242233,15939
242235,3372
242242,15940
242246,1584
242246,1654
242247,15941
242258,4725
242263,5284
242263,15942
242265,15943
242274,2471
242278,1772
242286,15944
242300,91
242307,15945
242327,2390
242328,14205
242328,15946
242341,13224
242342,160
242343,3032
242351,699
242352,587
242362,91
242374,125
242376,15947
242383,788
242391,69
242392,7322
242394,6504
242396,15948
242403,15949
242405,15950
242418,446
242418,447
242422,9118
242433,164
242446,339
242451,1769
242461,1165
242466,578
242483,8906
242486,2520
242490,2776
242503,1891
242506,91
242507,689
242509,815
242513,615
242520,841
242522,4139
242524,6693
242569,15951
242572,5173
242574,136
242579,15952
242586,1891
242589,1025
242600,1837
242611,15953
242619,15954
242620,2032
242620,11419
242620,13189
242620,15955
242620,15956
242620,15957
242620,15958
242620,15959
242620,15960
242627,2326
242633,304
242634,15961
242635,2290
242648,8211
242653,15962
242661,9432
242667,15963
242668,15964
242680,222
242686,587
242688,15195
242697,15965
242703,4635
242706,157
242715,2500
242719,2092
242720,13408
242724,8326
242726,1559
242728,4779
242748,15966
242765,15912
242775,15967
242777,752
242789,1563
242791,741
242798,721
242810,9495
242812,3927
242819,284
242837,15151
242841,3243
242853,15968
242858,15969
242859,15970
242859,15971
242859,15972
242875,823
242880,578
242883,1324
242888,5570
242888,15973
242888,15974
242888,15975
242889,13395
242896,1715
242903,8595
242911,15976
242919,1196
242921,15977
242930,5585
242931,7204
242933,364
242936,3218
242938,99
242943,788
242954,749
242960,602
242960,15978
242965,4251
242966,5760
242966,12372
242971,15979
242973,482
242981,222
243001,280
243003,140
243007,3897
243008,2302
243008,2303
243012,274
243012,8996
243017,5407
243022,5019
243042,9604
243044,15980
243061,928
243065,14922
243070,446
243070,447
243082,15981
243083,2803
243090,437
243091,95
243092,9607
243093,3422
243094,15502
243126,2843
243127,9736
243142,1957
243178,15982
243180,7922
243185,3113
243187,15983
243206,44
243208,2866
243208,3964
243208,5372
243208,7003
243208,8269
243208,8570
243208,15559
243208,15984
243208,15985
243208,15986
243208,15987
243208,15988
243208,15989
243212,9621
243218,317
243231,1254
243232,135
243241,11745
243243,3185
243248,1258
243248,2535
243311,1891
243316,15990
243319,15991
243327,414
243334,15992
243335,1145
243336,11485
243344,15993
243352,414
243360,1846
243363,254
243364,15994
243367,2339
243374,263
243375,136
243390,15995
243408,15996
243409,2481
243416,1174
243424,9146
243427,10733
243428,1484
243429,552
243433,78
243439,327
243457,2089
243468,2274
243473,11053
243488,1753
243489,5660
243491,1312
243491,15997
243492,15998
243492,15999
243496,110
243501,305
243507,268
243510,16000
243516,16001
243522,351
243526,3074
243527,671
243539,16002
243541,16003
243548,992
243559,16004
243564,1140
243571,16005
243575,6470
243576,16006
243577,10257
243585,3865
243591,16007
243595,383
243605,2215
243606,16008
243608,2781
243614,135
243628,1836
243641,319
243645,16009
243650,16010
243653,663
243653,1345
243653,1350
243653,5255
243653,9220
243653,9508
243653,13669
243653,14468
243653,16011
243653,16012
243653,16013
243653,16014
243653,16015
243653,16016
243653,16017
243653,16018
243653,16019
243653,16020
243653,16021
243653,16022
243653,16023
243653,16024
243653,16025
243653,16026
243663,117
243666,451
243666,3607
243668,16027
243675,16028
243678,284
243681,891
243698,16029
243700,16030
243710,16031
243711,663
243716,535
243717,16032
243719,578
243720,14563
243725,741
243740,741
243772,9694
243779,155
243782,1949
243782,16033
243783,2977
243783,16034
243793,2286
243802,821
243806,16035
243817,16036
243833,1563
243834,6985
243837,242
243842,3663
243856,91
243857,3317
243858,158
243863,11273
243869,16037
243871,16038
243876,1950
243879,136
243881,39
243888,2545
243894,1082
243896,1448
243897,99
243898,447
243899,3449
243901,16039
243902,7431
243908,739
243912,562
243913,16040
243914,5412
243921,3494
243922,16041
243933,3086
243939,1419
243940,254
243949,1686
243949,2434
243957,144
243958,8254
243960,5675
243967,16042
243968,78
243972,5076
243980,200
243981,618
243982,3321
243987,8139
243994,612
243997,16043
244024,3754
244026,627
244033,817
244039,125
244046,10522
244048,11189
244052,16044
244073,16045
244081,5276
244091,1695
244094,1936
244098,16046
244103,579
244105,11054
244110,459
244110,1178
244110,1450
244110,2562
244110,6936
244110,9223
244110,10139
244110,12845
244110,14393
244110,14959
244110,15689
244110,16047
244110,16048
244110,16049
244110,16050
244110,16051
244110,16052
244110,16053
244110,16054
244110,16055
244110,16056
244110,16057
244110,16058
244110,16059
244110,16060
244110,16061
244114,5874
244114,5875
244118,3877
244125,9756
244127,1271
244128,2267
244138,5938
244139,125
244140,1905
244140,15274
244149,578
244152,11933
244153,11281
244154,10419
244156,16062
244164,2940
244171,15471
244173,2835
244178,671
244182,1607
244188,162
244207,16063
244210,5589
244210,5590
244210,5591
244214,16064
244220,200
244227,552
244243,2309
244247,6091
244251,1300
244256,8500
244274,16065
244274,16066
244277,846
244278,5269
244286,738
244293,16067
244300,16068
244301,16069
244304,1194
244306,16070
244317,8761
244330,85
244350,9566
244353,2615
244353,16071
244357,1568
244358,16072
244360,4547
244375,4758
244382,2520
244384,73
244384,102
244384,144
244384,154
244384,205
244384,321
244384,872
244384,891
244384,1291
244384,3203
244388,9221
244393,1022
244399,1829
244406,4945
244409,1136
244414,15671
244423,16073
244425,16074
244429,3775
244439,1271
244446,16075
244452,8651
244458,158
244459,713
244467,7413
244471,11859
244474,16076
244484,5029
244485,815
244493,16077
244496,2870
244502,40
244502,74
244502,242
244502,260
244502,459
244502,679
244502,766
244502,1080
244502,1592
244502,2486
244502,4231
244502,5003
244502,5748
244502,5842
244502,6801
244502,7200
244502,7564
244502,9498
244502,10733
244502,11489
244502,11658
244502,12803
244502,13753
244502,15681
244502,16078
244504,39
244509,556
244525,11380
244529,2519
244538,2302
244538,2303
244545,16079
244557,16080
244557,16081
244560,4879
244567,1063
244574,16082
244576,16001
244580,16083
244584,2710
244586,1343
244589,4511
244593,658
244603,548
244610,16084
244611,16085
244613,12899
244614,5690
244635,11208
244636,3869
244638,14558
244647,578
244652,16086
244659,838
244663,4785
244671,1695
244681,6451
244686,6060
244692,1556
244697,532
244702,16087
244711,1565
244721,1251
244732,1026
244736,446
244736,447
244737,136
244743,8880
244745,16088
244746,5234
244751,753
244766,11677
244769,1165
244776,7033
244778,10676
244783,867
244785,969
244802,16089
244804,160
244808,4108
244814,16090
244825,1331
244836,1543
244838,16091
244858,10133
244861,3086
244879,16092
244889,3978
244889,9888
244889,16093
244895,6898
244908,10963
244929,556
244932,803
244933,8749
244933,8750
244935,12460
244943,16094
244949,16095
244954,531
244956,2339
244959,821
244974,16096
244975,1720
244978,16097
244982,16098
245001,679
245012,26
245026,4490
245033,29
245037,8530
245046,16099
245046,16100
245054,698
245055,4727
245056,6108
245064,3624
245071,16101
245073,8087
245074,16102
245087,553
245099,4190
245105,722
245116,242
245122,12311
245123,284
245127,16103
245131,203
245135,2459
245137,161
245138,2726
245140,689
245152,4552
245160,694
245169,1588
245170,5276
245176,78
245180,669
245187,16104
245188,820
245195,3049
245196,48
245202,2421
245204,57
245213,1180
245213,2464
245214,16105
245224,2020
245228,284
245232,16106
245244,16107
245245,16108
245248,1760
245254,1620
245254,16109
245254,16110
245255,7845
245256,699
245259,1769
245266,821
245268,426
245272,3356
245277,6391
245290,4627
245292,157
245300,5122
245315,713
245317,16111
245317,16112
245324,1563
245324,16113
245326,16114
245327,159
245332,16115
245366,16116
245373,2035
245382,54
245383,723
245384,12311
245385,8854
245390,8694
245399,7657
245401,12605
245402,1532
245405,3243
245412,1033
245413,16117
245428,2307
245436,9703
245440,105
245441,6741
245443,16118
245445,5275
245447,136
245455,185
245473,16119
245477,16120
245481,9534
245482,918
245487,634
245489,12902
245497,782
245510,578
245518,1064
245519,29
245522,2845
245528,6884
245531,16121
245533,2914
245546,722
245548,1106
245549,5249
245553,5609
245554,16122
245556,2083
245560,4971
245568,16123
245569,185
245570,3975
245573,7347
245592,5841
245592,16124
245592,16125
245593,16126
245595,2652
245596,1128
245604,587
245607,16127
245609,6351
245629,1971
245640,2107
245642,16128
245647,57
245652,4243
245656,16129
245659,2799
245659,5110
245659,16130
245661,984
245664,5362
245672,9905
245672,9906
245672,16131
245672,16132
245674,1667
245681,195
245687,1096
245695,16133
245716,2307
245737,14040
245741,157
245747,2710
245751,16134
245753,16135
245757,8005
245770,611
245773,1635
245775,891
245777,7599
245782,1789
245783,16136
245784,3203
245797,1608
245805,136
245813,304
245814,4626
245821,12147
245822,2418
245835,976
245843,270
245847,2534
245854,8972
245854,16137
245854,16138
245856,9025
245859,699
245860,16139
245874,629
245876,501
245877,13305
245880,15704
245893,788
245896,16140
245903,505
245906,7838
245911,1193
245921,596
245921,1058
245921,1285
245929,16141
245939,1577
245958,4380
245963,1765
245992,1008
245997,1422
245998,16142
246002,249
246009,91
246013,12597
246024,16143
246031,14082
246035,74
246038,157
246042,16144
246057,701
246062,16145
246074,2243
246079,3913
246082,8357
246096,153
246097,98
246102,4806
246114,3180
246118,8420
246119,160
246124,9220
246131,135
246132,563
246139,16146
246141,16147
246146,700
246164,3870
246165,5465
246172,634
246173,1765
246188,2603
246188,16148
246196,5041
246207,14243
246208,7
246209,1201
246214,1220
246219,16149
246219,16150
246229,5257
246239,6362
246241,281
246245,16151
246247,681
246254,3897
246258,291
246266,5628
246268,1695
246271,11762
246273,16152
246279,16153
246280,1052
246285,57
246287,3110
246288,1128
246292,735
246293,5902
246304,9024
246308,39
246311,1846
246321,5633
246328,431
246329,16154
246338,3948
246339,1635
246345,1720
246348,281
246350,15478
246365,1166
246371,9538
246377,8248
246383,3529
246396,3323
246402,16155
246403,8280
246403,16156
246410,16157
246418,16158
246436,2015
246436,16159
246436,16160
246442,1618
246449,2240
246451,291
246458,2510
246470,7285
246477,15202
246482,16161
246492,6741
246504,9366
246523,319
246525,1909
246541,11232
246554,599
246554,600
246560,284
246563,291
246573,6648
246575,5266
246578,1186
246580,44
246591,9474
246592,2865
246597,7106
246597,16162
246597,16163
246597,16164
246597,16165
246597,16166
246597,16167
246597,16168
246597,16169
246597,16170
246597,16171
246597,16172
246597,16173
246597,16174
246597,16175
246597,16176
246597,16177
246598,16178
246598,16179
246599,7187
246599,16180
246600,2637
246602,227
246607,2629
246610,161
246611,367
246623,500
246639,16181
246640,992
246646,2718
246649,9063
246651,13201
246657,14225
246661,14175
246685,1832
246686,16034
246696,2800
246700,564
246707,4678
246715,48
246721,16182
246723,3881
246726,790
246726,6057
246728,10667
246737,701
246738,12512
246753,3380
246770,6742
246777,15675
246785,13231
246802,16183
246804,337
246809,16184
246819,16185
246823,1996
246832,16186
246840,291
246848,4156
246851,2728
246857,663
246859,2975
246863,1548
246864,578
246867,713
246873,3881
246874,1254
246878,3001
246880,638
246889,4792
246890,8809
246892,358
246898,15330
246900,16187
246907,136
246912,15383
246938,1256
246938,2544
246939,1851
246954,1448
246965,16188
246967,3604
246977,5953
246982,735
246991,558
246992,16189
246996,16190
247005,4372
247017,16191
247021,16
247022,674
247023,862
247031,16192
247041,1154
247046,7259
247050,587
247051,1568
247055,3537
247060,16193
247063,446
247063,447
247070,16194
247070,16195
247077,16196
247090,5673
247091,931
247093,1845
247101,275
247102,16197
247114,611
247119,15008
247124,112
247125,135
247136,10862
247146,5153
247151,2803
247163,213
247190,284
247193,2243
247196,1941
247198,1715
247210,3775
247211,1419
247215,995
247216,284
247217,599
247217,600
247220,597
247228,935
247231,1879
247236,16198
247238,16199
247244,266
247245,2006
247246,1429
247252,1442
247264,16200
247279,1973
247282,3066
247283,4708
247284,15094
247297,26
247299,250
247316,3845
247320,15749
247329,5143
247336,364
247338,16201
247338,16202
247338,16203
247338,16204
247338,16205
247341,8629
247343,67
247346,3316
247359,13726
247364,5150
247376,450
247377,16206
247388,16207
247391,5608
247396,1136
247402,1568
247404,10308
247419,16208
247423,9877
247430,6363
247437,15379
247442,210
247445,2006
247459,16209
247467,4765
247471,16210
247473,13455
247480,694
247483,6271
247490,3948
247499,2381
247514,16211
247514,16212
247515,14663
247517,12545
247521,16213
247530,16214
247531,949
247533,54
247540,4478
247561,10246
247563,16215
247566,865
247571,11054
247574,394
247577,1008
247582,578
247583,13386
247583,16216
247585,346
247587,5335
247591,4115
247591,8311
247594,689
247600,447
247602,578
247606,1846
247607,4033
247623,2519
247625,16217
247643,233
247644,3427
247650,2504
247655,287
247659,162
247665,1253
247667,1792
247668,2762
247679,837
247679,1695
247686,929
247689,417
247696,16218
247699,6101
247706,694
247725,395
247729,319
247733,3229
247735,230
247752,659
247762,111
247766,16219
247773,185
247775,16220
247786,16221
247796,992
247804,5588
247811,7844
247817,53
247817,116
247817,117
247817,414
247817,721
247817,722
247817,862
247817,935
247817,4361
247817,5269
247817,6019
247822,16222
247826,7342
247827,49
247839,586
247853,16223
247867,578
247868,11804
247874,179
247874,8084
247875,2188
247877,4239
247877,5146
247877,8322
247879,16224
247887,6004
247888,199
247888,2222
247891,1061
247898,6410
247906,977
247908,1140
247910,3157
247915,648
247915,649
247924,2302
247924,2303
247930,4864
247930,5447
247932,185
247939,2102
247944,1785
247945,1155
247959,305
247960,16225
247961,590
247978,1283
247979,16226
247989,16227
247989,16228
247989,16229
247997,16230
248007,184
248014,1753
248017,48
248019,16231
248040,4568
248045,2975
248045,5615
248045,16232
248045,16233
248045,16234
248048,6158
248066,919
248069,233
248071,13719
248073,3677
248079,668
248083,1390
248087,197
248087,11654
248096,29
248098,6564
248098,16235
248098,16236
248103,16237
248105,16238
248106,1759
248107,556
248113,357
248116,5582
248126,1996
248129,531
248132,1577
248141,1765
248148,459
248152,1971
248168,16239
248171,3083
248177,4387
248181,16240
248185,150
248187,2901
248193,5410
248194,16241
248202,1325
248204,5220
248207,6764
248234,6170
248248,16242
248253,16243
248262,8881
248270,135
248276,7859
248281,4880
248283,53
248288,1110
248319,44
248321,6451
248323,2500
248330,2031
248332,16244
248333,16245
248335,135
248339,3287
248345,1276
248358,488
248362,2520
248364,2595
248369,659
248380,95
248410,191
248413,15570
248413,15571
248419,4251
248441,552
248445,2379
248451,7107
248469,16246
248470,14049
248471,1344
248487,553
248489,1856
248496,4247
248503,5251
248508,16247
248509,1117
248519,4322
248520,1096
248521,8754
248542,105
248547,544
248548,16248
248569,11707
248572,1720
248577,6436
248577,6437
248579,14324
248586,3392
248591,5232
248592,5407
248595,10075
248608,4644
248610,2893
248617,16249
248618,2125
248628,105
248640,43
248645,1510
248661,3974
248672,2371
248677,189
248683,8254
248691,16250
248698,174
248707,16117
248708,5732
248711,117
248724,984
248726,161
248741,16251
248746,16252
248752,16253
248754,8553
248755,1760
248763,340
248775,3467
248788,16254
248793,16255
248798,3027
248811,2914
248813,5272
248813,5273
248838,16256
248839,157
248853,16257
248859,7254
248860,16258
248866,4629
248884,263
248887,2274
248888,123
248891,16259
248891,16260
248906,1299
248912,5145
248915,16261
248919,16262
248921,3382
248922,4644
248931,162
248934,16263
248939,217
248939,16264
248950,1242
248959,16265
248967,222
248968,2243
248972,16266
248980,16267
248981,13613
248983,298
249012,1026
249014,1299
249027,16268
249032,135
249048,185
249063,663
249074,160
249076,22
249077,2188
249081,291
249082,671
249086,245
249087,669
249091,3268
249098,2921
249106,2296
249109,13319
249110,5316
249115,16269
249127,3233
249129,185
249132,3834
249137,111
249138,721
249139,603
249141,2867
249144,634
249154,8198
249160,2444
249161,1788
249170,16270
249170,16271
249175,8562
249187,1436
249201,95
249205,3677
249212,487
249214,655
249217,1589
249232,9090
249239,657
249241,16272
249247,16273
249251,16274
249253,13822
249256,336
249258,7285
249262,8163
249264,346
249272,105
249281,175
249281,537
249287,679
249292,9621
249293,4834
249295,16275
249300,2969
249300,2970
249301,873
249307,16276
249313,16277
249317,3893
249318,9239
249320,12393
249322,16278
249323,16279
249330,16280
249331,16281
249332,16282
249336,16283
249337,2677
249343,193
249347,351
249350,6995
249352,16284
249356,8995
249367,145
249383,1604
249390,99
249392,6021
249394,16285
249400,16286
249402,16287
249405,2998
249407,1223
249414,16288
249417,918
249419,16289
249423,305
249431,1713
249443,4298
249449,5469
249451,16290
249457,14291
249463,1835
249468,2276
249473,5545
249473,16291
249493,771
249503,8379
249504,556
249514,16292
249514,16293
249520,16294
249531,3107
249534,398
249536,16295
249538,16296
249545,16297
249547,501
249548,280
249555,2924
249557,13175
249564,275
249564,873
249569,179
249579,311
249579,312
249580,578
249582,679
249585,160
249587,16298
249594,2544
249599,753
249601,1695
249602,6866
249605,16299
249608,14186
249610,2263
249613,8110
249625,16300
249638,16301
249639,6362
249641,15695
249647,321
249648,194
249651,16302
249655,16303
249662,896
249665,2714
249676,1089
249678,16304
249679,2228
249681,3271
249689,10467
249694,16305
249694,16306
249694,16307
249694,16308
249710,16309
249722,160
249740,5885
249748,16310
249748,16311
249748,16312
249754,1950
249757,16313
249764,15537
249767,6417
249772,1250
249777,15093
249783,3154
249803,1251
249803,2009
249803,11609
249803,13002
249803,16314
249803,16315
249803,16316
249803,16317
249803,16318
249803,16319
249803,16320
249803,16321
249803,16322
249803,16323
249807,638
249815,3222
249817,16324
249834,497
249848,8401
249857,501
249862,2140
249870,701
249894,8028
249896,16325
249897,6361
249903,14248
249930,305
249934,1452
249941,5789
249951,16326
249951,16327
249955,16328
249970,4371
249974,1766
249990,91
249995,85
249997,1760
250002,3881
250045,4854
250050,1804
250051,16329
250052,227
250052,4977
250054,663
250055,16330
250055,16331
250068,4905
250082,8873
250087,16332
250091,16333
250092,1194
250097,8708
250099,1681
250104,1544
250109,284
250113,14291
250133,4792
250134,16334
250145,697
250146,1052
250147,2933
250148,16335
250158,2671
250185,446
250185,447
250189,2845
250214,16336
250223,6962
250227,16337
250231,7872
250232,4488
250238,26
250244,2489
250247,16338
250250,6568
250251,677
250252,10639
250255,1369
250256,669
250261,1906
250263,326
250269,556
250273,738
250283,16339
250292,1231
250293,85
250293,9882
250318,9464
250318,16340
250323,488
250331,7959
250333,16341
250333,16342
250337,2302
250337,2303
250343,746
250343,7924
250345,3392
250350,388
250350,491
250354,9033
250361,284
250364,4940
250371,16343
250371,16344
250372,16345
250373,508
250389,13472
250389,16346
250391,7702
250394,6570
250394,12860
250396,105
250397,16347
250401,3927
250402,54
250405,13423
250407,16348
250413,304
250416,291
250418,3245
250421,679
250425,16349
250428,3245
250432,16350
250432,16351
250446,3702
250453,16352
250457,16353
250471,157
250477,358
250494,12884
250498,16354
250500,3949
250525,3032
250527,693
250529,1830
250545,1995
250546,3840
250558,541
250568,6171
250572,16355
250573,3367
250574,2961
250574,2962
250577,16356
250583,611
250595,1632
250596,398
250597,16357
250599,3066
250604,2682
250608,771
250611,3294
250620,16358
250624,2140
250628,552
250630,9965
250632,7291
250646,4880
250648,3415
250660,10207
250661,148
250668,739
250673,16359
250676,136
250690,4627
250707,6441
250710,559
250711,16360
250715,95
250719,552
250721,10082
250721,16361
250727,16362
250740,16363
250750,16364
250766,1312
250767,9719
250769,16365
250772,977
250777,16366
250785,25
250788,16367
250795,1765
250797,4831
250799,99
250802,8709
250818,210
250830,739
250867,804
250869,319
250884,16368
250885,684
250886,459
250887,821
250897,813
250910,7789
250911,16369
250912,7818
250915,3072
250922,1908
250923,2231
250924,3143
250930,837
250938,4921
250951,3379
250970,2762
250971,1303
250973,815
250974,4635
250986,16370
250994,185
250997,669
251004,298
251010,556
251014,2031
251027,298
251029,8759
251031,1372
251040,8130
251040,8675
251040,10134
251052,10897
251056,4294
251060,160
251063,14326
251064,578
251069,4747
251070,1568
251073,3656
251076,446
251076,447
251078,12941
251091,862
251094,346
251112,721
251115,16371
251117,6176
251118,54
251123,1014
251123,16372
251128,597
251132,659
251143,16373
251144,1612
251147,2917
251148,117
251151,44
251153,5955
251158,781
251163,399
251168,2738
251182,1673
251182,1856
251182,2128
251182,2200
251182,2201
251182,2202
251182,2210
251182,2818
251182,3083
251182,3094
251182,3095
251182,3944
251182,4326
251182,5824
251182,13186
251182,14915
251182,16374
251182,16375
251182,16376
251182,16377
251182,16378
251182,16379
251182,16380
251184,16381
251187,254
251192,2562
251201,194
251221,16382
251232,5398
251234,635
251241,16383
251252,16384
251260,16385
251264,39
251265,153
251270,6264
251279,16386
251282,1249
251282,1402
251289,16387
251298,815
251303,741
251308,16388
251316,1556
251318,928
251325,16389
251328,99
251337,721
251342,16390
251356,2274
251357,1593
251358,298
251359,13197
251359,16391
251361,813
251365,16392
251372,2012
251373,921
251376,3
251383,3391
251385,662
251393,106
251399,12645
251403,14886
251406,1465
251411,9583
251416,932
251422,813
251438,636
251442,4673
251444,16393
251451,91
251460,195
251465,12261
251466,2191
251470,1595
251471,2020
251478,319
251491,552
251497,14139
251498,1186
251499,15706
251500,6487
251530,16394
251532,821
251535,2004
251539,3928
251546,273
251552,3380
251554,15171
251564,16395
251572,1503
251583,2595
251585,2342
251591,7300
251594,804
251601,14684
251614,841
251614,842
251622,9274
251624,450
251629,861
251631,191
251633,3198
251638,69
251645,275
251666,16396
251672,16397
251693,347
251694,12060
251696,855
251702,1319
251709,1184
251726,3380
251726,5261
251732,242
251736,81
251747,387
251749,16398
251750,4420
251761,701
251777,4380
251785,1635
251791,53
251812,1375
251816,7440
251826,117
251827,5748
251831,603
251834,3166
251835,3235
251847,161
251850,15370
251852,179
251852,7352
251855,578
251867,1405
251867,16399
251873,157
251882,1685
251884,10897
251892,13314
251896,150
251903,99
251910,16400
251921,3158
251930,4485
251947,158
251949,414
251963,150
251969,105
251969,307
251969,552
251969,1161
251969,1686
251969,1702
251969,1859
251969,1863
251969,3096
251969,3685
251969,3981
251969,3985
251969,16401
251969,16402
251978,1061
251980,741
251982,99
251984,694
251989,8077
251998,931
252002,16403
252011,12806
252030,2815
252030,2816
252030,2817
252030,2818
252030,8354
252030,9752
252030,13102
252032,12945
252033,702
252038,2243
252039,1710
252040,305
252064,16404
252066,1773
252067,2221
252067,4032
252067,4152
252067,16405
252067,16406
252067,16407
252067,16408
252067,16409
252067,16410
252067,16411
252067,16412
252067,16413
252067,16414
252067,16415
252067,16416
252067,16417
252067,16418
252067,16419
252067,16420
252067,16421
252067,16422
252067,16423
252067,16424
252067,16425
252068,222
252070,6454
252073,2551
252075,4549
252078,99
252082,39
252099,869
252100,2519
252107,1720
252109,552
252111,16426
252119,16427
252124,16428
252128,16429
252130,587
252131,2381
252134,414
252144,16430
252146,9538
252149,7413
252150,6993
252162,16431
252163,1962
252172,158
252182,16432
252186,150
252205,99
252211,3143
252212,250
252213,4498
252220,3522
252221,12822
252225,832
252225,833
252225,9354
252225,9355
252225,16433
252225,16434
252225,16435
252225,16436
252225,16437
252226,16438
252228,464
252238,641
252238,712
252238,781
252238,837
252238,1058
252238,1695
252238,2146
252238,3737
252238,7281
252238,16439
252249,22
252250,7387
252254,91
252255,319
252259,4286
252260,143
252264,16440
252271,633
252272,16441
252286,2971
252288,446
252288,447
252293,25
252304,4834
252305,4004
252306,7015
252306,16442
252308,2478
252312,107
252313,1102
252314,7275
252315,1003
252320,16443
252326,2626
252331,891
252333,16444
252338,16445
252345,14241
252346,15219
252346,15220
252347,16446
252352,8342
252358,281
252367,16447
252369,721
252384,3486
252386,1437
252392,7903
252395,1556
252398,556
252399,674
252400,5316
252406,459
252418,556
252419,29
252443,78
252443,158
252443,160
252443,185
252443,200
252443,553
252443,671
252443,1331
252443,1879
252453,6355
252472,5970
252483,15261
252489,16448
252503,54
252504,4417
252505,2943
252505,2944
252539,12476
252545,3127
252546,157
252550,2355
252552,5589
252552,5590
252552,5591
252558,98
252562,16449
252577,200
252581,13928
252597,16450
252597,16451
252599,16452
252600,54
252603,411
252614,1760
252620,1178
252626,804
252627,16453
252631,16454
252647,911
252654,6088
252655,16455
252661,12487
252669,73
252676,4117
252703,861
252704,16456
252707,3292
252708,127
252716,13306
252736,150
252748,67
252751,12191
252765,2686
252765,13147
252768,1033
252769,16457
252769,16458
252781,4905
252794,1102
252799,5703
252822,2404
252823,5637
252827,1764
252830,6157
252831,6293
252840,12
252843,3674
252845,16459
252851,2975
252852,436
252856,501
252865,4016
252866,761
252867,2603
252869,838
252873,931
252878,1772
252885,9912
252887,16460
252888,8243
252897,4339
252903,1674
252910,4785
252918,1760
252918,10733
252919,16461
252921,4573
252938,9260
252946,12967
252950,16462
252951,642
252952,587
252955,16463
252958,15741
252967,6870
252971,16464
252972,16465
252973,7502
252975,2084
252977,200
252986,553
252991,5137
252994,5322
252994,11648
252995,6922
253003,16466
253003,16467
253010,1709
253010,1710
253014,16468
253015,135
253017,249
253022,1007
253030,1916
253032,2500
253037,16469
253043,460
253045,4335
253051,908
253051,3646
253051,16093
253051,16470
253053,13
253055,3198
253063,6904
253068,2893
253070,1695
253071,8990
253072,978
253080,16471
253083,7580
253086,9721
253089,446
253089,447
253102,16472
253111,135
253117,2137
253117,2138
253122,16473
253133,135
253137,578
253138,362
253151,7388
253154,5831
253154,5832
253159,16474
253159,16475
253160,2781
253161,16476
253175,1686
253175,2434
253176,2940
253189,2105
253190,11782
253207,788
253212,3881
253226,185
253227,448
253229,2575
253229,2576
253235,6213
253255,4560
253262,3074
253270,1563
253277,16477
253280,1140
253287,16478
253303,856
253310,8919
253314,16479
253316,1997
253320,5242
253323,709
253332,1511
253339,16480
253347,1687
253355,2230
253362,6306
253366,8765
253373,439
253378,1283
253383,2929
253389,7911
253391,1733
253396,16481
253400,15853
253404,10619
253404,16482
253406,1381
253406,16483
253409,16484
253411,3624
253417,16485
253424,657
253439,885
253440,6949
253442,1058
253458,1301
253462,16486
253468,13918
253471,16487
253480,4785
253501,357
253503,16488
253503,16489
253511,693
253513,11463
253523,4298
253539,200
253541,16490
253547,2712
253549,1283
253551,12092
253552,11175
253552,11176
253554,5271
253580,699
253588,597
253589,919
253590,962
253596,14779
253601,143
253615,2809
253618,194
253619,16491
253626,531
253638,6719
253640,1184
253646,16492
253656,10644
253659,4133
253665,6402
253669,689
253671,336
253674,16493
253683,11715
253700,7557
253703,7096
253713,2656
253720,5817
253720,16494
253723,16495
253733,2901
253740,16496
253746,185
253747,346
253765,291
253769,3908
253778,139
253780,741
253786,1765
253788,16497
253788,16498
253796,16499
253806,16500
253816,3824
253817,36
253820,3048
253835,16501
253842,123
253842,982
253856,1436
253858,837
253866,3559
253877,925
253880,16502
253887,4708
253902,245
253903,16503
253912,1312
253916,817
253930,16504
253935,2573
253945,4131
253950,2074
253950,16505
253956,358
253963,689
253967,3168
253973,5509
253988,5866
253997,16506
254007,3028
254022,9695
254022,11260
254034,8487
254048,431
254058,1140
254059,242
254080,587
254084,443
254088,4426
254091,157
254093,531
254111,2708
254114,3952
254117,741
254120,99
254130,446
254130,447
254136,5173
254147,1879
254149,578
254163,284
254166,3109
254167,351
254182,6442
254184,136
254186,6681
254205,620
254214,91
254215,460
254217,11054
254221,1878
254222,445
254227,6916
254233,210
254256,16507
254257,721
254260,3595
254267,16508
254269,2320
254271,16509
254276,327
254284,7479
254310,2791
254312,1466
254312,16510
254323,193
254326,553
254329,3268
254338,2520
254347,16511
254364,16512
254368,16513
254370,16514
254372,16515
254384,4785
254389,1288
254396,2609
254418,16516
254420,16517
254427,1201
254428,1075
254428,2141
254428,2804
254428,8279
254428,8480
254428,8774
254428,9030
254428,9666
254428,9710
254428,12904
254428,15416
254428,15417
254428,15423
254428,16518
254428,16519
254428,16520
254428,16521
254428,16522
254428,16523
254428,16524
254428,16525
254428,16526
254428,16527
254428,16528
254428,16529
254428,16530
254428,16531
254428,16532
254428,16533
254455,230
254458,16534
254460,7070
254467,4549
254473,16535
254476,16536
254486,841
254486,842
254492,2954
254492,16537
254502,242
254504,16538
254506,189
254508,16539
254517,8443
254528,85
254529,16540
254540,556
254542,16541
254554,16542
254559,746
254565,5657
254567,16543
254572,5781
254577,16544
254580,135
254583,284
254598,6020
254600,16545
254601,16546
254618,7185
254618,7186
254619,12089
254623,3222
254630,105
254634,1762
254639,1374
254650,5285
254655,5465
254662,813
254664,6385
254665,822
254666,3379
254667,3366
254692,6425
254700,689
254703,531
254706,7107
254710,16547
254719,169
254724,1331
254726,8799
254741,1559
254748,2321
254749,11778
254749,11779
254749,16548
254754,7161
254765,1450
254770,1724
254773,161
254774,3301
254792,16549
254794,1024
254795,39
254798,8617
254805,1608
254807,792
254807,1381
254823,140
254827,869
254831,1830
254835,3918
254846,15074
254850,48
254859,16550
254860,1581
254861,16551
254861,16552
254873,6953
254883,1753
254891,203
254894,6391
254897,16553
254901,1568
254902,777
254908,14323
254912,57
254916,16554
254918,358
254919,16555
254921,2541
254944,16556
254945,1556
254955,3960
254960,6884
254960,16557
254971,9288
254974,4131
254988,242
254990,5153
254994,12284
254998,10618
255010,6822
255019,1082
255027,4006
255047,2706
255053,16558
255056,3649
255061,135
255076,304
255082,16559
255093,931
255099,16560
255104,5613
255108,16561
255110,25
255124,157
255142,1503
255144,14574
255155,268
255159,5214
255164,578
255179,4632
255182,16562
255184,358
255188,16563
255195,1713
255207,4387
255214,1060
255216,91
255229,16564
255232,921
255238,4794
255246,1063
255254,5104
255254,16565
255260,1301
255266,485
255270,6687
255277,13175
255281,862
255290,36
255294,144
255295,1175
255309,459
255314,16566
255316,815
255318,13455
255318,16567
255318,16568
255330,16569
255344,2384
255360,10426
255360,10427
255362,192
255363,5723
255365,16570
255374,16571
255375,16572
255378,573
255385,16573
255388,191
255402,2984
255409,12799
255410,562
255415,16574
255420,2500
255430,3020
255445,5329
255457,2997
255462,16575
255465,16576
255473,788
255474,6149
255481,735
255482,2010
255487,16577
255490,1719
255492,6367
255494,1830
255499,3823
255505,16578
255523,721
255526,15381
255542,394
255546,4410
255556,16579
255557,11367
255562,5330
255566,1584
255582,16580
255582,16581
255588,9555
255588,16582
255590,16583
255593,11067
255599,929
255600,16584
255602,116
255606,16585
255609,16586
255620,16587
255621,14867
255636,15813
255655,459
255661,5170
255668,721
255669,701
255670,16588
255675,10792
255675,16589
255677,1594
255681,604
255688,6487
255688,6488
255695,16590
255697,2736
255701,16591
255710,307
255714,693
255717,16592
255730,870
255731,446
255731,447
255741,9751
255754,2913
255754,13105
255764,2092
255768,739
255769,16593
255771,7302
255781,16594
255795,307
255796,2836
255820,162
255837,2997
255839,1966
255841,578
255847,532
255847,533
255854,2339
255867,2597
255868,2274
255875,184
255880,4374
255880,13955
255880,13956
255886,6158
255899,16595
255900,185
255904,11270
255905,2273
255913,16596
255913,16597
255924,693
255929,6403
255929,10949
255937,4080
255943,1069
255943,1271
255943,1344
255943,1345
255943,1641
255943,3128
255943,5255
255943,14460
255943,14461
255943,16598
255943,16599
255943,16600
255943,16601
255943,16602
255943,16603
255947,2914
255949,281
255956,185
255963,556
255971,669
255975,2168
255984,6254
255986,16604
255988,16605
255991,5285
255992,117
255993,35
255995,5095
255995,5096
255997,1797
256000,11378
256000,11379
256001,6391
256024,409
256025,185
256040,7281
256074,16606
256085,7
256086,551
256090,11313
256103,1667
256113,1501
256120,16607
256120,16608
256126,16609
256127,16610
256137,1465
256140,160
256144,8238
256145,16611
256161,2034
256173,1372
256181,735
256182,2302
256182,2303
256193,5367
256200,7895
256217,803
256222,6387
256227,8958
256236,3392
256250,6465
256262,729
256263,16084
256267,804
256279,16612
256282,315
256286,1783
256292,13455
256294,655
256314,1407
256317,13359
256322,16613
256329,689
256332,9498
256334,4033
256337,16614
256357,1440
256364,280
256375,761
256379,4304
256395,1083
256398,263
256400,16615
256407,44
256410,11700
256419,1685
256426,24
256435,136
256453,3099
256456,758
256466,194
256470,2145
256471,16616
256471,16617
256472,2622
256479,738
256496,3382
256500,99
256503,1691
256512,291
256527,144
256533,587
256534,697
256535,135
256541,298
256543,3113
256553,1951
256556,195
256561,3624
256564,3069
256568,5071
256570,12112
256573,1971
256574,16618
256575,9030
256601,4279
256602,581
256610,16619
256614,10509
256622,240
256631,212
256633,6260
256653,663
256659,11527
256662,16620
256665,16621
256667,3422
256669,16622
256670,6019
256671,1575
256673,171
256675,4387
256687,54
256689,553
256708,16042
256711,16623
256713,16624
256720,15574
256720,15575
256720,16625
256729,16626
256737,26
256739,16627
256741,16628
256764,4152
256768,1702
256779,16629
256785,578
256786,460
256786,2122
256787,195
256829,6264
256830,4689
256840,12059
256856,16630
256857,16631
256864,305
256866,16632
256869,6142
256870,3493
256873,319
256876,431
256880,803
256883,4513
256901,4862
256902,16633
256906,16634
256911,1730
256914,689
256925,16635
256927,2125
256927,3268
256928,2924
256929,729
256931,3815
256932,13564
256935,8813
256936,531
256937,701
256962,16636
256963,98
256989,4324
256990,1126
256993,1702
256996,50
257007,571
257008,9488
257021,4529
257023,1957
257045,1288
257048,16637
257051,2510
257062,3859
257070,340
257074,189
257088,16638
257090,69
257092,797
257103,14326
257106,3628
257107,6868
257115,2665
257125,2131
257125,16639
257127,524
257127,525
257146,210
257149,16640
257152,1507
257177,2440
257181,529
257184,9877
257206,2125
257212,3423
257214,135
257219,2500
257220,5397
257222,16641
257226,423
257229,16642
257229,16643
257232,1396
257233,6636
257239,2329
257241,5476
257252,7885
257266,166
257269,9602
257274,16644
257282,428
257289,284
257293,907
257298,531
257307,2291
257313,16645
257320,1238
257327,4322
257330,8380
257331,16646
257334,1556
257338,4635
257340,1559
257342,1926
257346,16299
257347,185
257361,482
257362,136
257370,563
257379,1594
257391,16647
257398,5699
257410,4298
257412,758
257416,721
257420,358
257427,12389
257430,11680
257431,16648
257433,1242
257435,999
257438,4901
257448,10515
257451,3141
257452,881
257457,16649
257464,16650
257475,16651
257477,2307
257497,460
257501,16652
257503,8875
257508,6213
257509,792
257509,1381
257514,16653
257520,69
257526,12258
257537,194
257539,1610
257546,157
257547,4678
257549,3611
257550,2681
257558,2556
257565,2929
257570,663
257573,882
257575,16654
257579,1373
257580,1568
257581,16655
257589,552
257591,3881
257598,701
257599,498
257606,8881
257612,16656
257617,3028
257618,199
257624,552
257629,5953
257631,16657
257632,6442
257638,16658
257643,6139
257657,16659
257657,16660
257661,668
257672,148
257672,12024
257675,16661
257683,1568
257690,16662
257696,10467
257702,15835
257732,11710
257742,1832
257747,16663
257754,1180
257756,16664
257763,16665
257767,185
257784,9953
257793,5173
257796,16070
257818,16666
257819,16667
257821,16668
257827,266
257838,995
257845,10499
257852,161
257854,14107
257862,1136
257863,158
257864,136
257866,13926
257867,91
257873,2451
257874,15510
257874,16669
257875,135
257878,838
257891,3472
257896,16670
257901,16671
257914,931
257922,16672
257924,13704
257926,7413
257928,10531
257929,694
257930,1887
257931,6259
257936,12180
257938,16673
257949,1136
257964,290
257968,7902
257970,837
257970,1695
257973,7585
257992,425
257995,4056
258000,556
258003,16674
258006,486
258008,5447
258021,2595
258026,7503
258030,16675
258033,13040
258041,16676
258056,1538
258056,2410
258059,16677
258062,928
258067,9090
258071,2501
258075,16678
258080,99
258083,8765
258083,8766
258084,2694
258092,663
258095,16679
258110,5781
258135,531
258137,14716
258141,741
258161,192
258162,10639
258163,2339
258165,4133
258168,16680
258177,9082
258178,14801
258180,16681
258184,209
258191,16682
258196,123
258221,16683
258225,43
258238,6011
258240,16684
258246,1129
258248,447
258264,2137
258264,2138
258265,2423
258279,12421
258280,6054
258281,3648
258299,16685
258309,4442
258316,612
258322,271
258329,1195
258341,1477
258341,1672
258342,4222
258363,1096
258369,6877
258372,99
258375,33
258389,16686
258402,10494
258403,16687
258404,465
258410,4834
258413,16688
258438,185
258444,16689
258450,553
258452,2535
258453,132
258483,105
258483,148
258483,1145
258483,1702
258483,1851
258483,1858
258483,3165
258483,3233
258483,3986
258483,4896
258483,7650
258483,7758
258483,14307
258483,14525
258484,788
258488,1971
258496,931
258502,105
258504,7764
258509,399
258510,1083
258511,9117
258514,16690
258515,10508
258516,125
258519,8242
258522,656
258531,284
258532,111
258536,12697
258538,250
258542,2093
258557,552
258558,2490
258560,4390
258562,16691
258567,245
258574,185
258575,16692
258578,14026
258579,837
258584,1144
258585,1064
258591,727
258599,642
258599,770
258628,815
258663,16693
258666,1608
258680,118
258688,254
258690,5145
258691,6331
258692,1635
258694,16694
258696,2198
258700,6276
258703,16695
258705,1457
258716,16696
258722,8451
258728,12039
258744,117
258748,150
258749,307
258749,968
258749,1702
258749,2127
258749,2512
258749,2562
258749,4838
258749,7267
258749,16697
258749,16698
258752,6300
258767,281
258801,3229
258814,233
258826,1525
258827,105
258830,6700
258830,6701
258833,446
258833,447
258837,2803
258838,10349
258839,727
258843,821
258864,16699
258867,5909
258868,105
258869,821
258883,258
258886,161
258890,139
258894,2243
258906,7388
258908,8624
258918,11671
258923,16700
258923,16701
258931,4399
258932,16702
258932,16703
258933,1071
258933,1072
258934,3141
258935,4862
258948,3910
258950,16704
258954,764
258955,9711
258958,7560
258964,10522
258967,14059
258974,16705
258977,157
258984,16706
258986,11815
258990,6133
259008,11982
259027,48
259043,284
259057,459
259066,16707
259077,1053
259085,305
259092,599
259092,1516
259102,1190
259105,3060
259109,179
259109,1600
259122,4961
259130,317
259145,5496
259150,16708
259160,571
259176,14107
259178,145
259187,16709
259190,447
259194,125
259203,5143
259219,1193
259225,139
259239,15393
259240,2971
259241,2125
259254,12388
259254,16710
259257,161
259258,16711
259269,14532
259270,1875
259273,16712
259277,1411
259284,16713
259286,7893
259292,4518
259305,3317
259306,1224
259314,2476
259314,16714
259316,2682
259336,16715
259338,11328
259338,11329
259338,16716
259338,16717
259348,3419
259360,501
259362,3246
259365,11044
259367,2510
259379,6254
259389,16718
259393,16719
259401,263
259433,723
259437,1390
259456,1830
259458,16720
259465,3380
259470,407
259472,160
259473,578
259486,4499
259488,143
259489,16721
259489,16722
259491,1832
259493,5613
259495,1764
259499,693
259502,763
259505,5703
259507,16723
259514,6271
259517,6693
259520,137
259525,578
259540,2547
259542,161
259545,2519
259547,1070
259547,16724
259549,5322
259550,16725
259557,116
259574,5302
259576,162
259580,16726
259581,10610
259586,3380
259587,8995
259588,556
259591,195
259604,4539
259605,745
259608,274
259619,150
259620,11269
259621,16727
259623,4203
259630,3182
259633,977
259635,16728
259641,870
259645,16729
259652,5519
259660,4316
259666,2720
259671,254
259672,1165
259687,7564
259688,1879
259719,117
259721,721
259726,16730
259729,4673
259731,14820
259732,2251
259744,1061
259753,2651
259756,16731
259759,1096
259764,1431
259774,4682
259794,284
259808,295
259811,16732
259817,16733
259825,16734
259845,1709
259845,1710
259849,684
259851,253
259852,140
259860,3537
259861,2444
259863,4387
259866,869
259868,16735
259881,15175
259887,1908
259888,11478
259911,497
259915,16736
259920,1556
259924,1601
259925,870
259926,16737
259929,8447
259932,2031
259938,358
259943,3776
259944,2858
259944,2859
259957,222
259959,7162
259975,16738
259978,788
259980,4254
259981,263
259983,1612
259987,125
259995,14930
259996,358
260000,16739
260004,157
260007,3591
260010,120
260012,4250
260013,4734
260014,5173
260018,1390
260020,16740
260021,75
260022,3361
260022,6694
260022,16741
260022,16742
260025,1446
260026,39
260040,16743
260044,1457
260052,8248
260055,206
260062,16744
260062,16745
260063,16746
260068,16747
260076,3423
260083,16748
260100,2031
260116,16749
260116,16750
260122,848
260127,1065
260128,16751
260130,16752
260166,414
260171,16753
260172,401
260172,7458
260173,578
260177,414
260180,1608
260186,383
260187,1165
260191,8251
260193,1165
260205,185
260208,16754
260217,16755
260224,13692
260234,10429
260236,16756
260237,16757
260261,57
260262,16758
260268,1556
260270,7493
260274,1193
260278,5797
260279,7911
260288,11720
260292,1904
260303,16759
260320,1593
260323,3455
260324,6870
260330,16760
260331,928
260338,460
260339,16352
260358,16761
260365,16762
260375,4
260381,308
260386,13472
260388,16763
260393,203
260395,16764
260396,16765
260416,506
260421,125
260437,16766
260439,16767
260449,1061
260453,1765
260458,16768
260461,3516
260461,3517
260484,11247
260485,5111
260491,357
260498,800
260505,795
260515,175
260519,150
260522,777
260524,6157
260526,298
260532,815
260533,143
260550,1951
260556,280
260557,611
260559,1055
260566,2865
260575,1583
260580,2524
260589,16769
260599,200
260602,11724
260613,319
260615,15219
260618,1331
260625,4238
260633,13966
260634,16770
260642,10613
260649,501
260651,815
260656,16771
260665,191
260671,307
260672,16772
260675,8149
260679,4432
260680,16773
260680,16774
260680,16775
260688,13219
260690,13848
260693,16776
260702,160
260704,16777
260708,409
260725,4512
260731,1047
260731,16778
260756,531
260762,16779
260781,480
260787,287
260805,2678
260814,10261
260816,16780
260822,2677
260825,1547
260827,646
260828,739
260832,424
260833,5723
260835,535
260836,1465
260842,16781
260844,1144
260846,701
260851,194
260854,261
260861,321
260863,7496
260867,16782
260875,8181
260888,16783
260896,464
260903,431
260907,16784
260909,16785
260915,1180
260917,15434
260920,1635
260927,4448
260930,3625
260934,69
260940,298
260944,14204
260948,185
260953,358
260957,1879
260960,16786
260963,1572
260967,2770
260975,16787
260978,741
260979,16788
260991,1565
260992,3284
260999,22
261009,16789
261010,749
261015,3194
261020,2593
261023,3707
261024,291
261027,16119
261027,16790
261048,16791
261049,12590
261061,16792
261062,185
261069,599
261069,600
261075,250
261076,3907
261088,12361
261097,6630
261104,16793
261108,6512
261108,16794
261116,254
261120,2475
261123,6580
261131,5382
261137,291
261137,742
261137,1025
261137,1027
261137,4250
261138,817
261143,4435
261145,586
261151,3382
261168,2360
261169,553
261170,280
261180,16795
261192,16796
261197,14167
261200,6838
261206,16797
261211,5130
261226,1208
261228,841
261228,842
261230,699
261239,5285
261246,12368
261254,2276
261265,16798
261275,1238
261278,16799
261285,735
261286,85
261290,3703
261294,2901
261300,16800
261312,1324
261317,788
261322,12142
261335,5272
261335,5273
261345,8048
261349,3846
261354,16801
261357,16396
261363,1635
261364,445
261367,815
261376,16802
261378,191
261381,284
261389,1556
261400,699
261408,16803
261417,1129
261422,13363
261429,284
261430,358
261433,7734
261437,1942
261471,16804
261472,16805
261478,679
261481,3066
261484,499
261486,13750
261492,132
261497,928
261499,1800
261504,203
261510,1531
261532,1372
261536,16806
261539,1376
261549,16807
261550,862
261559,552
261563,22
261570,3791
261576,16808
261578,739
261579,620
261583,16809
261588,1720
261590,1915
261590,2653
261602,4392
261609,14475
261616,222
261624,1316
261635,185
261643,16810
261647,160
261655,1877
261656,5123
261661,411
261666,16811
261667,663
261673,364
261687,5417
261697,1172
261712,1723
261741,140
261757,212
261771,57
261772,6752
261780,3777
261785,16812
261786,16813
261789,16814
261790,16815
261795,16816
261798,2088
261806,12979
261807,322
261814,3002
261818,3638
261822,1719
261823,16817
261826,88
261831,1186
261838,1155
261841,12492
261842,284
261844,4046
261850,16818
261855,8743
261856,1589
261858,16819
261869,3646
261869,3653
261869,3654
261869,3655
261873,16820
261877,16821
261884,14510
261889,999
261896,3083
261906,12521
261914,16822
261916,4627
261918,16067
261924,16823
261926,16824
261927,546
261930,1465
261931,5726
261932,358
261936,16825
261938,16826
261942,284
261945,1143
261945,15223
261945,15224
261955,663
261956,16827
261958,777
261962,8132
261969,99
261970,586
261974,2424
261975,671
261979,4549
261984,846
261989,16828
261989,16829
262016,9741
262022,869
262023,2720
262027,3112
262029,16830
262036,9677
262037,1422
262038,150
262038,398
262038,551
262038,16831
262041,728
262053,16832
262053,16833
262055,305
262059,1645
262062,8854
262070,150
262074,16834
262075,431
262087,16835
262088,1957
262089,5090
262091,611
262102,699
262110,16836
262110,16837
262116,12272
262117,2510
262120,16838
262128,12743
262129,91
262131,148
262151,32
262154,16839
262159,54
262160,6902
262166,677
262192,821
262204,669
262225,3532
262229,319
262236,305
262242,3777
262246,2971
262254,16840
262255,1769
262258,99
262264,1797
262265,2339
262271,192
262274,16841
262274,16842
262279,1556
262286,13472
262296,4006
262305,602
262310,48
262324,1239
262334,9482
262352,3667
262374,6920
262375,4292
262378,8995
262388,526
262391,400
262399,16843
262400,4612
262401,2788
262405,16844
262418,1806
262426,16845
262426,16846
262434,9292
262442,7612
262457,613
262474,1777
262478,2594
262479,5466
262497,250
262499,13939
262506,16847
262512,12040
262515,1765
262516,395
262521,3776
262525,99
262527,16848
262532,1832
262540,57
262544,4562
262550,1093
262561,16849
262562,16850
262565,552
262567,185
262568,192
262569,6757
262570,281
262579,669
262581,8048
262596,13740
262601,9694
262610,4256
262610,16851
262617,3168
262619,693
262627,157
262633,417
262639,16852
262652,3726
262653,161
262659,10590
262665,16853
262678,3382
262683,16854
262686,1429
262689,3445
262694,336
262694,16855
262712,1312
262717,383
262733,3787
262737,295
262742,69
262758,5815
262774,552
262775,3565
262783,16856
262787,4573
262796,2656
262798,2215
262800,39
262819,13843
262821,1307
262825,48
262829,1753
262845,16857
262850,200
262857,16858
262867,5104
262867,16859
262871,1444
262871,16860
262874,870
262881,185
262892,9405
262899,2101
262904,667
262906,16861
262907,7135
262907,16862
262919,3541
262929,2115
262932,693
262934,1135
262955,562
262957,16863
262957,16864
262961,16865
262965,16866
262967,7720
262971,179
262973,5233
262973,16867
262973,16868
262977,12598
262979,13322
262980,16869
262980,16870
262982,200
262989,16871
262991,3324
262992,587
262997,1532
263004,639
263009,11489
263018,4238
263020,3889
263024,1602
263033,91
263036,736
263045,16872
263047,1695
263055,16873
263058,578
263059,663
263060,16874
263063,16875
263067,1591
263070,195
263076,1056
263092,1257
263095,194
263096,15103
263096,15105
263096,16876
263099,482
263101,1985
263104,8553
263105,116
263105,117
263105,191
263105,414
263105,634
263105,721
263105,935
263105,1008
263105,1996
263105,5269
263107,16877
263114,157
263118,7568
263124,16878
263125,117
263130,4288
263137,707
263138,2572
263138,16879
263142,222
263147,5914
263152,419
263157,16880
263161,16881
263178,2125
263178,3268
263189,1547
263192,6740
263195,91
263196,6949
263204,16882
263204,16883
263207,16884
263213,2652
263225,1950
263227,1800
263240,8821
263241,194
263242,11745
263245,2252
263246,459
263257,699
263260,1026
263264,477
263269,445
263272,1984
263274,16885
263284,200
263291,6703
263292,3677
263300,1481
263301,3684
263312,16886
263316,947
263318,284
263325,16887
263337,16888
263337,16889
263337,16890
263337,16891
263341,4835
263343,16892
263358,1547
263368,5090
263379,1766
263380,8248
263389,291
263401,16893
263406,16894
263406,16895
263413,1165
263422,14038
263422,16896
263431,6904
263434,16897
263434,16898
263436,1563
263446,43
263447,10566
263452,16899
263453,721
263456,474
263457,16900
263461,13
263462,6857
263465,1250
263472,4006
263478,11960
263480,185
263486,16901
263489,913
263489,16902
263493,16903
263496,16904
263498,4528
263499,2638
263500,16905
263505,16906
263508,209
263509,74
263512,728
263522,729
263534,160
263537,1574
263538,81
263540,815
263552,91
263560,9101
263570,1602
263577,13035
263581,54
263588,800
263603,2609
263605,262
263613,160
263614,13167
263619,3142
263620,3046
263624,2591
263630,8958
263639,494
263641,16907
263642,5257
263643,1720
263654,8048
263662,16908
263671,16909
263673,105
263677,1841
263677,1842
263683,8612
263687,3382
263690,2898
263696,16910
263702,2358
263702,16911
263709,9575
263710,162
263712,16912
263712,16913
263719,2404
263720,9480
263726,15963
263734,16914
263748,14607
263751,16915
263752,3522
263753,1908
263758,245
263762,1843
263768,16916
263771,10848
263776,3380
263785,7877
263795,16917
263797,2302
263797,2303
263801,1172
263807,5431
263809,6511
263828,6902
263834,1093
263839,3437
263844,5553
263859,16918
263863,2838
263866,620
263868,15095
263868,16919
263868,16920
263869,445
263885,10957
263890,1984
263891,358
263899,3493
263903,69
263906,16921
263914,1563
263922,16922
263923,668
263925,1090
263925,5279
263929,10390
263932,16923
263933,639
263941,16924
263943,401
263951,1155
263952,2797
263960,763
263979,11776
263984,1610
263997,16925
264007,4512
264011,947
264013,16926
264021,2276
264028,6881
264041,2593
264053,3380
264058,1879
264059,14510
264094,14800
264096,788
264099,3380
264102,2368
264103,185
264110,305
264113,6744
264114,16927
264128,10846
264138,16928
264140,16929
264146,4818
264153,578
264167,16930
264168,701
264172,1056
264181,2413
264183,1503
264188,663
264198,604
264203,16931
264204,3316
264224,16932
264227,1194
264233,16933
264235,3443
264240,4255
264249,16934
264252,2712
264263,14930
264265,9181
264265,9182
264277,2168
264279,250
264284,1156
264289,16935
264294,1193
264306,3300
264318,2914
264324,13107
264327,788
264328,99
264343,16936
264355,250
264358,3284
264360,3047
264365,9871
264369,862
264373,16937
264379,5282
264379,5283
264386,1951
264390,3709
264395,16938
264400,7369
264401,2371
264404,16939
264409,13854
264409,14786
264409,14787
264409,14792
264409,16940
264409,16941
264409,16942
264409,16943
264409,16944
264409,16945
264409,16946
264418,304
264422,3532
264424,16947
264426,16948
264428,1229
264442,3020
264452,548
264456,699
264459,1768
264459,1769
264460,12772
264471,587
264474,10958
264478,649
264479,11258
264485,16949
264486,6745
264486,6746
264492,4940
264494,4298
264495,2286
264499,1765
264506,16950
264507,136
264517,2394
264523,603
264534,16951
264535,1479
264540,16952
264540,16953
264542,16954
264546,298
264558,39
264560,16955
264562,3236
264571,16956
264582,932
264584,2785
264584,2786
264589,16957
264603,1369
264606,1283
264610,2407
264617,2656
264620,501
264623,15046
264623,15047
264635,493
264635,1686
264655,16958
264690,16959
264712,3218
264729,136
264732,16960
264732,16961
264747,39
264753,73
264759,2593
264776,1284
264788,9594
264788,9595
264792,16962
264797,4357
264804,2601
264806,16963
264808,3205
264813,460
264817,446
264817,447
264824,16964
264824,16965
264824,16966
264825,15403
264825,16967
264833,865
264836,16968
264840,5341
264841,658
264843,7035
264844,16969
264849,5703
264852,91
264854,3591
264864,3307
264870,16970
264871,2478
264904,668
264905,450
264910,1587
264911,1133
264918,135
264919,1539
264920,127
264922,130
264924,432
264930,16971
264944,2577
264952,1928
264957,15010
264959,14021
264965,1285
264968,6153
264972,16972
264974,16973
264983,200
264991,16974
264995,25
264997,6853
265010,16975
265011,655
265016,3805
265020,139
265026,304
265035,1757
265044,263
265059,16976
265060,12743
265061,298
265080,6264
265089,8749
265089,8750
265097,721
265104,3680
265111,16977
265115,749
265140,16978
265141,1238
265150,694
265154,761
265155,16979
265156,3060
265157,4318
265158,671
265159,865
265167,7363
265167,7364
265169,552
265171,694
265172,1556
265180,16980
265182,5823
265186,336
265188,804
265195,701
265200,586
265202,15882
265203,1198
265236,1568
265240,16981
265243,54
265254,694
265255,2922
265256,1190
265262,6153
265270,148
265273,16982
265279,162
265281,203
265284,195
265295,6938
265295,16983
265295,16984
265296,91
265314,985
265315,48
265317,91
265326,16985
265328,921
265332,139
265333,752
265337,6805
265347,16986
265348,74
265353,189
265358,2869
265359,8007
265360,2924
265366,189
265375,5256
265378,141
265383,16987
265386,154
265409,14986
265419,16988
265424,446
265424,447
265425,1798
265430,16989
265434,305
265435,16990
265442,16991
265449,16992
265449,16993
265457,556
265462,4775
265463,284
265464,6181
265479,54
265488,1775
265489,5341
265520,2404
265524,5878
265542,3549
265554,94
265569,754
265572,1145
265577,14456
265578,4679
265584,16994
265585,2803
265590,2178
265592,16995
265601,2609
265602,171
265613,5669
265626,16996
265627,4932
265635,634
265636,16997
265647,701
265659,16998
265662,4361
265664,74
265668,8255
265681,16999
265681,17000
265684,11771
265687,150
265690,189
265699,11411
265701,2730
265703,17001
265704,741
265706,552
265708,2495
265718,17002
265727,17003
265728,4231
265766,6129
265771,13726
265774,645
265778,11119
265778,17004
265778,17005
265780,929
265784,694
265794,16821
265807,17006
265808,17007
265809,117
265815,538
265825,17008
265826,738
265831,12605
265857,862
265858,856
265860,7122
265883,740
265884,116
265898,1717
265901,1563
265904,2797
265908,284
265919,4785
265922,6441
265931,15010
265942,254
265943,1294
265944,7936
265951,817
265952,1548
265961,17009
265964,17010
265969,4831
265984,1846
266000,17011
266001,15838
266002,222
266022,284
266026,17012
266029,144
266032,2677
266050,281
266054,4382
266057,8451
266058,8274
266063,928
266072,10613
266085,6019
266091,48
266092,707
266092,3066
266093,741
266100,17013
266104,665
266108,2020
266114,1584
266127,69
266129,439
266146,319
266152,75
266158,242
266184,556
266186,3152
266194,74
266199,2231
266224,17014
266234,1583
266247,3004
266250,1114
266252,578
266255,12190
266255,17015
266256,1775
266266,17016
266280,2914
266282,1492
266287,17017
266303,1429
266306,12434
266309,531
266310,8870
266312,11230
266326,2145
266327,5228
266336,4499
266342,17018
266343,305
266348,14687
266350,689
266358,135
266365,5637
266371,175
266372,17019
266375,17020
266391,17021
266392,10488
266393,1188
266404,271
266406,1033
266408,290
266412,17022
266417,7557
266424,2495
266427,10043
266427,16209
266436,17023
266442,2891
266447,150
266452,91
266461,4747
266464,689
266469,17024
266472,17025
266473,821
266474,1806
266477,711
266484,351
266488,1722
266489,2617
266492,8736
266500,578
266501,956
266503,7313
266504,17026
266507,144
266511,17027
266522,17028
266524,752
266525,1938
266531,17029
266532,2404
266537,284
266546,200
266547,3642
266554,804
266574,26
266589,3317
266595,3134
266598,17030
266606,2321
266614,17031
266622,17032
266627,17033
266628,2339
266633,11360
266642,949
266642,17034
266643,729
266654,157
266662,17035
266674,13159
266675,5341
266691,11899
266697,8036
266705,17036
266707,17037
266721,17038
266722,1296
266723,1829
266732,5090
266738,636
266742,12487
266744,111
266750,15131
266766,798
266768,8048
266773,265
266788,17039
266790,17040
266798,17041
266800,2698
266806,17042
266811,4181
266812,39
266813,677
266817,701
266822,17043
266823,291
266828,150
266835,3066
266842,22
266847,7651
266847,10431
266851,556
266854,891
266859,135
266884,12054
266888,4448
266890,13898
266894,17044
266903,4361
266928,17045
266929,409
266930,298
266933,1971
266934,242
266936,3380
266939,136
266943,15882
266951,383
266962,3445
266963,7325
266964,17046
266979,17047
266981,17048
266983,17049
266997,3783
266998,4642
267005,26
267014,17050
267015,67
267020,17051
267025,578
267031,4426
267039,2968
267044,2593
267048,17052
267048,17053
267050,553
267054,12147
267056,17054
267066,17055
267069,3012
267074,3100
267080,17056
267081,2681
267083,2677
267087,501
267089,2710
267090,1846
267100,1076
267103,75
267109,5221
267116,746
267129,5350
267138,158
267153,1213
267172,657
267186,5041
267190,674
267204,694
267205,17057
267206,556
267221,295
267223,699
267229,1145
267230,1556
267235,3787
267236,446
267236,447
267241,17058
267253,745
267259,17059
267267,17060
267276,813
267285,12037
267287,395
267290,17061
267297,612
267299,222
267310,846
267313,11555
267330,73
267331,8163
267333,2929
267347,11232
267351,11313
267358,4151
267359,105
267376,161
267381,17062
267390,1440
267392,657
267415,17063
267419,645
267425,1709
267425,1710
267434,185
267436,3667
267453,39
267460,12700
267461,1457
267479,17064
267484,4340
267486,17065
267490,1058
267490,8799
267490,17066
267492,5227
267508,1012
267508,1324
267508,6371
267508,17067
267526,679
267529,749
267531,4232
267545,67
267553,17068
267558,17069
267560,144
267568,869
267572,17070
267578,17071
267581,1591
267586,17072
267594,865
267604,273
267608,2031
267609,14993
267609,14995
267609,17073
267609,17074
267619,2299
267636,17075
267643,160
267644,191
267645,412
267659,16569
267667,17076
267669,3235
267679,157
267694,803
267696,17077
267703,5513
267704,2502
267704,17078
267717,6518
267726,17079
267747,482
267748,98
267753,5272
267753,5273
267761,578
267763,4855
267763,17080
267771,274
267771,8996
267786,85
267788,17081
267809,17082
267812,248
267813,15117
267816,437
267823,1563
267828,3032
267831,2187
267833,5233
267833,16867
267862,284
267864,270
267875,3032
267878,17083
267888,14779
267908,17084
267918,7911
267923,1325
267932,12684
267941,3325
267946,870
267951,8059
267969,3252
267973,2572
267977,10729
267979,1312
267988,17085
267989,6683
267993,6072
267995,313
267999,17086
268000,928
268001,2510
268002,6602
268018,17087
268021,6605
268026,33
268027,578
268039,189
268042,160
268046,3910
268048,736
268049,6170
268059,393
268064,160
268068,73
268069,6417
268098,2574
268098,17088
268107,15675
268115,8242
268118,669
268121,1826
268138,674
268141,17089
268144,2189
268146,2914
268163,954
268168,12661
268177,140
268181,16067
268196,17090
268200,284
268222,17091
268250,784
268254,4785
268264,1720
268277,195
268281,12226
268281,17092
268283,17093
268286,552
268289,15399
268292,1139
268301,556
268308,17094
268309,17095
268317,785
268321,17096
268326,17097
268330,17098
268340,11175
268356,1877
268366,1344
268377,8914
268377,11158
268380,203
268381,1060
268413,1572
268423,17099
268424,6758
268431,929
268465,17100
268478,6193
268479,17101
268484,81
268489,17102
268495,222
268504,1369
268508,227
268511,955
268516,2370
268521,815
268525,16394
268527,9
268538,1691
268560,1270
268561,346
268588,157
268590,10264
268592,2806
268597,8048
268600,135
268611,17103
268638,17104
268638,17105
268639,556
268643,638
268652,91
268653,386
268654,3679
268655,7130
268666,966
268670,91
268671,446
268671,447
268677,2681
268679,150
268688,157
268706,1279
268712,3520
268713,14579
268714,445
268719,235
268719,319
268719,485
268719,1695
268719,1720
268719,2141
268719,2145
268719,3950
268719,4549
268719,4986
268719,8926
268730,17106
268733,3725
268737,4251
268740,1223
268745,185
268746,669
268754,17107
268756,578
268767,315
268768,17108
268770,17109
268770,17110
268779,4313
268780,10795
268783,17111
268785,1457
268793,8875
268799,12216
268805,488
268813,17112
268815,12267
268821,1442
268821,4436
268822,3027
268824,1026
268835,823
268839,3845
268841,1275
268854,284
268860,9128
268864,17113
268874,121
268875,222
268881,821
268883,17114
268887,6271
268888,116
268892,17115
268899,157
268908,150
268911,1527
268922,17116
268928,44
268929,398
268932,7696
268933,17117
268940,15154
268949,136
268952,53
268956,1543
268973,143
268995,17118
269008,117
269010,17119
269010,17120
269021,150
269022,9369
269033,194
269038,9536
269042,9158
269052,17121
269054,4352
269059,1117
269062,634
269063,9158
269068,15326
269084,17122
269097,1186
269104,1584
269119,2267
269126,795
269146,11118
269148,663
269152,10085
269157,12233
269159,401
269161,14137
269162,6336
269163,10233
269181,3677
269197,1843
269203,11574
269216,870
269238,1898
269245,17123
269250,17124
269256,2352
269260,1128
269265,2422
269276,17125
269290,17126
269293,1123
269297,3307
269300,17127
269302,162
269314,17128
269317,76
269322,17129
269323,17130
269330,1635
269331,5973
269337,679
269338,10931
269344,99
269344,1283
269363,5817
269363,16494
269369,12112
269374,403
269377,6036
269377,10965
269377,17131
269377,17132
269377,17133
269377,17134
269377,17135
269377,17136
269377,17137
269382,135
269384,3020
269385,8333
269398,213
269405,3292
269423,9540
269425,13294
269427,281
269433,253
269434,57
269434,160
269434,171
269434,185
269434,553
269434,578
269434,821
269434,2914
269446,5796
269459,741
269460,73
269469,135
269470,693
269471,9071
269483,11478
269492,17138
269495,11184
269500,17139
269511,431
269521,13224
269525,17140
269529,150
269530,3158
269536,17141
269540,662
269546,9292
269547,17142
269548,6004
269565,4961
269577,17143
269588,57
269600,4755
269603,235
269610,8271
269615,1987
269616,85
269622,803
269623,782
269638,15362
269639,556
269640,11640
269641,3427
269651,1740
269654,300
269661,3891
269661,3892
269666,3948
269672,17144
269685,17145
269690,133
269693,8533
269693,17146
269693,17147
269707,741
269727,17148
269747,9925
269749,699
269752,157
269753,53
269756,17149
269760,16755
269777,5316
269779,13334
269792,231
269800,2712
269802,4390
269816,12505
269818,1462
269823,160
269825,6089
269830,8185
269830,17150
269841,78
269846,1251
269862,17151
269863,17152
269864,480
269868,194
269870,7958
269878,1105
269885,728
269890,800
269895,617
269898,17153
269899,10499
269901,3243
269905,185
269912,387
269913,91
269915,22
269916,322
269918,135
269919,227
269924,347
269928,515
269934,17154
269937,873
269938,8238
269942,1629
269960,189
269970,1779
269979,638
269987,17155
270004,4485
270011,346
270019,668
270029,2500
270037,2282
270042,17156
270056,1996
270058,17157
270058,17158
270061,17159
270061,17160
270068,150
270074,4626
270083,556
270090,17161
270092,17162
270093,911
270103,12428
270106,17163
270113,1664
270122,357
270129,1624
270131,7871
270133,194
270141,1437
270144,721
270146,2652
270147,136
270152,1381
270153,194
270154,17164
270171,17165
270177,17166
270187,1114
270188,222
270191,319
270192,17167
270192,17168
270202,5469
270209,16328
270227,127
270231,4689
270239,788
270247,6986
270248,5776
270249,987
270252,1556
270263,116
270270,2940
270272,5915
270286,4294
270288,298
270293,784
270318,17169
270319,29
270327,231
270334,2618
270339,4269
270339,17170
270344,16341
270344,16342
270345,162
270350,7232
270354,17171
270359,13309
270360,2945
270366,3243
270368,785
270372,17172
270374,157
270376,432
270382,17173
270383,17174
270386,17175
270394,4519
270394,17176
270406,516
270408,9349
270408,17177
270408,17178
270415,24
270418,17179
270423,1584
270429,6259
270435,10618
270442,10027
270448,806
270473,1071
270473,1072
270477,69
270479,17180
270480,17181
270483,17182
270484,403
270491,803
270492,2031
270493,5285
270499,17183
270504,960
270504,17184
270514,4608
270518,3392
270519,29
270532,3371
270536,1325
270537,1827
270546,24
270560,17185
270564,162
270568,242
270582,148
270588,14723
270589,17186
270597,5723
270597,9129
270599,7109
270616,1740
270618,17187
270621,17188
270638,13848
270661,17189
270671,3532
270674,3537
270677,2520
270682,3317
270689,5658
270691,788
270698,1372
270706,11448
270709,1608
270725,17190
270739,3110
270744,17191
270749,17192
270752,17193
270752,17194
270753,1658
270754,17195
270769,556
270771,305
270776,17196
270783,319
270791,2168
270793,17197
270807,157
270809,2307
270817,656
270822,130
270836,7779
270838,5690
270841,200
270843,4555
270847,17198
270848,1201
270869,98
270870,7109
270871,8725
270876,578
270880,17199
270887,4077
270894,16864
270896,6174
270897,17200
270901,17201
270944,8077
270947,6004
270953,3246
270954,5864
270954,5865
270969,8752
270970,4327
270975,4456
270979,12196
270982,17202
271017,1800
271018,1233
271022,17203
271027,2031
271031,12549
271032,3482
271032,17204
271032,17205
271034,17206
271044,6787
271065,1324
271067,674
271072,1720
271084,17207
271087,298
271087,982
271088,13379
271089,8930
271097,3382
271099,9771
271108,2277
271123,508
271140,5936
271149,13363
271156,73
271158,2969
271158,2970
271160,17208
271169,191
271170,6468
271178,162
271182,17209
271185,1612
271194,16788
271195,556
271200,17210
271203,761
271203,8746
271208,2510
271209,388
271222,641
271223,305
271227,733
271230,446
271230,447
271233,553
271234,459
271241,597
271243,1275
271251,17211
271253,39
271285,17212
271301,1563
271305,13877
271310,15481
271313,17213
271319,1808
271320,1009
271338,8624
271344,1539
271346,285
271347,1143
271358,3371
271366,8466
271368,841
271368,842
271370,4593
271374,17214
271374,17215
271374,17216
271374,17217
271378,13213
271387,1695
271388,3011
271388,16063
271392,15835
271395,3382
271396,5150
271411,815
271421,17218
271430,1258
271435,3208
271445,3695
271457,16338
271471,22
271472,758
271480,1303
271484,923
271488,17219
271496,99
271498,1654
271507,451
271508,3173
271511,6269
271516,1957
271524,3185
271537,1457
271544,3975
271551,1720
271563,17220
271565,12966
271579,6693
271594,40
271598,2500
271599,17221
271610,3467
271613,923
271622,351
271625,5904
271628,15724
271628,17222
271631,1804
271641,353
271642,1950
271644,22
271648,689
271657,9426
271660,209
271662,10936
271671,721
271680,531
271684,6790
271684,17223
271696,17224
271702,3427
271704,804
271705,2901
271720,5993
271728,741
271734,993
271735,2656
271742,17225
271743,804
271744,13049
271747,788
271748,189
271751,1238
271768,1457
271772,721
271774,1685
271781,460
271787,4667
271790,17226
271791,501
271792,17227
271803,242
271811,1291
271821,9604
271829,977
271837,401
271846,1325
271849,7149
271855,1026
271857,1654
271857,12825
271860,17228
271864,578
271866,17229
271868,1830
271882,3544
271889,106
271899,185
271902,111
271903,870
271913,26
271915,13848
271917,17230
271921,556
271925,17231
271935,13293
271938,587
271945,17232
271949,506
271950,5451
271954,17233
271957,17234
271960,4817
271965,2014
271973,451
271974,2997
271976,17235
271976,17236
271976,17237
271976,17238
271976,17239
271976,17240
271976,17241
271976,17242
271977,3955
271980,17243
271986,336
271987,3382
271991,1188
271996,1065
271998,17244
272002,39
272005,1715
272016,1285
272018,2888
272031,3982
272033,17245
272035,298
272037,110
272038,635
272041,17246
272043,1601
272045,2093
272049,4071
272055,279
272060,17247
272064,8136
272069,929
272075,17248
272081,16031
272083,62
272089,17249
272091,639
272112,480
272129,17250
272141,582
272157,17251
272159,1166
272167,17252
272178,105
272178,178
272178,251
272178,429
272178,552
272178,968
272178,1673
272178,1686
272178,1863
272178,3099
272178,3165
272178,3981
272178,3986
272178,4330
272178,10597
272178,12088
272178,17253
272181,300
272181,7620
272186,7807
272187,1471
272206,74
272207,7547
272210,417
272211,713
272216,556
272224,1565
272226,669
272228,157
272229,815
272233,291
272239,6081
272240,17254
272242,10619
272242,15419
272246,1196
272249,597
272256,298
272259,17255
272264,409
272279,17256
272280,9188
272281,721
272298,354
272298,355
272298,356
272304,552
272313,841
272313,842
272319,189
272323,7502
272331,5619
272333,727
272346,17257
272347,304
272358,1221
272359,12201
272360,17055
272361,800
272364,16245
272364,17258
272374,1545
272379,16947
272381,426
272401,552
272408,3203
272411,5
272415,1177
272417,2274
272419,13797
272421,1834
272425,91
272426,17259
272429,1830
272433,6235
272436,140
272444,17260
272445,4448
272447,7635
272458,1797
272461,17261
272464,1775
272466,5717
272474,3999
272481,43
272483,2327
272491,2560
272494,4678
272495,955
272498,13231
272500,17262
272502,17263
272515,17264
272518,17265
272520,67
272523,1800
272526,14930
272557,161
272573,230
272575,17266
272575,17267
272581,727
272582,17268
272586,2088
272588,944
272592,17269
272596,17270
272598,203
272602,305
272612,99
272615,17271
272624,1135
272628,1891
272639,4080
272643,8414
272643,17272
272643,17273
272644,4362
272653,4724
272655,191
272666,856
272668,284
272669,858
272694,969
272698,8659
272700,153
272728,1685
272729,1527
272739,9756
272746,5179
272748,17274
272760,26
272770,1254
272775,11562
272785,298
272815,3157
272817,5179
272822,17275
272826,10377
272826,10378
272830,17276
272831,254
272832,821
272833,2971
272834,178
272835,1061
272844,1114
272845,10712
272848,544
272849,1695
272858,17277
272869,95
272874,2299
272885,17278
272891,1971
272896,300
272904,815
272905,16329
272907,894
272911,2836
272919,5529
272926,291
272937,36
272938,17279
272948,1134
272956,17280
272957,4485
272961,7522
272973,17281
272975,300
273006,17282
273010,2929
273021,9751
273026,14652
273036,1389
273042,74
273044,552
273050,1770
273056,838
273058,24
273058,694
273058,723
273058,784
273058,1035
273058,1501
273058,3002
273058,3703
273058,4498
273058,5138
273058,6838
273058,8679
273058,12119
273060,14961
273062,2215
273070,57
273074,13411
273078,17283
273079,17284
273083,3785
273093,721
273113,17285
273117,242
273127,1155
273132,75
273148,17286
273150,2499
273154,869
273168,10725
273173,5342
273175,10488
273177,195
273178,553
273185,17287
273189,17288
273190,1798
273202,3039
273205,17289
273206,17290
273213,305
273234,803
273244,54
273260,508
273261,1373
273265,150
273268,17291
273268,17292
273280,17293
273282,12981
273284,497
273294,17294
273296,17295
273305,284
273308,10325
273310,12899
273312,446
273312,447
273320,14605
273323,17296
273325,9126
273326,329
273336,17297
273341,17298
273352,907
273353,333
273354,1740
273356,17299
273363,578
273365,17300
273371,1476
273374,6487
273374,6488
273375,578
273377,5227
273381,17301
273390,1753
273394,3382
273400,2557
273407,9921
273409,3811
273411,1267
273421,8387
273433,556
273436,249
273444,3200
273463,219
273472,249
273473,17302
273473,17303
273473,17304
273496,2520
273506,741
273507,3252
273512,2125
273534,5899
273536,10883
273546,7248
273559,9260
273569,17305
273581,11002
273585,2178
273601,1331
273608,459
273609,54
273617,15810
273629,7172
273631,694
273637,1739
273644,1129
273648,284
273651,869
273668,785
273672,2231
273675,249
273684,160
273689,482
273700,17306
273713,587
273719,10734
273720,8990
273732,17307
273732,17308
273737,17309
273737,17310
273740,340
273744,17311
273746,280
273755,1800
273762,711
273765,17312
273775,12597
273777,409
273777,3894
273777,8353
273784,1563
273810,3321
273821,203
273822,885
273826,1195
273826,1196
273829,531
273845,1242
273853,1373
273854,1283
273855,125
273866,1096
273867,2444
273876,15552
273877,1851
273881,578
273885,10333
273886,3236
273901,2969
273901,2970
273905,17313
273909,578
273912,4725
273914,815
273918,147
273922,17314
273931,295
273937,4747
273938,17315
273946,7273
273950,44
273960,3445
273962,3239
273964,556
273968,8972
273968,16137
273968,17316
273968,17317
273973,3393
273983,74
273988,1951
273989,16752
273993,865
274012,157
274024,3907
274026,17318
274031,4046
274046,873
274053,17319
274059,784
274081,1852
274081,3536
274092,1594
274100,17320
274101,17321
274117,17322
274131,11125
274136,17323
274148,17324
274150,14341
274152,17325
274157,17326
274158,6254
274160,859
274166,3840
274167,6838
274176,556
274177,813
274183,162
274195,7503
274205,6724
274206,697
274210,612
274213,43
274227,746
274248,5864
274248,12544
274255,2836
274259,17327
274267,615
274280,11816
274296,8752
274299,17328
274310,8248
274311,11294
274311,11426
274316,9092
274325,9089
274334,460
274336,2475
274344,3779
274344,17329
274345,161
274346,738
274351,17330
274353,6088
274355,10372
274356,17331
274359,17332
274369,202
274375,14475
274377,2890
274378,6036
274382,544
274388,2924
274393,14444
274393,14445
274393,14446
274399,17333
274403,254
274410,179
274411,10187
274416,4193
274417,17334
274421,6787
274425,13457
274434,7371
274445,1275
274448,9700
274456,17335
274478,222
274482,17336
274483,4436
274500,2302
274500,2303
274504,2302
274504,2303
274507,545
274509,213
274520,274
274522,6391
274528,17337
274536,275
274542,394
274553,17338
274561,552
274567,1962
274570,10084
274582,721
274591,1114
274604,10591
274612,17339
274615,17340
274620,9141
274626,17341
274632,17342
274636,7211
274650,99
274676,17343
274699,222
274701,16450
274702,157
274703,11256
274708,2638
274711,3142
274712,14208
274721,17344
274721,17345
274730,105
274733,1595
274750,931
274751,398
274755,5371
274756,3811
274759,17346
274761,2580
274772,17347
274778,3380
274780,4669
274781,185
274784,2282
274792,17348
274804,556
274838,2652
274842,157
274846,150
274849,17349
274857,39
274864,8903
274865,106
274866,10779
274866,10780
274868,178
274871,3000
274875,2418
274882,213
274885,12215
274887,2688
274888,222
274896,501
274904,539
274907,2444
274909,17350
274918,671
274921,17201
274929,17351
274932,10565
274939,17352
274945,17353
274948,1160
274965,17354
274969,935
274971,13627
274976,358
275001,891
275006,3001
275015,3028
275019,1082
275025,17355
275031,9766
275035,4343
275035,17356
275051,1687
275051,4355
275051,6455
275051,17357
275051,17358
275051,17359
275051,17360
275051,17361
275051,17362
275051,17363
275051,17364
275051,17365
275051,17366
275051,17367
275051,17368
275051,17369
275071,1127
275073,749
275074,17370
275074,17371
275075,1096
275085,2307
275095,136
275096,17372
275097,1832
275102,1324
275104,17373
275105,1667
275121,5354
275129,6580
275137,49
275140,655
275141,1719
275142,407
275144,2307
275147,966
275159,7291
275164,3889
275171,758
275187,15722
275191,5841
275192,837
275195,1255
275195,1344
275195,4967
275195,12342
275214,538
275219,111
275224,6640
275225,9322
275226,4551
275227,268
275239,8207
275240,76
275248,17374
275251,14058
275260,57
275266,821
275286,6470
275290,10711
275294,552
275303,153
275304,189
275325,17375
275327,549
275330,17376
275336,17377
275342,161
275358,5058
275364,552
275370,191
275387,262
275387,307
275387,552
275387,968
275387,1063
275387,1145
275387,1161
275387,1686
275387,1863
275387,3099
275387,3981
275387,7761
275387,10597
275387,14878
275393,22
275402,17378
275408,838
275423,2185
275425,17379
275426,3891
275426,3892
275426,3893
275431,121
275440,4410
275441,136
275450,5010
275463,17380
275469,962
275480,1061
275483,291
275484,9987
275485,6369
275487,5553
275487,14044
275487,14045
275487,17381
275488,17382
275489,6149
275494,763
275495,17383
275499,754
275506,573
275510,6290
275517,1026
275534,17384
275537,431
275538,3467
275547,5104
275547,17385
275556,195
275562,1512
275563,8659
275576,697
275581,1984
275584,17386
275595,3196
275600,17387
275603,17388
275611,17389
275618,4459
275622,749
275626,424
275632,5939
275634,736
275636,10438
275654,17390
275655,3648
275656,1242
275666,1009
275669,117
275672,965
275678,13119
275698,6511
275699,801
275718,17391
275723,6736
275730,6139
275732,433
275743,274
275748,409
275759,13550
275759,17392
275761,321
275762,15639
275765,203
275766,721
275769,3444
275779,127
275793,281
275796,2505
275805,17393
275807,8736
275810,531
275828,1381
275841,792
275841,1381
275843,1459
275847,91
275848,10133
275854,5281
275857,821
275863,6529
275869,1597
275870,1376
275881,1372
275883,1300
275888,17394
275894,1800
275901,245
275902,328
275907,2647
275912,1216
275916,17395
275927,15481
275928,1274
275934,870
275943,85
275944,4399
275953,17396
275955,2031
275958,297
275965,784
275966,2166
275968,2747
275969,2694
275990,15830
275995,3356
275997,1837
276006,17397
276008,12257
276012,17398
276013,185
276014,1772
276024,17399
276038,14743
276042,6086
276043,8830
276044,497
276047,17400
276050,26
276055,935
276064,1177
276067,17401
276069,8070
276072,17402
276074,1503
276075,501
276080,3239
276083,4409
276085,275
276088,662
276098,1556
276100,17403
276120,1938
276126,445
276127,139
276133,157
276148,4011
276150,17404
276174,17405
276179,319
276185,13408
276195,91
276199,17406
276203,1827
276206,291
276230,11444
276232,663
276248,5448
276262,17407
276271,17408
276291,136
276292,1033
276301,17409
276305,4689
276308,1710
276313,1026
276314,17410
276315,821
276317,2131
276328,1300
276330,6270
276330,10604
276330,10605
276335,446
276335,447
276340,9923
276343,17411
276348,17412
276349,336
276352,1804
276356,17413
276361,1702
276364,401
276365,15219
276365,15220
276366,5701
276373,346
276375,17414
276375,17415
276380,1390
276385,144
276386,17416
276396,3262
276405,701
276409,85
276415,14568
276415,17417
276419,17418
276420,5966
276454,17419
276455,1588
276465,4992
276471,1271
276483,85
276486,136
276488,4077
276491,123
276491,749
276498,537
276499,741
276515,3427
276521,4774
276529,1440
276535,1251
276546,6036
276546,9054
276554,1136
276555,4421
276557,17420
276564,17421
276574,1288
276581,393
276586,1431
276587,5764
276592,157
276596,5322
276598,14607
276601,17422
276604,6142
276610,2601
276617,57
276629,248
276632,741
276648,1411
276651,959
276654,761
276659,9465
276675,934
276682,12252
276691,17423
276692,15117
276695,1584
276697,91
276698,148
276702,10251
276706,17424
276712,9977
276717,39
276735,446
276735,447
276737,219
276741,24
276745,8049
276748,578
276749,17425
276754,2628
276765,135
276771,5831
276771,5832
276778,1572
276782,701
276784,488
276791,160
276799,918
276800,17426
276805,540
276810,5047
276812,3872
276816,17427
276823,157
276849,1706
276850,17428
276854,5090
276855,821
276863,135
276873,17429
276876,11972
276894,3624
276897,7656
276898,5207
276900,1201
276902,16634
276903,17430
276904,504
276911,17431
276912,111
276936,1971
276947,5569
276949,8919
276953,1440
276954,5770
276955,701
276960,13707
276962,17432
276978,2858
276978,2859
276983,150
276989,17433
277010,3840
277026,17434
277030,162
277031,322
277044,8765
277044,8766
277057,6505
277073,17435
277095,5609
277101,213
277104,162
277106,15004
277108,39
277110,17436
277122,299
277123,832
277123,833
277123,834
277123,835
277123,9354
277123,9355
277124,721
277134,722
277136,9
277137,5594
277148,5787
277155,17437
277158,17438
277166,4985
277180,431
277185,5221
277192,5340
277196,17439
277204,2504
277208,683
277208,2554
277209,3445
277211,1476
277216,6181
277218,12648
277226,1002
277227,17440
277230,1061
277231,17441
277233,2475
277234,3330
277241,185
277242,17442
277244,17443
277244,17444
277245,145
277248,17445
277273,10869
277295,17446
277297,10623
277304,17447
277305,17448
277314,501
277318,17449
277335,17450
277336,281
277338,291
277349,10349
277360,6367
277364,689
277376,4186
277377,358
277388,15598
277407,281
277414,2089
277418,1465
277419,691
277423,197
277425,1096
277426,6921
277427,10150
277443,17451
277464,3677
277481,8334
277484,157
277486,1381
277488,1908
277493,5660
277498,136
277508,393
277509,17452
277512,265
277513,7137
277513,7138
277525,721
277528,14064
277529,3416
277531,4177
277537,4409
277541,6355
277542,358
277544,1390
277549,148
277557,6020
277558,1484
277571,3083
277585,587
277590,2929
277593,2452
277596,16394
277599,815
277603,395
277613,11334
277620,800
277621,179
277621,3539
277624,185
277630,5746
277631,10639
277634,17453
277645,75
277649,54
277652,10372
277655,4799
277656,395
277660,17454
277662,395
277664,17455
277669,1135
277671,1063
277676,160
277685,9997
277686,17456
277688,17457
277692,330
277699,9756
277716,800
277720,7675
277723,3709
277724,1568
277729,162
277732,6099
277735,721
277736,612
277751,800
277759,17458
277761,11134
277764,599
277764,600
277765,6259
277765,6260
277770,357
277778,17459
277792,17460
277796,17461
277796,17462
277796,17463
277798,4971
277806,1424
277806,1425
277813,928
277813,2487
277815,185
277818,313
277820,9033
277823,3321
277832,301
277832,388
277832,1375
277832,4120
277832,4121
277832,4122
277832,4123
277832,4124
277832,4125
277832,4126
277832,4127
277832,4128
277832,4131
277832,4268
277832,6331
277832,6419
277832,6420
277832,13122
277832,17464
277832,17465
277832,17466
277832,17467
277832,17468
277832,17469
277832,17470
277832,17471
277837,352
277842,75
277844,10016
277876,17472
277878,3928
277887,17473
277890,195
277891,17474
277891,17475
277896,54
277897,99
277898,638
277899,284
277900,9259
277904,542
277920,319
277924,8447
277937,189
277944,39
277956,1556
277964,1178
277981,966
277989,2830
277990,17476
277997,905
278000,8882
278008,5585
278010,2475
278013,7130
278013,17477
278017,17478
278023,17479
278025,865
278026,4864
278041,3712
278044,1437
278073,721
278075,4539
278076,17480
278087,1722
278097,579
278098,44
278100,383
278101,1283
278104,4708
278106,17481
278113,2290
278116,995
278120,658
278134,1818
278134,8879
278134,10390
278134,11205
278134,11206
278134,11600
278140,194
278147,7363
278147,7364
278157,681
278161,5234
278174,659
278180,3330
278183,1760
278186,165
278187,199
278188,6724
278194,157
278195,6457
278196,482
278207,377
278209,848
278211,150
278212,6385
278217,17482
278218,12602
278230,57
278233,821
278235,12627
278247,3857
278258,17483
278260,2299
278261,17484
278268,17485
278269,17486
278289,1713
278305,2404
278315,110
278320,1618
278324,17487
278334,17488
278334,17489
278334,17490
278334,17491
278341,1224
278343,800
278353,99
278354,865
278361,150
278363,3157
278367,287
278376,285
278376,11359
278380,931
278384,17492
278387,7813
278389,5575
278404,154
278415,4977
278418,17493
278422,311
278422,312
278423,148
278435,3444
278439,4374
278439,4375
278439,4376
278445,2929
278446,17203
278449,587
278455,870
278461,5330
278465,3294
278469,931
278482,2098
278487,10992
278493,98
278509,4390
278510,147
278511,17494
278511,17495
278515,184
278519,13894
278522,2232
278523,140
278535,11133
278537,1285
278539,4954
278546,1325
278555,6670
278569,17496
278570,17497
278576,14779
278583,3516
278585,1730
278585,5319
278599,263
278623,17498
278625,17499
278652,11168
278657,17500
278660,1017
278667,3805
278681,1180
278681,3529
278687,638
278698,5701
278702,222
278704,987
278719,143
278723,8897
278723,8898
278727,14347
278734,17501
278747,5585
278755,11493
278759,17502
278772,2271
278778,200
278785,1554
278787,305
278807,184
278808,7992
278816,17503
278818,4200
278824,5565
278829,3002
278833,10973
278843,1194
278846,614
278850,6167
278872,2886
278876,578
278900,213
278901,1291
278907,17504
278911,612
278914,17505
278919,1563
278920,3975
278923,326
278923,681
278923,9071
278932,1695
278941,7815
278945,459
278945,803
278945,3627
278945,6335
278945,6483
278945,7939
278945,10806
278945,17184
278945,17506
278945,17507
278945,17508
278945,17509
278945,17510
278945,17511
278945,17512
278945,17513
278945,17514
278945,17515
278957,5271
278960,446
278960,447
278973,17516
278981,128
279001,17517
279002,336
279003,17518
279019,4669
279023,16189
279035,17519
279037,5189
279038,116
279039,17520
279044,200
279046,17521
279060,17522
279061,1203
279063,1429
279064,17523
279065,5517
279071,1336
279076,17524
279080,2118
279084,1979
279087,17525
279102,17526
279115,191
279117,99
279119,1010
279121,2327
279127,2678
279136,307
279140,1312
279142,9918
279148,17527
279149,1274
279150,1765
279153,1008
279158,1835
279179,712
279180,17528
279181,1165
279184,111
279190,1635
279191,2837
279192,17529
279202,813
279203,17287
279206,17530
279221,17531
279226,1023
279239,2404
279241,17532
279242,57
279268,679
279273,2497
279277,1909
279281,17533
279290,9286
279292,44
279295,4702
279307,6004
279310,136
279315,209
279326,8248
279344,16129
279346,1510
279347,17534
279354,3589
279356,4302
279362,17535
279365,17536
279377,2557
279379,8284
279388,5723
279391,17537
279394,5722
279401,17538
279403,17539
279411,123
279414,6474
279418,2164
279419,78
279431,1971
279433,2339
279434,1242
279439,17540
279439,17541
279444,2274
279460,1489
279467,15430
279470,6328
279471,1926
279484,318
279488,17542
279498,4678
279499,85
279504,891
279508,17543
279515,7787
279515,17544
279519,130
279523,668
279525,947
279527,1190
279543,3734
279557,2836
279560,3449
279570,14295
279572,284
279574,532
279581,9029
279589,5559
279601,669
279602,13626
279603,4779
279613,1136
279617,17545
279624,4033
279626,17546
279631,928
279631,3837
279636,6693
279638,17547
279640,3066
279649,2134
279650,250
279651,6149
279659,3467
279660,203
279681,4372
279686,8563
279687,17548
279688,3550
279690,17549
279690,17550
279691,1909
279694,17551
279695,8198
279696,931
279701,2712
279702,3229
279702,3230
279703,6438
279704,13894
279705,870
279717,24
279728,17552
279737,157
279763,7306
279766,1418
279779,1418
279782,157
279793,1836
279795,17553
279806,346
279810,14930
279811,17554
279821,10223
279826,352
279839,721
279851,17555
279851,17556
279867,227
279867,5609
279873,200
279878,777
279894,1588
279896,9410
279898,235
279907,17557
279908,1091
279909,105
279920,254
279924,476
279929,15643
279930,7597
279945,1827
279954,2458
279954,17558
279954,17559
279954,17560
279957,8872
279964,8888
279971,5239
279975,2678
279978,17561
279978,17562
279978,17563
279979,249
279982,150
279985,17564
279996,99
279997,161
280001,17565
280003,954
280016,17566
280016,17567
280016,17568
280019,3032
280027,139
280031,6174
280038,1047
280053,579
280055,928
280072,3754
280079,143
280084,17569
280088,11415
280091,17570
280093,17571
280100,179
280100,6552
280116,870
280117,1753
280131,841
280131,842
280135,227
280155,5992
280158,631
280161,1058
280164,17572
280166,205
280169,4316
280182,3170
280183,9976
280189,1285
280202,17294
280203,579
280206,870
280213,5191
280217,2661
280227,662
280238,17573
280240,17574
280245,14853
280246,17575
280248,856
280250,741
280257,1951
280257,17576
280270,1027
280278,1238
280279,17577
280280,5322
280281,26
280283,17203
280287,17219
280289,3113
280297,12289
280307,9474
280309,3032
280320,17578
280322,317
280327,6898
280333,7503
280337,1003
280340,2100
280343,17579
280347,2929
280348,1107
280351,9121
280357,1547
280363,712
280374,2796
280377,603
280378,270
280393,4885
280393,17580
280398,17581
280403,1390
280406,14138
280409,53
280412,4602
280424,2031
280432,17582
280435,13534
280442,712
280444,15123
280455,53
280459,6753
280461,486
280466,17583
280470,4326
280474,431
280513,3908
280518,194
280521,7271
280522,735
280524,2858
280524,2859
280533,17584
280552,3726
280556,10334
280560,587
280562,10611
280564,17585
280569,1547
280572,5569
280577,15225
280580,17586
280583,935
280583,17587
280587,17588
280589,48
280596,12734
280604,3461
280607,581
280609,8333
280617,90
280625,464
280647,2302
280647,2303
280651,281
280653,3791
280656,17589
280657,17590
280667,17591
280682,17592
280684,17593
280693,15403
280693,17594
280693,17595
280700,721
280708,3317
280711,5040
280712,4305
280717,10597
280718,17596
280719,3877
280721,7192
280722,3862
280724,17597
280728,955
280730,4016
280739,4890
280744,358
280748,69
280749,1938
280750,161
280752,3232
280755,4651
280760,7724
280763,107
280775,25
280776,388
280797,2190
280817,2710
280821,17598
280833,44
280848,2339
280856,17599
280857,161
280861,16735
280862,546
280865,135
280866,17600
280870,2694
280871,17601
280883,1584
280887,17602
280887,17603
280896,17604
280898,16626
280924,1134
280945,8211
280951,12344
280954,10017
280964,5517
280964,5641
280965,12631
280975,6306
280976,4222
280984,17605
280992,397
280998,174
281005,305
281007,17606
281008,613
281021,194
281034,1753
281038,697
281039,841
281039,842
281049,117
281051,8080
281060,17607
281061,17608
281062,22
281069,358
281088,351
281093,388
281101,17609
281115,2164
281121,336
281123,5995
281125,4740
281129,2677
281133,17610
281134,1226
281138,1753
281142,400
281147,17611
281155,563
281156,3948
281172,1503
281191,1968
281195,957
281201,6367
281208,1568
281222,1829
281223,57
281233,5384
281235,395
281241,135
281243,17612
281246,17613
281251,818
281261,271
281268,841
281268,842
281278,504
281279,684
281282,977
281287,2339
281290,2320
281292,11259
281328,5372
281333,1378
281334,6036
281342,17614
281349,754
281357,16904
281358,17615
281368,358
281370,578
281372,25
281380,399
281382,11303
281383,5104
281383,5105
281388,210
281396,4409
281403,17616
281404,110
281412,1706
281416,4626
281417,10789
281419,185
281424,88
281433,1559
281442,17617
281463,16549
281475,6304
281477,1440
281486,2651
281501,4198
281511,722
281514,816
281527,689
281529,4152
281556,549
281562,804
281563,7183
281572,1807
281579,17618
281580,12729
281584,451
281585,2268
281586,319
281588,1834
281592,426
281593,2922
281599,4416
281606,2322
281611,1082
281613,17619
281619,2391
281621,501
281631,753
281639,2810
281642,199
281645,679
281647,5058
281649,17620
281650,11713
281661,3168
281664,275
281669,185
281673,1129
281679,16145
281680,2529
281680,3037
281680,3196
281680,3231
281680,3322
281680,3851
281680,4177
281680,4478
281680,5032
281680,5567
281680,7623
281680,17621
281680,17622
281680,17623
281680,17624
281680,17625
281680,17626
281680,17627
281684,99
281694,17628
281694,17629
281696,7959
281697,7084
281701,532
281705,161
281706,280
281722,17630
281742,2102
281744,160
281749,1165
281750,16519
281754,17631
281765,10050
281768,9110
281802,478
281807,17507
281808,140
281820,841
281820,842
281825,7569
281838,195
281849,6157
281857,5430
281861,13086
281869,4235
281870,8985
281877,578
281883,7057
281894,17632
281902,16075
281903,17633
281909,817
281914,17634
281921,936
281922,707
281936,16816
281942,17635
281953,3382
281959,10361
281962,4383
281962,4384
281966,1096
281967,17636
281981,17637
281985,5086
281986,4004
281990,1583
281996,11358
281999,1563
282009,17638
282020,918
282027,5627
282029,91
282033,1798
282036,2102
282037,248
282040,9322
282043,5150
282044,9126
282049,305
282066,179
282066,1852
282066,1854
282066,1859
282066,2102
282066,3089
282066,3541
282066,4898
282066,5737
282066,5738
282066,9662
282066,10758
282066,12207
282066,13828
282066,17639
282066,17640
282066,17641
282073,5355
282075,1695
282076,1472
282078,2385
282091,803
282094,6150
282095,10256
282100,158
282104,200
282109,205
282116,671
282121,556
282124,689
282125,548
282139,2125
282139,3268
282140,2809
282140,11561
282146,17642
282147,17230
282152,11575
282168,821
282193,160
282193,245
282193,357
282193,821
282193,877
282193,918
282193,2467
282209,2031
282214,446
282214,447
282225,556
282231,2371
282232,4955
282243,3218
282244,17643
282247,1977
282248,2088
282249,6964
282265,150
282267,265
282270,3356
282271,14022
282282,1949
282288,803
282292,1635
282309,571
282311,2274
282338,851
282356,179
282356,1600
282359,1026
282360,17644
282363,17645
282365,17646
282369,17647
282374,663
282374,9511
282377,185
282380,1092
282386,3020
282391,2837
282413,3948
282417,17648
282417,17649
282441,966
282443,157
282448,424
282457,17650
282462,6809
282465,135
282467,482
282479,17651
282486,2327
282491,12839
282493,3229
282497,17652
282501,5565
282503,815
282516,12557
282531,4829
282535,61
282536,17653
282536,17654
282536,17655
282536,17656
282539,44
282547,4026
282549,7136
282551,17657
282562,3640
282571,1515
282589,928
282589,2487
282598,450
282602,17658
282604,91
282610,1971
282611,14248
282623,105
282624,17659
282647,659
282652,17660
282660,6810
282680,803
282685,531
282693,488
282700,107
282701,17661
282703,17662
282705,233
282712,17663
282712,17664
282722,3466
282725,9657
282726,15635
282727,931
282729,1733
282730,194
282732,7
282759,2580
282772,17665
282774,284
282775,136
282781,956
282791,11764
282799,2535
282802,17666
282811,1728
282812,578
282819,493
282823,4577
282829,73
282833,17667
282837,6800
282845,13894
282846,16117
282859,4593
282860,17668
282866,1129
282874,501
282881,2837
282882,2277
282882,5567
282885,7849
282885,10913
282889,3740
282889,4922
282889,6891
282892,2014
282892,6729
282902,2629
282905,9575
282907,1275
282912,17669
282914,498
282919,186
282926,7585
282929,17670
282930,17671
282930,17672
282937,6213
282943,4500
282949,2678
282954,3974
282963,17673
282964,4292
282967,17674
282968,1429
282974,1588
282996,611
283001,12216
283005,658
283006,17675
283010,270
283011,13966
283026,242
283047,3452
283051,701
283058,254
283064,12924
283095,1993
283095,1994
283096,17384
283099,11541
283108,2895
283122,44
283127,175
283128,17676
283133,17677
283142,74
283154,13928
283156,1402
283158,2125
283159,4913
283166,157
283171,446
283171,447
283173,3002
283178,17678
283185,627
283187,17679
283195,1331
283199,13731
283202,439
283249,143
283263,17680
283269,2753
283271,9975
283273,2385
283281,17681
283295,15137
283317,4177
283320,753
283324,4749
283325,567
283329,281
283332,17682
283335,17683
283348,788
283363,1947
283365,752
283366,2444
283367,10404
283368,1607
283370,7971
283377,10819
283385,263
283391,7570
283398,3032
283399,9734
283404,17684
283410,14757
283412,7067
283413,26
283417,284
283420,105
283428,4432
283431,8612
283457,17685
283458,17686
283460,2649
283467,754
283473,12201
283489,5361
283490,770
283495,885
283501,17687
283514,684
283519,1071
283519,1072
283524,8962
283525,11821
283548,1943
283551,17688
283557,741
283562,4364
283563,683
283571,3445
283596,15118
283598,6858
283601,788
283611,17689
283614,398
283622,6740
283623,552
283625,15095
283630,185
283635,4399
283638,531
283652,1489
283662,2327
283668,2629
283670,2031
283672,8044
283676,859
283691,10349
283694,446
283694,447
283695,1937
283696,17690
283699,3862
283702,999
283715,645
283716,4886
283717,624
283718,91
283721,657
283722,17691
283728,10175
283732,2945
283737,929
283740,17692
283743,17618
283744,54
283748,5848
283754,17693
283758,5099
283760,2339
283774,5261
283775,26
283782,612
283783,157
283794,634
283796,4862
283804,2271
283804,17694
283818,3525
283824,4579
283826,17695
283826,17696
283827,17697
283833,17698
283840,17699
283862,17700
283882,2084
283889,17701
283889,17702
283892,6505
283901,1563
283908,1556
283913,284
283923,4078
283931,12137
283939,8334
283941,2763
283952,556
283958,17703
283963,1303
283979,788
283991,17704
283993,91
284004,1148
284011,488
284021,17705
284042,578
284045,4286
284049,17706
284052,17707
284055,1223
284062,5613
284070,531
284078,17708
284080,1331
284086,17709
284090,766
284091,4361
284100,17710
284114,1691
284118,1254
284119,13
284124,17711
284127,17712
284133,5326
284134,7135
284151,6652
284160,185
284162,2511
284163,39
284169,305
284172,157
284173,17713
284177,340
284178,17714
284186,17715
284195,7067
284199,191
284200,10396
284204,17716
284207,460
284217,4364
284222,6898
284223,17717
284223,17718
284234,1313
284240,10196
284250,468
284250,5173
284250,6335
284250,17719
284250,17720
284250,17721
284250,17722
284250,17723
284250,17724
284250,17725
284251,6036
284251,17726
284251,17727
284251,17728
284251,17729
284251,17730
284251,17731
284251,17732
284251,17733
284251,17734
284251,17735
284251,17736
284251,17737
284251,17738
284255,12780
284261,10597
284263,17739
284266,721
284268,1765
284269,8334
284281,17740
284288,17741
284293,662
284294,17742
284299,817
284299,1711
284299,1712
284304,414
284336,563
284336,837
284336,1577
284338,1299
284343,13519
284344,5746
284347,14922
284350,200
284364,865
284372,10619
284395,4239
284396,300
284414,200
284418,3746
284455,2339
284459,1114
284467,15909
284471,17743
284479,12208
284479,17744
284483,17745
284483,17746
284485,17747
284485,17748
284485,17749
284494,696
284502,17750
284504,203
284507,307
284510,578
284513,2649
284515,3610
284518,697
284521,816
284526,2125
284526,3268
284529,1846
284532,250
284554,298
284556,3023
284561,17751
284563,1665
284564,102
284565,17752
284575,54
284580,13897
284583,3869
284592,275
284593,2475
284612,1312
284613,17753
284616,707
284616,3066
284626,552
284627,707
284631,2102
284640,319
284642,803
284646,222
284649,222
284652,3708
284655,17754
284664,157
284665,2836
284669,9638
284677,5086
284677,17755
284680,671
284688,130
284690,1064
284701,54
284710,17756
284714,22
284716,1501
284717,189
284722,4409
284724,17757
284725,9121
284726,4401
284726,17758
284742,17759
284744,4380
284745,4286
284756,3229
284756,3230
284758,4793
284770,3537
284776,482
284781,13
284795,2656
284801,665
284808,7298
284814,1685
284819,17760
284832,8749
284832,8750
284835,9739
284849,17761
284851,1837
284858,17762
284864,10499
284873,4062
284881,1765
284905,928
284912,17763
284919,185
284921,631
284927,17764
284929,7067
284932,1783
284933,17765
284935,1038
284936,3493
284947,6851
284948,5287
284949,17766
284953,17767
284955,17768
284961,91
284962,17769
284976,17770
284982,5382
284986,663
284989,11568
284989,16372
284989,17771
284989,17772
285002,1341
285004,2404
285023,12066
285030,9369
285033,582
285042,17773
285048,15882
285057,17774
285060,729
285062,17775
285063,17776
285065,5304
285065,5305
285070,17777
285078,574
285082,17778
285088,3196
285089,6176
285094,73
285103,4026
285105,929
285127,298
285141,189
285155,2547
285161,7892
285162,274
285169,4977
285171,9428
285176,4747
285178,5612
285185,531
285189,17779
285197,2276
285198,804
285212,3287
285217,707
285242,17780
285251,6486
285260,17781
285265,17782
285270,1983
285272,17783
285277,7084
285283,4570
285283,4571
285291,3020
285294,6769
285295,17784
285302,13097
285303,17785
285327,1685
285340,17786
285348,629
285353,11726
285360,4250
285365,157
285366,556
285380,17787
285394,862
285407,6664
285408,12150
285415,3881
285418,150
285421,17788
285422,1720
285425,1987
285427,69
285432,17789
285435,3330
285439,17790
285439,17791
285440,2251
285453,17792
285466,121
285470,298
285484,2858
285484,2859
285490,61
285490,7643
285506,3357
285508,4403
285512,13725
285513,17793
285517,1411
285519,17794
285521,13397
285521,14693
285528,701
285529,713
285552,16563
285556,281
285562,3522
285566,1099
285579,861
285581,17795
285582,1134
285585,2216
285589,556
285591,3385
285592,17796
285592,17797
285603,2609
285615,17798
285622,9058
285629,81
285635,17799
285644,99
285646,1908
285650,17800
285650,17801
285650,17802
285664,3239
285680,1695
285689,2307
285693,298
285719,1889
285726,414
285733,460
285733,601
285734,17803
285745,563
285757,17804
285757,17805
285764,3037
285767,2678
285771,2339
285787,17806
285788,191
285802,553
285808,662
285816,5213
285819,287
285840,2775
285851,10531
285858,4490
285877,3060
285882,612
285886,2102
285887,17807
285903,102
285903,1951
285921,702
285928,2728
285932,2804
285935,17808
285941,459
285942,739
285947,2219
285948,254
285953,17809
285957,460
285968,16924
285970,13395
285971,611
285978,16645
285983,150
285986,14318
285993,578
286001,8048
286002,17810
286003,5690
286009,7537
286012,4058
286017,1635
286028,838
286036,75
286038,195
286039,17811
286045,17812
286047,5143
286061,2404
286065,17813
286079,17814
286082,17815
286091,1114
286093,1155
286096,856
286098,4785
286099,8277
286113,6553
286116,247
286120,2520
286124,17816
286125,160
286131,1484
286132,17817
286133,1082
286134,17818
286165,2562
286171,17819
286175,2836
286177,17820
286180,17821
286188,203
286211,11194
286211,11195
286213,383
286218,17822
286237,10184
286242,735
286244,17823
286247,17824
286253,5218
286256,4234
286263,290
286270,457
286275,2100
286276,298
286278,17825
286282,245
286285,3926
286286,2693
286287,2307
286288,446
286288,447
286298,273
286300,918
286305,10133
286305,17826
286311,923
286312,13
286318,345
286322,185
286345,2041
286353,7990
286355,3493
286365,1082
286369,928
286379,17827
286384,2327
286389,482
286393,17828
286396,5271
286401,57
286401,160
286401,245
286401,275
286401,357
286401,713
286401,1372
286425,1165
286447,230
286448,17829
286459,16350
286459,16351
286460,17830
286460,17831
286466,923
286489,440
286492,15149
286506,3406
286509,13373
286516,336
286526,3935
286545,5257
286548,15263
286560,17832
286560,17833
286564,17834
286566,17835
286581,2339
286587,158
286592,2709
286593,17836
286596,1194
286601,4329
286606,99
286614,3608
286618,5514
286622,17837
286641,1063
286667,1303
286668,17838
286678,161
286680,17839
286686,17840
286686,17841
286686,17842
286691,24
286696,17843
286704,7188
286712,17844
286715,2547
286718,17845
286728,185
286730,17846
286737,1830
286738,5670
286772,9876
286773,26
286779,552
286786,17847
286788,17848
286789,2690
286792,2678
286794,815
286797,57
286801,9316
286805,17849
286805,17850
286805,17851
286806,17852
286814,17853
286816,99
286816,1283
286829,17854
286839,1275
286840,17855
286848,8431
286865,14260
286868,10508
286874,6157
286889,105
286892,7503
286899,99
286900,17856
286903,1846
286905,4008
286912,1450
286920,143
286921,17857
286927,291
286938,439
286944,546
286950,1093
286951,29
286963,16535
286964,918
286983,1695
287000,17858
287006,1129
287013,5853
287016,1466
287016,17859
287020,1846
287023,17812
287035,1563
287036,17860
287045,15623
287045,15624
287047,17861
287054,820
287055,1979
287090,17862
287090,17863
287099,17864
287109,11005
287118,485
287122,7873
287125,3927
287130,4959
287135,17865
287141,5150
287151,2351
287155,1052
287156,12818
287156,17866
287156,17867
287156,17868
287156,17869
287156,17870
287156,17871
287156,17872
287161,965
287174,3380
287177,1058
287180,2015
287184,17873
287200,3927
287205,587
287206,3032
287207,3194
287215,865
287219,4339
287220,44
287222,828
287222,829
287225,8639
287226,11402
287228,39
287229,15704
287231,17874
287241,17875
287242,611
287244,135
287247,5922
287251,17876
287254,17877
287262,1721
287268,17878
287269,2681
287286,5291
287287,4249
287296,739
287302,9359
287309,742
287319,291
287321,14403
287333,4289
287341,7130
287353,58
287371,754
287377,908
287377,3646
287377,3653
287377,3654
287377,3655
287384,17580
287393,17879
287395,1457
287397,17880
287401,13977
287408,505
287411,2901
287424,578
287428,5316
287434,154
287439,2015
287445,17881
287446,2971
287447,1951
287469,671
287482,7211
287483,17882
287488,9530
287491,1299
287501,615
287503,195
287518,1465
287520,6160
287524,4679
287527,2652
287532,4177
287535,1532
287538,1951
287551,17883
287556,7547
287559,1135
287570,1238
287572,17884
287580,17885
287583,17886
287584,4334
287589,17887
287593,17888
287622,929
287629,763
287639,9403
287643,2597
287644,5638
287645,17889
287653,740
287658,17890
287664,1324
287669,971
287678,6797
287683,7325
287686,284
287688,120
287689,17891
287695,17892
287717,2596
287729,3753
287730,17893
287741,962
287744,1584
287746,2404
287778,12743
287781,2088
287786,912
287789,2708
287794,689
287800,2243
287806,17894
287813,5221
287814,15154
287815,46
287817,17895
287818,556
287829,200
287830,1154
287843,966
287853,3421
287854,17896
287861,1832
287862,1007
287865,17875
287866,3372
287869,1234
287870,17897
287873,448
287875,721
287882,4851
287883,17898
287884,579
287886,7936
287891,7892
287892,13395
287896,4518
287897,17899
287919,179
287925,2340
287942,273
287950,579
287954,7693
287960,4562
287965,2340
287977,281
287989,3742
288004,1233
288012,4081
288014,6745
288014,6746
288026,803
288028,341
288031,17900
288041,308
288042,12590
288045,8616
288046,2869
288053,185
288068,1720
288075,9394
288075,17901
288080,6704
288081,15628
288083,17902
288083,17903
288085,671
288087,17904
288097,15586
288099,3524
288105,17905
288113,185
288118,2718
288126,611
288130,158
288132,3735
288132,17906
288146,139
288147,445
288152,17907
288155,9101
288157,17908
288168,17909
288175,150
288176,4793
288180,3229
288188,17726
288190,692
288204,501
288205,804
288215,327
288217,35
288219,17910
288220,54
288225,1584
288240,2845
288252,9
288255,1510
288267,17911
288267,17912
288274,281
288280,3589
288289,2444
288290,17913
288294,284
288295,803
288313,3203
288313,3204
288323,17914
288325,9901
288331,17915
288332,17916
288335,8612
288341,3199
288345,815
288356,17917
288373,4339
288379,88
288392,713
288406,6363
288420,3222
288426,17918
288429,17919
288434,17920
288435,315
288438,6630
288459,17921
288464,1971
288466,300
288467,17922
288481,3175
288481,17923
288481,17924
288482,17925
288484,121
288494,9939
288496,17926
288504,15362
288512,3260
288519,17927
288520,578
288528,17928
288529,2681
288530,5723
288531,2034
288536,4904
288537,17929
288538,17930
288541,150
288545,1981
288552,17931
288557,563
288561,3069
288563,2328
288567,75
288577,2609
288578,17932
288580,17933
288583,1706
288584,10500
288593,7849
288593,10913
288598,5145
288600,841
288600,842
288602,250
288605,191
288607,157
288608,1129
288614,12089
288614,17934
288621,298
288628,13294
288632,2577
288635,3193
288645,2268
288646,1159
288654,17935
288655,663
288656,2178
288658,10150
288681,4903
288682,17936
288690,17937
288691,203
288691,3158
288694,17938
288694,17939
288711,179
288721,752
288748,17940
288767,39
288780,2441
288787,657
288793,48
288803,1584
288805,4142
288813,17941
288813,17942
288827,2125
288827,3268
288828,2035
288837,3076
288855,291
288857,1489
288865,143
288880,73
288884,4298
288887,6027
288890,3158
288893,17943
288897,947
288903,17944
288915,361
288927,1061
288931,2652
288945,5843
288949,17945
288950,641
288960,17946
288962,4824
288967,669
288981,861
288985,17947
289001,213
289002,17948
289014,99
289019,17949
289019,17950
289029,713
289037,44
289038,17951
289041,161
289043,4635
289050,17952
289051,17953
289052,808
289053,17954
289055,1180
289055,2464
289060,848
289069,11662
289077,399
289087,3536
289092,1381
289096,78
289100,842
289105,383
289111,3102
289115,17955
289116,26
289116,1851
289116,1853
289116,1855
289116,1856
289116,1857
289116,1859
289116,1865
289116,2126
289116,2300
289116,3122
289116,3330
289116,3532
289116,3541
289116,3547
289116,4326
289116,5123
289116,8034
289116,9789
289116,10598
289116,12958
289116,14135
289116,14914
289116,17956
289116,17957
289116,17958
289116,17959
289116,17960
289116,17961
289116,17962
289116,17963
289116,17964
289132,8881
289133,563
289141,17965
289155,17966
289165,4327
289182,3846
289201,17967
289203,818
289222,3107
289228,17968
289236,17969
289240,4681
289241,275
289244,457
289245,17970
289246,17971
289256,284
289279,117
289292,1498
289311,800
289312,707
289319,2293
289321,556
289323,17972
289344,947
289350,281
289354,2252
289366,3166
289370,298
289371,11299
289374,2289
289391,17973
289392,977
289395,599
289395,1516
289424,739
289426,401
289426,15820
289428,959
289438,7276
289443,14952
289446,10573
289451,2190
289468,1307
289497,4243
289503,123
289507,185
289517,4436
289520,13
289524,1060
289530,17974
289532,17975
289534,1806
289539,17976
289545,480
289548,1129
289561,969
289563,3526
289571,15143
289573,689
289580,17977
289580,17978
289580,17979
289591,15542
289608,6396
289612,928
289613,5028
289614,553
289620,13540
289624,785
289632,578
289633,39
289634,17980
289639,3382
289643,14593
289643,17981
289643,17982
289657,608
289661,210
289673,17983
289681,17984
289683,13922
289695,1155
289697,1061
289699,2125
289699,3268
289701,7247
289706,17985
289708,17986
289715,263
289718,14406
289727,49
289733,4799
289736,5466
289737,17987
289745,1713
289749,13935
289753,85
289755,116
289759,2997
289763,931
289766,2439
289771,17988
289782,552
289782,11802
289790,870
289804,14954
289807,199
289825,17989
289828,17990
289830,4717
289836,346
289846,6895
289853,17991
289855,17992
289858,739
289868,17993
289872,321
289874,508
289876,99
289876,4019
289885,1203
289887,553
289890,3037
289890,4869
289895,298
289905,17994
289907,123
289911,17995
289913,5654
289924,10866
289926,17996
289946,4794
289950,191
289951,160
289954,179
289960,17997
289963,6425
289964,17998
289967,17999
289980,6425
289982,18000
289984,12975
289985,3907
289987,18001
289999,4961
290002,2404
290003,18002
290005,5430
290010,1984
290013,5996
290023,18003
290040,3806
290041,18004
290048,18005
290049,2125
290049,3268
290054,12500
290056,18006
290058,245
290060,11058
290068,18007
290078,5150
290086,18008
290087,2302
290087,2303
290089,813
290101,18009
290108,9186
290115,91
290116,125
290117,18010
290119,18011
290120,18012
290121,4289
290125,53
290145,54
290159,18013
290164,3203
290164,3204
290178,18014
290182,2601
290184,18015
290187,1667
290193,112
290198,8723
290211,2599
290225,1554
290237,10311
290239,534
290245,148
290247,1942
290248,8431
290249,29
290252,2571
290255,798
290259,250
290260,16701
290269,1829
290270,635
290271,761
290274,146
290277,1658
290283,18016
290292,99
290300,10953
290300,11655
290301,18017
290310,14476
290317,1720
290318,398
290320,5721
290330,15910
290337,663
290339,305
290368,638
290373,18018
290375,700
290381,10591
290386,18019
290387,10377
290387,10378
290390,5285
290394,18020
290410,7724
290419,90
290426,2475
290427,18021
290432,29
290457,5760
290464,15683
290466,846
290470,18022
290476,2034
290478,2142
290479,3981
290490,10951
290501,18023
290506,6853
290509,18024
290518,8380
290519,85
290520,2595
290526,1065
290527,200
290528,18025
290531,3392
290544,120
290546,6273
290551,91
290556,300
290562,634
290564,4629
290583,18026
290589,18027
290592,233
290594,6592
290615,503
290619,5466
290626,233
290628,393
290634,39
290639,5276
290650,14886
290659,2286
290662,870
290663,18028
290664,460
290664,2122
290674,9382
290698,4294
290700,242
290701,1128
290706,1163
290710,18029
290713,2968
290725,1257
290726,319
290727,8923
290734,663
290738,18030
290741,211
290741,13147
290742,2031
290747,7219
290749,18031
290763,7057
290771,1459
290783,7286
290786,999
290807,587
290813,18032
290814,143
290816,6373
290818,10007
290820,501
290821,10377
290821,10378
290827,12526
290831,18033
290834,1532
290855,3229
290856,1583
290857,298
290860,1559
290860,1560
290861,1565
290866,18034
290869,5169
290874,340
290878,3236
290883,663
290886,4484
290895,18035
290902,18036
290923,8294
290932,2035
290936,8799
290942,39
290945,1979
290947,98
290974,2185
290982,4380
290989,862
290997,3004
291001,160
291004,12434
291010,521
291011,1336
291017,245
291022,304
291030,3964
291035,446
291035,447
291039,2901
291042,5704
291048,194
291049,136
291050,516
291053,15323
291054,721
291059,8885
291059,8886
291059,8887
291059,18037
291060,18038
291064,18039
291075,464
291087,18040
291090,18041
291095,862
291108,8271
291121,18042
291127,18043
291127,18044
291127,18045
291131,746
291136,189
291140,999
291153,2945
291161,18046
291174,17928
291175,18047
291181,944
291191,2490
291192,13981
291195,2088
291203,1476
291209,4372
291211,614
291219,453
291219,454
291220,227
291221,18048
291221,18049
291227,18050
291227,18051
291233,18052
291239,135
291246,4062
291250,2837
291254,1030
291258,6190
291261,18053
291271,1647
291276,3539
291282,13397
291283,88
291286,5843
291295,1577
291296,2134
291299,2686
291301,578
291306,2938
291308,12678
291318,1811
291322,1165
291325,358
291335,2120
291340,2140
291351,18054
291353,7355
291354,8928
291361,800
291363,1765
291366,480
291371,162
291381,11100
291389,1765
291391,1186
291393,992
291398,662
291399,3827
291408,3948
291411,1895
291417,3074
291419,18055
291427,18056
291428,136
291435,18057
291449,16545
291455,5560
291456,18058
291462,3019
291464,847
291474,1367
291475,556
291477,587
291498,1889
291505,18059
291509,531
291516,11969
291519,284
291534,18060
291558,587
291563,7084
291571,150
291573,1217
291575,4720
291576,18061
291579,872
291585,3166
291589,135
291594,18062
291606,13950
291608,821
291621,18063
291623,18064
291627,6363
291628,6066
291628,12854
291628,18065
291628,18066
291629,1303
291634,11927
291646,1713
291649,679
291663,6379
291674,18067
291690,5822
291698,18068
291700,358
291704,6760
291704,18069
291704,18070
291704,18071
291712,605
291712,1481
291712,9791
291712,13544
291712,13545
291712,13546
291712,13547
291712,13548
291712,13550
291712,13551
291712,13587
291712,18072
291712,18073
291714,18074
291722,99
291733,222
291747,6484
291765,2933
291774,18075
291803,116
291806,2031
291810,69
291814,2092
291820,928
291827,18076
291832,185
291835,5996
291841,6363
291849,144
291852,18077
291875,281
291876,18078
291884,5399
291899,18079
291906,18080
291916,3584
291928,2444
291930,7129
291930,18081
291944,11872
291949,2178
291953,18082
291957,1128
291964,18083
291966,501
291969,18084
291972,18085
291974,445
291977,714
291985,2171
291988,161
291991,3754
291993,1760
291996,263
291999,12320
292006,7413
292007,18086
292012,1002
292013,9092
292015,2580
292019,1548
292025,2088
292032,319
292033,18087
292038,6441
292042,242
292043,1581
292048,4250
292049,18088
292053,2686
292058,8695
292058,8696
292066,659
292070,18089
292075,132
292079,2975
292084,18090
292087,13159
292090,11461
292093,75
292099,18091
292102,7881
292106,918
292126,6425
292134,98
292136,701
292140,9495
292142,848
292147,14138
292159,3791
292165,1695
292168,8595
292172,18092
292174,13576
292195,552
292201,29
292203,18093
292205,18094
292210,618
292213,3695
292219,621
292226,18095
292231,8066
292234,57
292256,1411
292256,1639
292256,1640
292256,9501
292256,10276
292256,12203
292256,15984
292256,18096
292256,18097
292256,18098
292256,18099
292256,18100
292256,18101
292256,18102
292256,18103
292256,18104
292263,6932
292267,18105
292279,18106
292294,753
292295,556
292296,816
292298,1478
292309,11103
292309,11104
292312,17719
292317,5342
292319,18107
292321,11487
292329,2454
292332,18108
292332,18109
292332,18110
292332,18111
292335,5244
292341,227
292341,1751
292357,4500
292364,1966
292375,211
292382,18112
292383,3321
292384,1336
292389,300
292389,7620
292400,12208
292402,414
292409,18113
292410,3525
292413,2924
292421,4089
292423,7922
292427,10223
292429,18114
292436,1899
292446,224
292448,12917
292459,2738
292463,10451
292465,1063
292466,319
292467,738
292471,955
292472,3229
292494,653
292499,16152
292501,1457
292521,4515
292527,7472
292528,631
292534,18115
292536,275
292538,81
292540,18116
292550,4556
292562,11248
292570,18117
292571,451
292583,446
292583,447
292592,15413
292597,754
292606,157
292608,18118
292614,57
292622,250
292624,3467
292627,1033
292629,1538
292632,815
292634,7816
292645,1739
292651,4604
292668,358
292669,815
292672,5311
292672,5312
292673,1007
292688,848
292690,18119
292692,52
292695,12525
292704,284
292705,5689
292709,499
292713,535
292720,1857
292729,18120
292732,17689
292749,18121
292775,44
292777,145
292786,14175
292787,16445
292790,923
292793,556
292805,11299
292822,5452
292822,12953
292823,98
292829,18122
292832,1879
292838,185
292841,16120
292851,203
292853,17011
292863,4288
292867,2302
292880,12521
292881,94
292882,18123
292884,1753
292891,2929
292894,150
292897,18124
292902,280
292903,18125
292910,573
292912,922
292920,3034
292931,18126
292933,18127
292934,1411
292942,612
292944,17441
292948,1160
292957,18128
292963,18129
292965,712
292968,14593
292973,807
292987,11044
292989,18130
292992,597
293011,319
293013,18131
293014,556
293018,3999
293034,127
293036,18132
293057,586
293058,4141
293063,813
293064,2103
293087,2837
293093,18133
293096,2284
293108,712
293118,53
293123,70
293131,144
293134,18134
293137,2587
293139,358
293142,9912
293144,9394
293149,10172
293152,1437
293155,91
293166,3127
293179,587
293183,2381
293197,12881
293200,1548
293231,4352
293242,604
293250,679
293252,8152
293261,150
293262,907
293279,3134
293310,189
293315,4134
293320,291
293330,1772
293332,870
293333,57
293336,6925
293344,8198
293345,203
293353,18135
293360,3399
293363,39
293368,2328
293384,1254
293400,728
293402,8340
293402,8341
293404,444
293421,13242
293424,6949
293425,861
293426,17181
293427,539
293430,18136
293445,2307
293460,353
293468,8425
293469,12516
293475,281
293482,541
293494,2690
293497,18137
293504,587
293507,11800
293508,4251
293528,18138
293531,486
293532,553
293534,3975
293537,222
293540,18139
293547,18140
293564,2384
293589,191
293594,5701
293615,562
293617,7328
293621,1136
293625,191
293626,7982
293628,791
293630,1008
293632,5619
293637,2519
293652,2947
293652,18141
293654,336
293655,18142
293661,3395
293669,18143
293669,18144
293672,529
293674,578
293675,8181
293678,414
293679,1760
293689,544
293691,18145
293694,13919
293703,2327
293721,2131
293723,2810
293741,1626
293753,761
293756,7372
293759,3182
293767,5276
293771,5104
293771,18146
293782,13154
293785,1477
293785,1672
293794,1563
293796,4573
293799,1397
293802,18147
293808,4667
293810,18148
293815,18149
293815,18150
293816,3294
293818,18151
293819,1089
293821,3981
293824,8749
293824,8750
293825,6753
293826,18152
293831,18153
293831,18154
293840,18155
293841,861
293861,403
293876,1109
293881,18156
293883,12160
293888,9316
293889,12839
293902,18157
293903,1065
293903,5548
293906,250
293911,12040
293919,18158
293923,280
293929,12884
293930,459
293937,1201
293939,1129
293946,5723
293948,185
293953,6030
293954,291
293967,18159
293967,18160
293967,18161
293972,78
293972,433
293972,563
293972,671
293972,712
293972,781
293972,837
293972,1937
293972,2151
293972,5754
293972,10558
293972,16439
293972,16972
293972,18162
293974,185
293975,99
293993,18163
293997,245
293998,268
294006,18164
294010,39
294014,11657
294018,2686
294033,813
294045,4262
294049,3117
294064,1180
294064,3529
294065,99
294080,18165
294084,662
294085,5207
294091,2712
294095,8243
294101,280
294104,3445
294111,274
294111,8996
294118,4945
294140,485
294141,18166
294148,1163
294150,18167
294151,446
294151,447
294152,18168
294157,3730
294165,18169
294174,5407
294175,57
294184,5316
294187,17726
294197,185
294201,10792
294208,191
294210,803
294219,2575
294219,2576
294234,18170
294234,18171
294252,18172
294254,9759
294259,611
294261,556
294267,67
294270,2274
294277,501
294280,53
294285,2421
294288,712
294289,803
294290,110
294303,18173
294317,17792
294324,291
294330,18174
294349,8163
294355,18175
294358,13882
294358,18176
294361,7319
294365,1832
294369,291
294370,7617
294373,1543
294376,3032
294377,587
294382,191
294386,1858
294386,1863
294388,39
294392,501
294397,2924
294398,139
294399,1372
294401,1764
294408,5231
294412,6086
294424,111
294428,18177
294443,713
294454,6306
294455,3930
294458,57
294463,18178
294472,3421
294476,1727
294481,3000
294486,604
294499,12255
294516,281
294518,8771
294522,11085
294533,7124
294555,157
294556,5177
294568,4626
294580,2353
294583,749
294589,7413
294599,18179
294610,4692
294614,821
294617,464
294625,8307
294627,11360
294632,556
294637,5285
294643,14563
294652,5486
294661,18180
294668,200
294669,36
294677,1102
294683,634
294685,13315
294686,627
294690,18181
294692,1324
294693,10243
294700,18182
294707,18183
294712,8999
294719,18184
294721,1522
294723,1834
294730,4299
294736,482
294738,4638
294741,18185
294745,18186
294767,482
294768,3209
294773,18187
294787,815
294806,674
294811,8522
294816,7099
294836,18188
294846,3913
294868,431
294869,815
294871,52
294873,17737
294878,701
294888,15423
294905,1804
294915,18189
294917,254
294920,3907
294928,4831
294935,1165
294941,4345
294945,526
294946,3415
294948,3467
294953,815
294954,117
294959,2609
294961,13742
294964,18190
294993,671
294999,6787
295000,2661
295001,333
295002,8830
295007,721
295014,18191
295015,777
295018,5774
295022,5454
295022,5455
295022,18192
295024,2140
295032,505
295032,1251
295032,3159
295032,3160
295032,4272
295032,9988
295032,9991
295032,11609
295032,13412
295032,16314
295032,17098
295032,18193
295032,18194
295032,18195
295032,18196
295032,18197
295032,18198
295032,18199
295032,18200
295032,18201
295032,18202
295032,18203
295032,18204
295032,18205
295033,284
295037,18206
295038,191
295045,2969
295045,2970
295054,3881
295081,203
295084,1556
295091,599
295091,600
295094,18207
295099,815
295100,784
295104,9395
295112,18208
295117,7125
295118,18209
295119,9085
295122,18210
295124,2796
295148,2421
295156,26
295160,11888
295166,18211
295168,3000
295171,4364
295185,815
295189,11907
295192,340
295196,813
295202,612
295203,18212
295207,1919
295217,18213
295225,446
295225,447
295231,10169
295231,18214
295239,287
295267,821
295268,4380
295270,3282
295272,18215
295276,17918
295279,7507
295279,14723
295279,18216
295303,2609
295309,13520
295320,611
295326,5055
295337,663
295339,1435
295353,18217
295358,806
295360,6857
295361,1325
295361,18218
295364,18219
295364,18220
295367,6570
295367,12860
295377,1155
295378,1786
295379,749
295385,111
295387,2455
295387,5584
295387,8672
295387,18221
295387,18222
295387,18223
295387,18224
295387,18225
295391,741
295395,1955
295400,18226
295407,18227
295409,3294
295411,1740
295414,4324
295424,4016
295429,18228
295431,11346
295434,18229
295434,18230
295437,556
295439,10062
295444,145
295460,2838
295464,18231
295467,18232
295470,18233
295472,18234
295472,18235
295472,18236
295472,18237
295480,18238
295492,305
295494,2257
295498,18239
295501,5242
295509,10934
295514,629
295515,15853
295521,280
295524,2703
295532,18240
295537,411
295542,3514
295555,9575
295556,1695
295563,18241
295564,2593
295573,353
295577,552
295583,431
295587,501
295589,1559
295594,18242
295613,709
295618,7751
295636,1140
295641,18243
295644,11346
295655,1740
295657,250
295662,273
295667,18244
295670,4302
295671,2803
295674,16725
295681,6870
295682,157
295685,1129
295687,4399
295696,3766
295699,18245
295700,679
295707,1916
295732,754
295735,6457
295739,658
295748,4557
295753,2475
295755,3805
295758,60
295763,8274
295768,885
295794,2730
295803,2307
295808,18246
295819,17588
295820,464
295825,1053
295827,18247
295827,18248
295827,18249
295843,3695
295845,1038
295847,770
295849,1390
295887,2682
295891,4398
295893,99
295897,116
295902,1407
295914,16036
295915,6949
295916,14905
295919,17321
295927,18250
295933,1885
295936,674
295937,300
295949,18251
295956,552
295959,3651
295960,91
295973,18252
295974,3521
295983,6331
295992,1937
296000,148
296002,1971
296005,746
296005,3743
296009,870
296026,414
296027,1735
296028,18253
296033,107
296036,18254
296039,7465
296044,18255
296046,26
296051,2307
296054,18256
296067,383
296067,8120
296070,1426
296081,18257
296089,99
296091,18258
296093,6004
296101,18259
296114,85
296115,162
296120,242
296138,878
296138,4436
296145,12605
296160,2914
296162,4539
296163,792
296163,1381
296168,18260
296171,2353
296177,531
296180,788
296182,1303
296183,4374
296183,6659
296192,185
296199,3307
296200,4433
296205,611
296228,556
296232,1053
296236,398
296239,18261
296244,24
296244,694
296244,784
296244,1330
296244,5138
296244,6838
296244,7952
296244,8090
296244,8679
296244,12119
296244,14142
296246,7775
296252,1695
296257,1165
296264,3805
296289,18262
296292,4250
296296,6470
296297,157
296308,7933
296315,3317
296319,1899
296327,3759
296330,44
296345,324
296348,15809
296349,4211
296356,11487
296371,18263
296380,136
296381,2215
296392,6580
296397,18264
296399,1496
296406,18265
296410,18266
296418,185
296424,14856
296425,1465
296432,18267
296451,1065
296454,3034
296479,6391
296484,2850
296493,99
296495,448
296501,4372
296505,2867
296506,2845
296510,18268
296512,6018
296514,18269
296515,1713
296517,189
296521,1082
296525,26
296525,105
296525,1764
296525,1852
296525,1856
296525,1859
296525,1860
296525,2128
296525,2202
296525,3083
296525,3087
296525,3536
296525,4303
296525,4326
296525,4328
296525,4934
296525,5123
296525,7759
296525,7933
296525,14334
296525,18270
296525,18271
296525,18272
296527,14532
296530,346
296533,39
296536,2274
296541,18273
296553,248
296564,18274
296567,701
296569,352
296573,13783
296576,242
296578,669
296583,18275
296595,663
296598,4570
296598,4571
296615,634
296617,18276
296621,9997
296624,1303
296627,847
296634,3580
296640,918
296649,16729
296652,5496
296653,12605
296659,10934
296669,1055
296683,18277
296698,2893
296710,235
296721,2475
296724,6691
296725,18278
296730,1226
296742,401
296742,18279
296748,10169
296752,398
296754,2678
296755,99
296780,1203
296782,205
296788,885
296799,11248
296800,4286
296802,1834
296804,1720
296827,2577
296828,1525
296831,1577
296833,298
296837,319
296840,571
296850,1135
296852,75
296862,18280
296862,18281
296862,18282
296867,18283
296868,1951
296870,6916
296871,655
296872,1061
296877,17576
296882,18284
296891,18285
296892,1590
296897,18286
296899,7285
296911,599
296911,1516
296947,618
296953,1720
296955,2102
296958,136
296959,284
296960,14091
296961,203
296961,3158
296963,515
296964,5922
296980,699
296987,18287
296994,18288
296995,2593
296996,771
296997,9726
296998,2339
297000,7952
297006,35
297010,18289
297013,921
297014,2232
297029,3467
297030,281
297032,136
297035,929
297048,3493
297056,18290
297058,18291
297060,18292
297064,17812
297072,4512
297073,447
297075,568
297077,5710
297085,1102
297089,160
297095,2788
297101,18293
297110,18294
297122,18295
297134,544
297136,3076
297140,18296
297145,971
297170,10416
297172,9627
297173,18297
297181,18298
297185,960
297185,17184
297188,18299
297201,647
297202,191
297204,16426
297214,788
297214,18300
297217,18301
297218,18302
297221,497
297237,254
297244,39
297255,1765
297263,12979
297267,191
297275,2709
297279,3222
297286,1033
297288,485
297290,8683
297295,6657
297313,1819
297321,102
297335,556
297344,5738
297359,11562
297366,74
297373,1089
297375,611
297376,44
297379,7752
297385,150
297390,701
297395,18303
297397,5404
297402,413
297409,18304
297418,162
297425,815
297428,148
297433,1658
297449,18305
297456,14716
297460,18306
297462,848
297465,164
297469,11427
297471,3032
297476,3931
297482,2307
297496,18307
297497,162
297501,2326
297506,746
297522,177
297522,18308
297525,446
297525,447
297537,8854
297539,2103
297542,242
297544,18309
297544,18310
297553,424
297556,862
297567,409
297568,12009
297580,18311
297583,3709
297585,815
297600,6852
297603,2703
297612,1685
297613,4851
297629,18312
297632,3174
297638,414
297641,75
297647,14039
297650,8466
297658,1557
297660,4699
297661,3426
297673,18313
297676,203
297677,3467
297687,1086
297687,1087
297696,821
297707,1106
297708,325
297710,7322
297711,18314
297712,18315
297722,10264
297731,67
297732,739
297738,358
297753,9611
297754,2301
297757,9488
297759,2379
297760,10921
297763,1201
297765,99
297772,3284
297778,18316
297779,4511
297781,1525
297804,817
297804,1711
297804,1712
297805,2000
297811,931
297822,270
297828,721
297830,1733
297831,18317
297855,18318
297862,13
297870,10531
297874,18319
297879,7634
297882,2228
297892,713
297906,3303
297917,18320
297922,3487
297926,865
297928,480
297929,2441
297936,18321
297948,6712
297950,2712
297962,788
297969,18322
297984,723
297989,7562
297995,3133
298000,18323
298001,91
298006,18324
298006,18325
298014,179
298014,8084
298017,721
298022,18326
298022,18327
298023,18328
298029,722
298032,3683
298038,13213
298047,18329
298052,1826
298053,2836
298055,200
298060,3028
298067,398
298083,148
298089,1484
298095,18330
298098,39
298108,215
298115,2089
298118,18331
298133,4273
298134,10735
298137,347
298141,174
298142,18332
298143,18333
298147,1568
298155,242
298158,148
298161,18334
298162,5221
298168,1503
298172,127
298186,963
298189,1114
298192,1514
298216,2560
298220,6259
298235,18335
298236,1879
298243,4113
298244,741
298252,8749
298252,8750
298257,160
298270,488
298275,1203
298280,17552
298285,2797
298295,2718
298305,746
298306,18336
298308,450
298319,618
298338,9583
298339,741
298340,18337
298345,659
298346,18338
298347,1894
298348,17608
298353,1909
298365,22
298371,9280
298386,18339
298396,13661
298397,1472
298417,18340
298423,235
298426,8851
298427,971
298428,22
298434,4500
298437,18341
298441,18315
298451,5261
298460,5362
298462,17077
298468,99
298470,394
298473,10854
298479,5526
298482,18342
298486,39
298490,99
298491,2964
298508,358
298522,3889
298525,6442
298527,563
298527,4410
298527,6653
298527,6950
298529,18343
298531,18344
298534,3809
298535,18345
298536,18346
298542,284
298548,95
298548,162
298548,304
298548,563
298548,587
298548,712
298548,1531
298548,1695
298548,1843
298548,2141
298548,2146
298548,2152
298548,3950
298548,4539
298548,4984
298548,7281
298548,9424
298548,15435
298548,16439
298548,18162
298548,18347
298558,18348
298577,18349
298585,1516
298599,18350
298609,18351
298618,1971
298619,194
298636,18352
298642,697
298649,4327
298654,7281
298656,5256
298660,18353
298660,18354
298665,136
298677,18355
298677,18356
298677,18357
298688,8334
298690,2681
298691,78
298709,431
298726,3532
298728,2229
298733,7638
298734,18358
298736,2390
298747,18359
298762,1843
298776,18360
298796,7801
298805,5755
298809,587
298819,18361
298822,5564
298826,152
298835,663
298836,3930
298837,689
298843,1525
298843,18362
298844,191
298845,2251
298848,8048
298855,24
298857,837
298873,556
298877,18363
298877,18364
298878,721
298882,233
298883,18365
298891,4921
298893,480
298911,611
298915,4250
298931,242
298941,18366
298942,1259
298950,2216
298955,140
298956,6149
298962,15638
298965,3910
298973,3948
298977,1418
298993,1574
298997,921
299000,200
299015,1740
299022,17606
299045,4741
299051,995
299053,3802
299055,43
299064,482
299071,1574
299073,18367
299073,18368
299086,1556
299101,18369
299102,1065
299102,5548
299104,578
299112,139
299115,18370
299116,1760
299121,13522
299129,10275
299131,13322
299135,399
299139,18371
299139,18372
299142,386
299144,5345
299153,8238
299154,18373
299155,5321
299156,203
299163,10725
299165,678
299184,18374
299188,99
299190,18375
299201,11786
299201,12049
299209,25
299212,284
299222,1457
299224,2693
299225,1177
299238,7505
299246,12917
299251,18376
299253,18377
299253,18378
299254,242
299262,1819
299273,291
299274,357
299275,10538
299276,1303
299277,148
299284,4155
299286,15177
299287,11127
299288,3385
299290,2371
299291,1128
299297,4390
299300,1895
299308,5086
299310,132
299311,94
299312,2541
299316,18379
299318,18380
299323,544
299324,18381
299327,18382
299336,16605
299347,10037
299349,1951
299352,2418
299354,18383
299359,120
299366,931
299371,18384
299388,1438
299390,2678
299395,1282
299412,639
299424,411
299428,99
299430,18385
299431,2628
299436,54
299449,1879
299451,1398
299456,18386
299466,18387
299467,18388
299478,12703
299483,18389
299499,1209
299499,6300
299507,7741
299508,931
299521,291
299526,2358
299527,1773
299530,798
299536,18390
299544,856
299545,305
299569,3046
299575,9482
299578,2088
299583,2724
299590,2418
299602,2216
299606,2901
299610,4175
299618,3218
299625,18391
299645,18392
299654,1059
299674,1161
299674,2162
299674,3231
299674,3850
299674,4177
299674,5447
299674,7499
299674,10071
299674,10803
299674,16848
299674,17622
299674,17623
299674,17624
299674,18393
299674,18394
299674,18395
299674,18396
299674,18397
299681,2084
299703,929
299706,358
299707,4238
299709,18398
299709,18399
299709,18400
299719,3950
299720,18401
299722,185
299728,18402
299730,18403
299742,1759
299746,821
299752,476
299753,957
299761,1701
299765,658
299774,4399
299775,22
299786,1696
299804,1177
299814,2712
299820,17571
299826,200
299840,3774
299844,18404
299854,6822
299858,2652
299860,7596
299863,99
299878,18405
299887,2271
299892,18406
299903,1812
299909,1973
299918,1695
299919,2441
299938,18407
299940,2997
299946,18408
299946,18409
299954,95
299971,2339
299973,18410
300019,17278
300028,8150
300031,106
300032,57
300034,18411
300041,5585
300052,749
300055,568
300057,5703
300061,1449
300061,1450
300065,1706
300068,185
300069,291
300072,1753
300073,2724
300077,15680
300080,18412
300086,1797
300088,69
300090,18413
300091,16959
300102,14174
300106,4611
300108,870
300111,3046
300112,451
300112,1324
300112,3607
300123,1525
300130,67
300133,3223
300137,121
300138,4243
300149,189
300152,611
300161,1765
300167,3379
300171,99
300177,1061
300179,99
300190,4696
300192,1695
300193,10407
300202,18414
300210,18415
300216,10903
300220,3779
300229,199
300229,2222
300233,2523
300237,2678
300258,67
300272,18416
300272,18417
300275,99
300277,18418
300280,2464
300284,15323
300298,735
300298,2015
300306,3370
300307,18419
300310,6696
300311,1538
300320,993
300323,4672
300323,8831
300323,9776
300325,2518
300326,729
300329,4063
300333,4723
300333,18420
300334,18421
300336,18422
300339,1765
300344,503
300350,1198
300351,2719
300357,5001
300365,18423
300371,5190
300383,1156
300384,18424
300391,9282
300393,1685
300398,1070
300406,6838
300407,18425
300413,6086
300421,3964
300429,13397
300429,14693
300446,694
300447,18426
300450,659
300460,12129
300462,157
300469,18427
300491,4250
300492,18428
300494,5095
300494,5096
300495,15094
300498,3918
300498,3919
300499,2511
300506,14197
300510,18429
300512,1719
300528,199
300537,16878
300539,9426
300555,1819
300575,18430
300580,18431
300588,6247
300596,90
300607,6858
300611,136
300615,1022
300619,1299
300620,18432
300628,2425
300633,2248
300641,18433
300667,57
300669,8113
300675,18434
300677,2865
300687,18435
300687,18436
300687,18437
300693,1372
300694,4792
300699,1372
300703,354
300703,355
300703,356
300706,1440
300712,752
300722,8765
300729,12032
300732,1713
300737,2652
300738,18438
300746,152
300747,18439
300748,7968
300754,18440
300757,1982
300758,1783
300764,242
300766,78
300779,531
300783,815
300787,2240
300793,2901
300794,358
300809,4062
300809,4522
300812,8384
300815,1765
300829,213
300839,1951
300844,1193
300852,18441
300862,1695
300873,3048
300874,1720
300885,175
300889,161
300901,12119
300902,1450
300920,2651
300926,291
300939,290
300972,578
300978,1558
300981,319
300983,480
300991,1584
300991,4144
300993,2340
300994,459
301014,2140
301022,587
301029,7057
301030,15179
301056,544
301064,185
301084,15991
301102,7966
301111,5000
301120,4630
301122,18442
301123,10001
301126,18443
301129,15610
301129,18444
301144,18445
301153,18446
301155,1514
301157,346
301165,7130
301168,179
301173,1581
301176,2102
301193,1588
301199,4963
301207,111
301225,15101
301233,10338
301234,203
301235,7355
301239,15004
301261,242
301265,733
301271,18447
301274,148
301280,4562
301284,1687
301293,3571
301294,1608
301304,13221
301309,14192
301309,18448
301311,694
301314,7572
301315,15594
301321,1135
301323,18449
301325,4015
301329,18450
301330,57
301333,6259
301333,6260
301333,15190
301337,271
301346,1193
301347,341
301356,2593
301357,18451
301359,1503
301360,3975
301367,1559
301368,36
301383,44
301385,4156
301386,189
301396,716
301403,821
301405,6217
301410,931
301419,8683
301420,386
301434,758
301435,5864
301435,5865
301452,18452
301468,11426
301468,18453
301471,701
301475,18454
301475,18455
301483,11987
301486,336
301489,69
301502,446
301502,447
301506,407
301509,1411
301524,1846
301526,10061
301534,701
301539,280
301541,7163
301545,7974
301548,482
301554,4288
301558,105
301564,18456
301575,4490
301580,5503
301582,4955
301610,2379
301619,603
301624,13417
301624,18457
301645,18458
301650,1053
301675,4905
301677,1951
301684,18459
301691,3824
301699,5380
301702,4002
301708,18460
301713,18461
301719,18462
301721,693
301730,918
301733,4250
301735,693
301740,305
301743,2100
301748,347
301761,331
301768,39
301778,3950
301789,49
301793,280
301797,7124
301800,99
301807,18463
301808,18464
301809,544
301811,7646
301813,4436
301822,3754
301825,1776
301830,9963
301833,4238
301834,828
301834,829
301837,766
301847,1285
301849,8332
301853,644
301853,18465
301857,2031
301858,10718
301874,12867
301882,1136
301895,16251
301896,4374
301896,4375
301896,4376
301906,1007
301907,3037
301923,85
301925,12213
301926,488
301934,803
301941,18466
301943,18467
301943,18468
301946,18469
301953,11622
301959,18470
301961,1367
301965,578
301971,1267
301974,44
301975,18471
301975,18472
301979,136
301985,12272
301988,203
301994,451
301997,11737
302005,556
302012,1428
302024,18473
302025,12772
302030,561
302030,18474
302035,7356
302043,460
302044,3539
302048,12121
302053,678
302056,348
302060,3445
302067,679
302070,18475
302078,7775
302096,1814
302099,10590
302110,697
302121,4305
302135,18476
302139,596
302139,1982
302139,18477
302139,18478
302139,18479
302139,18480
302139,18481
302139,18482
302139,18483
302139,18484
302139,18485
302139,18486
302139,18487
302139,18488
302143,160
302152,18489
302167,8451
302175,788
302177,2093
302194,4679
302201,8931
302202,12729
302210,6937
302212,18490
302213,67
302224,24
302227,5864
302229,1299
302259,200
302265,3439
302268,18491
302275,3894
302282,157
302286,17281
302288,99
302288,4019
302296,18492
302302,3816
302302,18493
302307,18494
302317,18495
302323,1574
302332,4006
302336,33
302340,18496
302347,800
302351,18497
302358,18498
302375,3042
302377,1253
302385,1995
302405,4459
302413,18499
302419,6484
302424,2924
302443,701
302446,599
302446,1516
302448,4430
302449,2380
302451,18500
302456,6833
302465,18501
302483,5271
302485,395
302488,18502
302490,18503
302491,693
302496,205
302499,3422
302504,126
302505,100
302513,329
302516,7862
302518,1457
302521,18504
302525,4440
302525,4441
302542,7724
302558,721
302563,200
302565,14204
302577,5687
302578,5344
302580,18505
302583,18506
302584,18507
302587,18508
302593,284
302609,599
302609,600
302628,5689
302632,11928
302633,701
302635,1477
302640,18509
302662,18510
302665,578
302674,8694
302674,8695
302674,18511
302684,928
302686,14034
302687,1778
302695,556
302699,18512
302700,398
302701,185
302702,18513
302710,754
302711,160
302718,1571
302745,298
302754,18514
302758,12332
302765,4552
302789,1891
302796,2810
302797,663
302800,3182
302802,29
302814,5594
302815,1719
302818,5628
302820,1547
302821,553
302822,4549
302826,1186
302831,18515
302832,9660
302835,2581
302835,2582
302835,18516
302836,16156
302837,578
302844,5589
302844,18517
302845,2215
302850,18518
302857,143
302860,18519
302861,2274
302877,18520
302884,2734
302884,2735
302889,2888
302890,185
302895,5781
302898,5040
302903,199
302908,587
302909,305
302910,18521
302930,10644
302932,2728
302941,18522
302941,18523
302943,2889
302946,227
302950,227
302954,2453
302957,18524
302960,18525
302982,4281
302990,18526
302992,18527
303000,803
303008,9126
303028,788
303029,18528
303038,195
303040,4669
303048,5247
303061,18529
303071,1033
303081,18530
303082,445
303082,7770
303084,677
303085,13752
303093,2074
303093,18531
303093,18532
303096,18533
303098,1713
303129,1224
303130,1303
303147,160
303157,75
303161,39
303162,13150
303179,281
303183,18534
303184,18535
303186,6355
303200,7980
303205,3046
303208,999
303219,5733
303223,4672
303224,5083
303225,10253
303229,284
303240,263
303241,10172
303245,18536
303245,18537
303252,18538
303254,3907
303263,18539
303267,699
303269,15807
303273,18540
303274,9030
303283,18223
303305,563
303305,1058
303305,10438
303311,2353
303314,1565
303334,160
303339,18541
303345,145
303359,18542
303402,1799
303410,5316
303413,552
303414,18543
303419,4339
303421,18544
303424,18545
303432,723
303437,4403
303442,39
303448,578
303449,694
303451,2593
303454,18546
303455,12979
303456,152
303465,179
303466,1325
303468,2423
303469,1024
303474,2021
303475,245
303484,150
303498,18322
303500,5221
303505,11888
303510,7807
303514,1457
303535,18547
303548,753
303560,928
303561,16394
303561,18548
303565,8012
303566,18321
303571,1418
303578,32
303588,401
303588,7458
303597,3032
303600,1834
303602,3456
303612,8734
303631,16526
303641,1512
303642,154
303642,321
303645,552
303646,2626
303651,18549
303662,18550
303685,185
303695,749
303697,11060
303700,634
303701,18551
303715,191
303716,18552
303719,185
303720,7084
303726,171
303729,18298
303740,679
303754,185
303759,758
303764,17918
303767,383
303768,9033
303772,18553
303778,10957
303779,645
303783,549
303793,18554
303799,1254
303810,2977
303817,18555
303818,6780
303820,361
303824,139
303834,1602
303855,13313
303858,18556
303869,629
303870,402
303871,307
303871,1161
303871,1547
303871,1857
303871,1859
303871,1860
303871,1866
303871,2126
303871,3088
303871,3330
303871,3533
303871,3536
303871,3540
303871,3541
303871,3547
303871,3554
303871,3989
303871,4895
303871,5231
303871,10597
303871,12359
303871,16675
303871,18557
303883,18558
303890,7313
303899,552
303901,394
303905,13397
303905,14693
303908,18559
303914,1596
303918,2652
303928,623
303928,6821
303930,18560
303938,587
303947,3199
303954,18561
303961,8062
303963,18562
303970,2103
303974,18563
303983,248
303985,191
303987,5696
303990,999
303994,1399
303997,18564
304004,1655
304013,2600
304027,4133
304031,18565
304033,222
304039,1094
304040,4139
304052,8819
304052,13248
304054,18566
304057,1089
304068,11189
304079,4440
304079,4441
304083,5860
304084,4416
304090,574
304099,6118
304109,870
304116,235
304116,712
304116,776
304123,908
304123,9888
304128,1981
304132,189
304157,5013
304179,1577
304192,2831
304198,2109
304210,1685
304212,125
304213,760
304215,2597
304218,761
304222,18567
304223,6559
304225,741
304227,18568
304232,344
304237,3082
304244,18569
304247,10958
304264,18570
304269,18571
304276,39
304280,1376
304282,2299
304286,195
304288,213
304294,552
304304,3869
304310,2168
304311,1532
304313,1837
304324,1971
304336,57
304338,18572
304340,1303
304343,99
304347,1764
304348,24
304357,3179
304368,18573
304401,6425
304405,8759
304409,18574
304411,18575
304421,4296
304424,647
304425,13534
304450,2529
304455,18576
304460,788
304462,75
304470,6346
304472,431
304475,529
304481,18577
304481,18578
304486,3012
304496,18579
304497,2594
304501,18580
304501,18581
304501,18582
304506,6870
304518,962
304531,3407
304536,2724
304537,18583
304537,18584
304549,1695
304563,263
304566,18585
304574,18586
304577,638
304578,18587
304579,3749
304585,663
304591,157
304593,184
304594,161
304616,5948
304620,40
304624,18588
304627,587
304631,6391
304634,18589
304660,346
304661,57
304665,3463
304675,18590
304683,358
304695,169
304698,517
304698,518
304698,18591
304705,8012
304718,18592
304730,18593
304730,18594
304732,2770
304735,3964
304744,300
304752,18595
304769,2131
304779,5755
304783,1091
304789,1283
304791,12335
304805,18596
304816,18597
304817,191
304818,1720
304821,6247
304825,1216
304828,12219
304834,699
304840,18598
304842,2681
304848,18599
304870,18600
304870,18601
304883,1061
304896,813
304904,1060
304906,556
304911,537
304915,3222
304925,663
304932,400
304934,578
304947,2539
304951,2600
304970,150
304972,18602
304975,4490
304995,227
304995,1751
305002,26
305005,918
305006,2708
305019,18603
305022,1008
305042,304
305043,2268
305044,116
305067,140
305076,766
305078,162
305079,18604
305081,116
305086,1114
305088,5843
305091,185
305112,13146
305129,53
305134,855
305134,18605
305140,18606
305141,6316
305143,18607
305143,18608
305173,160
305185,6989
305186,6372
305188,18609
305201,8152
305207,3306
305215,275
305217,50
305225,18610
305231,18611
305243,18612
305246,270
305259,8712
305260,18613
305269,57
305269,132
305269,160
305269,185
305269,200
305269,553
305269,821
305269,1372
305269,1880
305269,2467
305308,18614
305309,18615
305310,8457
305315,8908
305320,1575
305321,3307
305324,2404
305328,155
305347,795
305353,18616
305354,18617
305358,611
305365,179
305365,1852
305365,10369
305366,150
305368,18618
305385,11764
305386,9884
305386,14813
305391,16461
305395,1372
305398,977
305402,659
305409,856
305420,111
305423,18619
305424,3950
305440,18620
305441,8480
305460,5619
305462,739
305466,679
305477,1765
305481,8765
305481,8766
305495,701
305502,5150
305509,319
305511,291
305514,4945
305515,12665
305522,2339
305526,1832
305537,8048
305547,2291
305548,2593
305549,3916
305553,1952
305557,4829
305559,11972
305560,319
305571,2229
305573,18621
305577,459
305582,346
305586,4710
305589,437
305592,18622
305601,6648
305607,1764
305612,18623
305617,18624
305628,656
305629,18625
305654,1070
305662,563
305669,3072
305671,3595
305673,1847
305680,18626
305685,10590
305697,977
305704,1138
305705,6030
305706,3927
305707,18627
305717,18628
305722,501
305728,1577
305729,248
305730,544
305736,145
305740,815
305745,2089
305762,10764
305763,2034
305766,18629
305768,298
305770,5720
305786,3776
305790,12361
305802,18630
305804,18026
305804,18631
305808,130
305816,949
305820,18632
305825,18633
305838,741
305839,18634
305840,18635
305845,18636
305853,1372
305857,4511
305861,679
305865,1937
305867,18637
305869,3415
305870,6300
305877,18638
305878,761
305882,2302
305882,2303
305885,3694
305887,6653
305888,1556
305893,784
305902,6871
305904,1194
305909,476
305921,18639
305922,5407
305925,6741
305931,394
305940,5572
305940,9238
305948,18640
305957,18641
305966,446
305966,447
305976,3754
305977,9286
305980,3521
305998,8651
306009,12806
306012,7338
306017,6740
306022,39
306035,18642
306036,11512
306038,501
306041,18643
306042,3709
306043,701
306044,426
306049,556
306062,1764
306069,1834
306071,11568
306071,11569
306075,18644
306076,553
306079,923
306080,150
306081,556
306084,7826
306090,3982
306091,2371
306097,18645
306099,3359
306102,1471
306111,157
306112,18646
306116,4115
306121,3640
306137,18647
306140,2933
306141,18648
306142,18649
306143,9248
306147,18650
306157,18651
306167,3663
306177,754
306184,18652
306187,2293
306194,9713
306195,1316
306201,18653
306208,2231
306212,5122
306228,10431
306239,12519
306241,741
306254,9286
306263,450
306267,1452
306270,2929
306276,18654
306279,476
306294,1208
306308,136
306311,777
306313,18655
306314,18656
306316,18657
306323,611
306325,18658
306325,18659
306333,18660
306338,8077
306343,18661
306355,1846
306363,2484
306363,18662
306368,18663
306374,15838
306380,54
306381,693
306388,1140
306393,78
306394,18499
306409,121
306411,107
306416,3202
306421,2894
306423,11583
306438,1905
306438,15274
306444,2558
306445,736
306457,1242
306458,1556
306464,1503
306474,501
306478,18664
306479,13116
306479,13117
306489,16566
306491,4261
306493,85
306494,603
306496,7826
306499,679
306511,10178
306514,215
306526,18665
306533,1283
306535,18666
306538,9936
306544,1282
306545,3907
306560,498
306561,18587
306562,18667
306563,6465
306563,6881
306563,8772
306563,10610
306563,12120
306563,16523
306563,18668
306566,18669
306572,885
306594,2628
306604,18670
306615,18671
306618,5260
306625,319
306629,2609
306633,1971
306644,44
306645,18672
306653,1123
306681,16566
306684,4629
306695,1094
306700,4990
306701,1203
306703,2451
306707,200
306710,291
306713,4054
306714,679
306718,683
306725,12087
306726,73
306732,1165
306743,13874
306745,841
306745,842
306746,1375
306751,157
306759,3703
306760,18673
306766,18674
306766,18675
306767,11230
306780,261
306790,5455
306790,18192
306790,18676
306795,3168
306798,18677
306802,1415
306804,2724
306809,8193
306810,18678
306819,3380
306821,6312
306832,18679
306835,4026
306838,353
306840,674
306842,18680
306854,656
306859,291
306860,18681
306869,18682
306872,18683
306874,841
306874,842
306882,18684
306882,18685
306889,798
306892,135
306896,5228
306897,8628
306904,615
306906,761
306913,18686
306916,1008
306917,18687
306929,18688
306931,22
306937,707
306938,18689
306943,1688
306957,69
306959,1102
306961,670
306973,1056
306997,3385
306998,4912
307000,624
307007,1908
307018,7729
307019,157
307037,2901
307047,5628
307058,612
307072,18690
307073,7851
307083,11139
307083,18691
307087,3322
307108,17082
307109,18692
307110,18693
307113,358
307125,2134
307128,2020
307145,18694
307148,1224
307153,7285
307165,284
307170,7271
307183,26
307200,2026
307208,179
307209,5102
307211,18695
307227,4512
307229,2929
307237,823
307237,18696
307243,7356
307246,4689
307251,3508
307256,3002
307285,965
307295,13974
307297,18697
307306,18698
307323,57
307326,7285
307342,6473
307353,4326
307355,587
307357,319
307364,3591
307371,563
307371,837
307371,1577
307377,1772
307390,18699
307397,18700
307403,931
307406,9379
307407,1588
307410,18701
307410,18702
307411,1133
307424,727
307430,469
307433,5948
307438,846
307453,185
307457,689
307469,741
307480,18703
307480,18704
307480,18705
307487,870
307492,1568
307503,18706
307506,861
307506,15114
307510,18707
307517,5723
307518,18708
307547,509
307552,1492
307555,1826
307558,18709
307559,1061
307573,18710
307574,696
307574,14729
307585,161
307588,18711
307589,9925
307595,3881
307597,18712
307601,18713
307612,18714
307617,9695
307617,11260
307631,185
307632,6955
307633,12245
307634,5386
307647,532
307647,533
307648,6887
307652,179
307653,1706
307654,665
307668,18715
307670,78
307675,2177
307676,3913
307680,18716
307682,633
307684,18717
307689,9741
307691,3927
307693,1951
307700,18718
307707,1071
307707,1072
307710,553
307721,74
307728,40
307729,2355
307739,3948
307744,150
307746,1563
307750,18719
307759,2836
307761,18720
307769,18721
307775,2339
307777,785
307783,139
307785,305
307787,2326
307798,18722
307801,18723
307801,18724
307801,18725
307803,3532
307806,7356
307808,5242
307809,18726
307813,18727
307815,1165
307817,4238
307819,6457
307827,18728
307832,116
307840,10856
307849,280
307851,394
307855,2034
307873,1291
307875,409
307883,573
307884,8389
307886,788
307887,99
307891,161
307899,3300
307907,544
307919,44
307920,117
307932,17487
307960,18729
307976,741
307977,148
307992,10396
307994,8683
308006,358
308018,1224
308042,18730
308045,2394
308046,2869
308048,907
308052,12055
308060,8879
308060,11600
308066,1498
308074,99
308077,4142
308083,3028
308088,4187
308092,556
308102,8149
308109,10531
308115,1720
308127,319
308137,319
308138,161
308140,587
308150,18332
308151,663
308164,3709
308169,18731
308177,663
308198,5020
308199,13241
308206,18732
308217,18733
308228,815
308230,150
308234,4991
308236,200
308238,18734
308242,4472
308243,1962
308247,18735
308251,18736
308252,1201
308254,2760
308257,501
308260,18737
308269,205
308271,18738
308276,91
308283,18739
308283,18740
308291,22
308311,4667
308323,581
308330,331
308338,1720
308340,4883
308341,135
308344,11258
308351,18741
308354,2475
308355,18742
308363,18743
308367,18744
308369,85
308373,5225
308373,18745
308373,18746
308373,18747
308373,18748
308373,18749
308373,18750
308373,18751
308373,18752
308376,3385
308377,197
308377,11654
308383,18753
308384,11489
308385,2547
308391,642
308394,2299
308397,5660
308401,703
308405,3445
308412,1160
308424,446
308424,447
308425,14169
308429,2609
308432,160
308437,1525
308446,891
308449,18754
308454,18755
308455,2274
308461,6587
308487,111
308488,2125
308488,3268
308489,6470
308500,1158
308505,6824
308508,18756
308509,4973
308515,11053
308516,18757
308516,18758
308529,1411
308539,3066
308545,13436
308549,401
308552,6013
308567,39
308572,18759
308573,7792
308577,117
308580,1766
308581,116
308591,1155
308592,147
308593,678
308594,2238
308608,10014
308613,10933
308618,18760
308627,5173
308628,18761
308630,18762
308632,85
308633,399
308638,694
308642,838
308643,701
308654,2140
308656,161
308669,242
308672,689
308673,749
308681,12813
308681,18763
308688,2888
308692,2393
308693,681
308696,8994
308696,11494
308697,1001
308699,713
308701,5254
308711,2320
308719,2788
308727,4145
308733,154
308737,18764
308749,1905
308755,18765
308756,161
308759,4626
308763,6838
308772,17046
308775,298
308776,721
308777,4716
308779,9790
308801,14
308830,10202
308836,1324
308848,18766
308861,144
308866,8490
308873,18767
308874,1193
308878,1083
308882,18768
308886,3831
308887,3174
308890,2268
308893,3860
308907,3393
308913,117
308915,587
308923,18769
308945,36
308952,143
308953,18770
308969,7783
308971,18771
308973,6539
308983,11710
308989,18772
308992,480
308993,8848
308995,2125
308995,3268
309003,9940
309010,1801
309022,3914
309022,3915
309026,18773
309029,13774
309039,5948
309042,662
309046,18774
309053,18775
309059,284
309065,18776
309067,18777
309070,4520
309077,817
309077,1711
309077,1712
309078,386
309087,18778
309092,658
309093,2006
309107,160
309114,937
309123,18779
309126,9362
309127,195
309128,291
309135,1880
309140,3941
309148,3774
309156,18780
309162,3396
309163,578
309167,2902
309169,2302
309169,2303
309175,11865
309176,1093
309183,8061
309187,7801
309196,25
309210,368
309214,3372
309221,24
309223,494
309228,3837
309236,18781
309240,4231
309259,136
309260,501
309261,3975
309271,18782
309281,821
309288,1916
309292,3514
309294,1851
309295,10862
309295,10863
309305,15219
309305,15220
309318,353
309340,7570
309355,18783
309358,9063
309363,39
309371,91
309376,4258
309383,1937
309395,663
309399,111
309404,962
309405,2451
309411,18784
309421,213
309436,1525
309445,18785
309445,18786
309463,7009
309468,669
309477,18787
309487,4557
309488,388
309488,491
309498,230
309502,16813
309506,9861
309509,741
309514,18788
309519,18789
309524,816
309527,143
309528,6
309528,7
309528,18790
309529,13772
309541,10017
309542,1830
309543,5466
309544,18791
309550,2024
309565,2353
309568,2307
309571,1572
309586,18792
309590,501
309592,3948
309595,721
309608,815
309614,18793
309618,4249
309622,386
309626,2249
309626,2250
309633,1312
309640,2495
309640,18794
309640,18795
309640,18796
309640,18797
309640,18798
309640,18799
309640,18800
309640,18801
309640,18802
309640,18803
309640,18804
309640,18805
309640,18806
309640,18807
309640,18808
309640,18809
309640,18810
309640,18811
309640,18812
309640,18813
309640,18814
309640,18815
309644,1471
309664,266
309687,4238
309689,158
309690,44
309694,3107
309697,12865
309700,529
309710,3170
309713,414
309714,144
309717,18816
309731,562
309745,304
309757,2952
309762,2945
309766,7425
309775,1093
309777,18817
309780,111
309782,202
309789,18818
309795,1908
309816,586
309828,2251
309836,701
309837,1977
309839,1431
309843,912
309850,1563
309855,663
309870,18819
309892,552
309894,18820
309895,8880
309900,6367
309901,18821
309906,157
309918,9953
309937,18822
309945,862
309957,1685
309959,2671
309973,126
309979,15857
309982,200
309997,3382
310000,336
310003,3047
310004,4177
310012,7961
310021,761
310033,18823
310034,1635
310035,1093
310037,274
310043,13397
310044,25
310054,39
310070,2709
310072,1136
310084,926
310086,659
310109,5146
310128,8612
310145,1885
310151,18824
310170,1232
310180,18825
310184,532
310187,3000
310191,6170
310201,4932
310208,1082
310226,2291
310235,125
310243,29
310249,2454
310253,18826
310261,1003
310265,15302
310277,3680
310280,39
310285,336
310298,1065
310298,5548
310301,18827
310312,4812
310313,663
310319,18828
310323,18829
310331,612
310340,17021
310349,18830
310359,18831
310364,9353
310365,8829
310378,1589
310384,16279
310395,18832
310396,13920
310398,18833
310403,4015
310424,18834
310438,18835
310441,587
310452,18836
310456,48
310458,250
310459,2228
310475,476
310476,3321
310487,16389
310489,11303
310495,194
310501,1007
310503,4387
310510,556
310514,39
310516,8612
310521,17532
310524,43
310533,4977
310540,99
310542,18837
310544,2803
310545,222
310547,18838
310547,18839
310547,18840
310550,8481
310564,5517
310568,813
310569,669
310576,18841
310577,18842
310581,18843
310586,18844
310587,2339
310589,9553
310591,3891
310591,3892
310600,44
310608,18845
310609,3245
310610,10850
310611,556
310615,7779
310618,18846
310630,3150
310631,18847
310633,15208
310633,18848
310637,15832
310640,6157
310645,18849
310654,16681
310657,6218
310670,266
310673,1720
310684,275
310694,552
310697,11600
310702,6356
310715,10973
310719,3028
310720,531
310724,3475
310729,3520
310731,18850
310744,1114
310748,18851
310752,18852
310768,813
310770,16098
310777,7529
310779,7655
310781,1136
310782,2307
310804,11208
310805,185
310809,18853
310811,18854
310814,549
310823,18855
310825,5395
310833,127
310836,18856
310846,556
310848,2893
310852,18857
310858,485
310860,684
310869,26
310878,18858
310897,3065
310911,3047
310915,18859
310933,284
310945,185
310946,18860
310952,6490
310956,1681
310958,16759
310960,18861
310971,17069
310973,1740
310974,10963
310977,18862
310978,2458
310978,18863
310979,13116
310979,13117
310987,431
310988,18864
310989,18865
310992,8686
311003,4689
311020,12201
311027,4114
311030,4693
311036,10617
311048,966
311063,18866
311067,230
311070,3382
311071,744
311074,18867
311098,4831
311106,3580
311113,18868
311120,5350
311126,6508
311132,18708
311133,2185
311146,91
311153,18869
311155,6950
311166,18870
311202,3951
311205,1938
311211,22
311218,10694
311227,16518
311228,11617
311229,5232
311231,1749
311231,1750
311237,663
311237,18871
311240,18872
311240,18873
311244,2286
311251,2495
311258,1024
311261,476
311276,9414
311284,2993
311301,9405
311306,18874
311307,1226
311322,274
311323,18875
311324,764
311325,18876
311329,701
311333,578
311341,136
311342,9974
311344,729
311350,936
311351,18877
311351,18878
311351,18879
311352,18880
311355,578
311369,9999
311373,1798
311378,12194
311388,13981
311389,5531
311394,659
311404,233
311410,202
311422,7735
311429,18423
311430,2441
311435,3252
311444,1783
311461,1007
311476,669
311483,3677
311486,197
311495,75
311504,679
311515,319
311525,9818
311532,603
311534,160
311536,18881
311546,523
311548,189
311556,18882
311565,17768
311570,5196
311579,754
311583,3032
311585,200
311587,3203
311599,18883
311608,1780
311611,2932
311612,116
311616,22
311617,1577
311625,179
311625,262
311629,3684
311633,3680
311633,18884
311648,18885
311665,199
311665,2222
311668,18886
311680,4175
311686,2913
311686,13105
311690,4635
311693,3776
311709,4629
311714,136
311715,738
311735,969
311743,11602
311750,18887
311759,18888
311763,3877
311764,9312
311769,693
311780,12639
311782,18889
311802,194
311803,541
311816,634
311824,242
311828,739
311831,212
311832,516
311845,304
311848,18890
311857,18891
311861,2893
311866,4454
311877,179
311882,135
311883,127
311886,2458
311893,5190
311897,18892
311897,18893
311900,1658
311908,3229
311918,846
311922,1134
311926,3107
311935,185
311945,242
311946,200
311953,5920
311956,4460
311962,353
311978,185
311983,18894
311983,18895
311983,18896
311983,18897
312007,18898
312008,18899
312028,85
312033,18900
312034,6539
312035,697
312038,18901
312043,1710
312052,2690
312052,18902
312059,18903
312060,6086
312069,18904
312076,1772
312084,152
312085,4352
312086,9292
312088,14693
312089,4289
312098,18177
312101,815
312102,18905
312115,18906
312116,18907
312117,18908
312120,4747
312124,18909
312129,5247
312130,12527
312130,18910
312130,18911
312130,18912
312134,587
312143,2711
312146,18913
312147,18914
312149,3110
312151,1733
312156,17754
312163,2286
312175,189
312177,203
312177,3158
312184,16729
312203,16122
312206,200
312211,807
312216,263
312226,117
312227,9237
312233,18915
312235,18916
312236,848
312237,18917
312257,22
312267,18918
312269,3891
312269,3892
312279,18919
312296,18920
312296,18921
312311,111
312312,4985
312315,18922
312316,541
312320,4324
312325,15145
312330,18923
312343,3964
312344,78
312359,2215
312363,14484
312369,3581
312370,790
312370,18924
312375,18925
312387,5513
312387,18926
312387,18927
312387,18928
312387,18929
312387,18930
312387,18931
312387,18932
312387,18933
312387,18934
312398,538
312405,87
312425,6740
312429,4549
312432,4156
312434,6280
312441,18935
312446,8935
312453,2171
312458,8134
312463,18936
312464,1300
312466,352
312476,762
312490,1720
312496,10249
312507,18937
312512,18938
312514,531
312530,701
312536,1568
312545,2229
312562,447
312563,1556
312564,464
312566,761
312575,7285
312579,2858
312579,2859
312582,607
312611,629
312614,5330
312616,2500
312630,5498
312631,18939
312636,4239
312636,13281
312647,2450
312648,1003
312649,13124
312657,738
312658,18940
312660,136
312662,18941
312673,18942
312678,1242
312680,6978
312691,18943
312699,526
312714,18944
312716,4498
312724,738
312725,5831
312725,5832
312731,25
312746,18945
312769,91
312770,4103
312771,684
312772,10188
312773,213
312775,1516
312778,6346
312785,1543
312792,3246
312824,1777
312836,345
312837,73
312851,117
312852,18946
312852,18947
312854,4404
312863,1457
312864,11509
312876,291
312881,497
312885,150
312888,1082
312900,18948
312902,5231
312912,1258
312912,2535
312919,578
312921,18949
312922,202
312926,18950
312933,1556
312937,18951
312940,721
312946,1064
312951,18952
312955,8742
312967,10125
312983,16207
312986,1658
312989,7727
312995,662
312996,117
313005,770
313006,10501
313007,1906
313016,7937
313020,2299
313021,2327
313025,2479
313029,12590
313036,1158
313038,663
313044,482
313055,1138
313063,3229
313065,10617
313074,18953
313075,98
313081,106
313082,18954
313083,785
313097,649
313098,12027
313102,3516
313113,193
313122,414
313124,18955
313132,1491
313136,6872
313137,4742
313141,18956
313145,157
313146,18957
313158,578
313185,8480
313192,14115
313197,18958
313204,6850
313219,9487
313231,8995
313236,754
313239,18959
313240,659
313242,1971
313247,18960
313249,2901
313249,18961
313272,3422
313274,10806
313274,10807
313283,804
313289,18962
313292,3135
313293,4499
313294,12023
313297,1941
313300,12245
313318,159
313321,12040
313327,203
313329,18963
313331,203
313342,284
313345,18964
313351,785
313365,2781
313375,13219
313377,249
313378,13950
313390,18965
313393,2420
313394,861
313401,341
313403,858
313404,17918
313412,578
313413,10996
313421,563
313421,1285
313421,4836
313424,291
313430,476
313436,2547
313441,18966
313455,13786
313458,531
313463,931
313464,614
313466,798
313468,3754
313489,18967
313493,1190
313499,5486
313499,5541
313499,5542
313500,13119
313507,217
313509,203
313509,3158
313516,91
313524,18968
313527,18969
313533,4937
313536,5047
313540,185
313552,552
313555,669
313560,132
313567,537
313576,2307
313581,291
313592,263
313602,18970
313604,2535
313613,235
313623,91
313624,3032
313627,17847
313631,891
313639,18971
313640,2893
313642,578
313645,1558
313646,4136
313648,1301
313648,1853
313648,1855
313648,1856
313648,1857
313648,1867
313648,1871
313648,1872
313648,2129
313648,2210
313648,3541
313648,3894
313648,3983
313648,16402
313648,17726
313648,18972
313648,18973
313648,18974
313648,18975
313655,18976
313656,13116
313656,13117
313658,105
313664,4862
313670,319
313671,2845
313678,179
313682,1372
313692,5670
313694,4026
313695,8707
313697,1216
313699,18977
313699,18978
313701,17913
313701,18979
313704,2884
313722,280
313729,482
313735,1075
313751,161
313763,298
313764,1457
313791,150
313800,7656
313803,6581
313804,495
313810,281
313814,8799
313823,366
313825,1713
313832,1807
313834,18980
313836,1765
313850,2597
313852,482
313854,200
313876,552
313877,1038
313884,4669
313888,242
313893,2492
313895,18981
313896,587
313901,4077
313907,4485
313927,18982
313928,185
313938,4570
313938,4571
313942,233
313952,1995
313959,185
313969,17332
313970,18983
313971,26
313998,3776
314001,9498
314007,2394
314010,1764
314028,43
314037,162
314040,1376
314052,268
314055,18984
314058,9220
314059,6004
314071,5055
314073,8181
314074,18985
314078,4222
314083,1583
314084,18986
314084,18987
314096,2185
314105,658
314109,7191
314114,18988
314117,99
314129,18550
314133,9187
314156,18989
314159,2339
314188,815
314195,12601
314198,18990
314199,18991
314205,1632
314214,17812
314221,162
314234,3869
314245,5713
314251,5579
314252,18992
314255,9540
314259,556
314261,1846
314262,18993
314282,399
314283,116
314283,117
314283,191
314283,291
314283,611
314283,721
314283,723
314283,1510
314283,1601
314283,2600
314283,3027
314283,5090
314283,18994
314288,253
314289,1727
314290,1768
314290,1769
314303,1242
314309,1472
314314,353
314319,43
314325,2274
314328,2929
314337,2307
314341,3881
314345,17219
314352,102
314368,11335
314383,693
314386,1457
314390,1951
314393,8048
314399,1904
314400,18995
314421,5697
314428,18996
314428,18997
314432,8679
314434,18998
314438,3446
314458,18999
314465,233
314467,3996
314473,1390
314476,931
314478,1082
314479,13986
314487,2286
314489,19000
314489,19001
314489,19002
314490,19003
314493,160
314500,795
314505,16265
314512,1190
314518,19004
314536,12
314539,3881
314544,529
314546,19005
314547,531
314554,815
314555,1095
314559,159
314559,1853
314559,1867
314559,3122
314559,3532
314559,14914
314559,19006
314559,19007
314559,19008
314562,4485
314570,10572
314573,95
314576,19009
314576,19010
314581,307
314585,1553
314600,1331
314601,111
314621,3806
314623,2964
314627,1971
314632,15154
314638,19011
314646,17625
314657,693
314661,117
314671,19012
314675,815
314678,3424
314687,697
314696,699
314700,3802
314700,8477
314713,5282
314713,5283
314715,2500
314717,2844
314719,19013
314721,679
314726,19014
314731,19015
314731,19016
314740,5058
314748,19017
314749,19018
314753,336
314756,815
314764,14445
314765,305
314767,19019
314778,99
314782,5895
314784,1846
314802,19020
314804,1299
314812,4955
314814,24
314821,62
314823,1024
314823,19021
314853,19022
314853,19023
314853,19024
314863,7276
314871,733
314877,19025
314884,931
314893,6787
314895,1979
314898,431
314900,3218
314908,1452
314920,19026
314941,556
314947,1033
314948,3775
314951,5207
314957,19027
314972,5240
314979,91
314984,1399
314985,19028
314987,19029
314988,957
314989,191
315000,446
315000,447
315005,19030
315007,546
315013,67
315021,19031
315023,2484
315024,116
315039,1194
315043,9544
315050,19032
315055,1695
315070,553
315093,822
315100,152
315103,803
315108,19033
315122,1198
315125,57
315128,242
315129,1376
315137,12629
315138,19034
315139,19035
315153,10741
315154,9414
315155,19036
315156,1453
315169,4635
315172,319
315175,1300
315194,19037
315212,1208
315214,553
315227,2518
315231,19038
315235,19039
315237,587
315238,157
315239,3948
315241,3322
315246,19040
315250,1572
315256,8132
315257,723
315257,1035
315257,1330
315257,2577
315257,4498
315257,4533
315257,5138
315257,7952
315257,12119
315257,14142
315281,19041
315281,19042
315287,13020
315290,5254
315294,321
315316,679
315319,1484
315330,3445
315331,4890
315337,19043
315349,1503
315354,2710
315355,689
315358,2895
315361,99
315367,377
315379,19044
315383,160
315389,1766
315390,741
315396,658
315397,531
315400,14035
315401,5992
315405,8152
315421,662
315428,2031
315438,1685
315445,19045
315446,19046
315447,319
315451,1201
315455,1695
315457,19047
315459,19048
315464,253
315464,376
315464,932
315464,2093
315464,2162
315464,2529
315464,2693
315464,3196
315464,3231
315464,3850
315464,3851
315464,4177
315464,4478
315464,4864
315464,5032
315464,5447
315464,5567
315464,7499
315464,10803
315464,18394
315464,19049
315465,26
315465,1764
315465,2929
315471,19050
315481,5288
315481,19051
315485,656
315498,947
315504,3188
315506,3235
315508,1745
315514,2929
315517,19052
315518,16069
315520,4570
315520,4571
315544,11613
315549,5774
315567,19053
315570,4404
315575,291
315586,161
315595,3002
315597,549
315600,140
315603,788
315607,1471
315619,6902
315627,19054
315635,1478
315643,19055
315644,1765
315652,1309
315653,209
315663,19056
315670,19057
315671,1009
315698,135
315705,19058
315706,1583
315709,663
315710,202
315723,2858
315723,2859
315724,13304
315726,4056
315728,19059
315731,9022
315737,4374
315737,6658
315737,6659
315738,2034
315743,18600
315748,19060
315758,11464
315759,10866
315764,5000
315768,19061
315775,634
315778,19062
315781,1129
315787,19063
315789,19064
315792,3677
315795,1706
315798,1563
315799,474
315814,12778
315815,5513
315817,339
315822,319
315823,6427
315825,777
315828,10009
315858,19065
315858,19066
315860,12466
315862,6863
315868,1457
315876,612
315877,4716
315878,534
315880,39
315884,1117
315888,160
315898,300
315903,3154
315920,1635
315925,846
315927,19067
315929,57
315932,2458
315934,663
315936,761
315962,19068
315966,735
315967,19069
315969,931
315970,501
315971,612
315973,12839
315976,19070
315982,250
315989,11473
315992,135
315995,2006
316004,383
316008,19071
316018,543
316025,19072
316027,17458
316030,17896
316059,5414
316060,19073
316066,4561
316068,4306
316068,19074
316068,19075
316068,19076
316068,19077
316068,19078
316068,19079
316068,19080
316068,19081
316073,2339
316077,679
316083,6330
316087,467
316094,222
316096,14
316098,11402
316119,44
316120,231
316130,426
316133,111
316134,1331
316138,2796
316140,19082
316145,2971
316147,250
316156,3385
316157,19083
316162,132
316169,19084
316173,12227
316179,4542
316182,3222
316187,1232
316188,9964
316205,426
316206,7729
316212,5613
316212,10014
316213,161
316225,713
316233,1658
316238,8180
316241,19085
316245,2858
316245,2859
316252,1556
316255,19086
316261,10619
316271,499
316274,3222
316276,19087
316278,3802
316280,12105
316282,1466
316282,1467
316285,19088
316286,366
316293,2020
316310,1685
316311,928
316326,669
316344,19089
316344,19090
316347,3791
316354,10721
316375,1773
316388,150
316392,213
316394,2623
316395,721
316406,2166
316408,699
316412,19091
316413,185
316418,2520
316449,446
316449,447
316465,4523
316469,800
316470,4273
316472,18791
316474,2477
316475,10522
316478,14035
316478,19092
316479,1114
316483,305
316484,1801
316486,268
316492,16084
316494,19093
316494,19094
316512,9945
316517,189
316520,611
316525,587
316526,13241
316537,993
316541,4891
316542,815
316566,2709
316567,6964
316569,160
316580,19095
316586,18088
316591,13
316591,48
316591,659
316591,907
316591,1226
316591,2089
316591,3382
316596,2915
316613,531
316618,723
316619,10630
316619,19096
316626,5503
316634,1753
316639,105
316640,3168
316642,19097
316644,19098
316658,8179
316662,3913
316664,5513
316678,19099
316682,193
316685,4361
316705,10962
316706,752
316708,578
316712,816
316722,19100
316722,19101
316736,10133
316741,19102
316748,19103
316749,19104
316751,1123
316762,5018
316763,9260
316772,121
316776,659
316779,7521
316782,1583
316783,19105
316788,19106
316789,2092
316803,254
316805,364
316806,17861
316807,5144
316809,736
316814,3493
316819,3656
316828,401
316829,19107
316839,44
316846,19108
316847,19109
316847,19110
316848,19111
316848,19112
316852,74
316877,13152
316877,19113
316879,1767
316887,2215
316889,305
316903,145
316905,19114
316907,1563
316931,155
316937,12377
316942,553
316948,19115
316953,29
316978,1437
316982,8110
316984,54
316985,10686
316985,10687
316995,803
316996,157
317014,2853
317014,3181
317019,8924
317022,16769
317031,1465
317035,394
317037,13195
317037,13196
317046,2785
317046,2786
317058,8383
317065,1830
317071,8007
317075,6712
317080,1768
317080,3539
317085,19116
317086,2803
317090,358
317103,1543
317127,19117
317127,19118
317137,501
317139,2712
317145,1848
317152,10075
317154,19119
317164,19120
317183,7958
317187,7431
317200,1399
317219,3932
317223,8332
317224,78
317227,573
317244,8389
317245,19121
317266,3906
317274,19122
317281,1966
317296,19123
317302,1296
317304,501
317310,3212
317342,3372
317349,6436
317349,6437
317352,15133
317370,1303
317381,803
317391,19124
317392,162
317395,19125
317402,19126
317414,4856
317417,8463
317420,1070
317422,19127
317427,5181
317442,336
317449,1846
317463,697
317473,1952
317473,19128
317484,91
317488,19031
317489,19129
317499,4020
317505,9997
317518,19130
317519,4067
317520,1596
317524,12160
317528,19131
317538,424
317544,3981
317545,1061
317549,713
317559,346
317560,160
317561,537
317581,281
317585,4862
317589,146
317594,4679
317595,195
317596,15123
317611,81
317612,733
317614,8564
317618,14928
317628,2523
317631,2353
317634,135
317637,19132
317642,5407
317659,19133
317659,19134
317666,446
317666,447
317668,2107
317668,6954
317670,1201
317679,3066
317684,99
317711,2125
317711,3268
317714,19135
317715,185
317722,3222
317726,254
317733,1496
317735,7511
317751,4579
317756,19136
317757,4135
317759,3928
317777,19137
317787,3294
317797,568
317798,358
317814,19138
317817,2591
317829,267
317830,956
317835,800
317836,284
317844,19139
317849,2646
317850,761
317852,931
317856,19140
317859,4380
317862,848
317864,197
317873,4799
317877,117
317882,1968
317883,1239
317887,1312
317912,19141
317914,19142
317916,3380
317920,1558
317925,611
317927,250
317928,4891
317928,19143
317928,19144
317928,19145
317928,19146
317928,19147
317928,19148
317928,19149
317928,19150
317928,19151
317928,19152
317928,19153
317928,19154
317928,19155
317928,19156
317928,19157
317928,19158
317928,19159
317928,19160
317931,7290
317936,19161
317946,13084
317948,3976
317949,3796
317952,4549
317962,8837
317962,8838
317963,135
317969,14119
317980,5721
317982,17813
317993,746
318001,140
318002,19162
318006,6088
318013,19163
318016,480
318024,2351
318027,19164
318032,185
318034,284
318037,3439
318051,136
318054,9914
318055,1465
318068,19165
318072,14391
318076,8469
318080,191
318083,1022
318090,754
318093,8612
318097,11492
318102,78
318109,1783
318110,2004
318113,11941
318116,91
318117,1903
318118,1096
318128,10045
318128,10046
318129,2175
318130,3891
318130,3893
318133,19166
318139,3754
318147,19167
318148,95
318150,274
318160,157
318165,5838
318177,460
318179,6965
318183,2257
318186,662
318194,815
318215,19168
318217,7151
318218,501
318219,3845
318229,1558
318244,11211
318259,19169
318271,19170
318277,222
318278,5233
318278,16867
318279,19171
318283,460
318291,1117
318295,75
318296,459
318301,679
318309,4627
318330,3894
318331,1702
318343,6570
318343,12860
318345,993
318349,721
318356,931
318363,1588
318370,885
318373,1288
318374,5490
318388,2393
318393,3292
318395,957
318404,274
318416,19172
318418,3696
318422,4431
318425,6740
318442,5362
318450,4016
318451,8521
318462,11660
318469,19173
318487,552
318498,3975
318502,4431
318503,19174
318514,1033
318521,4716
318529,689
318538,1720
318539,752
318543,2451
318563,203
318571,1568
318572,19175
318577,336
318581,10667
318589,161
318592,111
318594,19176
318600,5120
318615,1501
318628,6759
318631,54
318631,105
318631,148
318631,552
318631,815
318631,1376
318631,1856
318631,4089
318631,4712
318631,8355
318631,19177
318631,19178
318631,19179
318631,19180
318640,5231
318645,7688
318653,3516
318653,10594
318660,1846
318665,191
318668,13175
318668,19181
318677,195
318678,9260
318682,19182
318683,19183
318684,19184
318689,1572
318694,10565
318698,4710
318704,1156
318705,1772
318711,305
318716,19185
318725,2520
318726,727
318728,2651
318729,980
318733,3382
318737,14905
318751,14353
318753,235
318756,746
318756,7309
318762,19186
318769,5095
318769,5096
318770,552
318774,1136
318784,75
318785,1210
318805,19187
318828,19188
318841,135
318842,95
318850,1418
318858,19189
318859,4009
318869,1099
318870,19190
318874,19191
318875,91
318883,357
318885,19192
318886,6021
318891,727
318898,537
318902,5371
318909,1720
318914,2858
318914,2859
318925,19193
318930,2544
318934,5916
318943,16882
318965,6785
318968,1568
318970,3514
318971,3049
318973,982
318977,4399
318984,43
318989,2467
318996,10439
319005,5242
319009,1203
319014,2424
319020,179
319028,19071
319038,1342
319048,284
319057,291
319062,11508
319078,446
319078,447
319090,19194
319091,7409
319092,2520
319100,1437
319104,19195
319108,10522
319112,992
319120,7754
319123,689
319124,1254
319142,346
319145,4932
319155,1140
319156,291
319178,19196
319188,1192
319194,4417
319204,2339
319206,136
319208,788
319209,1762
319209,19197
319209,19198
319210,4356
319214,304
319218,199
319222,15049
319224,140
319245,19199
319255,9288
319257,1658
319271,7049
319271,7050
319281,3322
319282,928
319283,39
319290,10820
319294,19200
319315,3907
319321,6968
319324,1253
319324,1254
319325,721
319326,7161
319330,19201
319332,19202
319333,19203
319334,161
319338,19204
319340,9538
319352,803
319359,19205
319366,162
319369,291
319370,739
319372,19206
319373,1373
319378,76
319390,552
319393,5896
319400,19207
319404,3212
319417,627
319424,1007
319425,5142
319433,46
319434,5721
319435,3604
319436,2858
319436,2859
319437,19208
319448,4222
319450,10611
319465,1007
319466,8059
319469,98
319477,16882
319488,1760
319494,669
319498,2591
319500,19209
319503,11489
319516,150
319517,1379
319519,19210
319528,19211
319535,485
319536,1856
319536,1857
319536,1859
319536,3532
319536,3533
319536,3685
319536,5824
319536,8419
319536,14306
319536,19006
319539,1331
319548,828
319548,829
319550,179
319560,91
319561,615
319561,1448
319590,117
319611,19212
319620,1667
319626,578
319627,6076
319645,19213
319651,19214
319653,14449
319662,599
319662,1516
319664,869
319670,19215
319689,107
319692,136
319699,4392
319705,1804
319709,891
319710,19216
319711,1936
319714,357
319722,9721
319726,4696
319729,11356
319730,2477
319737,556
319739,11886
319750,516
319753,19217
319755,295
319760,3545
319760,13164
319760,19218
319760,19219
319760,19220
319760,19221
319760,19222
319760,19223
319760,19224
319760,19225
319760,19226
319760,19227
319764,19228
319764,19229
319768,12165
319775,19230
319779,19231
319781,135
319785,2089
319789,1242
319792,2357
319793,185
319796,6363
319808,19232
319810,19233
319812,10162
319819,6048
319822,14133
319834,22
319842,9568
319849,222
319850,3703
319871,6036
319871,9054
319874,19073
319878,1501
319883,1832
319885,2566
319891,1559
319894,19234
319895,157
319902,2961
319902,2962
319912,19235
319913,19236
319914,2334
319914,2335
319919,99
319920,116
319928,280
319936,111
319955,1695
319964,185
319966,8687
319966,8688
319987,19237
319988,105
319994,15993
319998,3369
320006,2845
320008,16335
320019,3805
320022,19238
320024,4409
320046,1303
320049,19239
320050,7936
320056,11512
320069,150
320077,4755
320083,6870
320088,929
320089,482
320090,3284
320103,19240
320105,19241
320106,1879
320108,1563
320111,1303
320115,19242
320117,19243
320139,398
320144,4975
320158,19244
320164,5831
320164,5832
320172,1819
320182,12689
320198,959
320203,7267
320212,19245
320215,1203
320220,117
320221,1128
320222,19246
320225,3581
320226,275
320238,222
320239,749
320242,3591
320244,19247
320245,150
320258,99
320259,6852
320260,254
320271,19248
320273,85
320281,1300
320284,1065
320284,5548
320291,2858
320291,2859
320298,1061
320313,6712
320323,1477
320323,1672
320324,1203
320338,16233
320340,1904
320351,6259
320353,161
320355,222
320356,316
320366,19249
320371,647
320371,5110
320377,7584
320379,563
320382,6363
320384,12372
320391,169
320394,5282
320394,5283
320400,200
320405,4418
320424,14511
320427,19250
320428,741
320435,1720
320438,107
320447,7599
320449,663
320456,1783
320459,488
320464,19251
320470,19252
320474,16124
320476,19253
320480,443
320490,8252
320491,19254
320496,19003
320502,19255
320506,2552
320510,5153
320514,2418
320523,3113
320528,2969
320528,2970
320531,184
320532,12312
320544,7087
320546,663
320554,19256
320555,5631
320556,200
320570,3048
320576,7527
320577,319
320580,447
320582,14231
320582,14232
320606,19257
320629,752
320637,19258
320647,12
320649,19259
320652,4139
320656,300
320669,99
320679,8765
320679,8766
320681,85
320684,2091
320696,3897
320696,3898
320699,1114
320705,563
320717,2237
320724,578
320734,501
320735,19260
320758,179
320758,11719
320775,1926
320779,19261
320784,4856
320788,587
320791,1938
320799,19262
320802,14645
320804,19263
320829,19264
320831,7419
320832,157
320844,2092
320848,135
320852,169
320867,19265
320872,3229
320872,3230
320890,1894
320890,18816
320914,1764
320922,19266
320923,5710
320928,19267
320932,8469
320935,10931
320940,5513
320943,3948
320945,1764
320947,611
320968,19268
320969,19269
320977,11976
320981,19270
320982,19271
320987,298
320988,19272
320989,5086
321002,19273
321005,191
321012,6001
321015,553
321016,14353
321021,8645
321022,12770
321028,6017
321038,4716
321040,117
321043,319
321044,6097
321049,697
321051,16636
321056,1834
321058,578
321070,19274
321086,105
321086,111
321086,307
321086,552
321086,1673
321086,1686
321086,3098
321086,3534
321086,3537
321086,4089
321086,4328
321086,4330
321086,4380
321086,4935
321086,7208
321086,19275
321091,19276
321092,17726
321096,11259
321106,4627
321116,19277
321128,161
321133,2328
321134,19278
321142,19279
321143,19280
321147,1457
321151,2404
321182,3516
321195,552
321196,578
321201,1899
321214,19281
321215,5253
321231,1554
321237,727
321240,19282
321241,5362
321247,19283
321255,1232
321256,1060
321259,19284
321267,5615
321274,19285
321279,19286
321285,7311
321295,1548
321296,746
321299,280
321300,19287
321309,1503
321311,185
321325,19288
321326,9083
321339,2259
321343,638
321346,813
321351,19289
321369,738
321371,3356
321374,2470
321382,19290
321389,19291
321392,3100
321394,1936
321410,14104
321429,19292
321438,227
321438,308
321438,1751
321438,2246
321438,2277
321438,4977
321438,5609
321438,7429
321438,7623
321438,7624
321438,11183
321438,12548
321438,19293
321442,19294
321449,12854
321451,19295
321462,1342
321466,1584
321480,19296
321482,612
321489,2012
321492,538
321525,1193
321525,12328
321526,19297
321535,4330
321539,10474
321544,92
321555,19298
321558,2522
321566,19299
321567,699
321571,954
321575,928
321584,19300
321592,19301
321597,150
321598,2131
321602,99
321612,1908
321617,19302
321620,7456
321633,19283
321640,12019
321648,8033
321652,1075
321662,300
321665,4305
321667,552
321684,52
321685,4984
321685,16001
321685,19303
321688,4180
321705,15000
321707,19304
321711,6250
321712,227
321719,4913
321720,19305
321720,19306
321723,291
321724,556
321732,6355
321739,1720
321748,19307
321751,222
