autor_id,ime,prezime,godina_rodjenja,drzava
1,Robert,Allen,1954,Sjedinjene Američke Države
2,Tacunari,Iota,1973,Japan
3,Penelopa,Duglas,1956,Sjedinjene Američke Države
4,Gennadij,Murzin,1993,Rusija
5,Ekaterina,Lebedeva,1971,Rusija
6,Elena,Prudnikova,1949,Rusija
7,Sergej,Kremlev,1984,Poljska
8,Igor,Vlasov,1980,Rusija
9,Kornelija,Funke,1958,Nemačka
10,Kler,Makintoš,1970,Rusija
11,Džejms,Dešner,1972,Sjedinjene Američke Države
12,Vladimir,Nabokov,1899,Sjedinjene Američke Države
13,Robert Ljuis,Stivenson,1850,Ujedinjeno Kraljevstvo
14,Darja,Sojfer,1986,Nemačka
15,Ljubov,Marčenko,1955,Rusija
16,Anastasija,Krasičkova,1983,Sjedinjene Američke Države
17,Nikolja,Riženkov,1948,Rusija
18,Lion,Fejhtvanger,1884,Sjedinjene Američke Države
19,Roman,Antropov,1876,Ruska Imperija
20,Ravil,Bikbaev,1962,Sjedinjene Američke Države
21,Svetlana,Kudrina,1954,Ujedinjeno Kraljevstvo
22,Aleksandr,Puškin,1822,Rusija
23,Artelina,Grudina,1984,Sjedinjene Američke Države
24,Sergej,Esenin,1895,Ruska Sovjetska Federativna Socijalistička Republika
25,Maks,Fraj,1970,Ujedinjeno Kraljevstvo
26,Genri,Oldi,1943,Sjedinjene Američke Države
27,Anastasija,Korol,1990,Sjedinjene Američke Države
28,Pavel,Šalagin,1951,Rusija
29,Tamara,Šmidt,1973,Rusija
30,Uiljam,Nikolson,1984,Italija
31,Sendi,Mann,1971,Srbija
32,Dante,Aligeri,1265,Firentinska republika
33,Igor,Borščenko,1963,Rusija
34,Valerij,Almuhametov,1985,Rusija
35,Aleksej,Isaev,1970,Ujedinjeno Kraljevstvo
36,Artem,Drabkin,1951,Rusija
37,Fedor,Afanasev,1958,Rusija
38,Tatjana,Levanova,1968,Ujedinjeno Kraljevstvo
39,Čingiz,Abdullaev,1959,Azerbejdžan
40,Tatjana,Moskvina,1798,Ruska Imperija
41,Nargiz,Nur,1942,Rusija
42,Arvo,Iho,1949,Estonija
43,Julija,Firsanova,1958,Italija
44,Sergej,Samarov,1948,Italija
45,Igor,Kostjučenko,1970,Sjedinjene Američke Države
46,Olga,Minčenko,1936,Rusija
47,Irina,Alešina,1971,Nemačka
48,Mark,Tven,1835,Sjedinjene Američke Države
49,Svjatitel Ioann,Zlatoust,1849,Rusija
50,Vladimir,Makarčenko,1958,Rusija
51,Džidži,Padovani,1959,Srbija
52,Dora,Koust,1990,Rusija
53,Mihail,Saltikov-Ščedrin,1826,Ruska Imperija
54,Jurij,Ivanovič,1958,Španija
55,Lili-Džon,Ueller,1966,Nemačka
56,Kajri,Stoun,1968,Italija
57,Galina,Romanova,1963,Sjedinjene Američke Države
58,Džejn,Dou,1966,Francuska
59,Roza,Sergazieva,1974,Rusija
60,Andrej,Prosin,1975,Ujedinjeno Kraljevstvo
61,Nikolaj,Romanov,1967,Rusija
62,Sergej,Kuznecov,1956,Japan
63,Pelageja,Aleksandrova-Ignateva,1958,Rusija
64,Mihail,Ignatev,1985,Rusija
65,Ljudmila,Dunaeva,1971,Francuska
66,Stanislav,Sergeev,1955,Rusija
67,Arkadij,Averčenko,1880,Ruska Imperija
68,Jaroslav,Čirkov,1930,Rusija
69,Aleksej,Mičman,1984,Ujedinjeno Kraljevstvo
70,Ekaterina,Poljakova,1987,Rusija
71,Viktorija,Vizorina,1970,Rusija
72,Liza,Oldoak,1968,Sjedinjene Američke Države
73,Elena,Malinovskaja,1968,Belorusija
74,Vasilij,Aksenov,1914,Ujedinjeno Kraljevstvo
75,Blejk,Pirs,1968,Ujedinjeno Kraljevstvo
76,Sintija,Vejder,1963,Rusija
77,Marina,Suldina,1990,Italija
78,Tatjana,Luganceva,1956,Rusija
79,Aleksej,Kulakov,1923,Nemačka
80,Aleksej,Čeljapin,1978,Sjedinjene Američke Države
81,Brenda,Džojs,1954,Sjedinjene Američke Države
82,Ifa,Ebbi,1977,Rusija
83,Svetlana,Fetisova,1967,Ujedinjeno Kraljevstvo
84,Anna,Babjaškina,1979,Francuska
85,Gaj,Orlovskij,1977,Francuska
86,Jurij,Molčan,1992,Francuska
87,Ti,Kinsi,1978,Poljska
88,Nikolaj,Poberežnik,1963,Rusija
89,Aleksandr,Gulevič,1981,Ujedinjeno Kraljevstvo
90,Katja,Neva,1975,Ujedinjeno Kraljevstvo
91,Vladimir,Količev,1963,Rusija
92,Kombat,Najtov,1964,Srbija
93,Čarlz,Elms,1987,Rusija
94,Tatjana,Andrianova,1960,Savez Sovjetskih Socijalističkih Republika
95,Marija,Voronova,1975,Sjedinjene Američke Države
96,Andrej,Korolev,1962,Francuska
97,Aleksandr,Voronin,1957,Rusija
98,Anna,Berseneva,1963,Rusija
99,Ilja,Melnikov,1986,Rusija
100,Irvin,Šou,1913,Sjedinjene Američke Države
101,Irina,Breht,1963,Francuska
102,Natalja,Žilcova,1980,Rusija
103,Evgenij,Moroz,1950,Sjedinjene Američke Države
104,Čezare,Lombrozo,1835,Kraljevina Italija
105,Oleg,Divov,1968,Rusija
106,Nadežda,Teffi,1919,Italija
107,Darja,Kova,1969,Rusija
108,Natalija,Koršunova,1944,Sjedinjene Američke Države
109,Šennon,Messendžer,1986,Nemačka
110,Marina,Eldenbert,1974,Sjedinjene Američke Države
111,Aleksej,Kalugin,1970,Srbija
112,Anja,Amasova,1971,Rusija
113,Albina,Gaponenko,1962,Francuska
114,Vera,Reuckaja,1960,Rusija
115,Igor,Šram,1951,Nemačka
116,Nikolaj,Leskov,1831,Ruska Imperija
117,Aleksandr,Kuprin,1842,Rusija
118,Irvin,Jalom,1931,Sjedinjene Američke Države
119,Šarl,Perro,1628,Kraljevstvo Francuska
120,Vilgelm,Gauf,1802,Sjedinjene Američke Države
121,Jakob i Vilgelm,Grimm,1785,Kraljevina Pruska
122,Dmitrij,Makunin,1978,Rusija
123,Gilbert Kit,Česterton,1874,Ujedinjeno Kraljevstvo
124,Anastasija,Rogova,1985,Kanada
125,Lidija,Čarskaja,1875,Savez Sovjetskih Socijalističkih Republika
126,Alina,Znamenskaja,1949,Sjedinjene Američke Države
127,Aleksandr,Grin,1880,Savez Sovjetskih Socijalističkih Republika
128,Eduard,Katlas,1959,Francuska
129,Svjatitel Luka Krimskij,(Vojno-Jaseneckij),1970,Srbija
130,Konstantin,Simonov,1915,Savez Sovjetskih Socijalističkih Republika
131,Olga,Pokrovskaja,1970,Sjedinjene Američke Države
132,Irina,Melnikova,1950,Savez Sovjetskih Socijalističkih Republika
133,Darja,Snežnaja,1985,Nemačka
134,Viktorija,Isaeva,1999,Rusija
135,Dina,Rubina,1953,Izrael
136,Aleksej,Nomejn,1940,Ujedinjeno Kraljevstvo
137,Enn,Kuin,1936,Ujedinjeno Kraljevstvo
138,Dana,Erik,1966,Ujedinjeno Kraljevstvo
139,Agafja,Zvonareva,1974,Ujedinjeno Kraljevstvo
140,Vera,Koločkova,1960,Sjedinjene Američke Države
141,Valerij,Kiseljov,1970,Sjedinjene Američke Države
142,Marija,Žukova,1979,Belorusija
143,Vitalij,Muškin,1956,Rusija
144,Aleksandra,Lisina,1968,Italija
145,Varlam,Šalamov,1907,Savez Sovjetskih Socijalističkih Republika
146,Elizaveta,Danilova,1996,Rusija
147,Viktorija,Platova,1954,Sjedinjene Američke Države
148,Vadim,Panov,1972,Rusija
149,Aleksej,Lavrov,1825,Ruska Imperija
150,Kir,Buličev,1918,Rusija
151,Anna,Kornienko,1969,Rusija
152,Vladimir,Sorokin,1955,Rusija
153,Olga,Korotaeva,1962,Rusija
154,Anna,Oduvalova,1977,Sjedinjene Američke Države
155,Marija,Spasskaja,1963,Sjedinjene Američke Države
156,Ljudmila,Zgonnik,1976,Francuska
157,Marina,Serova,1966,Savez Sovjetskih Socijalističkih Republika
158,Natalja,Solnceva,1969,Rusija
159,Ekaterina,Lesina,1964,Sjedinjene Američke Države
160,Anna i Sergej,Litvinovi,1950,Sjedinjene Američke Države
161,Julija,Šilova,1969,Rusija
162,Dmitrij,Emec,1940,Rusija
163,Sergej,Zinin,1959,Nemačka
164,Andrej,Usačev,1956,Poljska
165,Ekaterina,Azarova,1927,Sjedinjene Američke Države
166,Natalja,Cvetkova,1922,Rusija
167,Leonid,Mečemir,1988,Ujedinjeno Kraljevstvo
168,Anri,Perrjušo,1917,Francuska
169,Evgenij,Griškovec,1967,Rusija
170,Anna,Matison,1983,Rusija
171,Alla,Poljanskaja,1961,Francuska
172,Ženja,Roč,1975,Nemačka
173,Eži,Dovnar,1977,Rusija
174,Uiljam Uilki,Kollinz,1721,Kraljevstvo Velika Britanija
175,Andrej,Ulanov,1960,Rusija
176,Dmitrij,Šein,1955,Rusko carstvo
177,Iosif,Linder,1960,Nemačka
178,Julija,Ostapenko,1980,Italija
179,Roman,Zlotnikov,1963,Rusija
180,Deniel,Braun,1975,Rusija
181,Džeremi,Fišer,1991,Ujedinjeno Kraljevstvo
182,Gillian,Kejs,1983,Sjedinjene Američke Države
183,Valerij,Kvilorija,1979,Rusija
184,Tuve,Jansson,1914,Finska
185,Darja,Doncova,1952,Rusija
186,Elena,Čub,1982,Nemačka
187,Aleksandr,Amfiteatrov,1862,Ruska Imperija
188,Larisa,Gurova,1931,Rusija
189,Arkadij i Boris,Strugackie,1921,Rusija
190,Jurij,Klimonov,1970,Sjedinjene Američke Države
191,Maksim,Gorkij,1868,Savez Sovjetskih Socijalističkih Republika
192,Marina,Komarova,1983,Rusija
193,Olga,Sivek,1991,Sjedinjene Američke Države
194,Aleks,Orlov,1964,Rusija
195,Stefanija,Lukas,1944,Francuska
196,Saule,Kadirova,1987,Sjedinjene Američke Države
197,Andrej,Martjanov,1942,Sjedinjene Američke Države
198,Julija,Kuznecova,1962,Rusija
199,Franciska,Vudvort,1984,Rusija
200,Darja,Kalinina,1968,Rusija
201,Andrej,Muravev,1957,Rusija
202,Anatolij,Drozdov,1950,Rusija
203,Aleksandr,Prozorov,1889,Savez Sovjetskih Socijalističkih Republika
204,Anja,Sokol,1991,Sjedinjene Američke Države
205,Natalja,Kosuhina,1971,Rusija
206,Irina,Suzdaleva,1995,Sjedinjene Američke Države
207,Elena,Rerih,1879,Ruska Imperija
208,Anastasija,Valeeva,1994,Rusija
209,Kristian,Bernar,1964,Rusija
210,Kerol,Mortimer,1960,Ujedinjeno Kraljevstvo
211,Napoleon,Hill,1883,Sjedinjene Američke Države
212,Svetlana,Raščupkina,1970,Rusija
213,Aleksandr,Kontorovič,1987,Italija
214,Tahira,Mafi,1988,Sjedinjene Američke Države
215,Alina,Kuskova,1964,Sjedinjene Američke Države
216,Dejv,Grej,1981,Rusija
217,Golib,Saidov,1981,Rusija
218,Džessi,Endrjus,1982,Sjedinjene Američke Države
219,Džulian,Barns,1946,Ujedinjeno Kraljevstvo
220,Pol,Sallivan,1984,Rusija
221,Tanja,Kadzi,1960,Rusija
222,Džek,London,1876,Sjedinjene Američke Države
223,N.,Manešina,1971,Ujedinjeno Kraljevstvo
224,Meredit,Mitčel,1989,Sjedinjene Američke Države
225,Eduard,Parker,1973,Poljska
226,Li,Kokerell,1978,Rusija
227,Andrej,Levickij,2002,Rusija
228,Svetlana,Kott,1986,Francuska
229,Edgar,Saltus,1966,Sjedinjene Američke Države
230,Olga,Romanovskaja,1986,Ukrajina
231,Dmitrij,Merežkovskij,1865,Ruska Imperija
232,Viktor,Matinov,1949,Kanada
233,Sergej,Aksu,1964,Rusija
234,Anastasija,Vihareva,1981,Rusija
235,Tatjana,Tronina,1972,Italija
236,Kent,Kil,1969,Ujedinjeno Kraljevstvo
237,Džudit,Ajvori,1958,Francuska
238,Vladimir,Sosnovskij,1940,Rusija
239,Aleksej,Ratušnij,1942,Sjedinjene Američke Države
240,Taisija,Kolt,1984,Sjedinjene Američke Države
241,Sergej,Černišev,1955,Rusija
242,Mihail,Veller,1941,Sjedinjene Američke Države
243,Bill,Džejms,1929,Ujedinjeno Kraljevstvo
244,Rejčel Makkarti,Džejms,1981,Rusija
245,Valerija,Verbinina,1956,Ujedinjeno Kraljevstvo
246,Konstantin,Šeremetev,1985,Sjedinjene Američke Države
247,Anna,Džejn,1988,Rusija
248,Viktor,Mišin,1970,Ujedinjeno Kraljevstvo
249,Džoss,Vud,1959,Rusija
250,Ekaterina,Vilmont,1946,Rusija
251,Mihail,Tirin,1975,Ujedinjeno Kraljevstvo
252,Irina,Veremej,1984,Sjedinjene Američke Države
253,Igor,Osipov,1967,Rusija
254,Rej,Bredberi,1920,Sjedinjene Američke Države
255,Benedikt,Spinoza,1632,Nizozemska republika
256,Pavel,Solovev,1843,Rusija
257,E.,Imaševa,1985,Ujedinjeno Kraljevstvo
258,Aleksandr,Borisov,1961,Italija
259,Andrej,Šapenko,1975,Sjedinjene Američke Države
260,Marina,Stepnova,1971,Rusija
261,Larisa,Renar,1951,Sjedinjene Američke Države
262,Vasilij,Orehov,1896,Ujedinjeno Kraljevstvo
263,Natalja,Stepanova,1962,Ujedinjeno Kraljevstvo
264,Boris,Voskresenskij,1965,Ujedinjeno Kraljevstvo
265,Natalja,Perfilova,1956,Rusija
266,Mihail,Lancov,1960,Francuska
267,Pavel,Trannua,1961,Rusija
268,Marik,Lerner,1959,Italija
269,Aleksandr,Pavlov,1980,Ujedinjeno Kraljevstvo
270,Jurij,Poljakov,1920,Savez Sovjetskih Socijalističkih Republika
271,Daniel,Defo,1683,Rusija
272,Nikolaj,Berg,1823,Ruska Imperija
273,Boris,Babkin,1877,Ujedinjeno Kraljevstvo
274,Uljana,Soboleva,1977,Rusija
275,Tatjana,Ustinova,1968,Rusija
276,Enn,Džoj,1972,Rusija
277,Elizabet,Blekbern,1972,Francuska
278,Elissa,Epel,1971,Ujedinjeno Kraljevstvo
279,Vjačeslav,Korotin,1955,Rusija
280,Natalja,Pavliščeva,1962,Rusija
281,Jurij,Korčevskij,1976,Ujedinjeno Kraljevstvo
282,Olga,Ivenskaja,1989,Srbija
283,Džejms,Klavell,1921,Sjedinjene Američke Države
284,Aleksandr,Tamonikov,1961,Sjedinjene Američke Države
285,Vladislav,Mešalkin,1985,Kanada
286,Ekaterina,Danilčik,1952,Francuska
287,Ella,Rejn,1962,Rusija
288,Elena,Pavlova,1913,Belorusija
289,Galina,Mahovikova,1977,Rusija
290,Kejt,Hjuit,1956,Rusija
291,Lev,Tolstoj,1820,Sjedinjene Američke Države
292,Miranda,Dikinson,1979,Rusija
293,Vladimir,Brjukov,1965,Kanada
294,Tessa,Der,1974,Ujedinjeno Kraljevstvo
295,Vladimir,Tokarev,1991,Ujedinjeno Kraljevstvo
296,Irina,Vajc,1969,Rusija
297,Diana,Horsand-Mavromatis,1984,Rusija
298,Artur Konan,Dojl,1859,Ujedinjeno Kraljevstvo
299,Anatolij,Abraškin,1979,Italija
300,Terri,Pratčett,1948,Ujedinjeno Kraljevstvo
301,Aleksej,Kalinin,1882,Rusija
302,Majkl,Hajjatt,1955,Rusija
303,Deniel,Garkavi,1978,Rusija
304,Tatjana,Vedenskaja,1976,Rusija
305,Tom,Batler-Boudon,1954,Sjedinjene Američke Države
306,Valentina,Eremeeva,1980,Rusija
307,Svjatoslav,Loginov,1951,Rusija
308,Aleksandr,Šakilov,1980,Srbija
309,Elizaveta,Zirjanova,1963,Rusija
310,Kami,Li,1986,Rusija
311,Jurij,Kamenskij,1988,Rusija
312,Vera,Kamenskaja,1983,Ujedinjeno Kraljevstvo
313,Aleksandr,Grišin,1964,Sjedinjene Američke Države
314,Oksana,Gavrilova,1930,Rusija
315,Ket,Šild,1975,Rusija
316,Georgij,Zobač,1968,Francuska
317,Uiljam,Tekkerej,1811,Ujedinjeno Kraljevstvo Velike Britanije i Irske
318,Alber,Kamju,1913,Francuska
319,Marija,Metlickaja,1959,Savez Sovjetskih Socijalističkih Republika
320,Roman,Nikolskij,1979,Sjedinjene Američke Države
321,Olga,Pašnina,1974,Ujedinjeno Kraljevstvo
322,Ajrin,Laks,1966,Rusija
323,Ljudmila,Bolšedvorova,1958,Francuska
324,Dejv,Tompson,1960,Ujedinjeno Kraljevstvo
325,Sergej,Kara-Murza,1968,Rusija
326,Sergej,Smirnov,1967,Sjedinjene Američke Države
327,Ivan,Šmelev,1857,Nemačka
328,Vladimir,Suhinin,1985,Rusija
329,Dmitrij,Raspopov,1979,Sjedinjene Američke Države
330,Piter,Mejl,1939,Francuska
331,Vladimir,Tarasov,1939,Rusija
332,Pavel,Lipcer,1958,Italija
333,Dmitrij,Pučkov,1961,Rusija
334,Jurij,Bajramukov,1984,Ujedinjeno Kraljevstvo
335,Evgenij,Drabatulin,1967,Sjedinjene Američke Države
336,Galina,Kizima,1960,Italija
337,Anastasija,Tumanova,1981,Rusija
338,Jaroslav,Babkin,1973,Sjedinjene Američke Države
339,Elena,Kasatkina,1976,Sjedinjene Američke Države
340,Andrej,Vasilev,1958,Ujedinjeno Kraljevstvo
341,Boris,Sokolov,1944,Rusija
342,Džulet,Varma,1978,Sjedinjene Američke Države
343,Lika,Karazina,1975,Rusija
344,Oleg,Koževnikov,1981,Ujedinjeno Kraljevstvo
345,Mark,Agatov,1950,Rusija
346,Holli,Vebb,1976,Ujedinjeno Kraljevstvo
347,Anatolij,Nekrasov,1926,Savez Sovjetskih Socijalističkih Republika
348,Džulija,Kemeron,1948,Sjedinjene Američke Države
349,Sejdž,Tippot,1985,Italija
350,Malik,Mandibaev,1943,Rusija
351,V.,Žiglov,1963,Poljska
352,Kacudzo,Niši,1967,Srbija
353,Tatjana Oliva,Morales,1945,Rusija
354,Džek,Kenfild,1944,Sjedinjene Američke Države
355,Mark Viktor,Hansen,1960,Italija
356,Emi,Njumark,1961,Nemačka
357,Inna,Bačinskaja,1975,Rusija
358,Biblioteka,KnigiKratko,1977,Rusija
359,Oleg,Batluk,1991,Rusija
360,Frederik,Begbeder,1965,Francuska
361,Oksana,Golovina,1985,Rusija
362,Emilija,Grin,1981,Sjedinjene Američke Države
363,Majkl,Konnelli,1956,Sjedinjene Američke Države
364,Mihail,Okun,1985,Ujedinjeno Kraljevstvo
365,Lukrecija,Bordžia,1480,Papska država
366,Olivija,Gejts,1960,Sjedinjene Američke Države
367,Darija,Rosso,1994,Sjedinjene Američke Države
368,Nik,Lisickij,1988,Rusija
369,Aljona,Tjurina,1960,Rusija
370,Julija,Lavrova,1974,Ujedinjeno Kraljevstvo
371,Mihail,Ageev,1920,Rusija
372,Aleksandr,Maris,1976,Ujedinjeno Kraljevstvo
373,Rejčel Sonja,Lajtman,1983,Rusija
374,Marija,Maksimova,1969,Rusija
375,Marija,Kuzmina,1961,Savez Sovjetskih Socijalističkih Republika
376,Aleksej,Doronin,1974,Rusija
377,Somerset,Moem,1881,Italija
378,Aleksandr,Sobjanin,1972,Rusija
379,Osip,Nazaruk,1884,Rusija
380,Aleksej,Borodkin,1980,Ujedinjeno Kraljevstvo
381,Boris,Širjaev,1889,Savez Sovjetskih Socijalističkih Republika
382,Brajan,Hejbl,1970,Ujedinjeno Kraljevstvo
383,Artem,Kamenistij,1962,Rusija
384,Polina,Tabagari,1947,Francuska
385,Kirill,Klevanskij,1977,Rusija
386,Aleks,Vud,1948,Nemačka
387,Visente,Blasko-Ibanes,1854,Ujedinjeno Kraljevstvo
388,Tatjana,Abissin,1974,Srbija
389,Nikolaj,Nosov,1908,Savez Sovjetskih Socijalističkih Republika
390,Egor,Jakovlev,1998,Poljska
391,Mihail,Popov,1988,Rusija
392,Klim,Žukov,1977,Rusija
393,Barbara,Danlop,1956,Nemačka
394,Elena,Zvjozdnaja,1981,Rusija
395,Natalija,Pravdina,1966,Rusija
396,Jaroslav,Gžendovič,1965,Poljska
397,Elli,Milau,1971,Poljska
398,Ivan,Efremov,1908,Savez Sovjetskih Socijalističkih Republika
399,Zigmund,Frejd,1856,Austrija
400,Erih,Fromm,1900,Švajcarska
401,Oleg,Tarugin,1973,Rusija
402,Sergej,Miheenkov,1967,Italija
403,Elvira,Osetina,1950,Rusija
404,Gerret,Porter,1943,Rusija
405,Patrisija,Norris,1938,Poljska
406,Aleksandr,Kojfman,1969,Rusija
407,Aleksandr,Dolinin,1986,Ujedinjeno Kraljevstvo
408,Lev,Golubev-Kačura,1983,Italija
409,Aleksandr,Vargo,1951,Francuska
410,Pavel,Savelev,1814,Ruska Imperija
411,Aleksandr,Volkov,1912,Sjedinjene Američke Države
412,Georgij,Kočetkov,1961,Rusija
413,Dejzi,Medous,1964,Francuska
414,Nikolaj,Gogol,1809,Ruska Imperija
415,Vitalij,Fedorov,1987,Francuska
416,Šejla,Taormina,1969,Sjedinjene Američke Države
417,Mihail,Žvaneckij,1934,Rusija
418,Vladimir,Hruljov,1963,Rusija
419,Boris,Batiršin,1963,Rusija
420,Anton,Traskovskij,1962,Srbija
421,Volodimir,Єškіlєv,1969,Rusija
422,Natalja,Vasilevskaja,1993,Rusija
423,Ekaterina,Bogdanova,1972,Rusija
424,Mihail,Babkin,1974,Italija
425,Gajto,Gazdanov,1903,Ruska Imperija
426,Alisa,Klever,1977,Sjedinjene Američke Države
427,Uolter,Kenni,1961,Ujedinjeno Kraljevstvo
428,Sabrina,Filips,1971,Francuska
429,Nikolaj,Gornov,1977,Sjedinjene Američke Države
430,Olga,Markes,1987,Rusija
431,Vissarion,Belinskij,1811,Ruska Imperija
432,Mišel,Duglas,1980,Francuska
433,Diana,Maškova,1959,Sjedinjene Američke Države
434,Solomon,Fenrir,1994,Francuska
435,Barbara,Kolorozo,1986,Rusija
436,Boris,Kolonickij,1955,Rusija
437,Šarlotta,Bronte,1816,Ujedinjeno Kraljevstvo Velike Britanije i Irske
438,Anna,Alakozova,1984,Nemačka
439,Sergej,Dovlatov,1941,Sjedinjene Američke Države
440,Ilja,Šumej,1974,Sjedinjene Američke Države
441,Virdžinija,Vulf,1882,Ujedinjeno Kraljevstvo
442,Boris,Berezovskij,1967,Sjedinjene Američke Države
443,Ričard,Fejnman,1918,Sjedinjene Američke Države
444,Elena,Litvinskaja,1968,Francuska
445,Fedor,Razzakov,1978,Nemačka
446,Aleksej,Makeev,1942,Nemačka
447,Nikolaj,Leonov,1884,Srbija
448,Olga,Valenteeva,1968,Sjedinjene Američke Države
449,Viktor,Serov,1902,Sjedinjene Američke Države
450,Vladimir,Žikarencev,1964,Rusija
451,Sergej,Solovev,1901,Italija
452,Aleksandra,Baženova,1982,Rusija
453,Oksana,Briza,1967,Rusija
454,Georgij,Ejtvin,1960,Ujedinjeno Kraljevstvo
455,Elizabet,Lejn,1974,Rusija
456,Tatjana,Šeina,1992,Sjedinjene Američke Države
457,Vladimir,Mihajlov,1944,Ujedinjeno Kraljevstvo
458,Adam,Rejn,1969,Srbija
459,Ljudmila,Ulickaja,1968,Ujedinjeno Kraljevstvo
460,Andrej,Beljanin,2004,Rusija
461,Nina,Komolova,1968,Ujedinjeno Kraljevstvo
462,Aleksandra,Tajc,1962,Ujedinjeno Kraljevstvo
463,Aleksandr,Tajc,1966,Rusija
464,Mihail,Bulgakov,1891,Savez Sovjetskih Socijalističkih Republika
465,Dmitrij,Verhoturov,1966,Kanada
466,Kejt,Atkinson,1960,Sjedinjene Američke Države
467,Ričard,O’Konnor,1968,Rusija
468,Aleksandr,Auzan,1971,Italija
469,Viktor,Rogožkin,1958,Italija
470,Džo,Navarro,1953,Sjedinjene Američke Države
471,Lois,Dunkan,1933,Italija
472,Tatjana,Hmelnickaja,1951,Rusija
473,Aleks,Hellvald,1970,Poljska
474,Aleksandr,Makarov,1898,Savez Sovjetskih Socijalističkih Republika
475,Varvara,Šihareva,1974,Ujedinjeno Kraljevstvo
476,Anatolij,Verčinskij,1987,Italija
477,Kerolajn,Kin,1900,Rusija
478,Oksana,Antonskaja,1987,Rusija
479,Širin,Melek,1976,Rusija
480,Dmitrij,Bikov,1967,Rusija
481,Sergej,Saenko,1972,Ukrajina
482,Fridrih,Neznanskij,1973,Rusija
483,Keti,Ostler,1983,Srbija
484,Natalja,Novaja,1993,Rusija
485,Maša,Traub,1976,Rusija
486,Svetlana,Kolosova,1969,Rusija
487,Ekaterina,Skibinskih,1963,Poljska
488,Tatjana,Korsakova,1974,Francuska
489,Haim,Ginot,1978,Rusija
490,Artem,Buk,1978,Rusija
491,Fej,Rodis,1979,Sjedinjene Američke Države
492,Evgenij,Anisimov,1880,Italija
493,Aleksej,Leontev,1903,Savez Sovjetskih Socijalističkih Republika
494,Almira,Raj,1962,Francuska
495,Emilija,Osten,1979,Nemačka
496,Sigrid,Unset,1882,Norveška
497,Tess,Gerritsen,1953,Sjedinjene Američke Države
498,Silvija,Lajm,1983,Rusija
499,Karina,Demina,1972,Rusija
500,Olga,Skorobogatova,1975,Rusija
501,Agata,Kristi,1890,Ujedinjeno Kraljevstvo
502,Vadim,Šabalin,1981,Francuska
503,Nikolaj,Gorkavij,1959,Sjedinjene Američke Države
504,Kristofer,Paolini,1983,Sjedinjene Američke Države
505,Julija,Žuravleva,1896,Ruska Imperija
506,Aleksej,Varlamov,1973,Italija
507,Nassim Nikolas,Taleb,1960,Sjedinjene Američke Države
508,Julija,Nabokova,1951,Rusija
509,Kirill,Šarapov,1964,Poljska
510,Vasilij,Čibisov,1965,Poljska
511,Oleg,Krisjuk,1965,Rusija
512,Aleksandr,Strelnikov,1967,Sjedinjene Američke Države
513,Andrej,Obrezan,1954,Rusija
514,Larisa,Kočorova,1965,Rusija
515,Vladimir,Muhin,1967,Italija
516,Lev,Lure,1950,Rusija
517,Andrej,Poliščuk,1993,Nemačka
518,Vladislav,Le,1989,Sjedinjene Američke Države
519,Sjuzen,Sontag,1961,Rusija
520,Džon,Frili,1963,Sjedinjene Američke Države
521,Evgenij,Mihajlov,1949,Ujedinjeno Kraljevstvo
522,Levin,Levadopa,1966,Rusija
523,Uolles,Uottlz,1982,Rusija
524,Tui,Sazerlend,1978,Sjedinjene Američke Države
525,Kari,Sazerlend,1985,Rusija
526,Galina,Dolgova,1980,Rusija
527,Denis,Marčuk,1946,Francuska
528,Vadim,Lankin,1972,Sjedinjene Američke Države
529,Linn,Grehem,1984,Rusija
530,Erve,Bazen,1911,Francuska
531,Vladislav,Krapivin,1938,Rusija
532,Ekaterina,Murašova,1968,Srbija
533,Natalja,Majorova,1988,Rusija
534,Fransua-Mari Arue,Volter,1741,Francuska
535,Oleg,Sinicin,1957,Sjedinjene Američke Države
536,Nikolaj,Serov,1790,Rusija
537,Olga,Gromiko,1978,Belorusija
538,Vladimir,Odoevskij,1803,Ruska Imperija
539,Maksim,Volžskij,1977,Francuska
540,Marija,Evseeva,1982,Rusija
541,Vjačeslav,Kumin,1965,Rusija
542,Marina,Drobkova,1961,Sjedinjene Američke Države
543,Tomas,Harris,1940,Sjedinjene Američke Države
544,Aleksandr,Rudazov,1966,Ujedinjeno Kraljevstvo
545,Haruki,Murakami,1949,Japan
546,Julija,Alejnikova,1958,Ujedinjeno Kraljevstvo
547,Aleksandr,Snegov,1957,Ujedinjeno Kraljevstvo
548,Aleksej,Osadčuk,1975,Italija
549,Jakov,Perelman,1865,Ujedinjeno Kraljevstvo
550,Vladimir,Zeščinskij,1961,Kanada
551,Vladimir,Obručev,1863,Savez Sovjetskih Socijalističkih Republika
552,Sergej,Lukjanenko,1968,Rusija
553,Tatjana,Poljakova,1959,Rusija
554,Vladimir,Ovčinskij,1977,Rusija
555,Elena,Larina,1959,Sjedinjene Američke Države
556,Sergej,Zverev,1963,Rusija
557,Igor,Kolosov,1959,Rusija
558,Marina,Vesennjaja,1969,Rusija
559,Lana,Kapriznaja,1964,Srbija
560,Anna,Lukaševič,1992,Rusija
561,Evgenij,Simonov,1977,Sjedinjene Američke Države
562,Sofi,Kinsella,1969,Ujedinjeno Kraljevstvo
563,Elena,Usačeva,1949,Sjedinjene Američke Države
564,Enn,Herris,1952,Rusija
565,Emma,Korica,1962,Sjedinjene Američke Države
566,Julija,Matrosova,1957,Sjedinjene Američke Države
567,Anatolij,Saričev,1957,Rusija
568,Tori,Ozols,1967,Rusija
569,Boris,Cehanovič,1990,Srbija
570,Dejv,Tompson,1986,Sjedinjene Američke Države
571,Anabel,Li,1986,Rusija
572,Anastasija,Kit,1978,Francuska
573,Anton,Krotov,1977,Rusija
574,Natalja,Kornilova,1946,Francuska
575,Dmitrij,Smekalin,1979,Sjedinjene Američke Države
576,Aleksandr,Gorodnickij,1933,Rusija
577,Viktor,Poliščuk,1967,Sjedinjene Američke Države
578,Natalja,Aleksandrova,1951,Ujedinjeno Kraljevstvo
579,Sergej,Alekseev,1910,Japan
580,Aljona,Krilova,1962,Rusija
581,Prosper,Merime,1803,Francuska
582,Genrik,Senkevič,1846,Poljska
583,Ljudmila,Morozova,1984,Ujedinjeno Kraljevstvo
584,Dmitrij,Hohlov,1999,Belorusija
585,Aleksandr,Pankov,1967,Sjedinjene Američke Države
586,Enid,Blajton,1897,Ujedinjeno Kraljevstvo
587,Elena,Arseneva,1850,Rusija
588,Danila,Belousov,1986,Rusija
589,Lija,Geraskina,1910,Rusija
590,Stefan,Cvejg,1881,Austrija
591,Igor,Petrov,1983,Rusija
592,Aleksandr,Androsenko,1964,Nemačka
593,Enn,Stjuart,1944,Rusija
594,Margarita,Svetlova,1980,Poljska
595,Marina,Anderson,1960,Sjedinjene Američke Države
596,Marija,Nekrasova,1899,Savez Sovjetskih Socijalističkih Republika
597,Džejms,Rollins,1961,Sjedinjene Američke Države
598,Grant,Blekvud,1986,Rusija
599,Aleksandr,Mihajlovskij,1969,Sjedinjene Američke Države
600,Julija,Markova,1961,Poljska
601,Igor,Kasilov,1958,Rusija
602,Aleksej,Ardašev,1980,Sjedinjene Američke Države
603,Simona,Vilar,1965,Ukrajina
604,Svetlana,Talan,1962,Poljska
605,Natalja,Kostina,1991,Belorusija
606,Galina,Matveeva,1975,Srbija
607,Tanja,Vink,1990,Francuska
608,Marina,Raevskaja,1962,Rusija
609,Elena,Pečornaja,1980,Rusija
610,Lilja,Podgajskaja,1985,Rusija
611,Ivan,Turgenev,1818,Ruska Imperija
612,Anna,Mališeva,1958,Rusija
613,Žoze,Saramago,1922,Portugalija
614,Viktorija,Koroljova,1963,Poljska
615,Mirzakarim,Norbekov,1976,Sjedinjene Američke Države
616,Gennadij,Volkov,1979,Rusija
617,Lajmen Frenk,Baum,1856,Sjedinjene Američke Države
618,Igor,Negatin,1960,Rusija
619,Aleksandr,Peškov,1962,Rusija
620,Šantel,Šou,1984,Sjedinjene Američke Države
621,Tamara,Rajs,1993,Rusija
622,Sergej,Mihajlov,1963,Sjedinjene Američke Države
623,Aleksandr,Tihonov,1991,Rusija
624,Andrej,Anisimov,1972,Rusija
625,Tatjana,Vasileva,1947,Rusija
626,Maksim,Buzin,1993,Rusija
627,Evgenija,Gorskaja,1960,Rusija
628,Vasilij,Rešetnikov,1950,Savez Sovjetskih Socijalističkih Republika
629,Julija,Rjabinina,1979,Sjedinjene Američke Države
630,Natalija,Mstitelnaja,1970,Ujedinjeno Kraljevstvo
631,Vadim,Denisov,1972,Rusija
632,S.,Vitickij,1943,Sjedinjene Američke Države
633,Karlos,Kastaneda,1925,Sjedinjene Američke Države
634,Fedor,Dostoevskij,1809,Sjedinjene Američke Države
635,Ekaterina,Flat,1968,Ujedinjeno Kraljevstvo
636,Andrej,Erpilev,1950,Sjedinjene Američke Države
637,Vladimir,Žuhraj,1965,Sjedinjene Američke Države
638,Nikolaj,Svečin,1959,Rusija
639,Saša,Čjornij,1880,Francuska
640,Oleg,Marin,1972,Rusija
641,Arina,Larina,1968,Rusija
642,Aljona,Medvedeva,1968,Rusija
643,Galina,Verbina,1973,Srbija
644,Aleksej,Klimov,1957,Rusija
645,Vasilij,Bikov,1911,Ujedinjeno Kraljevstvo
646,Džodžo,Mojes,1969,Ujedinjeno Kraljevstvo
647,Sergej,Zagorodnikov,1971,Ujedinjeno Kraljevstvo
648,Lili,Ket,1974,Rusija
649,Lilija,Timofeeva,1976,Rusija
650,Eduard,Kravec,1982,Sjedinjene Američke Države
651,Kaleb,Karr,1943,Rusija
652,Anna,Ros,1976,Sjedinjene Američke Države
653,Elizabet,Čedvik,1957,Ujedinjeno Kraljevstvo
654,Petr,Talantov,1976,Ujedinjeno Kraljevstvo
655,Larisa,Surkova,1971,Rusija
656,Sergej,Aksakov,1791,Ruska Imperija
657,Melani,Milbern,1976,Sjedinjene Američke Države
658,Faina,Ranevskaja,1896,Savez Sovjetskih Socijalističkih Republika
659,Žjul,Vern,1828,Francuska
660,Alina,Mustafina,1963,Francuska
661,Artur,Liman,1932,Sjedinjene Američke Države
662,Andrej,Posnjakov,1968,Rusija
663,Stiven,King,1947,Sjedinjene Američke Države
664,Irina,Balašova,1964,Rusija
665,Robert,Hajnlajn,1907,Sjedinjene Američke Države
666,Egor,Košenkov,1973,Rusija
667,Žaklin,Berd,1970,Nemačka
668,Lev,Gumilev,1921,Italija
669,Aleksandra,Marinina,1957,Rusija
670,Evgenij,Lebedev,1963,Rusija
671,Margarita,Južina,1977,Rusija
672,Olesja,Malinskaja,1983,Italija
673,Gregg,Brejden,1954,Rusija
674,Sergej,Tarmašev,1974,Rusija
675,Elias,Kanetti,1905,Ujedinjeno Kraljevstvo
676,Tomas,Gobbs,1588,Kraljevstvo Engleska
677,Aleksej,Mirnij,1941,Srbija
678,Stanislav,Lem,1921,Poljska
679,Viktor,Pelevin,1962,Rusija
680,Olga,Novikova,1970,Poljska
681,Sergej,Stepanov,1962,Ujedinjeno Kraljevstvo
682,Roman,Belocerkovec,1987,Nemačka
683,Aleksej,Perejaslavcev,1957,Italija
684,Valerij,Šambarov,1977,Rusija
685,Elina,Uejnrajt,1949,Poljska
686,Galina,Čub,1989,Francuska
687,Džon,Mitčell,1959,Ujedinjeno Kraljevstvo
688,Tatjana,Zinger,1960,Ujedinjeno Kraljevstvo
689,Jurij,Nikitin,1928,Rusija
690,Vsevolod,Gluhovcev,1961,Rusija
691,Eduard,Bajkov,1958,Rusija
692,Ljubov,Suško,1955,Francuska
693,Erl Stenli,Gardner,1889,Sjedinjene Američke Države
694,Marina,Cvetaeva,1892,Savez Sovjetskih Socijalističkih Republika
695,Anton,Veselov,1931,Rusija
696,Olga,Grejg,1979,Rusija
697,Edvard,Radzinskij,1936,Rusija
698,Nina,Daševskaja,1979,Sjedinjene Američke Države
699,Vera,Čirkova,1978,Srbija
700,Din,Kunc,1945,Sjedinjene Američke Države
701,Evgenij,Suhov,1959,Rusija
702,Ksenija,Baštovaja,1958,Francuska
703,Nadežda,Fedotova,1963,Srbija
704,Kristin,Ališeva,1988,Ujedinjeno Kraljevstvo
705,Natalja,Tutova,1988,Rusija
706,Ekaterina,Kirillova,1973,Belorusija
707,Sergej,Sadov,1975,Rusija
708,Genrih,Gejne,1797,Francuska
709,P.,Kabanov,1945,Rusija
710,Lev,Krajnov,1959,Rusija
711,Sara,Džio,1978,Sjedinjene Američke Države
712,Elena,Nesterina,1951,Poljska
713,Evgenija,Mihajlova,1949,Rusija
714,Sergej,Buzinin,1985,Srbija
715,Maksim,Mernes,1932,Sjedinjene Američke Države
716,Uiljam,Gibson,1938,Sjedinjene Američke Države
717,Džennifer,Skott,1965,Rusija
718,Elena,Skibo,1993,Francuska
719,Džejms,Glik,1980,Sjedinjene Američke Države
720,B.,Fajruzov,1989,Rusija
721,Anton,Čehov,1860,Ruska Imperija
722,Leonid,Andreev,1871,Ruska Imperija
723,Valerij,Brjusov,1873,Savez Sovjetskih Socijalističkih Republika
724,Artur Čarlz,Klark,1917,Ujedinjeno Kraljevstvo
725,Sergej,Kuprijanov,1971,Ujedinjeno Kraljevstvo
726,Ajnur,Safin,1989,Japan
727,Elizaveta,Dvoreckaja,1970,Rusija
728,Aleksandr,Nevzorov,1928,Savez Sovjetskih Socijalističkih Republika
729,Hajdarali,Usmanov,1987,Rusija
730,Marija,Kameneckaja,1967,Francuska
731,Ekaterina,Oksanen,1973,Rusija
732,Valerij,Gusev,1941,Rusija
733,Evgenij,Satanovskij,1983,Ujedinjeno Kraljevstvo
734,Angelina,Sosnovskaja,1957,Rusija
735,Evgenija,Šackaja,1970,Rusija
736,Den,Simmons,1948,Sjedinjene Američke Države
737,Olga,Baskova,1967,Sjedinjene Američke Države
738,Albert,Bajkalov,1952,Srbija
739,Anton,Leontev,1966,Rusija
740,Karina,Pjankova,1978,Sjedinjene Američke Države
741,Andrej,Livadnij,1970,Sjedinjene Američke Države
742,Vitalij,Bianki,1894,Savez Sovjetskih Socijalističkih Republika
743,Irina,Mutovčijskaja,1978,Rusija
744,Ketti,Uiljams,1953,Ujedinjeno Kraljevstvo
745,Patrik Dž.,Holl,1894,Ujedinjeno Kraljevstvo
746,Andrej,Kurpatov,1974,Rusija
747,Tatjana,Devjatova,1966,Sjedinjene Američke Države
748,Džon,Milton,1619,Sjedinjene Američke Države
749,Edgar Allan,Po,1871,Sjedinjene Američke Države
750,Anna,Novikova,1902,Rusija
751,Valerij,Rjazancev,1964,Nemačka
752,Džoanna,Lindsej,1952,Sjedinjene Američke Države
753,Anatolij,Aleksin,1924,Izrael
754,Maksim,Šahov,1976,Sjedinjene Američke Države
755,Maksim,Djurteev,1945,Japan
756,Merilin,Monro,1926,Sjedinjene Američke Države
757,Robert,Holdstok,1948,Ujedinjeno Kraljevstvo
758,Mark,Dovlatov,1959,Rusija
759,Ljudmila,Bolotova,1974,Sjedinjene Američke Države
760,Džoan Ketlin,Rouling,1965,Ujedinjeno Kraljevstvo
761,Mari,Grej,1960,Poljska
762,Džordžija,Birs,1933,Rusija
763,Sergej,Bakšeev,1969,Francuska
764,Filip,Pulman,1946,Ujedinjeno Kraljevstvo
765,Alena,Volgina,1971,Nemačka
766,Zahar,Prilepin,1975,Rusija
767,Tiffani,King,1988,Republika Irska
768,Tina,Blestjaščaja,1971,Sjedinjene Američke Države
769,Holli,Ultrafiolet,1976,Rusija
770,Olga,Gusejnova,1986,Rusija
771,Evgenij,Komarovskij,1960,Ukrajina
772,Jurij,Galenovič,1969,Rusija
773,Miron,Marusič,1987,Rusija
774,Aleksej,Tolpigo,1972,Ujedinjeno Kraljevstvo
775,Andre,Armandi,1934,Sjedinjene Američke Države
776,Vera,Ivanova,1969,Rusija
777,Majja,Gogulan,1980,Rusija
778,Mihail,Gromov,1972,Rusija
779,Petr,Ploskov,1975,Sjedinjene Američke Države
780,Valerij,Andrianov,1984,Rusija
781,Alisa,Lunina,1982,Ujedinjeno Kraljevstvo
782,Mariam,Petrosjan,1969,Jermenija
783,Nina,Demidova,1987,Rusija
784,Aleksandr,Blok,1880,Ruska Sovjetska Federativna Socijalistička Republika
785,Dmitrij,Mariskin,1946,Sjedinjene Američke Države
786,Nikolaj,Ostrovskij,1904,Savez Sovjetskih Socijalističkih Republika
787,Jurij,Arbekov,1982,Ujedinjeno Kraljevstvo
788,Denis,Ševčuk,1966,Srbija
789,Oleg,Kudin,1979,Rusija
790,Irina,Semina,1984,Sjedinjene Američke Države
791,Andrej,Zarin,1862,Savez Sovjetskih Socijalističkih Republika
792,Aleks,Nagornij,1966,Rusija
793,Majkl,Gibni,1989,Francuska
794,Anthony,Trollope,1963,Sjedinjene Američke Države
795,Viktor Mari,Gjugo,1802,Francuska
796,Ketrin,Stothart,1976,Sjedinjene Američke Države
797,Ričard,Artus,1974,Rusija
798,A.,Sinelnikova,1984,Rusija
799,Pamela,Drukerman,1970,Sjedinjene Američke Države
800,Aleksandr,Beljaev,1953,Savez Sovjetskih Socijalističkih Republika
801,Olga,Gron,1988,Francuska
802,Georg,Ajkazuni,1941,Francuska
803,Boris,Akunin,1956,Rusija
804,Aurika,Lukovkina,1951,Nemačka
805,Gerta,Kris,1980,Rusija
806,Čarlz,Martin,1961,Rusija
807,Džon,Flanagan,1971,Nemačka
808,Olga,Solomatina,1962,Rusija
809,Vladimir,Živetin,1978,Rusija
810,Aleksandr,Kropivko,1984,Rusija
811,Uolles,Stegner,1909,Sjedinjene Američke Države
812,Dmitrij,Krasnovodskij,1978,Ujedinjeno Kraljevstvo
813,Konstantin,Kalbazov,1956,Sjedinjene Američke Države
814,Džonatan,Tropper,1970,Sjedinjene Američke Države
815,Vasilij,Golovačev,1929,Poljska
816,Sesilija,Ahern,1981,Republika Irska
817,Aleksej,Pehov,1952,Rusija
818,Evgenij,Primakov,1929,Rusija
819,Andrej,Klimenko,1986,Ukrajina
820,Valentina,Oseeva,1902,Savez Sovjetskih Socijalističkih Republika
821,Anna,Danilova,1989,Srbija
822,Sofja,Benua,1957,Rusija
823,Diana,Bilik,1991,Rusija
824,Jurij,Senkevič,1937,Rusija
825,Elena,Pedčak,1972,Rusija
826,Stanislav,Grimajlo,1971,Rusija
827,Stanislav,Gorobčenko,1973,Italija
828,Nadežda,Domaševa-Samojlenko,1974,Francuska
829,Vladimir,Samojlenko,1967,Sjedinjene Američke Države
830,Vladimir,Atomnij,1966,Ujedinjeno Kraljevstvo
831,Suren,Cormudjan,1986,Rusija
832,Ljudmila,Bojko,1967,Sjedinjene Američke Države
833,Irina,Korsunova,1986,Sjedinjene Američke Države
834,Larisa,Kalugina,1983,Rusija
835,Valentina,Saltikova,1956,Rusija
836,Bill,Naj,1955,Sjedinjene Američke Države
837,Ekaterina,Nevolina,1953,Rusija
838,Aleksej,Tolstoj,1804,Srbija
839,Vjačeslav,Šiškov,1873,Savez Sovjetskih Socijalističkih Republika
840,Džumpa,Lahiri,1967,Sjedinjene Američke Države
841,Gleb,Nosovskij,1973,Sjedinjene Američke Države
842,Anatolij,Fomenko,1945,Rusija
843,Aleksandr,Soročinskij,1984,Sjedinjene Američke Države
844,Majkl,Masmanno,1987,Francuska
845,Vitalij,Protov,1947,Srbija
846,Oskar,Uajld,1854,Republika Irska
847,Enn,Meter,1946,Ujedinjeno Kraljevstvo
848,Ivan,Bunin,1870,Francuska
849,Kun-Suuk,Šin,1985,Nemačka
850,Serge,Petrov,1970,Poljska
851,Meri,Rouč,1959,Sjedinjene Američke Države
852,Sergej,Bikineev,1964,Sjedinjene Američke Države
853,Andrej,Nazarkin,1984,Italija
854,Adam,Robinson,1955,Sjedinjene Američke Države
855,Elizabet,Gilbert,1969,Sjedinjene Američke Države
856,Gerbert,Uells,1866,Ujedinjeno Kraljevstvo
857,Meri,Dodž,1824,Sjedinjene Američke Države
858,Deni,Kollinz,1980,Japan
859,Irina,Glebova,1978,Rusija
860,Viktorija,Kutuzova,1993,Rusija
861,Andrej,Parabellum,1985,Nemačka
862,Gi de,Mopassan,1850,Francuska
863,Džim,Kollinz,1958,Sjedinjene Američke Države
864,Sergej,Filimonov,1959,Belorusija
865,Olga,Volodarskaja,1974,Rusija
866,Anatolij,Lerner,1993,Rusija
867,Evgenij,Žarinov,1954,Rusija
868,Marko,Vovčok,1833,Ruska Imperija
869,Andrej,Platonov,1899,Savez Sovjetskih Socijalističkih Republika
870,Nik,Perumov,1963,Sjedinjene Američke Države
871,Nathaniel,Hawthorne,1978,Rusija
872,Svetlana,Uškova,1989,Rusija
873,Pavel,Astahov,1966,Rusija
874,Marija,Šarapova,1987,Rusija
875,Mihail,Kars,1969,Ujedinjeno Kraljevstvo
876,Ofelija,Stelnikova,1944,Rusija
877,Tatjana,Šahmatova,1990,Rusija
878,Aleksandr,Bronštejn,1970,Rusija
879,Emma,Orczy,1930,Rusija
880,Čuk,Pipov,1949,Rusija
881,Džejms,Bouen,1979,Ujedinjeno Kraljevstvo
882,Inna,Fidjanina-Zubkova,1986,Rusija
883,Aleksandr,Čipižko,1974,Rusija
884,Vladislav,Metreveli,1962,Sjedinjene Američke Države
885,Tatjana,Aljušina,1976,Srbija
886,Jon,Markman,1969,Francuska
887,Martin,Oliver,1965,Sjedinjene Američke Države
888,Stiv,Martin,1945,Sjedinjene Američke Države
889,Dominik,Enrit,1964,Rusija
890,Gaj,Makdonald,1960,Rusija
891,Galina,Gončarova,1990,Rusija
892,Olga,Šamkut,1934,Sjedinjene Američke Države
893,Jurij,Zapevalov,1953,Kanada
894,Saidmurod,Davlatov,1978,Kirgistan
895,Jan,Dikmar,1968,Sjedinjene Američke Države
896,Nina,Zvereva,1952,Rusija
897,Piter,Leranžis,1955,Sjedinjene Američke Države
898,Elena,Rodina,1967,Srbija
899,Valerij,Sirenskij,1968,Italija
900,Petr,Severcev,1993,Ujedinjeno Kraljevstvo
901,Andrej,Mamontov,1988,Sjedinjene Američke Države
902,Aleksej,Rjazancev,1958,Rusija
903,Irina,Krivickaja,1990,Kanada
904,Julija,Raloks,1987,Rusija
905,Irina,Volčok,1967,Rusija
906,Tatjana,Kuper,1971,Rusija
907,Džejms Fenimor,Kuper,1789,Sjedinjene Američke Države
908,Valentina,Skljarenko,1966,Italija
909,Vladimir,Sjadro,1972,Rusija
910,Aleksandr,Grebjonkin,1987,Rusija
911,Grigorij,Kvaša,1982,Sjedinjene Američke Države
912,Anastasija,Markova,1980,Kanada
913,Dmitrij,Lobanov,1987,Sjedinjene Američke Države
914,Vladimir,Fjodorov,1957,Ujedinjeno Kraljevstvo
915,Brjus,Miln,1969,Sjedinjene Američke Države
916,Česli,Sallenberger,1951,Sjedinjene Američke Države
917,Džeffri,Zaslou,1975,Rusija
918,Tatjana,Garmaš-Roffe,1971,Ujedinjeno Kraljevstvo
919,Katerina,Poljanskaja,1962,Sjedinjene Američke Države
920,Ivan,Krilov,1996,Nemačka
921,Denis,Burmistrov,1978,Ujedinjeno Kraljevstvo
922,Jan,Valetov,1981,Poljska
923,Olga,Panova,1979,Kanada
924,Vladimir,Koloskov,1954,Rusija
925,Kara,Kolter,1981,Rusija
926,Aleksandr,Tutov,1977,Rusija
927,Džulija,Garvud,1956,Sjedinjene Američke Države
928,Aleksandr,Mazin,1956,Nemačka
929,Elena,Brovko,1917,Savez Sovjetskih Socijalističkih Republika
930,Ivan,Surikov,1957,Francuska
931,Aleksandr,Buškov,1972,Sjedinjene Američke Države
932,Andrej,Butorin,1966,Rusija
933,V.,Amosov,1958,Ujedinjeno Kraljevstvo
934,Gleb,Černigovcev,1974,Sjedinjene Američke Države
935,Čarlz,Dikkens,1812,Ujedinjeno Kraljevstvo Velike Britanije i Irske
936,Loret Enn,Uajt,1962,Francuska
937,Aleksej,Pisemskij,1820,Ruska Imperija
938,Džon,Maverik,1973,Ujedinjeno Kraljevstvo
939,Stella,Perales,1934,Sjedinjene Američke Države
940,Andrej,Nevskij,1993,Rusija
941,Feliks,Kirsanov,1972,Poljska
942,San,Lajt,1964,Rusija
943,Aleksandra,Alma,1967,Ujedinjeno Kraljevstvo
944,Vladimir,Kučerenko,1936,Rusija
945,Irina,Lis,1972,Rusija
946,Denis,Novožilov,1957,Sjedinjene Američke Države
947,Eduard,Topol,1942,Italija
948,Hanna,Dževell,1991,Sjedinjene Američke Države
949,Džoel Čendler,Harris,1848,Sjedinjene Američke Države
950,Andrej,Dejneka,1983,Rusija
951,Kim,Robinson,1952,Sjedinjene Američke Države
952,Viktorija,Miš,1992,Ujedinjeno Kraljevstvo
953,Garold,Lemb,1892,Sjedinjene Američke Države
954,Sjuzen,Viggs,1976,Italija
955,Semen,Juškevič,1870,Rusija
956,Vlas,Doroševič,1864,Ruska Sovjetska Federativna Socijalistička Republika
957,Džerom,Džerom,1859,Ujedinjeno Kraljevstvo Velike Britanije i Irske
958,Efim,Zozulja,1891,Savez Sovjetskih Socijalističkih Republika
959,Enni,Uest,1980,Francuska
960,Nurali,Latipov,1954,Rusija
961,Ismagil,Šangareev,1988,Ujedinjeno Kraljevstvo
962,Kirill,Kazancev,1961,Ujedinjeno Kraljevstvo
963,Ivan,Ohlobistin,1966,Rusija
964,Olja,Škarupič,1980,Rusija
965,Nikolaj,Fedorov,1856,Rusija
966,Ekaterina,Fedorova,1986,Nemačka
967,Vendi,Mougel,2000,Sjedinjene Američke Države
968,Natalja,Rezanova,1957,Srbija
969,Aleksej,Evtušenko,1945,Kanada
970,Evgenija,Dergejm,1971,Ujedinjeno Kraljevstvo
971,Galina,Abramova,1987,Francuska
972,Tamara,Ruckaja,1983,Ujedinjeno Kraljevstvo
973,Pol,Bregg,1960,Rusija
974,Patricija,Bregg,1929,Sjedinjene Američke Države
975,Natalja,Vetrova,1980,Italija
976,Sergej,Bogatij,1991,Sjedinjene Američke Države
977,Mihail,Lermontov,1814,Ruska Imperija
978,Vasilij,Terehov,1974,Nemačka
979,Džejms R.,Tak,1982,Rusija
980,Oliver,Saks,1933,Ujedinjeno Kraljevstvo
981,Gennadij,Miroljubov,1985,Rusija
982,Edgar,Uolles,1875,Ujedinjeno Kraljevstvo
983,Vjačeslav,Mironov,1946,Rusija
984,Nikki,Logan,1961,Rusija
985,Galina,Parusova,1988,Sjedinjene Američke Države
986,Majkl,Kanningem,1952,Sjedinjene Američke Države
987,Igor,Rodin,1957,Sjedinjene Američke Države
988,Erin,Morgenštern,1978,Sjedinjene Američke Države
989,Mardži,Fillin,1976,Ujedinjeno Kraljevstvo
990,Sandra,Hjatt,1955,Ujedinjeno Kraljevstvo
991,Kler,Barker,1988,Sjedinjene Američke Države
992,Eduard,Limonov,1943,Francuska
993,Andžej,Sapkovskij,1948,Poljska
994,Pola,Grejvs,1974,Rusija
995,Bernar,Verber,1961,Francuska
996,Konstantin,Terehin,1987,Rusija
997,Sergej,Vatutin,1960,Rusija
998,Andrej,Belov,1978,Srbija
999,Marina,Surževskaja,1964,Francuska
1000,Svetlana,Šiškova,1988,Ujedinjeno Kraljevstvo
1001,Mihail,Prišvin,1873,Savez Sovjetskih Socijalističkih Republika
1002,Ekaterina,Riz,1987,Sjedinjene Američke Države
1003,Vasilij,Žukovskij,1783,Ruska Imperija
1004,Ella,Vjunše,1981,Rusija
1005,Henrik,Fekseus,1973,Italija
1006,Džejn,Porter,1965,Rusija
1007,Alisa,Majer,1994,Rusija
1008,Gans,Andersen,1803,Rusija
1009,Govard,Lavkraft,1890,Sjedinjene Američke Države
1010,Olga,Fomina,1959,Nemačka
1011,Vlad,Rivlin,1952,Sjedinjene Američke Države
1012,Pavel,Florenskij,1949,Rusija
1013,Iohanes,Frissner,1912,Ujedinjeno Kraljevstvo
1014,Aleksandra,Soboleva,1952,Sjedinjene Američke Države
1015,Ekaterina,Pečak,1976,Rusija
1016,Rovena,Koulman,1972,Francuska
1017,Taisija,Tihaja,1992,Sjedinjene Američke Države
1018,Jurij,Vorobevskij,1972,Rusija
1019,Gjunter,Prin,1908,Njemački rajh
1020,Sergej,Balenko,1966,Sjedinjene Američke Države
1021,Nikolaj,Djačuk,1984,Rusija
1022,Džennifer,Makmahon,1964,Nemačka
1023,Hifzurahman,Seoharvi,1944,Sjedinjene Američke Države
1024,Vladimir,Solovev,1966,Ruska Imperija
1025,Konstantin,Ušinskij,1823,Ruska Imperija
1026,Konstantin,Paustovskij,1892,Savez Sovjetskih Socijalističkih Republika
1027,Nikolaj,Sladkov,1994,Rusija
1028,Gennadij,Snegirev,1973,Italija
1029,Nikolaj,Sklifosovskij,1836,Ruska Imperija
1030,Julija,Šoloh,1958,Rusija
1031,Villem Frederik,Hermans,1921,Kraljevina Holandija
1032,Evgenija,Safonova,1982,Rusija
1033,Evgenij,Gagloev,1978,Rusija
1034,Sergej,Korž,1989,Srbija
1035,Igor,Severjanin,1887,Estonija
1036,Glen,Kuk,1944,Sjedinjene Američke Države
1037,Piter,Uotts,1958,Kanada
1038,Boris,Polomošnov,1985,Ujedinjeno Kraljevstvo
1039,Petr,Kolomejcev,1969,Sjedinjene Američke Države
1040,Ron,Makmillan,1958,Ujedinjeno Kraljevstvo
1041,El,Svitcler,1987,Italija
1042,Džozef,Grenni,1976,Rusija
1043,Kerri,Paterson,1973,Rusija
1044,Mihail,Arcibašev,1878,Ruska Imperija
1045,Enn,Odel,1964,Ujedinjeno Kraljevstvo
1046,Nikolaj,Luginov,1982,Nemačka
1047,Dmitrij,Daško,1978,Rusija
1048,Evgenij,Šalašov,1970,Rusija
1049,Igor,Smirnov,1966,Rusija
1050,Alisa,Karimova,1968,Rusija
1051,Oleg,Kinčin,1980,Rusija
1052,Džennifer,Fej,1990,Poljska
1053,Nikolaj,Zvonarev,1983,Rusija
1054,Robert,Manč,1933,Rusija
1055,Šarlotta,Fillips,1989,Rusija
1056,Elena,Rejn,1979,Sjedinjene Američke Države
1057,Nataša,Markovič,1976,Srbija
1058,Irina,Ščeglova,1951,Rusija
1059,Larisa,Parfenteva,1967,Francuska
1060,Dženni,Lukas,1983,Sjedinjene Američke Države
1061,Igor,Prokopenko,1965,Rusija
1062,Nikita,Maklahov,1963,Rusija
1063,Dmitrij,Sillov,1970,Rusija
1064,Majkl,Bond,1926,Ujedinjeno Kraljevstvo
1065,Andrej,Kruz,1965,Španija
1066,Stanislav,Coj,1953,Rusija
1067,Aleksandr,Gercen,1812,Švajcarska
1068,Lusi,Karter,1983,Rusija
1069,Jun,Lindkvist,1968,Švedska
1070,Viktorija,Svobodina,1962,Ujedinjeno Kraljevstvo
1071,Ilja,Ilf,1897,Savez Sovjetskih Socijalističkih Republika
1072,Evgenij,Petrov,1886,Ujedinjeno Kraljevstvo
1073,Irina,Lilenko-Karelina,1952,Rusija
1074,Lev,Kliot,1992,Rusija
1075,Olga,Lukas,1979,Rusija
1076,Aleksandr,Kanevskij,1923,Savez Sovjetskih Socijalističkih Republika
1077,Natalja,Kotova,1940,Ujedinjeno Kraljevstvo
1078,Aleksej,Glušanovskij,1981,Rusija
1079,Jukio,Misima,1925,Japan
1080,Majja,Kučerskaja,1970,Rusija
1081,Sergej,Bulgakov,1871,Rusija
1082,Marija,Semjonova,1958,Rusija
1083,Džerald,Darrell,1925,Ujedinjeno Kraljevstvo
1084,Konstantin,Golubev,1896,Savez Sovjetskih Socijalističkih Republika
1085,Marina,Golubeva,1990,Sjedinjene Američke Države
1086,Kirill,Jurčenko,1972,Ujedinjeno Kraljevstvo
1087,Andrej,Burcev,1974,Ujedinjeno Kraljevstvo
1088,I.,Skazitel,1985,Kanada
1089,Sergej,Donskoj,1968,Rusija
1090,protoierej Andrej,Lorgus,1964,Francuska
1091,Mišel,Konder,1974,Rusija
1092,Marsel,Prust,1871,Francuska
1093,Anastasija,Akulova,1939,Sjedinjene Američke Države
1094,Julija,Voznesenskaja,1940,Savez Sovjetskih Socijalističkih Republika
1095,Ekaterina,Roždestvenskaja,1957,Rusija
1096,Franc,Kafka,1883,Čehoslovačka
1097,Čip,Hiz,1963,Nemačka
1098,Den,Hiz,1973,Sjedinjene Američke Države
1099,Elena,Vos,1957,Nemačka
1100,Tom,Mitčell,1989,Ujedinjeno Kraljevstvo
1101,Evgenij,Belogorskij,1962,Sjedinjene Američke Države
1102,Georgij,Savickij,1971,Poljska
1103,Nikodim,Svjatogorec,1749,Grčka
1104,Marija,Bistrova,1964,Rusija
1105,Anton,Rodionov,1990,Belorusija
1106,Aleksandr,Mjasnikov,1886,Savez Sovjetskih Socijalističkih Republika
1107,Olga,Demičeva,1988,Rusija
1108,Aleksej,Paramonov,1925,Rusija
1109,Ilja,Smitienko,1975,Rusija
1110,Žorž,Sand,1804,Francuska
1111,Rafael,Grugman,1960,Sjedinjene Američke Države
1112,Al,Kudrjašov,1971,Rusija
1113,Elena,Rihalskaja,1978,Sjedinjene Američke Države
1114,Nikolaj,Karamzin,1766,Ruska Imperija
1115,Oksana,Semik,1946,Rusija
1116,Ma,Czičun,1971,Rusija
1117,Lina,Mur,1981,Nemačka
1118,Dženi,Krauč,1969,Kanada
1119,Irina,Kasatkina,1990,Rusija
1120,Kamilla,Pegan,1973,Italija
1121,Marina,Korpan,1955,Rusija
1122,Marianna,Kiss,1992,Rusija
1123,Kejt,Hardi,1969,Ujedinjeno Kraljevstvo
1124,Uiljam,Kulikan,1985,Rusija
1125,Fjustel de,Kulanž,1979,Sjedinjene Američke Države
1126,Svetlana,Rajngrubert,1961,Rusija
1127,Ulf,Stark,1944,Švedska
1128,Natalja,Nesterova,1971,Sjedinjene Američke Države
1129,Natalja,Ščerba,1976,Rusija
1130,Ksenija,Sobčak,1981,Rusija
1131,M.,Kolov,1975,Sjedinjene Američke Države
1132,E.,Kuprijanova,1962,Sjedinjene Američke Države
1133,Irina,Hrustaleva,1961,Ujedinjeno Kraljevstvo
1134,Aleksandra,Mironova,1988,Rusija
1135,Veronika,Larsson,1936,Italija
1136,Nelli,Šulman,1966,Rusija
1137,Gven,Nikols,1988,Ujedinjeno Kraljevstvo
1138,Dmitrij,Brilov,1982,Ujedinjeno Kraljevstvo
1139,Vladimir,Korn,1958,Ujedinjeno Kraljevstvo
1140,Polina,Daškova,1960,Rusija
1141,Sergej,Kalašnikov,1969,Rusija
1142,Pavel,Kravčenko,1978,Rusija
1143,Olga,Šuravina,1996,Ujedinjeno Kraljevstvo
1144,Nelli,Vidina,1981,Ujedinjeno Kraljevstvo
1145,Aleksandr,Tjurin,1961,Sjedinjene Američke Države
1146,Denis,Votincev,1972,Rusija
1147,Aleksandra,Braken,1987,Sjedinjene Američke Države
1148,Vladimir,Volkov,1966,Francuska
1149,Vasilij,Knjazev,1940,Rusija
1150,Žan-Pol,Djubua,1940,Francuska
1151,Džessika,Stil,1967,Srbija
1152,Natalja,Ignatova,1970,Sjedinjene Američke Države
1153,Vladimir,Luzgin,1989,Francuska
1154,Sindi,Majers,1977,Nemačka
1155,Ekaterina,Mirimanova,1962,Francuska
1156,Žaklin,Uilson,1945,Ujedinjeno Kraljevstvo
1157,Petr,Ponomar,1965,Nemačka
1158,Endrju,Metjuz,1958,Ujedinjeno Kraljevstvo
1159,Olga,Beljakova,1964,Rusija
1160,Diana,Gebldon,1952,Sjedinjene Američke Države
1161,Vjačeslav,Bakulin,1961,Sjedinjene Američke Države
1162,Mihej,Abevega,1962,Sjedinjene Američke Države
1163,Aljona,Belozerskaja,1984,Italija
1164,Dmitrij,Kovpak,1986,Rusija
1165,Boris,Vasilev,1915,Rusija
1166,Jurij,Kozak,1964,Rusija
1167,Svetlana,Lebedeva,1974,Ujedinjeno Kraljevstvo
1168,Marija,Timošenko,1975,Sjedinjene Američke Države
1169,Viktor,Kovalevskij,1960,Francuska
1170,Juliana,Ševčenko,1955,Italija
1171,Anna,Tokmačeva,1991,Rusija
1172,Evgenij,Golovihin,1962,Italija
1173,Aleksej,Gastev,1882,Savez Sovjetskih Socijalističkih Republika
1174,Anton,Makarenko,1888,Savez Sovjetskih Socijalističkih Republika
1175,Gennadij,Kibardin,1977,Sjedinjene Američke Države
1176,Ričard,Mateson,1932,Rusija
1177,Aleksej,Ivanov,1987,Srbija
1178,Linor,Goralik,1975,Izrael
1179,Aleksej,Ljutij,1940,Rusija
1180,Matilda,Starr,1989,Ujedinjeno Kraljevstvo
1181,Nikita,Istomin,1994,Rusija
1182,Lilija,Zinoveva,1967,Poljska
1183,Konstantin,Bajdan,1959,Nemačka
1184,Natalja,Samsonova,1977,Sjedinjene Američke Države
1185,Aleks,Čižovskij,1984,Nemačka
1186,Veronika,Melan,1971,Rusija
1187,Oleg,Oškaderov,1982,Rusija
1188,Darja,Nesterova,1953,Rusija
1189,Irina,Šterenberg,1969,Sjedinjene Američke Države
1190,Mihail,Ahmanov,1945,Rusija
1191,Elena,Tudorovskaja,1955,Nemačka
1192,Stepanida,Vosk,1980,Rusija
1193,Liana,Dimitroškina,1968,Nemačka
1194,Albina,Novohatko,1970,Rusija
1195,V.,Leščinskaja,1959,Rusija
1196,Litagent Izdatelstvo,Adelant,1959,Francuska
1197,Svetlana,Usačeva,1965,Sjedinjene Američke Države
1198,Elizabet,Bikon,1959,Sjedinjene Američke Države
1199,Valentina,Iljankova,1963,Rusija
1200,Aleksandr,Korenjugin,1994,Poljska
1201,Viktor,Astafev,1924,Rusija
1202,Gerda,Šalamova,1965,Sjedinjene Američke Države
1203,Anna,Olhovskaja,1983,Ujedinjeno Kraljevstvo
1204,Aleksej,Šulepov,1979,Sjedinjene Američke Države
1205,Aleksandr,Rivera,1978,Ujedinjeno Kraljevstvo
1206,Aleksej,Kadočnikov,1953,Rusija
1207,Čoj Sung,Mo,1959,Sjedinjene Američke Države
1208,Aleksandr,Travnikov,1947,Rusija
1209,Emil,Braginskij,1940,Rusija
1210,Artjom,Makarov,1967,Srbija
1211,arhimandrit Naum,(Bajborodin),1978,Francuska
1212,Nikolja,Bjogle,1968,Ujedinjeno Kraljevstvo
1213,Rasul,Gamzatov,1923,Rusija
1214,Tim,Vejner,1989,Rusija
1215,Sara,Šepard,1977,Sjedinjene Američke Države
1216,Stas,Atasov,1964,Ujedinjeno Kraljevstvo
1217,Iosif,Golman,1988,Rusija
1218,Evgenij,Baratinskij,1800,Ruska Imperija
1219,Duglas,Adams,1952,Ujedinjeno Kraljevstvo
1220,Džejms,Goss,1974,Ujedinjeno Kraljevstvo
1221,Vitalij,Novikov,1986,Ujedinjeno Kraljevstvo
1222,Vladimir,Marinovič,1933,Ujedinjeno Kraljevstvo
1223,Rinat,Hamatov,1982,Rusija
1224,Sidni,Šeldon,1917,Sjedinjene Američke Države
1225,Grigorij,Flejšer,1994,Rusija
1226,Džonatan,Svift,1667,Kraljevstvo Irska
1227,Ildar,Zinurov,1957,Sjedinjene Američke Države
1228,Alisa,Kuramšina,1988,Rusija
1229,Dmitrij,Tulupov,1958,Sjedinjene Američke Države
1230,Jana,Temiz,1985,Srbija
1231,Tamara,Krjukova,1970,Rusija
1232,Kerol,Marinelli,1974,Ujedinjeno Kraljevstvo
1233,Redakcija žurnala Kuhonka,Mihaliča,1971,Rusija
1234,Tamara,Guseva,1926,Rusija
1235,Anna,Jansjukevič,1965,Francuska
1236,Ekaterina,Begaeva,1982,Rusija
1237,Ljudmila,Lačimova,1948,Japan
1238,Ekaterina,Ostrovskaja,1955,Francuska
1239,Čajna,Mevil,1972,Ujedinjeno Kraljevstvo
1240,Sergej,Fedoranič,1991,Nemačka
1241,Oleg,Šackij,1978,Rusija
1242,Natalja,Kalinina,1967,Ujedinjeno Kraljevstvo
1243,Ričard,Grem,1933,Rusija
1244,Džennifer Li,Armentrout,1980,Sjedinjene Američke Države
1245,Žeremi,Fel,1963,Rusija
1246,Adelaida,Paevskaja,1992,Francuska
1247,Aleksandr,Carkov,1986,Rusija
1248,Inna,Koroleva,1953,Rusija
1249,Aleksandr,Sedov,1983,Rusija
1250,Li,Bardugo,1975,Sjedinjene Američke Države
1251,Evgenij,Kaščenko,1985,Rusija
1252,Anastasija,Krivcova,1969,Ujedinjeno Kraljevstvo
1253,Julija,Svijaš,1957,Kanada
1254,Aleksandr,Svijaš,1953,Rusija
1255,Kelli,Link,1969,Sjedinjene Američke Države
1256,Devid,Levitan,1972,Sjedinjene Američke Države
1257,Gejl,Forman,1970,Sjedinjene Američke Države
1258,Holli,Blek,1971,Sjedinjene Američke Države
1259,Dženni,Han,1980,Sjedinjene Američke Države
1260,Elli,Karter,1963,Ujedinjeno Kraljevstvo
1261,Kirsten,Uajt,1971,Sjedinjene Američke Države
1262,Rejnbou,Rauell,1973,Sjedinjene Američke Države
1263,Mett de la,Penja,1981,Sjedinjene Američke Države
1264,Stefani,Perkins,1981,Sjedinjene Američke Države
1265,Majra,Makintajr,1976,Nemačka
1266,Lejni,Tejlor,1962,Rusija
1267,Galina,Golicina,1989,Italija
1268,Anna,Zorina,1967,Sjedinjene Američke Države
1269,Natalja,Ručej,1968,Italija
1270,Kristi,Kostrova,1972,Ujedinjeno Kraljevstvo
1271,Džoann,Harris,1964,Ujedinjeno Kraljevstvo
1272,Artur,Danagaev,1949,Rusija
1273,Alena,Fedotovskaja,1958,Ujedinjeno Kraljevstvo
1274,Karen,But,2000,Sjedinjene Američke Države
1275,Lilija,Podgajskaja,1992,Rusija
1276,Entoni,Trollop,1815,Ujedinjeno Kraljevstvo Velike Britanije i Irske
1277,Gel,Godfri,1974,Ujedinjeno Kraljevstvo
1278,Vjačeslav,Markin,1978,Sjedinjene Američke Države
1279,Sandra,Braun,1928,Nemačka
1280,Džuls,Evans,1961,Francuska
1281,Valeri,Ostin,1985,Poljska
1282,Deni,Vejd,1983,Sjedinjene Američke Države
1283,Aleksandr,Hannikov,1974,Italija
1284,Fjodor,Titarčuk,1955,Italija
1285,Eduard,Verkin,1975,Rusija
1286,Elena,Jankovskaja,1977,Sjedinjene Američke Države
1287,Anna,Uajtlok,1964,Rusija
1288,Aleksandr,Sever,1960,Antički Rim
1289,Izabel,Pandazopulos,1969,Rusija
1290,Vladimir,Egorov,1987,Ujedinjeno Kraljevstvo
1291,Milena,Zavojčinskaja,1985,Italija
1292,Natalija,Roščina,1978,Rusija
1293,Vladimir,Meščerjakov,1969,Japan
1294,Sergej,Volnov,1990,Ujedinjeno Kraljevstvo
1295,Irina,Matlak,1967,Sjedinjene Američke Države
1296,Galina,Serikova,1970,Rusija
1297,Olga,Iženjakova,1984,Sjedinjene Američke Države
1298,Albert,Semenov,1985,Rusija
1299,Frensis,Ficdžerald,1867,Srbija
1300,Vasilij,Zvjagincev,1944,Rusija
1301,Aleksej,Andreev,1971,Rusija
1302,Rostislav,Snigirev,1984,Rusija
1303,Natalja,Andreeva,1826,Rusija
1304,Roman,Kostjuhin,1942,Francuska
1305,Anastasija,Sčastlivaja,1983,Ujedinjeno Kraljevstvo
1306,Stanislava,Kazak,1935,Italija
1307,Olga,Čalih,1944,Rusija
1308,Olivija,Kulidž,1992,Rusija
1309,Evgenija,Spaščenko,1963,Sjedinjene Američke Države
1310,Džejn,Astradeni,1980,Ujedinjeno Kraljevstvo
1311,Darja,Procenko,1989,Sjedinjene Američke Države
1312,Vjačeslav,Šaligin,1968,Rusija
1313,Viktor,Zudu,1943,Rusija
1314,Jurij,Larin,1882,Savez Sovjetskih Socijalističkih Republika
1315,Enn,Petčett,1963,Sjedinjene Američke Države
1316,Rebekka,Uinterz,1964,Rusija
1317,Dmitrij,Belokurov,1950,Rusija
1318,Florens,Šinn,1967,Rusija
1319,Džena,Šouolter,1961,Francuska
1320,Artem,Kastl,1978,Poljska
1321,Natalja,Gluhova,1976,Sjedinjene Američke Države
1322,Sergіj,Zalevskij,1936,Rusija
1323,Maksim,Kotin,1974,Rusija
1324,Vasilij,Ključevskij,1841,Ruska Imperija
1325,Nikolaj,Nekrasov,1821,Ruska Imperija
1326,Mark,Blau,1969,Sjedinjene Američke Države
1327,Ljudmila,Guščina,1946,Ujedinjeno Kraljevstvo
1328,Džordan,Ellenberg,1971,Sjedinjene Američke Države
1329,Mihail,Ščerbenko,1991,Rusija
1330,Zinaida,Gippius,1869,Francuska
1331,Larisa,Soboleva,1969,Rusija
1332,Denis,Kaplunov,1990,Ujedinjeno Kraljevstvo
1333,E.,Muhačeva,1956,Rusija
1334,Elena,Orobejko,1959,Rusija
1335,S.,Egorov,1959,Francuska
1336,Aleks,Eksler,1966,Rusija
1337,Tatjana,Miljah,1986,Rusija
1338,Norman,Uoker,1886,Sjedinjene Američke Države
1339,Majkl,Ajzikoff,1987,Sjedinjene Američke Države
1340,Devid,Korn,1943,Sjedinjene Američke Države
1341,Fred,Adra,1972,Izrael
1342,Triš,Mori,1969,Sjedinjene Američke Države
1343,Agata,Barista,1981,Rusija
1344,Nil,Gejman,1960,Ujedinjeno Kraljevstvo
1345,Tanit,Li,1947,Ujedinjeno Kraljevstvo
1346,Čarlz de,Lint,1951,Kanada
1347,Džeffri,Ford,1955,Sjedinjene Američke Države
1348,Patricija,Makkillip,1948,Sjedinjene Američke Države
1349,Stiv,Berman,1968,Sjedinjene Američke Države
1350,Nina,Hoffman,1953,Sjedinjene Američke Države
1351,Hiromi,Goto,1959,Rusija
1352,Delija,Šerman,1951,Sjedinjene Američke Države
1353,Brjus,Glassko,1950,Rusija
1354,Nen,Fraj,1956,Srbija
1355,E.,Dellamonika,1950,Italija
1356,Gregori,Frost,1951,Sjedinjene Američke Države
1357,Gregori,Maguajr,1954,Sjedinjene Američke Države
1358,Emma,Bull,1961,Rusija
1359,Ketrin,Vas,1956,Rusija
1360,Ellen,Stejber,1958,Ujedinjeno Kraljevstvo
1361,Bill,Kongriv,1970,Rusija
1362,Aleks,Grej,1953,Sjedinjene Američke Države
1363,Nadežda,Vasik,1970,Sjedinjene Američke Države
1364,Petr,Krasnov,1995,Rusija
1365,Mstislava,Černaja,1970,Rusija
1366,Inna,Šargorodskaja,1983,Francuska
1367,Viktorija,Kovaleva,1945,Rusija
1368,Anna,Palceva,1986,Srbija
1369,Lev Vigotskij,(Vigodskij),1893,Ujedinjeno Kraljevstvo
1370,Anna,Minaeva,1963,Srbija
1371,Natalja,Nezlobina,1950,Rusija
1372,Marina,Kramer,1975,Italija
1373,Andrej,Ilin,1700,Francuska
1374,Evgenij,Tihonov,1956,Sjedinjene Američke Države
1375,Natalja,Ilina,1988,Francuska
1376,Viktor,Točinov,1966,Rusija
1377,Tatjana,Stekolnikova,1974,Rusija
1378,Mark,Solonin,1958,Rusija
1379,Jan,Marhockij,1985,Francuska
1380,Dmitrij,Bolotin,1978,Rusija
1381,Jurij,Moskalenko,1961,Sjedinjene Američke Države
1382,Aleksandr,Ratušnij,1981,Rusija
1383,Saidžon,Aminov,1987,Rusija
1384,Konstantin,Lobanov,1966,Rusija
1385,Olga,Perfilova,1962,Ujedinjeno Kraljevstvo
1386,Aleksandr,Burakov,1995,Sjedinjene Američke Države
1387,Raїsa,Plotnikova,1946,Rusija
1388,Madina,Malaš,1983,Rusija
1389,Aleksandr,Tkačenko,1912,Savez Sovjetskih Socijalističkih Republika
1390,Džon,Grišem,1955,Sjedinjene Američke Države
1391,S.,Ljutik,1981,Ujedinjeno Kraljevstvo
1392,Aleksandr,Černov,1963,Sjedinjene Američke Države
1393,VIKTOR,MELLER,1973,Francuska
1394,Andrej,Konev,1969,Rusija
1395,Elizabet,Straut,1956,Sjedinjene Američke Države
1396,Vladimir,Basalaev,1972,Ujedinjeno Kraljevstvo
1397,Stig,Larsson,1965,Ujedinjeno Kraljevstvo
1398,Irina,Zajceva,1977,Rusija
1399,Irina,Večerskaja,1976,Rusija
1400,Olesja,Živajkina,1956,Nemačka
1401,Natalja,Sarafanova,1984,Rusija
1402,Vera,Podkolzina,1984,Rusija
1403,O.,Konakova,1967,Nemačka
1404,S.,Gorbuncova,1968,Rusija
1405,Mario,Pjuzo,1920,Sjedinjene Američke Države
1406,Natalja,Čerepanova,1983,Ujedinjeno Kraljevstvo
1407,Luiza,Allen,1970,Sjedinjene Američke Države
1408,Kerstin,Gir,1966,Nemačka
1409,Aleksandr,Volodin,1900,Rusija
1410,Valentin,Solomenčuk,1956,Ujedinjeno Kraljevstvo
1411,Džordž,Martin,1930,Sjedinjene Američke Države
1412,Nika,Januš,1964,Rusija
1413,Tereza,Tur,1980,Rusija
1414,Aleksej,Pokotilov,1972,Rusija
1415,Ivan,Gončarov,1940,Francuska
1416,Marina,Zavjalova,1983,Sjedinjene Američke Države
1417,Marija,Emeljanova,1987,Rusija
1418,Ekaterina,Romanova,1986,Sjedinjene Američke Države
1419,Terri,Koen,1962,Francuska
1420,Əset,Najmanbajұli,1978,Rusija
1421,Svetlana,Divnogorceva,1985,Francuska
1422,Stejs,Kramer,1996,Rusija
1423,Albert,Špeer,1986,Sjedinjene Američke Države
1424,Ajrat,Gataullin,1965,Poljska
1425,Roza,Gataullina,1935,Rusija
1426,Tatjana,Pekur,1930,Rusija
1427,Ivan,Berkutov,1963,Rusija
1428,Anželika,Ljubimova,1971,Rusija
1429,Elizaveta,Soboljanskaja,1992,Ujedinjeno Kraljevstvo
1430,Tris,Dikson,1983,Sjedinjene Američke Države
1431,Barbara,Makmaon,1979,Rusija
1432,Dejv,Goldberg,1967,Sjedinjene Američke Države
1433,Džeff,Blomkvist,1953,Rusija
1434,Elena,Dobrova,1959,Rusija
1435,Barbara,Kartlend,1909,Rusija
1436,Kerolajn,Linden,1969,Rusija
1437,Andrej,Nekljudov,1973,Francuska
1438,Sergej,Pereslegin,1960,Rusija
1439,Oleg,Romanko,1976,Rusija
1440,Bertris,Smoll,1937,Sjedinjene Američke Države
1441,Majkl,Mikalko,1940,Nemačka
1442,Duglas,Moss,1966,Srbija
1443,Dmitrij,Kalinin,1989,Ujedinjeno Kraljevstvo
1444,Andrej,Bronnikov,1968,Rusija
1445,Evgenija,Telicina,1977,Italija
1446,Albert,Alčerbad,1955,Rusija
1447,Mišel,Fan,1978,Rusija
1448,Majkl,Rouč,1952,Sjedinjene Američke Države
1449,Tatjana,Podošvina,1948,Italija
1450,Marija,Stepanova,1969,Rusija
1451,Emil,Zolja,1840,Francuska
1452,Sergej,Moskvin,1969,Rusija
1453,Igor,Levašov,1950,Sjedinjene Američke Države
1454,N.,Fedotova,1977,Rusija
1455,Jurij,Podoljan,1954,Srbija
1456,Marjana,Romanova,1983,Rusija
1457,Evgenij,Ščepetnov,1961,Rusija
1458,Otto,Vajdinger,1914,Nemačka
1459,Sergej,Malickij,1953,Rusija
1460,Vlad,Nazarov,1986,Poljska
1461,Kejt,Sigel,1982,Sjedinjene Američke Države
1462,Nikola,Marš,1962,Rusija
1463,Lucij,Apulej,1930,Antički Rim
1464,Amanda,Makklelland,1976,Sjedinjene Američke Države
1465,Roman,Maslennikov,1955,Nemačka
1466,Igor,Mann,1974,Sjedinjene Američke Države
1467,Dmitrij,Turusin,1959,Francuska
1468,Roman,Tarasenko,1972,Ujedinjeno Kraljevstvo
1469,Georgij,Rozov,1971,Rusija
1470,Andrej,Baturov,1991,Sjedinjene Američke Države
1471,Irina,Mjasnikova,1741,Ruska Imperija
1472,Dmitrij,Loginov,1962,Ujedinjeno Kraljevstvo
1473,Boris,Bažanov,1900,Francuska
1474,Elena,Ferrante,1987,Rusija
1475,Valentin,Ruzanov,1986,Francuska
1476,Marion,Lennoks,1957,Rusija
1477,Polina,Rej,1955,Rusija
1478,Marina,Aleksandrova,1982,Rusija
1479,Nelli,Petrova,1995,Ujedinjeno Kraljevstvo
1480,Aleksej,Dobrinin,1964,Rusija
1481,Anna,Platunova,1972,Sjedinjene Američke Države
1482,Anna,Nedelina,1993,Ujedinjeno Kraljevstvo
1483,Valentina,Eliseeva,1971,Ujedinjeno Kraljevstvo
1484,Svjatitel Ignatij,(Brjančaninov),1833,Sjedinjene Američke Države
1485,Spartak,Tobiš,1973,Italija
1486,Marija,Pavljukevič,1945,Rusija
1487,Elinor,Porter,1856,Sjedinjene Američke Države
1488,Aleksandr,Venediktov,1896,Savez Sovjetskih Socijalističkih Republika
1489,Vladislav,Morozov,1980,Ukrajina
1490,Sid,Fild,1983,Poljska
1491,Valentin,Falin,1965,Rusija
1492,Džuli,Bennet,1962,Sjedinjene Američke Države
1493,Fridrih,Engels,1820,Ujedinjeno Kraljevstvo
1494,Emmanuel,Anati,1930,Italija
1495,Jurij,Petrosjan,1990,Nemačka
1496,Širli,Džamp,1973,Ujedinjeno Kraljevstvo
1497,Pavel,Minka,1978,Italija
1498,Valentin,Postnikov,1970,Rusija
1499,OLGEN,BI,1975,Francuska
1500,Denis,Kolisničenko,1977,Rusija
1501,Boris,Pasternak,1890,Savez Sovjetskih Socijalističkih Republika
1502,Nikolaj,Kapitonov,1985,Ujedinjeno Kraljevstvo
1503,Dem,Mihajlov,1959,Ujedinjeno Kraljevstvo
1504,Andrej,Kružnov,1987,Ujedinjeno Kraljevstvo
1505,Džordž,Sonders,1958,Sjedinjene Američke Države
1506,Aleksandr,Anderson,1975,Nemačka
1507,Valerija,Fadeeva,1993,Rusija
1508,S.,Žarnikova,1949,Ujedinjeno Kraljevstvo
1509,Dide,Drogba,1978,Francuska
1510,Boris,Žitkov,1882,Savez Sovjetskih Socijalističkih Republika
1511,Natalja,Mironova,1979,Savez Sovjetskih Socijalističkih Republika
1512,Vladislav,Volgin,1952,Rusija
1513,Marija,Ščukina,1964,Sjedinjene Američke Države
1514,Svetlana,Alekseeva,1950,Rusija
1515,Valentin,Krasnik,1961,Sjedinjene Američke Države
1516,Aleksandr,Harnikov,1982,Srbija
1517,Lana,Barsukova,1978,Sjedinjene Američke Države
1518,Mihail,Smirnov,1909,Nemačka
1519,Alla,Černih,1978,Sjedinjene Američke Države
1520,Trumen,Kapote,1924,Sjedinjene Američke Države
1521,Dario Salas,Sommer,1935,Čile
1522,Ljusi,Klark,1968,Francuska
1523,Rob,Šervud,1968,Rusija
1524,Greg,MakKeon,1972,Rusija
1525,Aleksej,Bessonov,1962,Rusija
1526,Vendi,Markus,1959,Francuska
1527,Nikolaj,Platoškin,1965,Rusija
1528,Valerija,Rihter,1970,Ujedinjeno Kraljevstvo
1529,Jon,Kolfer,1954,Rusija
1530,Aleks,Taruta,1941,Rusija
1531,Anton,Čiž,1975,Ujedinjeno Kraljevstvo
1532,Darja,Kuznecova,1986,Sjedinjene Američke Države
1533,S.,Kalužanov,1968,Rusija
1534,K.,Galdaev,1968,Japan
1535,Olga,Karagodina,1994,Rusija
1536,Irina,Potanina,1975,Sjedinjene Američke Države
1537,Natan,Ejdelman,1980,Poljska
1538,Geri,Čepmen,1938,Sjedinjene Američke Države
1539,Ketrin,Garbera,1969,Rusija
1540,Farid,Juhaev,1965,Sjedinjene Američke Države
1541,Antonina,Lobačeva,1967,Rusija
1542,Dmitrij,Buturlin,1783,Rusija
1543,Marina,Andreeva,1963,Sjedinjene Američke Države
1544,Galina,Trašina,1950,Rusija
1545,Mihail,Alekseev,1944,Nemačka
1546,Stanislav,Borodin,1952,Nemačka
1547,Andrej,Angelov,1966,Rusija
1548,Kejtlin,Krjus,1979,Rusija
1549,Mihail,Kožuhov,1956,Rusija
1550,Dmitrij,Semenik,1994,Sjedinjene Američke Države
1551,Mihail,Hasminskij,1993,Ujedinjeno Kraljevstvo
1552,Nikolaj,Agafonov,1962,Rusija
1553,Olga,Mahovskaja,1963,Rusija
1554,Lejl,Laundes,1950,Rusija
1555,Roman,Argašokov,1985,Srbija
1556,Morgan,Rajs,1975,Rusija
1557,Ellina,Naumova,1964,Sjedinjene Američke Države
1558,Luule,Viilma,1950,Estonija
1559,Artur,Hejli,1920,Kanada
1560,Džon,Kastl,1904,Sjedinjene Američke Države
1561,Džajls,Kristian,1976,Rusija
1562,Igor,Lebedev,1983,Sjedinjene Američke Države
1563,Aleksandr,Afanasev,1961,Italija
1564,Ljudmila,Zarubina,1961,Rusija
1565,Anton,Demčenko,1978,Rusija
1566,Ida,Roditsch,1990,Italija
1567,Anna,Vladimirova,1972,Sjedinjene Američke Države
1568,Erih Marija,Remark,1898,Sjedinjene Američke Države
1569,Semen,Frank,1952,Sjedinjene Američke Države
1570,S.,Neapolitanskij,1987,Rusija
1571,Fillis Doroti,Džejms,1920,Ujedinjeno Kraljevstvo
1572,Valentin,Katasonov,1950,Rusija
1573,Genri,Saggs,1920,Ujedinjeno Kraljevstvo
1574,Vasilij,Jan,1879,Rusija
1575,Nastja,Ljubimka,1979,Rusija
1576,Denis,Sobolev,1993,Rusija
1577,Jaroslava,Lazareva,1976,Srbija
1578,Evgenij,Panasenko,1982,Rusija
1579,Evgenij,Egorov,1964,Rusija
1580,Anna,Kolčugina,1979,Sjedinjene Američke Države
1581,Anatolij,Tereščenko,1974,Ujedinjeno Kraljevstvo
1582,Karina,Kjargina,1992,Sjedinjene Američke Države
1583,Konstantin,Muravjov,1981,Rusija
1584,Aleksej,Gladkij,1972,Rusija
1585,Erih,Kern,1995,Rusija
1586,Dmitrij,Lucenko,1960,Francuska
1587,Irina,Kotova,1969,Nemačka
1588,Vasilij,Saharov,1801,Ruska Imperija
1589,Aleksej,Tihomirov,1956,Rusija
1590,Vasilij,Avenarius,1839,Savez Sovjetskih Socijalističkih Republika
1591,Alevtina,Korzunova,1979,Rusija
1592,Dmitrij,Gorčev,1981,Nemačka
1593,Robin,Hobb,1952,Sjedinjene Američke Države
1594,Aleksandr,Kurlovič,1980,Rusija
1595,Sergej,Čugunov,1947,Rusija
1596,Viktor,Baranovskij,1932,Nemačka
1597,Elizabet,Džordž,1949,Sjedinjene Američke Države
1598,Aleksej,Malcev,1988,Sjedinjene Američke Države
1599,Viktorija,Rogozina,1994,Rusija
1600,Anton,Kornilov,1983,Sjedinjene Američke Države
1601,Vsevolod,Garšin,1855,Ruska Imperija
1602,Jurij,Muhin,1971,Rusija
1603,Elena,Truskova,1980,Rusija
1604,Luiza,Penni,1958,Kanada
1605,El,Ebergard,1980,Rusija
1606,Margaret,Majo,1882,Sjedinjene Američke Države
1607,Andrej,Voronin,1979,Ukrajina
1608,Vladimir,Mjasoedov,1985,Sjedinjene Američke Države
1609,Eva,Gurskaja,1994,Srbija
1610,Žjuletta,Benconi,1920,Francuska
1611,Aleksandr,Dmitriev,1964,Srbija
1612,Sergej,Bubnovskij,1960,Sjedinjene Američke Države
1613,Dmitrij,Lapšinov,1992,Rusija
1614,Robert,Martin,1971,Ujedinjeno Kraljevstvo
1615,Vadim,Deružinskij,1979,Sjedinjene Američke Države
1616,Valentina,Piljaeva,1987,Sjedinjene Američke Države
1617,Nikolaj,Rerih,1874,Ruska Imperija
1618,Margerit,Kej,1971,Rusija
1619,Ljucija,Sulejmanova,1994,Italija
1620,Robert,Čaldini,1945,Sjedinjene Američke Države
1621,Galina,Popodko,1990,Sjedinjene Američke Države
1622,Tatjana,Zimnjakova,1994,Ujedinjeno Kraljevstvo
1623,Pavel,Zelenskij,1961,Poljska
1624,Kirill,Novoženov,1962,Ujedinjeno Kraljevstvo
1625,Redžinald,Romanov,1994,Ujedinjeno Kraljevstvo
1626,Sara,Uoters,1966,Ujedinjeno Kraljevstvo
1627,Arne,Dal,1978,Japan
1628,Ljudmila,Doskova,1970,Rusija
1629,Igor,Skripnik,1975,Sjedinjene Američke Države
1630,Uiljam,Uorton,1925,Sjedinjene Američke Države
1631,Ted,Zeff,1959,Rusija
1632,Olen,Lisička,1975,Sjedinjene Američke Države
1633,Nikita,Dorovskih,1962,Rusija
1634,Pavel,Malitikov,1990,Rusija
1635,Vladimir,Sveržin,1965,Ukrajina
1636,Tatjana,Lapteva,1977,Sjedinjene Američke Države
1637,Irina,Zvolinskaja,1972,Nemačka
1638,Egor,Sartakov,1962,Rusija
1639,Metju,Hjuz,1968,Sjedinjene Američke Države
1640,Liz,Uiljams,1965,Ujedinjeno Kraljevstvo
1641,Gart,Niks,1963,Australija
1642,Skott,Linč,1978,Sjedinjene Američke Države
1643,Elinor,Arnason,1947,Sjedinjene Američke Države
1644,Elizabet,Bir,1971,Sjedinjene Američke Države
1645,Levi,Tidhar,1986,Rusija
1646,Džon,Krauli,1942,Sjedinjene Američke Države
1647,Tim,Pauers,1952,Sjedinjene Američke Države
1648,Kejt,Elliot,1969,Ujedinjeno Kraljevstvo
1649,Tom,Holt,1961,Ujedinjeno Kraljevstvo
1650,Greg Van,Ekhaut,1940,Rusija
1651,Endi,Dunkan,1964,Sjedinjene Američke Države
1652,Izabo,Uajls,1963,Rusija
1653,Rejčel,Pollak,1945,Sjedinjene Američke Države
1654,Aleksej,Gromakovskij,1985,Rusija
1655,Kalu,Rinpoče,1905,Rusija
1656,Tatjana,Maligina,1985,Francuska
1657,Aleksej,Ušakov,1990,Rusija
1658,Ruslan,Melnikov,1981,Sjedinjene Američke Države
1659,Vladimir,Konarev,1945,Srbija
1660,Aleksej,Krojtor,1938,Rusija
1661,Oleg,Siropjatov,1967,Kanada
1662,Natalija,Dzeružinskaja,1943,Sjedinjene Američke Države
1663,Konstantin,Popovskij,1985,Rusija
1664,Maša,Moran,1973,Srbija
1665,Valerij,Lavrus,1995,Italija
1666,B.,Koš,1963,Rusija
1667,Filippa,Gregori,1954,Ujedinjeno Kraljevstvo
1668,Anton,Čehovskij,1985,Francuska
1669,Ruthe,Wheeler,1941,Nemačka
1670,Olga,Torozova,1943,Rusija
1671,Aleksej,Penza,1984,Sjedinjene Američke Države
1672,Tati,Blek,1969,Rusija
1673,Oleg,Kožin,1969,Rusija
1674,Emili,Barr,1989,Italija
1675,Aleksandr,Melnikov,1992,Sjedinjene Američke Države
1676,Maksim,Novickij,1981,Ujedinjeno Kraljevstvo
1677,Marija,Kuznecova,1982,Rusija
1678,Džozef,Kempbell,1971,Rusija
1679,Čin-Ning,Ču,1943,Poljska
1680,Anastasija,Soloveva,1952,Rusija
1681,Mihail,Puhov,1948,Rusija
1682,Igor,Ežov,1969,Sjedinjene Američke Države
1683,Igor,Bergler,1962,Rusija
1684,Eva,Andrianova,1943,Rusija
1685,Nadežda,Volgina,1974,Italija
1686,Evgenij,Lukin,1950,Rusija
1687,Enn,Perri,1938,Ujedinjeno Kraljevstvo
1688,Oleg,Filimonov,1952,Ukrajina
1689,Kevin,Kvan,1973,Sjedinjene Američke Države
1690,Stiven,Mendis,1989,Rusija
1691,Anna,Čudnova,1976,Sjedinjene Američke Države
1692,Sergej,Glazkov,1976,Rusija
1693,Aleksej,Slapovskij,1977,Sjedinjene Američke Države
1694,Enni,Berrouz,1980,Sjedinjene Američke Države
1695,Oleg,Roj,1965,Rusija
1696,Elena,Volodina,1960,Sjedinjene Američke Države
1697,Liza,Durst,1964,Rusija
1698,Matvej,Bronštejn,1906,Savez Sovjetskih Socijalističkih Republika
1699,Edgar,Krejs,1976,Rusija
1700,Pavel,Evdokimenko,1983,Ujedinjeno Kraljevstvo
1701,Rju,Murakami,1952,Japan
1702,Dalija,Truskinovskaja,1961,Sjedinjene Američke Države
1703,Kristina,Ščerbakova,1978,Sjedinjene Američke Države
1704,Maksim,Šligin,1965,Rusija
1705,Svetlana,Lada-Rus,1976,Rusija
1706,Piter,Džejms,1948,Ujedinjeno Kraljevstvo
1707,Elena,Musorina,1956,Rusija
1708,Sergej,Vistrelkov,1964,Sjedinjene Američke Države
1709,Elena,Obuhova,1959,Rusija
1710,Natalja,Timošenko,1962,Srbija
1711,Natalja,Turčaninova,1773,Ruska Imperija
1712,Elena,Bičkova,1975,Italija
1713,Vikentij,Veresaev,1867,Savez Sovjetskih Socijalističkih Republika
1714,Kevin Alan,Miln,1986,Sjedinjene Američke Države
1715,Vladimir,Lavrov,1967,Rusija
1716,Aleksandr,Nefjodkin,1968,Rusija
1717,Sergej,Davidov,1957,Savez Sovjetskih Socijalističkih Republika
1718,Mark,Ciceron,1946,Antički Rim
1719,Šri,Aurobindo,1872,Indija
1720,Galina,Ščerbakova,1920,Rusija
1721,Jurij,Žukov,1960,Italija
1722,Armen,Gasparjan,1991,Sjedinjene Američke Države
1723,Sjuzanna,Enok,1969,Rusija
1724,Boris,Caregorodcev,1990,Rusija
1725,Konstantin,Tublin,1956,Rusija
1726,Vladimir,Evgenev,1973,Ujedinjeno Kraljevstvo
1727,Dmitrij,Lazarev,1972,Rusija
1728,Džozef,Merfi,1920,Sjedinjene Američke Države
1729,Tatjana,Valentajn,1991,Ujedinjeno Kraljevstvo
1730,Meri Higgins,Klark,1927,Sjedinjene Američke Države
1731,Irina,Ivanickaja,1938,Srbija
1732,Alevtina,Garnaga,1969,Rusija
1733,Natalja,Borohova,1956,Ujedinjeno Kraljevstvo
1734,Igor,Vodoleev,1976,Poljska
1735,Oleg,Dimitrov,1958,Srbija
1736,Andy,Weiss,1991,Rusija
1737,Valerija,Ivojlova,1965,Sjedinjene Američke Države
1738,Elena,Rumanovskaja,1958,Rusija
1739,Irmata,Arjar,1971,Sjedinjene Američke Države
1740,Alina,Uglickaja,1970,Sjedinjene Američke Države
1741,Pavel,Vinivitin,1945,Sjedinjene Američke Države
1742,Kirill,Nikolenko,1985,Ujedinjeno Kraljevstvo
1743,Vladimir,Pekalčuk,1966,Srbija
1744,Nikolaj,Černiševskij,1828,Ruska Imperija
1745,Arkadij,Ippolitov,1984,Ujedinjeno Kraljevstvo
1746,Olga,Grečkina,1940,Francuska
1747,Pol,Avinon,1988,Rusija
1748,Denis,Šabalov,1964,Rusija
1749,Boris,Bolotov,1964,Ujedinjeno Kraljevstvo
1750,Gleb,Pogožev,1965,Rusija
1751,Aleksej,Bobl,1975,Rusija
1752,Boris,Majorov,1981,Sjedinjene Američke Države
1753,Vladimir,Peršanin,1965,Francuska
1754,S.,Kinkejd,1963,Poljska
1755,Nikolaj,Romaneckij,1953,Rusija
1756,Rauan,Dauletkaliev,1975,Nemačka
1757,Lana,Ežova,1970,Italija
1758,Elena,Belova,1974,Sjedinjene Američke Države
1759,Julija,Vanina,1978,Sjedinjene Američke Države
1760,Viktor,Dragunskij,1913,Sjedinjene Američke Države
1761,Antonio,Menegetti,1936,Italija
1762,Oksana,Larina,1976,Rusija
1763,L.,Ahmadullina,1938,Sjedinjene Američke Države
1764,Andrej,Valentinov,1958,Ukrajina
1765,Galina,Kulikova,1935,Rusija
1766,Viktor,Suvorov,1944,Sjedinjene Američke Države
1767,Nikolaj,Prokudin,1979,Rusija
1768,Boris,Orlov,1945,Rusija
1769,Andrej,Zemljanoj,1960,Rusija
1770,Vjačeslav,Nekljudov,1984,Ujedinjeno Kraljevstvo
1771,Boris,Džerelej,1963,Sjedinjene Američke Države
1772,Lev,Trockij,1879,Meksiko
1773,Elena,Babinceva,1959,Ujedinjeno Kraljevstvo
1774,Dmitrij,Hihidok,1987,Sjedinjene Američke Države
1775,Svetlana,Lubenec,1948,Rusija
1776,Olga,Ageeva,1957,Savez Sovjetskih Socijalističkih Republika
1777,Andrej,Kurkov,1969,Sjedinjene Američke Države
1778,Aldivan Teixeira,Torres,1975,Sjedinjene Američke Države
1779,Sergej,Minaev,1975,Rusija
1780,Sara,Krejven,1962,Italija
1781,Anna,Beresneva,1969,Kanada
1782,Žan-Roh,Kuane,1948,Rusija
1783,Fridrih,Nicše,1844,Kraljevina Pruska
1784,Aleksandr,Sladkov,1992,Ujedinjeno Kraljevstvo
1785,Džonatan,Franzen,1959,Sjedinjene Američke Države
1786,Konstantin,Zabolotnij,1984,Rusija
1787,Uiljam,Šejkspir,1935,Rusija
1788,Margarita,Blinova,1963,Rusija
1789,Pavel,Vasilev,1982,Rusija
1790,Rafael,Sabatini,1875,Italija
1791,Aleksandr,Evstegneev,1965,Sjedinjene Američke Države
1792,Vladimir,Gurvič,1947,Francuska
1793,Ljudmila,Kotljarova,1938,Kanada
1794,V.,Korolev,1982,Sjedinjene Američke Države
1795,Džessika,Hegi,1950,Sjedinjene Američke Države
1796,Ardžuna,Kucak,1982,Rusija
1797,Aleksandr,Prohanov,1871,Rusija
1798,Ekaterina,Elizarova,1978,Sjedinjene Američke Države
1799,Tatjana,Krasnova,1986,Ujedinjeno Kraljevstvo
1800,Rik,Riordan,1964,Sjedinjene Američke Države
1801,Svetlana,Alešina,1963,Ujedinjeno Kraljevstvo
1802,Alina,Kalinina,1992,Sjedinjene Američke Države
1803,Gans-Ulrih,Kranc,1972,Rusija
1804,Anastasija,Semenova,1999,Rusija
1805,Dmitrij,Novikov,1966,Rusija
1806,Kelli,Hanter,1963,Ujedinjeno Kraljevstvo
1807,Elena,Minkina,1982,Ujedinjeno Kraljevstvo
1808,Nikolaj,Nord,1974,Sjedinjene Američke Države
1809,Evgenij,Slogodskij,1967,Poljska
1810,Fiona,Brand,1983,Sjedinjene Američke Države
1811,Vasilij,Buškov,1990,Rusija
1812,Svetlana,Šumovskaja,1963,Italija
1813,Irina,Bobrova,1988,Sjedinjene Američke Države
1814,Viktor,Ermakov,1935,Rusija
1815,Sergej,Protasov,1977,Rusija
1816,Sem,Horn,1989,Ujedinjeno Kraljevstvo
1817,Ljudmila,Rudnickaja,1981,Rusija
1818,Angelina,Makova,1982,Nemačka
1819,Ljubov,Sladkaja,1962,Rusija
1820,Larisa,Retjunskih,1979,Ujedinjeno Kraljevstvo
1821,Nikolaj,Ivanov,1978,Rusija
1822,Stiv,Nakamoto,1970,Sjedinjene Američke Države
1823,Polina,Grenc,1994,Rusija
1824,Alla,Sigalova,1959,Rusija
1825,Andrej,Ivanov,1976,Sjedinjene Američke Države
1826,Dmitrij,Gluhovskij,1979,Rusija
1827,Antonina,Romanova,1984,Ujedinjeno Kraljevstvo
1828,Boris,Tarasov,1952,Rusija
1829,Aleks,D,1968,Ujedinjeno Kraljevstvo
1830,Ilja,Derevjanko,1941,Rusija
1831,Nikolaj,Troj,1981,Francuska
1832,Jana,Egorova,1967,Rusija
1833,Mihail,Šabašov,1973,Sjedinjene Američke Države
1834,Tatjana,Stepanova,1963,Ukrajina
1835,Valentin,Dikul,1957,Nemačka
1836,Emi,Endrjus,1987,Sjedinjene Američke Države
1837,Teodor,Drajzer,1871,Sjedinjene Američke Države
1838,Aleksej,Ageev,1978,Rusija
1839,Aleksandra,Svickaja,1976,Rusija
1840,Jurgen,Graf,1951,Švajcarska
1841,Aleksandr,Šapočkin,1978,Nemačka
1842,Aleksej,Širokov,1988,Sjedinjene Američke Države
1843,Julija,Klimova,1981,Sjedinjene Američke Države
1844,Pavel,Sterhov,1981,Sjedinjene Američke Države
1845,Enn,Grendžer,1939,Ujedinjeno Kraljevstvo
1846,Vlada,Olhovskaja,1967,Italija
1847,Fredrik,Bakman,1981,Švedska
1848,Oksana,Obuhova,1971,Rusija
1849,Vladimir,Andreev,1984,Rusija
1850,Kristian,Dior,1905,Francuska
1851,Dmitrij,Volodihin,1969,Rusija
1852,Igor,Minakov,1979,Rusija
1853,Jaroslav,Verov,1980,Kanada
1854,Nika,Bathen,1967,Kanada
1855,Juliana,Lebedinskaja,1987,Italija
1856,Igor,Veresnev,1962,Rusija
1857,Nikolaj,Nemitov,1976,Ujedinjeno Kraljevstvo
1858,Sergej,Čekmaev,1959,Rusija
1859,Majk,Gelprin,1961,Rusija
1860,Aleks,Gromov,1986,Sjedinjene Američke Države
1861,Saša,Krugosvetov,1941,Rusija
1862,Grigorij,Pančenko,1963,Sjedinjene Američke Države
1863,Leonid,Kaganov,1972,Rusija
1864,Viktorija,Balašova,1966,Rusija
1865,Aleks,Bor,1989,Francuska
1866,Arti,Aleksander,1985,Francuska
1867,Dmitrij,Lukin,1974,Poljska
1868,Mihail,Saveličev,1969,Rusija
1869,Sergej,Bitjuckij,1981,Sjedinjene Američke Države
1870,Aleksandr,Denisov,1975,Italija
1871,Natalja,Duhina,1975,Nemačka
1872,Irina,Lazarenko,1964,Francuska
1873,Dmitrij,Gradinar,1957,Ujedinjeno Kraljevstvo
1874,Ajnur,Sibgatullin,1960,Italija
1875,Asja,Sergeeva,1992,Sjedinjene Američke Države
1876,Darja,Om,1990,Sjedinjene Američke Države
1877,Elena,Berezovskaja,1971,Poljska
1878,Dmitrij,Šerih,1976,Ujedinjeno Kraljevstvo
1879,Elena,Logunova,1970,Sjedinjene Američke Države
1880,Olga,Tarasevič,1950,Sjedinjene Američke Države
1881,Ljudmila,Sitnikova,1968,Sjedinjene Američke Države
1882,Niš,Džoši,1977,Rusija
1883,Irina,Rikas,1992,Rusija
1884,Gans,Rot,1969,Francuska
1885,Vera,Križanovskaja-Ročester,1842,Rusija
1886,Andrej,Korobejščikov,1954,Ujedinjeno Kraljevstvo
1887,Viktor,Kuznecov,1985,Ukrajina
1888,Džeffri,Arčer,1940,Ujedinjeno Kraljevstvo
1889,Bronvin,Skott,1967,Rusija
1890,Anatolij,Boston,1979,Sjedinjene Američke Države
1891,Svetlana,Demidova,1968,Rusija
1892,Džerom Devid,Selindžer,1919,Sjedinjene Američke Države
1893,Dmitrij,Šurov,1981,Ukrajina
1894,Kirill,Titov,1986,Kanada
1895,Valentin,Rasputin,1937,Rusija
1896,Ivan,Panaev,1836,Rusija
1897,Mišel,Fransis,1964,Ujedinjeno Kraljevstvo
1898,Jurij,Lenčevskij,1964,Rusija
1899,Valerija,Černovanova,1987,Rusija
1900,Aleksandr,Levkin,1992,Sjedinjene Američke Države
1901,Vladimir,Šilov,1985,Rusija
1902,Elena,Aniščenkova,1975,Francuska
1903,Svetlana,Žarnikova,1945,Rusija
1904,Klajv,Ljuis,1898,Ujedinjeno Kraljevstvo
1905,Bronislava,Vonsovič,1969,Kanada
1906,Daniil,Harms,1905,Savez Sovjetskih Socijalističkih Republika
1907,Stanislav,Rosoveckij,1992,Sjedinjene Američke Države
1908,Andrej,Korf,1970,Sjedinjene Američke Države
1909,Petr,Kotelnikov,1993,Srbija
1910,Ksenija,Mititello,1980,Rusija
1911,Artjom,Ivanov,1986,Rusija
1912,Aleksandr,Semenov-Volskij,1970,Sjedinjene Američke Države
1913,Valerij,Gojko,1979,Sjedinjene Američke Države
1914,Marija,Tjorn,1968,Rusija
1915,Stanislav,Grof,1931,Sjedinjene Američke Države
1916,Ljudmila,Milevskaja,1976,Rusija
1917,Artem,Rublev,1989,Srbija
1918,Anatolij,Brusnikin,1956,Rusija
1919,Darja,Usvjatova,1959,Rusija
1920,Svetlana,Kobeleva,1965,Francuska
1921,Ljuk,Brabander,1964,Rusija
1922,Lidija,Raevskaja,1971,Ujedinjeno Kraljevstvo
1923,Sergej,Paciašvili,1980,Rusija
1924,Tatjana,Džumma,1970,Francuska
1925,Džordan,Piterson,1962,Kanada
1926,Andrej,Bondarenko,1966,Rusija
1927,Oleg,Poležaev,1968,Rusija
1928,Igor,Rabiner,1973,Rusija
1929,Brendon,Berčard,1977,Sjedinjene Američke Države
1930,Andrej,Sarmatov,1974,Rusija
1931,Džordan,Belfort,1962,Sjedinjene Američke Države
1932,Džejson,Rič,1976,Sjedinjene Američke Države
1933,Deniel,Legran,1981,Francuska
1934,Alberto,Vaskes-Figeroa,1936,Španija
1935,Dejv,Tomas,1934,Sjedinjene Američke Države
1936,Majkl,Tomas,1967,Sjedinjene Američke Države
1937,Ariadna,Borisova,1975,Rusija
1938,Aleksandr,Zolotko,1968,Rusija
1939,Robert,Chambers,1949,Kanada
1940,Mihail,Volkonskij,1860,Ruska Imperija
1941,Elena,Kaminskaja,1985,Francuska
1942,Bodo,Šefer,1960,Nemačka
1943,Olga,Kuno,1966,Nemačka
1944,Vladimir,Djadičev,1989,Rusija
1945,Sergej,Sergaev,1945,Rusija
1946,Anatolij,Lunačarskij,1875,Savez Sovjetskih Socijalističkih Republika
1947,Pelam Grenvill,Vudhaus,1886,Rusija
1948,Betti,Smit,1896,Sjedinjene Američke Države
1949,Dorin,Vjorče,1958,Sjedinjene Američke Države
1950,Sara,Anderson,1988,Rusija
1951,Anna,Gavrilova,1959,Kanada
1952,Anastasija,Frančetti,1985,Rusija
1953,Andre,Šmidt,1964,Italija
1954,E.,Svetlova,1975,Sjedinjene Američke Države
1955,Efim,Rejtblat,1967,Ujedinjeno Kraljevstvo
1956,Pol,Morgan,1982,Rusija
1957,Meggi,Koks,1958,Rusija
1958,Elena,Ilina,1901,Ruska Imperija
1959,Igor,Oščepkov,1967,Sjedinjene Američke Države
1960,Rune,Belsvik,1956,Norveška
1961,Amanda,Palmer,1976,Sjedinjene Američke Države
1962,Redakcija žurnala,Teleprogramma,1974,Rusija
1963,Vladimir,Bušin,1972,Francuska
1964,Anatolij,Zak,1941,Rusija
1965,L.,Dorofeeva,1960,Rusija
1966,Barbara,Volles,1976,Rusija
1967,Hizer,Berč,1992,Rusija
1968,Morin,Čajld,1969,Rusija
1969,Aleksej,Slobodjanjuk,1945,Rusija
1970,Larisa,Vergiz,1957,Rusija
1971,Andrej,Kivinov,1956,Rusija
1972,Vladimir,Lošačenko,1976,Rusija
1973,Sergej,Sapcov,1989,Ujedinjeno Kraljevstvo
1974,Boris,Brik,1961,Rusija
1975,Tatjana,Alfereva,1989,Francuska
1976,Andrej,Carev,1981,Rusija
1977,Sjuzen,Mejer,1956,Italija
1978,Julija,Griber,1975,Rusija
1979,Irina,Pigulevskaja,1954,Rusija
1980,Marija,Ostanina,1960,Sjedinjene Američke Države
1981,Dmitrij,Kudrec,1980,Rusija
1982,Anna,Mircalo,1965,Sjedinjene Američke Države
1983,Erik,Ford,1987,Francuska
1984,Sergej,Kulakov,1969,Francuska
1985,Rejčel,Tomas,1970,Rusija
1986,Aleksandr,Antonov,1955,Sjedinjene Američke Države
1987,Milorad,Pavič,1929,Srbija
1988,Roman,Kuzma,1964,Kanada
1989,Sergej,Pikalov,1992,Francuska
1990,Elena,Volskaja,1945,Ujedinjeno Kraljevstvo
1991,Frederick,Brereton,1947,Francuska
1992,Elis,Kristensen,1990,Sjedinjene Američke Države
1993,Vladimir,Bataev,1966,Rusija
1994,Robin,Štene,1974,Kanada
1995,Žerar Enkos,(Papjus),1836,Nemačka
1996,Mihail,Zoščenko,1894,Savez Sovjetskih Socijalističkih Republika
1997,Igor,Dijanov,1967,Francuska
1998,Ilja,Poljakov,1870,Ruska Imperija
1999,Andrej,Korman,1962,Italija
2000,Mihail,Petrov,1951,Rusija
2001,Ekaterina,Janovič,1978,Rusija
2002,N.,Kormuškina,1964,Rusija
2003,Tamara,Kobcova,1977,Francuska
2004,Dmitrij,Volkogonov,1928,Rusija
2005,Tatjana,Avlošenko,1938,Rusija
2006,German,Gesse,1877,Švajcarska
2007,Viktor,Vasilev,1990,Rusija
2008,Slavoj,Žižek,1949,Slovenija
2009,Ignatij,Žuravlev,1986,Rusija
2010,Kejt,Rinka,1974,Italija
2011,Julija,Grigoreva,1978,Sjedinjene Američke Države
2012,Tatjana,Danina,1980,Ujedinjeno Kraljevstvo
2013,Roman,Jankovskij,1964,Nemačka
2014,Žan-Pol,Sartr,1905,Francuska
2015,Mihail,Ingerlejb,1987,Sjedinjene Američke Države
2016,Vladimir,Piljugin,1985,Srbija
2017,Georgij,Čulkov,1879,Ruska Imperija
2018,Ronda,Bern,1951,Australija
2019,Pavel,Ščegolev,1901,Nemačka
2020,Andrej,Dišev,1960,Savez Sovjetskih Socijalističkih Republika
2021,Nadežda,Sokolova,1973,Nemačka
2022,Aleksandr,Hakimov,1972,Francuska
2023,E.,Sitkalieva,1994,Sjedinjene Američke Države
2024,Serž,Vinterkej,1985,Rusija
2025,Leonid,Morgun,1995,Rusija
2026,Aleksandr,Goldenberg,1987,Rusija
2027,Andrej,Makrica,1956,Rusija
2028,Aleksej,Navalnij,1976,Rusija
2029,Adam,Mihnik,1946,Poljska
2030,Julij,Krelin,1950,Sjedinjene Američke Države
2031,Aleksandr,Djuma,1802,Francuska
2032,Sergej,Gerasimov,1906,Savez Sovjetskih Socijalističkih Republika
2033,Kristiana,Deroš-Noblkur,1968,Francuska
2034,Den,Braun,1961,Rusija
2035,Robin,Šarma,1964,Kanada
2036,Mihail,Filippov,1993,Rusija
2037,Andrej,Karaulov,1958,Rusija
2038,Edvard,Forster,1769,Kraljevstvo Velika Britanija
2039,Daniel,Pennak,1944,Francuska
2040,Roman,Fad,1978,Rusija
2041,Naum,Sodamov,1983,Nemačka
2042,Aleksandr,Šurlov,1961,Rusija
2043,Pavel,Pepperštejn,1966,Rusija
2044,Aleksandr,Kušner,1971,Sjedinjene Američke Države
2045,Sergej,Korolev,1966,Rusija
2046,Aleksandr,Gavrilov,1952,Ujedinjeno Kraljevstvo
2047,Ivan,Ždanov,1988,Rusija
2048,Andrej,Rodionov,1956,Rusija
2049,Galina,Rimbu,1984,Poljska
2050,Polina,Reprinceva,1991,Ujedinjeno Kraljevstvo
2051,Vladimir,Beljaev,1931,Rusija
2052,Olga,Baženova,1992,Rusija
2053,Olga,Logoš,1935,Rusija
2054,Aleksandr,Skidan,1965,Rusija
2055,Vladimir,Aristov,1950,Rusija
2056,Dana,Kurskaja,1979,Rusija
2057,Mihail,Čevega,1952,Rusija
2058,Psoj,Korolenko,1967,Rusija
2059,Aleksandr,Manockov,1972,Rusija
2060,Roman,Rubanov,1980,Rusija
2061,Vasilij,Urievskij,1954,Rusija
2062,Aleksandra,Močalova,1942,Ujedinjeno Kraljevstvo
2063,Vitalij,Kalpidi,1946,Rusija
2064,Kirill,Korčagin,1942,Ujedinjeno Kraljevstvo
2065,Natalija,Azarova,1938,Nemačka
2066,Andrej,Tavrov,1978,Francuska
2067,Anna,Čerkasova,1910,Ukrajina
2068,Kristina,Azarskova,1955,Rusija
2069,Evgenija,Tideman,1950,Francuska
2070,Inna,Amirova,1983,Nemačka
2071,Mihail,Erjomin,1936,Rusija
2072,Nikolaj,Kononov,1980,Rusija
2073,Ivan,Starostin,1913,Savez Sovjetskih Socijalističkih Republika
2074,Sergej,Petrov,1973,Ujedinjeno Kraljevstvo
2075,Mark,Tarlovskij,1902,Savez Sovjetskih Socijalističkih Republika
2076,Elena,Širman,1908,Savez Sovjetskih Socijalističkih Republika
2077,Ilja,Tjurin,1936,Sjedinjene Američke Države
2078,Leonid,Ševčenko,1986,Sjedinjene Američke Države
2079,Sergej,Kaznov,1959,Nemačka
2080,Aleksej,Somov,1965,Sjedinjene Američke Države
2081,Boris,Kutenkov,1983,Rusija
2082,Vladimir,Zdanovič,1959,Belorusija
2083,Čingiz,Ajtmatov,1928,Kirgistan
2084,Onore de,Balzak,1799,Francuska
2085,Evgenija,Tur,1815,Ruska Imperija
2086,Stiven,Bečelor,1960,Francuska
2087,Saša,Smelaja,1986,Italija
2088,Elena,Karol,1972,Rusija
2089,Valter,Skott,1771,Ujedinjeno Kraljevstvo
2090,Džejms,Bonvik,1947,Rusija
2091,Aleksandr,Sapegin,1957,Belorusija
2092,Pavel,Kornev,1967,Rusija
2093,Šimun,Vroček,1976,Rusija
2094,Vsevolod,Alferov,1972,Rusija
2095,Oksana,Glazneva,1971,Rusija
2096,Den,Brjule,1990,Rusija
2097,Elizaveta,Vodovozova,1844,Savez Sovjetskih Socijalističkih Republika
2098,Marija,Botalova,1991,Rusija
2099,Svetlana,Allilueva,1926,Sjedinjene Američke Države
2100,Anastasija,Borzenko,1948,Rusija
2101,Valerij,Ronšin,1958,Rusija
2102,Vera,Kamša,1962,Rusija
2103,Džeff,Kinni,1971,Sjedinjene Američke Države
2104,Sergej,Plohij,1957,Japan
2105,Boris,Derevenskij,1981,Sjedinjene Američke Države
2106,Gi,Breton,1919,Francuska
2107,Aman,Atilov,1980,Ujedinjeno Kraljevstvo
2108,Almir,Almuhametov,1991,Srbija
2109,Sofja,Roldugina,1986,Ujedinjeno Kraljevstvo
2110,Teodor,Štorm,1817,Vojvodstvo Šlezvig
2111,Samvel,Avetisjan,1986,Ujedinjeno Kraljevstvo
2112,Aleksandr,Kozin,1957,Sjedinjene Američke Države
2113,Marija,Baganova,1972,Rusija
2114,Ekaterina,Kulikova,1968,Rusija
2115,Igor,Nedozor,1962,Rusija
2116,Urmat,Salamatov,1993,Rusija
2117,Džordž,Eliot,1819,Ujedinjeno Kraljevstvo Velike Britanije i Irske
2118,Andrej,Dobrov,1965,Sjedinjene Američke Države
2119,Stella,Vajnštejn,1963,Rusija
2120,Anna,Frejd,1964,Rusija
2121,Dinara,Jafizova,1985,Ujedinjeno Kraljevstvo
2122,Galina,Černaja,1957,Rusija
2123,Ekaterina,Savina,1981,Ujedinjeno Kraljevstvo
2124,Ekaterina,Kostočkina,1952,Rusija
2125,Anton,Granovskij,1975,Rusija
2126,Natalja,Aniskova,1965,Rusija
2127,Vasilij,Ščepetnjov,1956,Srbija
2128,Jurij,Burnosov,1979,Rusija
2129,Aleksandr,Matjuhin,1992,Rusija
2130,Maksim,Makarenkov,1973,Nemačka
2131,Dmitrij,Nevskij,1954,Rusija
2132,Elena,Pozdeeva,1984,Sjedinjene Američke Države
2133,Margarita,Rouš,1992,Sjedinjene Američke Države
2134,Fransua,Bonne,1983,Rusija
2135,Irina,Perova,1961,Rusija
2136,Elena,Lavrinenko,1939,Kanada
2137,Irina,Elba,1959,Francuska
2138,Tatjana,Osinskaja,1959,Italija
2139,Avid,Goldsmit,1984,Sjedinjene Američke Države
2140,Šeron,Kendrik,1975,Ujedinjeno Kraljevstvo
2141,Ulja,Nova,1985,Srbija
2142,Ksenija,Dragunskaja,1965,Rusija
2143,Irina,Gorjunova,1983,Francuska
2144,Aleksandr,Snegirjov,1980,Rusija
2145,Andrej,Gelasimov,1966,Rusija
2146,Galija,Mavljutova,1990,Sjedinjene Američke Države
2147,Aljona,Žukova,1957,Kanada
2148,Rodion,Beleckij,1970,Rusija
2149,Valentina,Jurčenko,1968,Nemačka
2150,Svetlana,Tremasova,1960,Rusija
2151,Ganna,Ševčenko,1962,Srbija
2152,Svetlana,Kočerina,1985,Sjedinjene Američke Države
2153,Oksana,Liskovaja,1962,Rusija
2154,Anna,Arkatova,1972,Rusija
2155,Nikita,Šamordin,1988,Kanada
2156,Elena,Golunova,1980,Nemačka
2157,Elena,Pomazan,1986,Italija
2158,Kristi,Gold,1950,Sjedinjene Američke Države
2159,Kajli,Stjuart,1948,Francuska
2160,Robert,Uilson,1941,Sjedinjene Američke Države
2161,Eliza,Rajs,1937,Sjedinjene Američke Države
2162,Jurij,Haritonov,1964,Rusija
2163,Kanta,Ibragimov,1958,Rusija
2164,Anna,Strikovskaja,1973,Kanada
2165,Aleksej,Abvov,1972,Srbija
2166,Hanter,Tompson,1937,Sjedinjene Američke Države
2167,Bogdan,Kurakin,1966,Sjedinjene Američke Države
2168,Irina,Muraveva,1971,Sjedinjene Američke Države
2169,Bernard,Braun,1945,Ujedinjeno Kraljevstvo
2170,Mariam,Ibragimova,1951,Rusija
2171,Jurij,Vjazemskij,1951,Rusija
2172,Šarlotta,Riči,1989,Ujedinjeno Kraljevstvo
2173,Melodi,Brajt,1974,Rusija
2174,Dmitrij,Sobina,1985,Ujedinjeno Kraljevstvo
2175,Nil Patrik,Harris,1973,Sjedinjene Američke Države
2176,Andrej,Peterson,1966,Italija
2177,Anna,Negi,1951,Rusija
2178,Roman,Gluškov,1969,Srbija
2179,Kristin,Terrill,1961,Rusija
2180,Irina,Jakimanskaja,1986,Ujedinjeno Kraljevstvo
2181,Svetlana,Balašova,1943,Rusija
2182,Vasilij,Kirillov,1981,Rusija
2183,Per,Lemetr,1951,Francuska
2184,Natalja,Frid,1994,Sjedinjene Američke Države
2185,Tatjana,Zinina,1981,Rusija
2186,Sergej,Kločkov,1987,Rusija
2187,Kris,Voss,1957,Sjedinjene Američke Države
2188,Mark,Levi,1962,Srbija
2189,Olga,Morozova,1967,Rusija
2190,Elena,Striž,1977,Rusija
2191,Ričard,Bah,1936,Sjedinjene Američke Države
2192,Polina,Medvedeva,1980,Sjedinjene Američke Države
2193,Petti,Hansen,1969,Rusija
2194,Iren,Dunlap,1971,Ujedinjeno Kraljevstvo
2195,Sergej,Ignatev,1948,Rusija
2196,Tatjana,Tomah,1980,Sjedinjene Američke Države
2197,Karina,Šainjan,1979,Ujedinjeno Kraljevstvo
2198,Vladimir,Berezin,1965,Italija
2199,Dmitrij,Dzigovbrodskij,1980,Ujedinjeno Kraljevstvo
2200,Timur,Aliev,1976,Rusija
2201,Dmitrij,Viskov,1982,Nemačka
2202,Tatjana,Burnosova,1965,Rusija
2203,Vladimir,Kompaniec,1980,Italija
2204,Sergej,Leppe,1981,Francuska
2205,Marija,Čursina,1981,Italija
2206,Olga,Kazakova,1985,Rusija
2207,Sergej,Krikun,1996,Poljska
2208,Ivan,Kolesnik,1983,Ukrajina
2209,Denis,Pozdnjakov,1990,Sjedinjene Američke Države
2210,Anna,Derbeneva,1964,Ujedinjeno Kraljevstvo
2211,Valerija,Kalužskaja,1965,Francuska
2212,Boris,Akimov,1946,Rusija
2213,Aleksandr,Dzeržinskij,1934,Rusija
2214,Džejms,Rikards,1951,Sjedinjene Američke Države
2215,Mihail,Samarskij,1996,Rusija
2216,Artur,Šopengauer,1788,Kraljevina Pruska
2217,Anna,Sjuell,1820,Ujedinjeno Kraljevstvo
2218,Ekaterina,Mellis,1960,Rusija
2219,Jurij,Rusin,1943,Srbija
2220,Olivija,Leng,1977,Ujedinjeno Kraljevstvo
2221,Roman,Zemcov,1977,Poljska
2222,Ekaterina,Vasina,1974,Francuska
2223,Anna,Selina,1990,Savez Sovjetskih Socijalističkih Republika
2224,Julija,Visockaja,1973,Rusija
2225,Natalja,Švec,1975,Italija
2226,Pol,Pen,1979,Španija
2227,Viktor,Kadirov,1984,Rusija
2228,Lissi,Mussa,1949,Sjedinjene Američke Države
2229,Georgij,Zotov,1950,Rusija
2230,Dmitrij,Kannunikov,1978,Rusija
2231,Rinat,Valiullin,1983,Rusija
2232,Tatjana,Černjak,1944,Rusija
2233,Tatjana,Dešina,1980,Rusija
2234,Džozef,Bojett,1961,Rusija
2235,Džimmi,Bojett,1951,Sjedinjene Američke Države
2236,Konstantin,Dušenko,1964,Sjedinjene Američke Države
2237,Lesija,Kornuoll,1956,Ujedinjeno Kraljevstvo
2238,Danil,Koreckij,1948,Rusija
2239,Trejsi,Batist,1982,Ujedinjeno Kraljevstvo
2240,Pavel,Karelin,1978,Rusija
2241,Uilfrid,Hambli,1879,Rusija
2242,Stas,Kovvi,1982,Nemačka
2243,Andrea,Lorens,1967,Francuska
2244,Federico,Betti,1983,Rusija
2245,Uinter,Morgan,1984,Poljska
2246,Ivan,Magazinnikov,1980,Rusija
2247,Sindi,Dejl,1954,Ujedinjeno Kraljevstvo
2248,Elhan,Askerov,1972,Rusija
2249,Elejn,Mazliš,1944,Ujedinjeno Kraljevstvo
2250,Adel,Faber,1928,Sjedinjene Američke Države
2251,Igor,Sokolov,1974,Letonija
2252,Eten,Kasse,1970,Rusija
2253,Svetlana,Zernes,1985,Ujedinjeno Kraljevstvo
2254,Irina,Degtjareva,1976,Srbija
2255,Mark,Mautskij,1972,Sjedinjene Američke Države
2256,Grejs Amber,Lankaster,1962,Francuska
2257,Ekaterina,Oleneva,1982,Poljska
2258,Elena,Rvačeva,1979,Sjedinjene Američke Države
2259,Liza,Piterkina,1968,Sjedinjene Američke Države
2260,Irina,Soboleva,1987,Rusija
2261,Sergej,Aksenenko,1967,Rusija
2262,monah Arsenij,Svjatogorskij,1976,Srbija
2263,Andrej,Mironov,1960,Rusija
2264,Ljucija,Bessonova,1963,Sjedinjene Američke Države
2265,Lena,Lenina,1971,Rusija
2266,Anna,Solomahina,1986,Rusija
2267,Nikolaj,Stepanov,1960,Ujedinjeno Kraljevstvo
2268,Elizabet,Gaskell,1810,Ujedinjeno Kraljevstvo Velike Britanije i Irske
2269,Kurt,Džentri,1933,Nemačka
2270,Vinsent,Bugliozi,1934,Sjedinjene Američke Države
2271,Aleksandr,Belanovskij,1967,Nemačka
2272,Anastasija,Georgievskaja,1914,Savez Sovjetskih Socijalističkih Republika
2273,Iogann Volfgang,Gjote,1799,Rusija
2274,Jurij,Konstantinov,1969,Sjedinjene Američke Države
2275,Tatjana,Latukova,1959,Italija
2276,Ebbi,Grin,1953,Japan
2277,Nikita,Averin,1985,Italija
2278,Nikolaj,Marčuk,1965,Rusija
2279,Jane,Bred,1948,Italija
2280,Maksim,Kraj,1974,Sjedinjene Američke Države
2281,Elena,Agafonova,1992,Srbija
2282,Evgenij,Švarc,1896,Savez Sovjetskih Socijalističkih Republika
2283,Artjom,Dudkin,1993,Sjedinjene Američke Države
2284,Ljudmila,Ovčinnikova,1946,Ujedinjeno Kraljevstvo
2285,Anton,Bojkov,1992,Rusija
2286,Sandra,Marton,1960,Italija
2287,Sergej,Bagrov,1982,Rusija
2288,Orest,Somov,1784,Rusija
2289,Viktor,Tjurin,1973,Ujedinjeno Kraljevstvo
2290,Andrej,Rubanov,1969,Rusija
2291,Nikolas,Sparks,1965,Sjedinjene Američke Države
2292,Ljudmila,Tolmačeva,1994,Rusija
2293,Aleksandr,Gorbunov,1959,Rusija
2294,Ajšat,Džambekova,1930,Nemačka
2295,Leonid,Čulkov,1957,Italija
2296,Petr,Filaretov,1977,Ujedinjeno Kraljevstvo
2297,Konstantin,Marino,1993,Srbija
2298,Sergej,Guriev,1971,Rusija
2299,Elena,Blavatskaja,1831,Sjedinjene Američke Države
2300,Sergej,Čebanenko,1978,Poljska
2301,Uinston,Čerčill,1871,Sjedinjene Američke Države
2302,Anton,Ivanov,1963,Ujedinjeno Kraljevstvo
2303,Anna,Ustinova,1959,Rusija
2304,Dmitrij,Lihačev,1953,Rusija
2305,Janina,Pilipenko,1932,Italija
2306,Džonatan,Miller,1934,Ujedinjeno Kraljevstvo
2307,Eduard,Uspenskij,1937,Rusija
2308,Azart,Az,1960,Nemačka
2309,Lidija,Ljubimova,1980,Rusija
2310,Ivan,Judičev,1982,Rusija
2311,Aleksandr,Prohorov,1960,Rusija
2312,Sergej,Trofimov,1978,Letonija
2313,Aleksandr,Moldovjan,1971,Rusija
2314,Mihail,Vus,1960,Rusija
2315,Vladimir,Gusev,1964,Francuska
2316,Dmitrij,Dolgirev,1954,Sjedinjene Američke Države
2317,Ksenija,Roždestvenskaja,1964,Rusija
2318,Aleksandr,Černjak,1956,Rusija
2319,Sergej,Skiba,1962,Sjedinjene Američke Države
2320,Olga,Romanova,1970,Italija
2321,Larisa,Korobač,1989,Poljska
2322,Patricija,Ventvort,1877,Ujedinjeno Kraljevstvo
2323,Nidejla,Nelte,1969,Sjedinjene Američke Države
2324,Umberto,Eko,1932,Italija
2325,Anna,Erel,1984,Rusija
2326,Bhagavan Radžniš,(Ošo),1967,Sjedinjene Američke Države
2327,Valerij,Karišev,1944,Rusija
2328,Mišel,Selmer,1955,Kanada
2329,Viktor,Gubarev,1990,Ujedinjeno Kraljevstvo
2330,Aksel,Histor,1964,Rusija
2331,David,Kohen,1935,Ujedinjeno Kraljevstvo
2332,Pavel,Makarov,1960,Sjedinjene Američke Države
2333,Aglaja,Meščerskaja,1985,Rusija
2334,Devid,Perlmutter,1954,Sjedinjene Američke Države
2335,Kristin,Loberg,1985,Sjedinjene Američke Države
2336,Vjačeslav,Morgunov,1980,Rusija
2337,Abdrahman,Džabrailov,1980,Nemačka
2338,Julij,Vagner,1978,Nemačka
2339,Vladimir,Poseljagin,1971,Sjedinjene Američke Države
2340,Kristina,Juraš,1989,Francuska
2341,Liz,Tresilian,1983,Francuska
2342,Nadežda,Dragunkina,1965,Rusija
2343,Vitalij,Vulf,1930,Rusija
2344,Serafima,Čebotar,1975,Rusija
2345,Roman,Іvaničuk,1980,Ujedinjeno Kraljevstvo
2346,Artjom,Kudrjašev,1938,Rusija
2347,Sabit,Aliev,1936,Rusija
2348,A.,Ilin,1943,Rusija
2349,Vladimir,Leonov,1957,Sjedinjene Američke Države
2350,Aleksej,Sidorevič,1964,Italija
2351,Olga,Stepnova,1952,Kanada
2352,Konrad,Lorenc,1941,Rusija
2353,Nikolaj,Basov,1922,Rusija
2354,Angela,Dakvort,1978,Rusija
2355,Uiljam,Sarojan,1908,Sjedinjene Američke Države
2356,Ernest,Pitaval,1830,Srbija
2357,Stefan,Pastis,1970,Francuska
2358,Mihail,Deljagin,1968,Rusija
2359,Andrej,Fursov,1978,Ujedinjeno Kraljevstvo
2360,Sergej,Glazev,1961,Rusija
2361,Zarina,Bikmullina,1988,Ujedinjeno Kraljevstvo
2362,Jurij,Mitarjov,1986,Srbija
2363,Andrej,Baginskij,1967,Italija
2364,Pavel,Egotincev,1988,Sjedinjene Američke Države
2365,Valerij,Gofman,1968,Nemačka
2366,Nikolas,Tzenios,1972,Rusija
2367,Sergej,Mironenko,1951,Rusija
2368,Gennadij,Burlakov,1967,Rusija
2369,Sagat,Koklam,1970,Rusija
2370,Anna,Bikova,1965,Rusija
2371,Viktor,Porotnikov,1970,Francuska
2372,Lebel,Dan,1967,Rusija
2373,Pavel,Dmitriev,1987,Rusija
2374,Sergej,Safronov,1956,Nemačka
2375,Elena,Ermakova,1973,Sjedinjene Američke Države
2376,Elena,Bolonkina,1988,Rusija
2377,Vladimir,Stesin,1957,Rusija
2378,Ivan,Ermakov,1924,Savez Sovjetskih Socijalističkih Republika
2379,Ivan,Očenkov,1978,Rusija
2380,Elvira,Barjakina,1972,Ujedinjeno Kraljevstvo
2381,Stella,Grej,1966,Ujedinjeno Kraljevstvo
2382,Nikolaj,Malunov,1971,Rusija
2383,Aleksandr,Belogorov,1957,Ujedinjeno Kraljevstvo
2384,Ketrin,Mann,1965,Ujedinjeno Kraljevstvo
2385,Oleg,Paljok,1976,Sjedinjene Američke Države
2386,Natalja,Čabotko,1972,Srbija
2387,Vladimir,Germanov,1966,Poljska
2388,Džon,Tirni,1964,Rusija
2389,Roj,Baumajster,1953,Sjedinjene Američke Države
2390,Ekaterina,Ljubimova,1991,Rusija
2391,Andrej,Samusev,1976,Rusija
2392,Marija,Farisa,1993,Ujedinjeno Kraljevstvo
2393,Oksana,Alekseeva,1968,Rusija
2394,Oleg,Rjaskov,1982,Rusija
2395,Dana,Sideros,1985,Rusija
2396,Džon,Kits,1978,Sjedinjene Američke Države
2397,Robert,Bjorns,1759,Kraljevstvo Velika Britanija
2398,Redjard,Kipling,1865,Ujedinjeno Kraljevstvo
2399,Majkl,Fossel,1950,Sjedinjene Američke Države
2400,Ildar,Bikmuhametov,1973,Nemačka
2401,Zufar,Ishakov,1986,Srbija
2402,Mihail,Lehmus,1995,Japan
2403,Natalja,Večerina,1986,Italija
2404,Uiljam,Šekspir,1564,Kraljevstvo Engleska
2405,Anton,Skripec,1989,Sjedinjene Američke Države
2406,Džill,Santopolo,1994,Sjedinjene Američke Države
2407,Entoni,Robbins,1962,Rusija
2408,Maks,Ignatov,1992,Rusija
2409,Lia,O’Hanel,1973,Ujedinjeno Kraljevstvo
2410,Ross,Kempbell,1936,Sjedinjene Američke Države
2411,Aleksandr,Malkov,1972,Rusija
2412,Bronislav,Sičjov,1980,Rusija
2413,Sveta,Gončarova,1971,Sjedinjene Američke Države
2414,Aleksej,Makušinskij,1960,Rusija
2415,Vladimir,Rjumin,1874,Savez Sovjetskih Socijalističkih Republika
2416,Uiljam,Ritter,1968,Rusija
2417,Mirra,Sokovickaja,1984,Rusija
2418,Lev,Pučkov,1972,Nemačka
2419,Igor,Dravin,1980,Rusija
2420,Aleksej,Kovalčuk,1928,Savez Sovjetskih Socijalističkih Republika
2421,Anatolij,Ribakov,1911,Rusija
2422,Ildar,Rezepov,1960,Rusija
2423,Tatjana,Bogatireva,1972,Francuska
2424,Andrej,Krasnikov,1966,Poljska
2425,Mika,Rtut,1978,Ujedinjeno Kraljevstvo
2426,Lana,Maj,1961,Rusija
2427,Aleks,Berg,1960,Ujedinjeno Kraljevstvo
2428,Natalja,Interesova,1954,Rusija
2429,Albina,Hadikova,1987,Rusija
2430,Lidija,Veličko,1981,Sjedinjene Američke Države
2431,Sergej,Astapenko,1970,Srbija
2432,Elena,Vajcehovskaja,1958,Savez Sovjetskih Socijalističkih Republika
2433,Guido,Pagliarino,1985,Rusija
2434,Ljubov,Lukina,1950,Savez Sovjetskih Socijalističkih Republika
2435,Marija,Kirillova,1901,Belorusija
2436,Nikita,Mkrtčjan,1984,Sjedinjene Američke Države
2437,Tatjana,Maleva,1976,Ujedinjeno Kraljevstvo
2438,Julija,Florinskaja,1981,Rusija
2439,Džoanna,Rok,1966,Ujedinjeno Kraljevstvo
2440,Irina,Nekrasova,1956,Rusija
2441,Elena,Gordina,1969,Rusija
2442,Aleksandr,Ovsjannikov,1997,Kazahstan
2443,Anna,Denisova,1902,Belorusija
2444,Maks,Brend,1892,Sjedinjene Američke Države
2445,Rostislav,Murzagulov,1980,Rusija
2446,Alena,Snegireva,1977,Rusija
2447,Natali,Hard,1969,Srbija
2448,Vladimir,Baranov,1960,Sjedinjene Američke Države
2449,Dorofeja,Laričeva,1970,Sjedinjene Američke Države
2450,Salman,Rušdi,1947,Sjedinjene Američke Države
2451,Aleksej,Nast,1953,Rusija
2452,Sergej,Zalevskij,1960,Sjedinjene Američke Države
2453,Barbara de,Andželis,1943,Italija
2454,Art,Bogdanov,1973,Rusija
2455,Taras,Ševčenko,1814,Ruska Imperija
2456,Vladislav,Stasjuk,1933,Ujedinjeno Kraljevstvo
2457,Valerij,Ljubačevskij,1950,Rusija
2458,Filipp,Bogačev,1970,Rusija
2459,Lana,Mejer,1971,Rusija
2460,Roma,Zver,1978,Nemačka
2461,Valerij,Šmaev,1971,Rusija
2462,Dmitrij,Pobedinskij,1979,Rusija
2463,Alina,Poljanskaja,1967,Rusija
2464,Alika,Mur,1963,Rusija
2465,Valerij,Savčenko,1952,Rusija
2466,Anna,Semkina,1990,Rusija
2467,Marija,Briker,1958,Italija
2468,Rinat,Ramazanov,1989,Srbija
2469,Julija,Idlis,1974,Italija
2470,Aliona,Hilt,1962,Rusija
2471,Džejms,Allen,1864,Ujedinjeno Kraljevstvo Velike Britanije i Irske
2472,Leonid,Sajanskij,1864,Nemačka
2473,Isaj,Davidov,1927,Rusija
2474,Karina,Dobrotvorskaja,1966,Rusija
2475,Margarita,Akulič,1990,Ujedinjeno Kraljevstvo
2476,Tatjana,Kljačko,1974,Rusija
2477,Helen,Dikson,1970,Sjedinjene Američke Države
2478,Tatjana,Voronina,1977,Ukrajina
2479,Kerrigan,Bern,1992,Rusija
2480,Nikolaj,Zajcev,1942,Savez Sovjetskih Socijalističkih Republika
2481,Leonid,Solovev,1885,Rusija
2482,Konstantin,Čeremnih,1986,Ujedinjeno Kraljevstvo
2483,Ruslan,Abdulov,1972,Sjedinjene Američke Države
2484,Elvira,Sarabjan,1958,Nemačka
2485,Viktorija,Milevskaja,1956,Sjedinjene Američke Države
2486,Andrej,Astvacaturov,1969,Rusija
2487,Anna,Gurova,1976,Rusija
2488,Aleksandr,Rižov,1969,Rusija
2489,Aleksandr,Zvjagincev,1948,Rusija
2490,Evgenij,Solovev,1941,Ujedinjeno Kraljevstvo
2491,Stanislav,Grahovskij,1990,Rusija
2492,Aleksandr,Gerasimov,1990,Italija
2493,Kristel,Dabo,1980,Francuska
2494,Silvi,D’Eskleb,1971,Rusija
2495,Čak,Palanik,1962,Sjedinjene Američke Države
2496,Aleksandr,Pšeničnij,1972,Poljska
2497,Anatolij,Gin,1963,Rusija
2498,Mark,Barkan,1981,Rusija
2499,Jurij,Trifonov,1925,Savez Sovjetskih Socijalističkih Republika
2500,Sergej,Lazarev,1940,Rusija
2501,Aleksandr,Holin,1984,Ujedinjeno Kraljevstvo
2502,Arman,Cibulskij,1960,Sjedinjene Američke Države
2503,Viktorija,Golovaševič,1971,Rusija
2504,Galina,Čeredij,1986,Sjedinjene Američke Države
2505,Nil,Uolš,1943,Sjedinjene Američke Države
2506,Brit,Kuper,1972,Rusija
2507,Trevor,Silvester,1967,Sjedinjene Američke Države
2508,Aleksandr,Guskov,1949,Ujedinjeno Kraljevstvo
2509,Valentina,Čemberdži,1933,Sjedinjene Američke Države
2510,Hajdi,Rajs,1986,Japan
2511,Elizaveta,Buta,1985,Rusija
2512,Vladimir,Arenev,1972,Sjedinjene Američke Države
2513,Lev,Gurskij,1968,Ujedinjeno Kraljevstvo
2514,Vjačeslav,Ribakov,1954,Rusija
2515,Daniel,Kluger,1951,Izrael
2516,Timofej,Aleškin,1975,Francuska
2517,Mihail,Nazarenko,1965,Rusija
2518,Džon,Stejnbek,1902,Sjedinjene Američke Države
2519,Vladislav,Vistavnoj,1982,Ujedinjeno Kraljevstvo
2520,Tatjana,Solomatina,1956,Rusija
2521,S.,Stepanova,1970,Ujedinjeno Kraljevstvo
2522,Pavel,Komarnickij,1986,Srbija
2523,Anna,Kirjanova,1981,Sjedinjene Američke Države
2524,Aleksandr,Kalmikov,1994,Rusija
2525,Liza,Čajlds,1982,Sjedinjene Američke Države
2526,A.,Artemov,1959,Francuska
2527,Sergej,Filippov,1967,Rusija
2528,Džejms,Mangan,1977,Sjedinjene Američke Države
2529,Sergej,Semenov,1992,Rusija
2530,Aleksandr,Sudoplatov,1988,Rusija
2531,Vadim,Lvov,1970,Rusija
2532,Anna,Šadrina,1973,Rusija
2533,Robert,Lihi,1946,Sjedinjene Američke Države
2534,Innokentij,Mamontov,1969,Sjedinjene Američke Države
2535,Kassandra,Kler,1973,Sjedinjene Američke Države
2536,Fedor,Anič,1963,Sjedinjene Američke Države
2537,Alfija,Storoženko,1960,Ujedinjeno Kraljevstvo
2538,Gennadij,Akopov,1990,Rusija
2539,Vasilij,Smirnov,1905,Savez Sovjetskih Socijalističkih Republika
2540,Massimo,Karlotto,1986,Sjedinjene Američke Države
2541,Irina,Grekova,1923,Sjedinjene Američke Države
2542,Etgar,Keret,1967,Poljska
2543,Olga,Petrova,1884,Sjedinjene Američke Države
2544,Džon,Grin,1977,Sjedinjene Američke Države
2545,Morin,Džonson,1973,Sjedinjene Američke Države
2546,Loren,Mirakl,1973,Nemačka
2547,Aleksandr,Ostrovskij,1814,Sjedinjene Američke Države
2548,Nina,Rubštejn,1973,Rusija
2549,Konstantin,Medvedev,1985,Ujedinjeno Kraljevstvo
2550,Lourens,Norfolk,1963,Ujedinjeno Kraljevstvo
2551,Ketrin,Koulter,1942,Sjedinjene Američke Države
2552,Janina,Logvin,1971,Rusija
2553,Vlada,Jakuševskaja,1976,Ujedinjeno Kraljevstvo
2554,Mihail,Ivanov,1955,Rusija
2555,Igor,Sorokin,1974,Sjedinjene Američke Države
2556,Ivan,Žukov,2005,Rusija
2557,Matvej,Kurilkin,1964,Sjedinjene Američke Države
2558,Sebastjan,Fitcek,1971,Nemačka
2559,Aleksandr,Tvardovskij,1910,Savez Sovjetskih Socijalističkih Republika
2560,Tatjana,Riterman,1980,Nemačka
2561,Marija,Kuprijanova,1970,Rusija
2562,Marija,Galina,1958,Rusija
2563,Rodion,Kadirov,1991,Nemačka
2564,Džulija,Kuin,1957,Sjedinjene Američke Države
2565,Garlan,Koben,1964,Sjedinjene Američke Države
2566,Marija,Bikova,1982,Rusija
2567,Vladimir,Filin,1986,Ujedinjeno Kraljevstvo
2568,Anna,Artjuškevič,1992,Sjedinjene Američke Države
2569,Julija,Starih,1972,Ujedinjeno Kraljevstvo
2570,Julija,Dobrovolskaja,1951,Rusija
2571,Adam,Stilman,1987,Rusija
2572,Julija,Dinera,1976,Ujedinjeno Kraljevstvo
2573,Aleksej,Olejnikov,1972,Italija
2574,Aleksandr,Čujko,1985,Rusija
2575,Kirill,Kaščeev,1972,Ujedinjeno Kraljevstvo
2576,Ilona,Volinskaja,1956,Ujedinjeno Kraljevstvo
2577,Maksimilian,Vološin,1877,Savez Sovjetskih Socijalističkih Republika
2578,Anatolij,Toss,1958,Sjedinjene Američke Države
2579,Roman,Cukanov,1965,Sjedinjene Američke Države
2580,Donato,Karrizi,1973,Italija
2581,Ljudmila,Astahova,1972,Nemačka
2582,Jana,Gorškova,1965,Sjedinjene Američke Države
2583,Aleksandr,Suvorov,1952,Sjedinjene Američke Države
2584,Evelina,Anderson,1961,Rusija
2585,Anna,Komogorova,1967,Sjedinjene Američke Države
2586,Aleksandr,Egorov,1972,Francuska
2587,Larisa,Tepljakova,1965,Francuska
2588,Leonardo da,Vinči,1452,Firentinska republika
2589,Tara,Brah,1953,Sjedinjene Američke Države
2590,Valensija,Lunnova,1977,Srbija
2591,Rakova,Ekaterina,1948,Sjedinjene Američke Države
2592,Rubi,Ueks,1953,Sjedinjene Američke Države
2593,Tatjana,Boršč,1978,Rusija
2594,Albina,Uralskaja,1965,Rusija
2595,Oksana,Demčenko,1967,Rusija
2596,Džordž,Bajron,1788,Kraljevstvo Velika Britanija
2597,Renat,Garifzjanov,1944,Kanada
2598,Zarema,Musaeva,1970,Čečenija
2599,Svjatoslav,Dubjanskij,1958,Ujedinjeno Kraljevstvo
2600,Nikolaj,Garin-Mihajlovskij,1852,Ruska Imperija
2601,Nina,Fedorova,1912,Rusija
2602,Vladislav,Burja,1953,Italija
2603,Vladimir,Kučin,1969,Poljska
2604,Ivana,Čabbak,2000,Sjedinjene Američke Države
2605,Aleksandr,Albert,1988,Rusija
2606,Evgenija,Kajdalova,1964,Sjedinjene Američke Države
2607,Georg,Šuster,1859,Francuska
2608,Tim,Braun,1977,Srbija
2609,Džejms,Mak-Kanli,1966,Rusija
2610,Maksvell,Džekson,1979,Sjedinjene Američke Države
2611,Kami,Garsija,1966,Rusija
2612,Olga,Komarova,1993,Ujedinjeno Kraljevstvo
2613,Nikolaj,Dubčikov,1959,Italija
2614,Ljudmila,Sivolobova,1976,Sjedinjene Američke Države
2615,Lena,Klimova,1989,Rusija
2616,Ben,Kejn,1955,Sjedinjene Američke Države
2617,Elena,Skulskaja,1992,Ujedinjeno Kraljevstvo
2618,Svetlana,Bestuževa-Lada,1968,Rusija
2619,Ibrahim,Amini,1963,Rusija
2620,Dajana,Stil,1973,Sjedinjene Američke Države
2621,Margarita,Gračeva,1976,Sjedinjene Američke Države
2622,Ljubov,Levina,1980,Sjedinjene Američke Države
2623,Igor,Novickij,1869,Ruska Imperija
2624,Ilja,Snegin,1961,Sjedinjene Američke Države
2625,Natalja,Egorova,1966,Rusija
2626,Hloe,Rajder,1982,Ujedinjeno Kraljevstvo
2627,Andrej,Pletenev,1980,Rusija
2628,Ljusi,Monro,1983,Rusija
2629,Anton,Mogučij,1965,Ujedinjeno Kraljevstvo
2630,Valerij,Zaharov,1987,Srbija
2631,Džennifer,Uorf,1981,Sjedinjene Američke Države
2632,Valentina,Bikova,1983,Italija
2633,Inga,Kočieva,1951,Sjedinjene Američke Države
2634,Aleksej,Margiev,1951,Sjedinjene Američke Države
2635,Natalja,Davletšina,1938,Ujedinjeno Kraljevstvo
2636,Modest,Kolerov,1976,Poljska
2637,Irina,Mlodik,1962,Kanada
2638,Žan-Kristof,Granže,1961,Francuska
2639,Sergej,Gončarov,1971,Nemačka
2640,Izabella,Allen-Feldman,1965,Sjedinjene Američke Države
2641,Marija,Arbatova,1957,Rusija
2642,Valerija,Kločko,1981,Italija
2643,Dmitrij,Bulatov,1934,Francuska
2644,Julija,Čalova,1966,Francuska
2645,Marija,Kolskaja,1963,Rusija
2646,Selesta,Ing,1983,Nemačka
2647,Linkoln,Čajld,1957,Sjedinjene Američke Države
2648,Duglas,Preston,1956,Sjedinjene Američke Države
2649,Sergej,Badej,1958,Ukrajina
2650,Dodi,Smit,1896,Ujedinjeno Kraljevstvo
2651,Marija,Danilova,1984,Srbija
2652,Aleks,Kamenev,1991,Francuska
2653,Kristina,Grof,1941,Sjedinjene Američke Države
2654,Irina,Lisovskaja,1977,Sjedinjene Američke Države
2655,Aleksej,Zozulja,1992,Ukrajina
2656,Paulo,Koelo,1947,Brazil
2657,Roman,Koržev,1981,Sjedinjene Američke Države
2658,Žan-Fransua,Djuval,1751,Francuska
2659,Artur,Džilman,1982,Francuska
2660,Džon,Magaffi,1839,Švajcarska
2661,Konstantin,Kostin,1973,Letonija
2662,Aleksej,Kozirev,1955,Ujedinjeno Kraljevstvo
2663,Vladimir,Braginskij,1931,Rusija
2664,Valentin David,Braginskij,1933,Rusija
2665,Immanuil,Kant,1724,Kraljevina Pruska
2666,Mihail,Tarkovskij,1958,Rusija
2667,Ljubov,Černikova,1986,Rusija
2668,Marija,Točilina,1991,Nemačka
2669,Josi,Ginsberg,1973,Rusija
2670,Elizaveta,Vafi,1984,Rusija
2671,Savelij,Kašnickij,1979,Rusija
2672,Vasilij,Vakulenko,1989,Rusija
2673,Vladimir,Bogomolov,1924,Rusija
2674,Rodrigo,Kortes,1973,Španija
2675,Džerri,Hill,1956,Sjedinjene Američke Države
2676,Aleksandr,Kudrjavcev,1862,Sjedinjene Američke Države
2677,Aleksandra,Čerčen,1969,Rusija
2678,Leonid,Mlečin,1957,Rusija
2679,Mihail,Rogožin,1955,Sjedinjene Američke Države
2680,Tamara,Moroz,1984,Rusija
2681,Irina,Gradova,1982,Francuska
2682,Tatjana,Korostiševskaja,1967,Rusija
2683,Džejson,Hanson,1980,Ujedinjeno Kraljevstvo
2684,Margit,Auer,1967,Nemačka
2685,Šeron,Lekter,1954,Sjedinjene Američke Države
2686,Robert,Kijosaki,1947,Sjedinjene Američke Države
2687,Elena,Boloton,1962,Japan
2688,Jurij,Tinjanov,1894,Savez Sovjetskih Socijalističkih Republika
2689,Bulat,Okudžava,1924,Rusija
2690,Džejn,Ostin,1775,Kraljevstvo Velika Britanija
2691,Natalja,Serdceva,1979,Nemačka
2692,Robert,Pjorsig,1953,Sjedinjene Američke Države
2693,Sergej,Antonov,1948,Bugarska
2694,Roman,Prokofev,1981,Sjedinjene Američke Države
2695,Suad,Mehennet,1965,Japan
2696,Natalja,Nasonova,1956,Rusija
2697,Gart,Stajn,1964,Sjedinjene Američke Države
2698,Afanasij,Fet,1820,Srbija
2699,T.,Čečulina,1940,Ujedinjeno Kraljevstvo
2700,M.,Kuzmina,1989,Sjedinjene Američke Države
2701,Ljudmila,Ivankovskaja,1934,Francuska
2702,Viktor,Stepaničev,1976,Ujedinjeno Kraljevstvo
2703,Vinsent Van,Gog,1853,Kraljevina Holandija
2704,Jurij,Nagibin,1920,Rusija
2705,Sofja,Dorinskaja,1971,Sjedinjene Američke Države
2706,Valerij,Popov,1972,Rusija
2707,Sergej,Durilin,1989,Rusija
2708,Daniela,Stil,1947,Sjedinjene Američke Države
2709,Vasilij,Gor,1978,Rusija
2710,Andrej,Burovskij,1985,Sjedinjene Američke Države
2711,Ljudmila,Milovackaja,1980,Sjedinjene Američke Države
2712,Edgar,Berrouz,1875,Sjedinjene Američke Države
2713,UK,«Arsagera»,1990,Ujedinjeno Kraljevstvo
2714,Tatjana,Radčenko,1978,Srbija
2715,Konstantin,Grigorev,1966,Letonija
2716,Marii,Buše,1977,Nemačka
2717,Ričard,Dokinz,1941,Ujedinjeno Kraljevstvo
2718,Natalija,Levitina,1957,Francuska
2719,Valerij,Gorškov,1958,Nemačka
2720,Jurij,Kurnosov,1973,Kanada
2721,Lana,Remencova,1977,Ujedinjeno Kraljevstvo
2722,Marija Valdes,Odriosola,1972,Sjedinjene Američke Države
2723,Rubine,Safarjan,1981,Rusija
2724,Olga,Šerstobitova,1970,Srbija
2725,Georgij,Persikov,1988,Rusija
2726,Andrej,Prudkovskij,1977,Rusija
2727,Roberta,Graziano,1970,Rusija
2728,Lina,Alfeeva,1961,Ujedinjeno Kraljevstvo
2729,Loki,Bufonada,1980,Francuska
2730,Oksana,Pankeeva,1953,Sjedinjene Američke Države
2731,Aleksij,Svjatitel,1930,Sjedinjene Američke Države
2732,Sjuzi,Littl,1980,Ujedinjeno Kraljevstvo
2733,Natalija,Ermilova,1965,Srbija
2734,Nikolaj,Korolkov,1981,Rusija
2735,Evgenija,Cvetkova,1983,Rusija
2736,Aleksandr,Belov,1963,Sjedinjene Američke Države
2737,Artem,Suhanov,1989,Poljska
2738,Nelli,Vlasova,1965,Ujedinjeno Kraljevstvo
2739,Maša,Puškina,1950,Nemačka
2740,Klod,Izner,1972,Francuska
2741,Pavel,Berlin,1878,Ruska Imperija
2742,Susanna,Alperina,1972,Sjedinjene Američke Države
2743,Anna Marija,Sergeeva,1955,Ujedinjeno Kraljevstvo
2744,David,Boss,1986,Rusija
2745,Aleksandr,Li,1989,Rusija
2746,Marija,Tahirova,1961,Nemačka
2747,Alina,Ermolaeva,1955,Sjedinjene Američke Države
2748,Nikolaj,Bredihin,1938,Ujedinjeno Kraljevstvo
2749,Georgij,Malumov,1963,Nemačka
2750,Aleksandr,Malumov,1959,Nemačka
2751,Dmitrij,Zvonenko,1968,Francuska
2752,Pavel,Eršov,1964,Sjedinjene Američke Države
2753,Iosif,Stalin,1878,Savez Sovjetskih Socijalističkih Republika
2754,Aleks,Inozemcev,1989,Rusija
2755,Genrih,Nebolsin,1983,Rusija
2756,Džodi,Pikolt,1966,Sjedinjene Američke Države
2757,Vladimir,Arsenev,1872,Savez Sovjetskih Socijalističkih Republika
2758,Anri,Šarer,1906,Francuska
2759,Triš,Uajli,1986,Ujedinjeno Kraljevstvo
2760,Jan-Filipp,Zendker,1983,Francuska
2761,Matvej,Volgin,1987,Ujedinjeno Kraljevstvo
2762,Lena,Letnjaja,1968,Ujedinjeno Kraljevstvo
2763,Rostislav,Iščenko,1965,Rusija
2764,Elena,Ivanickaja,1935,Rusija
2765,Ivan,Harčenko,1978,Sjedinjene Američke Države
2766,Eugenio,Hookah,1982,Rusija
2767,Marina,Korsakova,1987,Ujedinjeno Kraljevstvo
2768,Aljona,Vselennskaja,1988,Rusija
2769,Svetlana,Vladimirova,1958,Ujedinjeno Kraljevstvo
2770,Ju,Nesbjo,1960,Norveška
2771,Madina,Bajbolova,1973,Sjedinjene Američke Države
2772,Elena,Prokofeva,1994,Rusija
2773,Nina,Sorotokina,1935,Rusija
2774,Marjana,Skuratovskaja,1978,Rusija
2775,Aleksej,Kaširin,1989,Ujedinjeno Kraljevstvo
2776,Džonatan,Kellerman,1949,Sjedinjene Američke Države
2777,Poli,Levi,1992,Sjedinjene Američke Države
2778,Evgenij,Toddes,1943,Rusija
2779,Batist,Blanše,1970,Nemačka
2780,Tibo,Fre-Bjurne,1980,Sjedinjene Američke Države
2781,Ajzek,Azimov,1920,Sjedinjene Američke Države
2782,Edvin,Ozolin,1976,Rusija
2783,Julija,Kovalkova,1941,Sjedinjene Američke Države
2784,Elena,Averjanova,1962,Rusija
2785,Larisa,Seklitova,1971,Srbija
2786,Ljudmila,Strelnikova,1965,Rusija
2787,Maks,Fett,1940,Rusija
2788,Sjuzen,Stivens,1956,Ujedinjeno Kraljevstvo
2789,Tina,Titova,1971,Nemačka
2790,Leon,Malin,1936,Francuska
2791,Trejsi,Vulf,1973,Sjedinjene Američke Države
2792,Ljubov,Vinogradova,1973,Rusija
2793,Jurij,Skuratov,1952,Rusija
2794,Tihon,Subbotin,1964,Ujedinjeno Kraljevstvo
2795,Dmitrij,Černih,1982,Rusija
2796,Kondratij,Birkin,1822,Ujedinjeno Kraljevstvo
2797,Fedor,Tjutčev,1993,Sjedinjene Američke Države
2798,Morgan,Metson,1987,Sjedinjene Američke Države
2799,Alena,Korčagina,2000,Sjedinjene Američke Države
2800,Karl,Renc,1964,Sjedinjene Američke Države
2801,Antonina,Maksimova,1916,Savez Sovjetskih Socijalističkih Republika
2802,Meri Elizabet,Breddon,1809,Nemačka
2803,Viktorija,Tokareva,1937,Rusija
2804,Narine,Abgarjan,1971,Jermenija
2805,F.,Ilin,1959,Rusija
2806,Mišel,Rid,1984,Francuska
2807,Margarita,Ardo,1973,Sjedinjene Američke Države
2808,Ilja,Bauman,1984,Francuska
2809,Natalja,Danilova,1955,Rusija
2810,Dmitrij,Dal,1961,Sjedinjene Američke Države
2811,Anton,Berezin,1974,Sjedinjene Američke Države
2812,M.,Parfenov,1986,Sjedinjene Američke Države
2813,Darja,Bobiljova,1991,Srbija
2814,Aleksandr,Podolskij,1967,Rusija
2815,Maksim,Kabir,1989,Rusija
2816,Mihail,Pavlov,1993,Ruska Sovjetska Federativna Socijalistička Republika
2817,Igor,Krom,1977,Rusija
2818,Elena,Ščetinina,1984,Rusija
2819,Olga,Rejn,1979,Rusija
2820,Natalja,Alferova,1971,Francuska
2821,Jaroslav,Zemljanuhin,1969,Francuska
2822,Dmitrij,Kostjukevič,1986,Italija
2823,Evgenija,Krič,1961,Rusija
2824,Sergej,Buridamov,1980,Sjedinjene Američke Države
2825,Anatolij,Umanskij,1992,Rusija
2826,Denis,Arsenev,1974,Ujedinjeno Kraljevstvo
2827,Džamilja,Nagumanova,1941,Italija
2828,Debora,Harkness,1965,Sjedinjene Američke Države
2829,Maksim,Žmakin,1978,Ujedinjeno Kraljevstvo
2830,Tatjana,Plotnikova,1973,Italija
2831,Alisa,Kvin,1975,Rusija
2832,Viktor,Karev,1973,Rusija
2833,Ruslan,Kardašov,1968,Srbija
2834,Žorž,Ru,1958,Rusija
2835,Ekaterina,Griščuk,1931,Rusija
2836,Neustanovlennij,avtor,1949,Sjedinjene Američke Države
2837,Tatjana,Gercik,1988,Sjedinjene Američke Države
2838,Blejk,Krauč,1978,Sjedinjene Američke Države
2839,Lija,Rodžers,1972,Sjedinjene Američke Države
2840,Triss,Tejl,1943,Rusija
2841,Šapi,Kaziev,1956,Sjedinjene Američke Države
2842,Dmitrij,Subbotin,1977,Rusija
2843,Artur,Vejgall,1880,Ujedinjeno Kraljevstvo
2844,Elena,Dženkinz,1970,Sjedinjene Američke Države
2845,Elena,Zvezdnaja,1977,Ujedinjeno Kraljevstvo
2846,Ričard,Danski,1982,Rusija
2847,Dmitrij,Samojlov,1967,Rusija
2848,Džo,Hemmings,1986,Ujedinjeno Kraljevstvo
2849,Kamelija,Džejn,1962,Ujedinjeno Kraljevstvo
2850,Ilja,Kulikov,1981,Rusija
2851,Vagif,Kerimov,1975,Azerbejdžan
2852,Arusjak,Naljan,1970,Ujedinjeno Kraljevstvo
2853,Valentin,Gnatjuk,1983,Sjedinjene Američke Države
2854,Oleg,Mamaev,1976,Rusija
2855,Alla,Lejvič,1981,Rusija
2856,Galina,Vrublevskaja,1981,Rusija
2857,Ponson dju,Terrajl,1946,Francuska
2858,Sergej,Savinov,1897,Rusija
2859,Anton,Emeljanov,1992,Rusija
2860,Vjačeslav,Orobinskij,1982,Sjedinjene Američke Države
2861,Tatjana,Avdulova,1970,Ujedinjeno Kraljevstvo
2862,William,Adams,1990,Rusija
2863,Mark,Sallivan,1958,Sjedinjene Američke Države
2864,Natalja,Ermasova,1940,Kanada
2865,Irina,Stepanovskaja,1955,Rusija
2866,Marta,Uells,1964,Sjedinjene Američke Države
2867,Rami,Blekt,1980,Rusija
2868,Natalja,Volohina,1984,Sjedinjene Američke Države
2869,Oleg,Kazakov,1968,Rusija
2870,Andrej Dneprovskij-Bezbašennij,(A.DNEPR),1956,Rusija
2871,Vladimir,Pribilovskij,1986,Rusija
2872,Anna,Sablina,1962,Italija
2873,Vjačeslav,Volodčenko,1963,Rusija
2874,Aleksandr,Baranov,1960,Rusija
2875,Valerij,Albickij,1970,Srbija
2876,Irina,Vinjarskaja,1957,Rusija
2877,A.,Modestov,1986,Italija
2878,S.,Kosova,1954,Rusija
2879,V.,Bondar,1984,Rusija
2880,I.,Volkov,1986,Ujedinjeno Kraljevstvo
2881,Aleks,Honnold,1985,Sjedinjene Američke Države
2882,Aleksandra,Mizonova,1990,Rusija
2883,Lilija,Moroz,1987,Sjedinjene Američke Države
2884,Svetlana,Zaharova,1987,Ukrajina
2885,Aleksandr,Doncov,1949,Rusija
2886,Oleg,Lukošin,1961,Sjedinjene Američke Države
2887,Marina,Spirande,1965,Sjedinjene Američke Države
2888,Darja,Lavrova,1963,Rusija
2889,Ksenija,Belenkova,1959,Sjedinjene Američke Države
2890,German,Romanov,1965,Rusija
2891,Aleksej,Filipečev,1956,Rusija
2892,Leonid,Serikov,1975,Rusija
2893,Jaroslava,Lim,1981,Rusija
2894,Vsevolod,Krestovskij,1840,Ruska Imperija
2895,Aleksej,Fomičev,1947,Ujedinjeno Kraljevstvo
2896,Duglas,Ričards,1956,Rusija
2897,Konstantin,Kolčigin,1975,Rusija
2898,Eduard,Ovečkin,1974,Rusija
2899,Egor,Šeremetev,1967,Poljska
2900,Irina,Makarova,1963,Francuska
2901,Luiza,Hej,1926,Sjedinjene Američke Države
2902,Devid,Kessler,1978,Italija
2903,Džoj,Ito,1974,Ujedinjeno Kraljevstvo
2904,Džeff,Houi,1970,Rusija
2905,Elena,Danilova,1991,Rusija
2906,Natalja,Arhipkina,1989,Rusija
2907,Andrijan,Hristoforov,1973,Rusija
2908,Tatjana,Lučiskens,1991,Rusija
2909,Ljudmila,Verigo,1971,Italija
2910,Ljudmila,Brus,1940,Sjedinjene Američke Države
2911,Drunvalo,Melhisedek,1951,Ujedinjeno Kraljevstvo
2912,Robert,Bennett,1957,Rusija
2913,Aleksandr,Logačev,1974,Italija
2914,Anna,Knjazeva,1971,Italija
2915,Devid,Morrell,1943,Sjedinjene Američke Države
2916,Pol,Monter,1948,Rusija
2917,Stanislav,Smakotin,1978,Francuska
2918,Vlad,Vas,1966,Japan
2919,Ajris,Merdok,1913,Ujedinjeno Kraljevstvo
2920,Evgenij,Knutov,1979,Francuska
2921,Julija,Vasilkina,1955,Rusija
2922,Džordž,Oruell,1903,Francuska
2923,Petr,Uspenskij,1938,Kanada
2924,Elena,Kolina,1959,Rusija
2925,Julija,Mariči,1975,Rusija
2926,Niki,Segnit,1953,Ujedinjeno Kraljevstvo
2927,Majja van,Vejdženen,1966,Sjedinjene Američke Države
2928,German,Sadulaev,1968,Rusija
2929,Marina i Sergej,Djačenko,1955,Rusija
2930,Konstantin,Šabaldin,1995,Sjedinjene Američke Države
2931,Igor,Garder,1987,Rusija
2932,Mihail,Bubličenko,1968,Sjedinjene Američke Države
2933,Marina,Efiminjuk,1954,Francuska
2934,Oleg,Mihajlov,1932,Rusija
2935,Vladimir,Škatulla,1944,Rusija
2936,Valentina,Nadvikova,1982,Rusija
2937,Jurij,Krasnov,1952,Italija
2938,Abraham,Merrit,1884,Sjedinjene Američke Države
2939,Lora,Martin,1981,Sjedinjene Američke Države
2940,Allen,Karr,1934,Ujedinjeno Kraljevstvo
2941,Majja,Novik,1988,Sjedinjene Američke Države
2942,Edda,Fej,1936,Srbija
2943,Tatjana,Vekšina,1988,Rusija
2944,Marija,Alimpieva,1977,Nemačka
2945,Ljuis,Kerroll,1832,Ujedinjeno Kraljevstvo Velike Britanije i Irske
2946,Olga,Gumanova,1985,Nemačka
2947,Andrej,Žvalevskij,1967,Belorusija
2948,Valja,Šoporova,1981,Rusija
2949,Krejg,Evans,1962,Sjedinjene Američke Države
2950,Oleg,Erišev,1975,Sjedinjene Američke Države
2951,Anatolij,Sprinc,1961,Poljska
2952,Lana,Lanitova,1990,Rusija
2953,Robert,Engibarjan,1941,Rusija
2954,Fedor,Ivanov,1965,Srbija
2955,Lora,Kravic,1961,Rusija
2956,Valentina,Dmitrieva,1859,Savez Sovjetskih Socijalističkih Republika
2957,Evgenija,Ginzburg,1903,Savez Sovjetskih Socijalističkih Republika
2958,Natalja,Krasnova,1969,Rusija
2959,Mari,Kondo,1984,Japan
2960,Jurij,Vizbor,1934,Savez Sovjetskih Socijalističkih Republika
2961,Aleksandr,Morok,1962,Poljska
2962,Ksenija,Razumovskaja,1981,Sjedinjene Američke Države
2963,Anna,Gale,1960,Sjedinjene Američke Države
2964,Vasilij,Peskov,1930,Rusija
2965,Anna,Ščedrina,1973,Sjedinjene Američke Države
2966,Alena,Sviridova,1969,Ujedinjeno Kraljevstvo
2967,Aleksandr,Koržakov,1995,Francuska
2968,Dmitrij,Rus,1988,Nemačka
2969,Olga,Uzorova,1955,Rusija
2970,Elena,Nefjodova,1965,Rusija
2971,Mihail,Nesterov,1862,Savez Sovjetskih Socijalističkih Republika
2972,Nikolaj,Lerkin,1976,Kanada
2973,Irena,Sitnik,1971,Kanada
2974,Dmitrij,Olšanskij,1985,Srbija
2975,Vladimir,Ilin,1938,Rusija
2976,Norman,Oler,1970,Nemačka
2977,Fedor,Konjuhov,1970,Ujedinjeno Kraljevstvo
2978,Leks,Sviridov,1974,Rusija
2979,Olga,Vladimirova,1962,Sjedinjene Američke Države
2980,Vlad,Kostromin,1955,Francuska
2981,Georg,Gegel,1770,Sjedinjene Američke Države
2982,Brenda,Novak,1965,Italija
2983,Natalija,Sotnikova,1987,Ujedinjeno Kraljevstvo
2984,Melissa,Lav,1983,Rusija
2985,Maksim,Užegov,1951,Ujedinjeno Kraljevstvo
2986,Tereza,Behari,1984,Ujedinjeno Kraljevstvo
2987,Andrej,Tolkačev,1970,Srbija
2988,Stiv,Alten,1953,Sjedinjene Američke Države
2989,Džon,Irving,1927,Rusija
2990,Marissa,Mejer,1984,Sjedinjene Američke Države
2991,Olga,Mihajlova,1982,Srbija
2992,Gi,Sajer,1994,Rusija
2993,Vladimir,Saprikin,1994,Rusija
2994,Ilarion,(Alfeev),1966,Mađarska
2995,Dmitrij,Kolupaev,1966,Rusija
2996,Ričard,Brenson,1950,Ujedinjeno Kraljevstvo
2997,Anna,Antonova,1965,Ukrajina
2998,Elena,Loma,1964,Francuska
2999,Nikolaj,Andreev,1979,Rusija
3000,Vjačeslav,Prah,1974,Rusija
3001,Dmitrij,Jankovskij,1954,Ujedinjeno Kraljevstvo
3002,Vladimir,Majakovskij,1893,Savez Sovjetskih Socijalističkih Republika
3003,Boris,Volženkin,1981,Rusija
3004,Veronika,Gard,1973,Rusija
3005,Pavel,Nestr,1965,Ujedinjeno Kraljevstvo
3006,Evgenij,Isaev,1976,Ujedinjeno Kraljevstvo
3007,Viktor,Slobodčikov,1980,Rusija
3008,Evgenij,Drobišev,1954,Rusija
3009,Stepan,Starikov,1986,Rusija
3010,Anatolij,Darov,1920,Francuska
3011,Aleksandra,Vasileva,1969,Sjedinjene Američke Države
3012,Paula,Rou,1957,Rusija
3013,Li,Jakokka,1924,Sjedinjene Američke Države
3014,Anton,Gorskij,1968,Rusija
3015,Svetlana,Hanova,1992,Rusija
3016,Azalija,Eremeeva,1965,Poljska
3017,Andrej,Bezrukov,1960,Kanada
3018,Mihail,Širvindt,1958,Rusija
3019,Emil,Gaborio,1832,Francuska
3020,Diana,Baliko,1957,Francuska
3021,Natalija,Gapanovič,1975,Nemačka
3022,Sergej,Zelinskij,1967,Rusija
3023,Ilja,Leenson,1963,Poljska
3024,Džon,Keho,1947,Kanada
3025,Bobbi,Braun,1994,Sjedinjene Američke Države
3026,Grigorij,Baklanov,1923,Rusija
3027,Vladimir,Giljarovskij,1855,Savez Sovjetskih Socijalističkih Republika
3028,Valerij,Bolšakov,1977,Sjedinjene Američke Države
3029,Džordž,Lavrajt,1946,Ujedinjeno Kraljevstvo
3030,Maks,Rublev,1964,Ujedinjeno Kraljevstvo
3031,Tatjana,Prokofeva,1973,Srbija
3032,Dmitrij,Mamin-Sibirjak,1852,Ruska Imperija
3033,Enn,Bronte,1820,Ujedinjeno Kraljevstvo Velike Britanije i Irske
3034,Diana,Džons,1965,Sjedinjene Američke Države
3035,Vladimir,Sollogub,1813,Ruska Imperija
3036,Šejla,Norton,1961,Nemačka
3037,Jurij,Ulengov,1983,Rusija
3038,Lazar,Lagin,1983,Sjedinjene Američke Države
3039,Kimberli,Leng,1971,Srbija
3040,Vladimir,Kuznečevskij,1980,Srbija
3041,Gennadij,Staršenbaum,1953,Rusija
3042,Džon,Gold,1971,Sjedinjene Američke Države
3043,Helen,Rassell,1980,Italija
3044,Rostislav,Marčenko,1973,Sjedinjene Američke Države
3045,Tatjana,Soboleva,1986,Italija
3046,Elizaveta,Šumskaja,1979,Rusija
3047,Gifted,Writer,1932,Sjedinjene Američke Države
3048,Grigorij,Gorin,1940,Rusija
3049,Ljusi,Gordon,1901,Ujedinjeno Kraljevstvo
3050,Patti,Brajtman,1957,Kanada
3051,Konni,Hetč,1988,Sjedinjene Američke Države
3052,Melissa,Dejli,1963,Rusija
3053,Elena,Kravcova,1993,Nemačka
3054,Gennadij,Kravcov,1966,Rusija
3055,Sonja,Divickaja,1994,Rusija
3056,Anton,Krotkov,1982,Ujedinjeno Kraljevstvo
3057,Julija,Odincova,1951,Rusija
3058,Robert,Dilts,1943,Rusija
3059,Aljona,Lukjanenko,1957,Nemačka
3060,Vladimir,Beloborodov,1951,Savez Sovjetskih Socijalističkih Republika
3061,Sergej,Jazev,1961,Rusija
3062,Angel,Leon,1990,Francuska
3063,Sara,Pinboro,1966,Poljska
3064,Marija,Ždanova,1966,Nemačka
3065,Elena,Tokareva,1970,Rusija
3066,Iar,Elterrus,1966,Izrael
3067,Lark,Aeri,1981,Sjedinjene Američke Države
3068,Igor,Rogovoj,1988,Srbija
3069,Natalja,Pokatilova,1960,Rusija
3070,Levon,Adjan,1981,Francuska
3071,Artjom,Mediči,1985,Rusija
3072,El,Rigbi,1974,Rusija
3073,Svetlana,Semenova,1984,Rusija
3074,Natali,Anderson,1965,Rusija
3075,Ken,Kizi,1935,Sjedinjene Američke Države
3076,Dmitrij,Kruževskij,1970,Italija
3077,Lao,Min,1962,Srbija
3078,Olga,Lukinova,1990,Ujedinjeno Kraljevstvo
3079,Šlomo,Zand,1946,Francuska
3080,Anželika,Andrianova,1989,Ujedinjeno Kraljevstvo
3081,Rozalija,Abisi,1962,Srbija
3082,Pavel,Ievlev,1992,Nemačka
3083,Mihail,Klikin,1962,Rusija
3084,Natalja,Fedina,1967,Rusija
3085,Natalja,Karavanova,1974,Rusija
3086,Natalja,Kolesova,1963,Ujedinjeno Kraljevstvo
3087,Julija,Riženkova,1974,Ujedinjeno Kraljevstvo
3088,Justina,Južnaja,1958,Rusija
3089,Eldar,Safin,1969,Rusija
3090,Natalja,Boldireva,1988,Sjedinjene Američke Države
3091,Evgenija,Maksimova,1984,Rusija
3092,Erik,Gardner,1972,Sjedinjene Američke Države
3093,Nadežda,Trofimova,1967,Rusija
3094,Irina,Čerkašina,1972,Rusija
3095,Mila,Korotič,1982,Nemačka
3096,Evgenija,Danilova,1985,Ujedinjeno Kraljevstvo
3097,Igor,Korel,1985,Sjedinjene Američke Države
3098,Aleksandra,Davidova,1973,Ujedinjeno Kraljevstvo
3099,Darja,Zarubina,1969,Ujedinjeno Kraljevstvo
3100,Evgenij,Zamjatin,1947,Rusija
3101,Džanet,Svitcer,1966,Francuska
3102,Vladimir,Pozner,1934,Sjedinjene Američke Države
3103,Sergej,Baranenko,1985,Rusija
3104,Mihail,Dudin,1916,Rusija
3105,Nikolaj,Ljasnikov,1976,Sjedinjene Američke Države
3106,Andrej,Baratov,1956,Rusija
3107,Sergej,Potapov,1932,Rusija
3108,Karligaš,Pazilova,1974,Italija
3109,Valerij,Afanasev,1982,Letonija
3110,Frank,Tile,1973,Francuska
3111,Lidija,Azarina,1991,Italija
3112,Mihail,Atamanov,1975,Rusija
3113,Kendi,Šeperd,1982,Ujedinjeno Kraljevstvo
3114,Aleksej,Kokosov,1957,Italija
3115,Sergej,Osinin,1960,Kanada
3116,Rita,Kocur,1948,Rusija
3117,Nikol,Majklz,1967,Francuska
3118,Mihail,Armalinskij,1947,Sjedinjene Američke Države
3119,Konstantin,Sitnikov,1963,Sjedinjene Američke Države
3120,Jurij,Ivaničenko,1962,Francuska
3121,Asja,Miheeva,1969,Sjedinjene Američke Države
3122,Elena,Kleščenko,1969,Rusija
3123,Jaroslav,Kudlač,1962,Rusija
3124,Sergej,Palcun,1989,Francuska
3125,Eli,Bar-Jaalom,1968,Izrael
3126,Ekaterina,Kuznecova,1995,Nemačka
3127,Svetlana,Želejkina,1945,Rusija
3128,Brajan,Lamli,1937,Ujedinjeno Kraljevstvo
3129,Dmitrij,Sozinov,1964,Rusija
3130,Svetlana,Bespogodnova,1972,Rusija
3131,Lili,Kollinz,1989,Sjedinjene Američke Države
3132,Sergej,Kirov,1886,Savez Sovjetskih Socijalističkih Republika
3133,Anatolij,Gončar,1970,Francuska
3134,Aleksandr,Djačenko,1960,Rusija
3135,Larisa,Slavgorodskaja,1961,Japan
3136,Vladimir,Medinskij,1970,Rusija
3137,Aleksandr,Abramov,1900,Savez Sovjetskih Socijalističkih Republika
3138,Aleksandr,Movsesjan,1972,Rusija
3139,Larisa,Kapelle,1975,Rusija
3140,Tom,Sveterlič,1993,Francuska
3141,Ernest,Heminguej,1899,Sjedinjene Američke Države
3142,Dominika,Arse,1970,Italija
3143,Vladimir,Petrov,1962,Rusija
3144,Lena,Kundiševa-Solnečnaja,1995,Ujedinjeno Kraljevstvo
3145,Rinat,Taštabanov,1979,Sjedinjene Američke Države
3146,Hester,Dženkins,1876,Srbija
3147,Galina,Šerstneva,1962,Poljska
3148,Ljudmila,Nuruševa,1962,Francuska
3149,Olga,Fadeeva,1906,Savez Sovjetskih Socijalističkih Republika
3150,Andrej,Vjatkin-Tegincev,1951,Ujedinjeno Kraljevstvo
3151,Anatolij,Maljarov,1974,Francuska
3152,mitropolit Vladimir,(Ikim),1965,Ujedinjeno Kraljevstvo
3153,Vasilij,Rozanov,1880,Srbija
3154,Ekaterina,Sobol,1988,Rusija
3155,Vjačeslav,Marčenkov,1967,Sjedinjene Američke Države
3156,Dina,Jakšina,1953,Rusija
3157,Timofej,Aksaev,1986,Rusija
3158,Aleksej,Živoj,1971,Rusija
3159,Jurij,Prokopenko,1969,Ukrajina
3160,Nikolaj,Kibrik,1962,Rusija
3161,Vadim,Šarapov,1971,Sjedinjene Američke Države
3162,Alla,Gorelikova,1979,Poljska
3163,Vladimir,Kantrovskij,1982,Francuska
3164,Dmitrij,Tokarev,1979,Francuska
3165,Ljudmila,Belaš,1956,Rusija
3166,Sergej,Anisimov,1876,Savez Sovjetskih Socijalističkih Republika
3167,Valerij,Pilaev,1964,Rusija
3168,Brem,Stoker,1847,Republika Irska
3169,Ambroz,Birs,1842,Sjedinjene Američke Države
3170,Edvard,Benson,1829,Ujedinjeno Kraljevstvo Velike Britanije i Irske
3171,Frensis,Krouford,1986,Rusija
3172,Montegju Rods,Džejms,1862,Ujedinjeno Kraljevstvo
3173,Džun,Tomson,1943,Italija
3174,Nikolaj,Dobroljubov,1836,Ruska Imperija
3175,Oleg,Lekmanov,1990,Rusija
3176,Julija,Savina,1959,Rusija
3177,Ekaterina,Andreeva,1967,Rusija
3178,Aleksej,Anohin,1922,Savez Sovjetskih Socijalističkih Republika
3179,Aleksandr,Petrov,1974,Srbija
3180,Mihail,Zadornov,1948,Rusija
3181,Julija,Gnatjuk,1971,Ujedinjeno Kraljevstvo
3182,Neonilla,Samuhina,1969,Rusija
3183,Oksana,Krilova,1958,Sjedinjene Američke Države
3184,Igor,Suslov,1966,Ujedinjeno Kraljevstvo
3185,Vladimir,Dal,1801,Ruska Imperija
3186,Maša,Bon,1989,Rusija
3187,Uitni,Dži,1973,Rusija
3188,Valerij,Sterh,1965,Sjedinjene Američke Države
3189,Jurij,Kataev,1964,Francuska
3190,Aleksandra,Vedži,1978,Sjedinjene Američke Države
3191,Filipp,Matiszak,1994,Rusija
3192,Asja,Alpeeva,1932,Srbija
3193,Nikolaj,Vojčenko,1952,Rusija
3194,Darja,Dezombre,1982,Rusija
3195,Andrej,Luzanov,1986,Rusija
3196,Dmitrij,Manasipov,1958,Rusija
3197,Svetlana,Hvorostuhina,1961,Sjedinjene Američke Države
3198,Ellen,Fallen,1986,Rusija
3199,Uilbur,Smit,1933,Ujedinjeno Kraljevstvo
3200,Valentina,Tjutjunkova,1968,Rusija
3201,Tatjana,Osipcova,1977,Kanada
3202,Gregori Devid,Roberts,1952,Australija
3203,Eva,Nikolskaja,1971,Rusija
3204,Kristina,Zimnjaja,1971,Rusija
3205,Fridrih,Šiller,1759,Sjedinjene Američke Države
3206,Brok,Jejts,1973,Francuska
3207,Marianna,Gončarova,1904,Ruska Imperija
3208,Emili,Rouz,1988,Rusija
3209,Marfa,Moskovskaja,1944,Rusija
3210,Georgij,Sudanov,1982,Italija
3211,Evgenija,Soloveva,1986,Italija
3212,Dana,Arnautova,1961,Rusija
3213,Denis,Rešanov,1972,Ujedinjeno Kraljevstvo
3214,Nikolaj,Lejkin,1841,Ruska Imperija
3215,Nikolaj,Morozov,1967,Rusija
3216,Mihail,Lipskerov,1939,Rusija
3217,Aleksej,Reftenko,1962,Srbija
3218,Grigorij,Šargorodskij,1958,Rusija
3219,Marina,Anickaja,1971,Ujedinjeno Kraljevstvo
3220,Arkadij,Vjortkin,1981,Italija
3221,Andrej,Laptev,1959,Rusija
3222,Oksana,Grinberga,1975,Ujedinjeno Kraljevstvo
3223,Kirill,Balašov,1960,Sjedinjene Američke Države
3224,Nejt,Regier,1986,Rusija
3225,Valerija,Voroncova,1970,Ujedinjeno Kraljevstvo
3226,Ljudmila,Pučko,1971,Rusija
3227,Alena,Libina,1957,Kanada
3228,Robert,Satton,1965,Srbija
3229,Sergej,Suhinov,1956,Sjedinjene Američke Države
3230,Edmond,Gamilton,1904,Sjedinjene Američke Države
3231,Andrej,Grebenščikov,1960,Francuska
3232,Vjačeslav,Manjagin,1977,Francuska
3233,Aleksandr,Markov,1985,Rusija
3234,Mari-Od,Mjuraj,1954,Francuska
3235,Gennadij,Raspopov,1986,Francuska
3236,Svetlana,Kuznecova,1989,Sjedinjene Američke Države
3237,Andrej,Novikov-Lanskoj,1974,Rusija
3238,Aleksandr,Bojko,2000,Ukrajina
3239,Ilja,Frank,1974,Sjedinjene Američke Države
3240,Aleksej,Rudakov,1995,Francuska
3241,Sjuzi,Žuffa,1986,Nemačka
3242,Frederik,Puje,1991,Sjedinjene Američke Države
3243,Elena,Korovina,1960,Italija
3244,Dmitrij,Kalinskij,1974,Ujedinjeno Kraljevstvo
3245,Natalija,Basovskaja,1981,Ujedinjeno Kraljevstvo
3246,Sandra,Bušar,1980,Rusija
3247,Den,Millmen,1946,Sjedinjene Američke Države
3248,Vladislav,Vavilov,1986,Sjedinjene Američke Države
3249,Vladimir Korobov (Huan Valeho,Kordes),1990,Sjedinjene Američke Države
3250,Marija,Kupčinova,1996,Italija
3251,Flinn,Berri,1987,Ujedinjeno Kraljevstvo
3252,Anna,Kuvajkova,1970,Ujedinjeno Kraljevstvo
3253,Julija,Sozonova,1964,Rusija
3254,Ave,Bak,1945,Rusija
3255,Marija,Fiksson,1987,Italija
3256,Olga,Pankova,1987,Nemačka
3257,Andrej,Falkov,1955,Srbija
3258,Serafim,Zvezdinskij,1941,Rusija
3259,Igor,Mališev,1972,Rusija
3260,Elena,Rudenko,1982,Sjedinjene Američke Države
3261,Anna,Smirnova,1965,Ruska Imperija
3262,Džek,Vens,1916,Sjedinjene Američke Države
3263,Elena,Dokič,1983,Srbija
3264,Džejmi,Makgvajr,1978,Sjedinjene Američke Države
3265,Tereza,Mammert,1987,Rusija
3266,Danil,Nigmatullin,1995,Japan
3267,Vladimir,Behterev,1876,Poljska
3268,Evgenija,Granovskaja,1952,Francuska
3269,Piter,Singer,1946,Australija
3270,Sergej,Fokin,1975,Rusija
3271,Bratja,Švalneri,1986,Kanada
3272,Ilja,Lazerson,1955,Francuska
3273,Elena,Radvi,1963,Rusija
3274,Inna,Andreeva,1975,Poljska
3275,Nikolaj,Dront,1988,Rusija
3276,Marina,Družinina,1967,Rusija
3277,Elena,Medvedeva,1971,Rusija
3278,Nadežda,Tulina,1977,Rusija
3279,Boris,Žalilo,1956,Sjedinjene Američke Države
3280,Ivan,Vernadskij,1800,Rusija
3281,Elena,Kapinos,1960,Italija
3282,Anatolij,Kazmin,1969,Japan
3283,Barbara,Abel,1976,Ujedinjeno Kraljevstvo
3284,Gleb,Uspenskij,1843,Ruska Imperija
3285,Dmitrij,Gorelov,1948,Rusija
3286,Anželika,Fetisova,1985,Ujedinjeno Kraljevstvo
3287,Marija,Čepurina,1977,Rusija
3288,Efim,Kurganov,1957,Sjedinjene Američke Države
3289,Artem,Lunin,1957,Sjedinjene Američke Države
3290,Hanan,al-Šejh,1970,Rusija
3291,Aleksandr,Mahlajuk,1961,Rusija
3292,Julij,Ajhenvald,1872,Savez Sovjetskih Socijalističkih Republika
3293,Robert,Grin,1950,Rusija
3294,Ljudmila,Martova,1988,Rusija
3295,Andrej,Šešenin,1981,Rusija
3296,Angelina,Šerman,1961,Ujedinjeno Kraljevstvo
3297,Filip,Žise,1980,Rusija
3298,Karina,Urušadze,1987,Srbija
3299,Aleksandr,Alias,1935,Rusija
3300,Dmitrij,Ivanov,1983,Ujedinjeno Kraljevstvo
3301,Olga,Egorova,1960,Ujedinjeno Kraljevstvo
3302,Ričard,Morgan,1965,Ujedinjeno Kraljevstvo
3303,Maks,Maksimov,1986,Nemačka
3304,Tatjana,Lagutina,1957,Francuska
3305,German,Matveev,1888,Francuska
3306,Anna,Majers,1974,Sjedinjene Američke Države
3307,Denis,Fonvizin,1745,Ruska Imperija
3308,Elena,Romova,1991,Rusija
3309,Gabriel,Bilič,1935,Rusija
3310,Elena,Zigalova,1973,Kanada
3311,Julija,Marcinkevič,1982,Srbija
3312,Svetlana,Klimova,1973,Rusija
3313,Andrej,Klimov,1961,Sjedinjene Američke Države
3314,Dmitrij,Zavadskij,1986,Ukrajina
3315,Antuan de,Sent-Ekzjuperi,1900,Francuska
3316,Vadim,Golubev,1966,Sjedinjene Američke Države
3317,Marija,Žukova-Gladkova,1977,Ujedinjeno Kraljevstvo
3318,Tatjana,Trufanova,1988,Srbija
3319,Aleksej,Haprov,1946,Rusija
3320,Viktor,Ščelokov,1961,Rusija
3321,Julija,Popova,1970,Sjedinjene Američke Države
3322,Andrej,Arhipov,1978,Rusija
3323,Nikolaj,Žuravlev,1972,Rusija
3324,Zbignev,Bžezinskij,1928,Sjedinjene Američke Države
3325,Eli,Frej,1990,Sjedinjene Američke Države
3326,Sergej,Budeev,1991,Francuska
3327,Jurij,Emeljanov,1984,Sjedinjene Američke Države
3328,Aleksandr,Balunov,1988,Rusija
3329,Ljudmila,Zasimova,1956,Ujedinjeno Kraljevstvo
3330,Elena,Pervušina,1973,Sjedinjene Američke Države
3331,Devid,Kristian,1946,Sjedinjene Američke Države
3332,Šennon,Čakraborti,1985,Sjedinjene Američke Države
3333,Henning,Mankell,1868,Švedska
3334,Juhan,Teorin,1963,Švedska
3335,Inger,Frimansson,1983,Rusija
3336,Osa,Larsson,1966,Švedska
3337,Hokan,Nesser,1974,Ujedinjeno Kraljevstvo
3338,Per,Valjo,1926,Švedska
3339,Eva,Gabrielsson,1953,Švedska
3340,Maj,Ševal,1984,Rusija
3341,Silla,Bjorlind,1977,Sjedinjene Američke Države
3342,Rolf,Bjorlind,1943,Švedska
3343,Tuve,Alsterdal,1967,Rusija
3344,Oke,Edvardsson,1969,Francuska
3345,Anna,Jansson,1983,Ujedinjeno Kraljevstvo
3346,Magnus,Montelius,1989,Rusija
3347,Dag,Erlund,1970,Rusija
3348,Malin,Džolito,1968,Sjedinjene Američke Države
3349,Sara,Stridsberg,1972,Švedska
3350,Veronika,Šenk,1980,Sjedinjene Američke Države
3351,Katarina,Vennstam,1970,Rusija
3352,Vladimir,Vladimirov,1976,Ujedinjeno Kraljevstvo
3353,Nikolaj,Prževalskij,1839,Ruska Imperija
3354,Andrej,Izjumov,1973,Rusija
3355,Cinzia,Gravili,1991,Rusija
3356,Aleksandr,Gorkin,1982,Sjedinjene Američke Države
3357,Vadim,Melnjuškin,1966,Srbija
3358,Larisa,Miller,1990,Rusija
3359,Šamil,Idiatullin,1965,Rusija
3360,Adžan,Čaa,1936,Italija
3361,Viktor,Horošulin,1948,Rusija
3362,Valerij,Sergeev,1940,Ujedinjeno Kraljevstvo
3363,Gulnara,Daminova,1979,Sjedinjene Američke Države
3364,Vladimir,Talkov,1960,Rusija
3365,Olga,Talkova,1924,Rusija
3366,Elif,Šafak,1971,Turska
3367,Mihail,Mart,1964,Ujedinjeno Kraljevstvo
3368,Stepan,Gedeonov,1816,Ruska Imperija
3369,Pejdž,Tun,1981,Sjedinjene Američke Države
3370,Paolo,Bačigalupi,1972,Sjedinjene Američke Države
3371,Elena,Samojlova,1948,Francuska
3372,Natalja,Patrackaja,1961,Rusija
3373,Marija,Konnikova,1984,Sjedinjene Američke Države
3374,Nik,Nilan,1991,Rusija
3375,Elvira,Verbena,1968,Sjedinjene Američke Države
3376,Aleksej,Borisov,1991,Rusija
3377,Leonid,Ivanov,1937,Kirgistan
3378,Valentin,Mihajlov,1970,Rusija
3379,Andrej,Sazonov,1976,Nemačka
3380,Kira,Izmajlova,1957,Francuska
3381,Georgij,Skrebickij,1949,Ujedinjeno Kraljevstvo
3382,Redjard Džozef,Kipling,1865,Ujedinjeno Kraljevstvo
3383,Mihail,Elizarov,1973,Nemačka
3384,Sju,Taunsend,1946,Ujedinjeno Kraljevstvo
3385,Donasen Alfons Fransua de,Sad,1738,Nemačka
3386,Gennadij,Iščenko,1974,Rusija
3387,Aleksandr,Deržavin,1857,Ruska Imperija
3388,Tereza,Medejros,1962,Sjedinjene Američke Države
3389,Valerij,Beljanin,1955,Rusija
3390,Julija,Budanova,1964,Ujedinjeno Kraljevstvo
3391,Valentina,Savenko,1978,Rusija
3392,Natalja,Tolstaja,1888,Savez Sovjetskih Socijalističkih Republika
3393,Ivan,Ilin,1883,Švajcarska
3394,Vitalij,Klenov,1979,Rusija
3395,Džejkob,Grej,1964,Sjedinjene Američke Države
3396,Vasilij,Aksjonov,1932,Rusija
3397,Elena,Kondrat,1960,Rusija
3398,Oleg,Borisov,1983,Rusija
3399,Tatjana,Obrazcova,1954,Sjedinjene Američke Države
3400,Margarita,Makarova,1970,Francuska
3401,Elena,Hohrjakova,1962,Srbija
3402,Evgenij,Sergeev,1914,Rusija
3403,Titju,Lekok,1957,Sjedinjene Američke Države
3404,Oleg,Grejg,1974,Rusija
3405,Gerbert,Fejs,1893,Sjedinjene Američke Države
3406,Džejms,Ballard,1930,Ujedinjeno Kraljevstvo
3407,Mihail,Gutkin,1982,Ujedinjeno Kraljevstvo
3408,Alisa,Alta,1948,Sjedinjene Američke Države
3409,Irina,Akopjan,1961,Rusija
3410,Ivan,Baslovjak,1975,Sjedinjene Američke Države
3411,Vera,Soloveva,1970,Rusija
3412,Vladislav,Lifljandskij,1960,Rusija
3413,Boris,Smoljanskij,1955,Sjedinjene Američke Države
3414,Galina,Lavrenova,1955,Sjedinjene Američke Države
3415,Anatolij,Dubrovnij,1984,Italija
3416,Nina,Kislicina,1963,Francuska
3417,A.,Zorin,1956,Rusija
3418,Vladimir,Nolletov,1954,Rusija
3419,Margarita,Ševčenko,1984,Rusija
3420,Čarlz,Kamming,1971,Ujedinjeno Kraljevstvo
3421,Vera,Okiševa,1978,Rusija
3422,Vladimir,Strelnikov,1984,Nemačka
3423,Nikkolo,Makiavelli,1469,Firentinska republika
3424,Džulija,Džastis,1987,Francuska
3425,Natalja,Molčanova,1923,Ukrajina
3426,Valerij,Teoli,1977,Sjedinjene Američke Države
3427,Džon,Tolkin,2002,Sjedinjene Američke Države
3428,Ljudmila,Klečkovskaja,1946,Sjedinjene Američke Države
3429,Onise,Barkalaja,1964,Kanada
3430,Andrej,Vaščenko,1971,Rusija
3431,Gulnara,Lungu,1946,Rusija
3432,Dmitrij,Tan,1965,Ujedinjeno Kraljevstvo
3433,Nikolaj,Ludanov,1964,Rusija
3434,Elizaveta,Leščenko,1970,Rusija
3435,Viktor,Bandalet,1988,Japan
3436,Aleksej,Gerasimov,1998,Gruzija
3437,Vanessa,Tompson,1965,Rusija
3438,Erika,Legranž,1993,Rusija
3439,Vašington,Irving,1783,Sjedinjene Američke Države
3440,Igor,Rajban,1973,Sjedinjene Američke Države
3441,Levan,Berdzenišvili,1978,Francuska
3442,Linvud,Barkli,1955,Sjedinjene Američke Države
3443,Anastasija,Loginova,1981,Rusija
3444,Martin,Lejvic,1958,Sjedinjene Američke Države
3445,Aleksandr,Pokrovskij,1873,Savez Sovjetskih Socijalističkih Republika
3446,Alina,Vesennjaja,1987,Francuska
3447,Odri,Akun,1958,Rusija
3448,Izabel,Pajo,1958,Rusija
3449,Orson Skott,Kard,1951,Sjedinjene Američke Države
3450,Oleg,Volohov,1957,Rusija
3451,Oleg,Šovkunenko,1959,Poljska
3452,Vladimir,Sazanov,1991,Nemačka
3453,A.,Štun,1984,Sjedinjene Američke Države
3454,Mihail,Ardin,1992,Rusija
3455,Vadim,Grebennikov,1973,Rusija
3456,Lucij,Seneka,1985,Antički Rim
3457,Arkadij,Nedbaev,1938,Kanada
3458,Anna,Najdenko,1963,Rusija
3459,Angel,Bogdanovič,1860,Belorusija
3460,Majk,Karson,1978,Rusija
3461,Hell Ola,Dal,1969,Sjedinjene Američke Države
3462,Ki Šeng,Ju,1976,Rusija
3463,Julija,Nosovickaja,1943,Nemačka
3464,I.,Getman,1954,Rusija
3465,Elena,Sosna,1934,Sjedinjene Američke Države
3466,Natalja,Kozlova,1970,Poljska
3467,Arkadij,Gajdar,1904,Savez Sovjetskih Socijalističkih Republika
3468,Vladimir,Voroncov,1951,Ujedinjeno Kraljevstvo
3469,Oleg,Lukjanov,1940,Rusija
3470,Brjus,Jang,1954,Rusija
3471,Galina,Nikitina,1952,Savez Sovjetskih Socijalističkih Republika
3472,Kajl,Itorr,1989,Francuska
3473,Elena,Tararina,1977,Rusija
3474,Vadim,Tulupov,1987,Ujedinjeno Kraljevstvo
3475,Ardmir,Mari,1962,Sjedinjene Američke Države
3476,Lui,Bussenar,1847,Francuska
3477,Aljona,Bessonova,1993,Nemačka
3478,Aleksandr,Stešenko,1933,Sjedinjene Američke Države
3479,Jurij,Černov,1924,Rusija
3480,Ilja,Ščegolev,1972,Nemačka
3481,Viktor,Zemskov,1979,Sjedinjene Američke Države
3482,Sergej,Piljugin,1965,Rusija
3483,Ljubov,Lavrova,1973,Sjedinjene Američke Države
3484,German,Jakobi,1850,Njemački rajh
3485,Viktor,Butusov,1966,Nemačka
3486,Arčibald,Skajls,1976,Sjedinjene Američke Države
3487,Sergej,Skrobov,1938,Francuska
3488,Alisija,Evans,1968,Nemačka
3489,Julija,Dmitrieva,1986,Nemačka
3490,Svetlana,Fadeeva,1972,Srbija
3491,Galina,Momot,1970,Ujedinjeno Kraljevstvo
3492,S.,Zolotarev,1987,Sjedinjene Američke Države
3493,Mejsi,Ejts,1954,Kanada
3494,Romen,Gari,1914,Francuska
3495,Anna,Soloveva,1939,Italija
3496,Andrej,Drakon,1967,Ujedinjeno Kraljevstvo
3497,Darja,Časovaja,1967,Srbija
3498,Esbergen,Alauhanov,1986,Ujedinjeno Kraljevstvo
3499,Evgenij,Fedorov,1976,Rusija
3500,Gerd,Buhgajt,1960,Rusija
3501,Daša,Paramonova,1969,Nemačka
3502,Ekaterina,Mitrofanova,1959,Sjedinjene Američke Države
3503,Vadim,Prohorov,1960,Sjedinjene Američke Države
3504,Jurij,Obrazcov,1951,Rusija
3505,Sergej,Larionov,1965,Rusija
3506,Denis,Kočergin,1991,Rusija
3507,Vladimir,Kudrjavcev,1923,Rusija
3508,Jurij,Antonjan,1954,Rusija
3509,Vladimir,Eminov,1961,Italija
3510,Aleks,Brandt,1982,Rusija
3511,Filipp,Bittner,1930,Ujedinjeno Kraljevstvo
3512,Lidija,Jaškina,1953,Ujedinjeno Kraljevstvo
3513,Mihail,Spasennih,1984,Rusija
3514,cvjatoj pravednij Ioann,Kronštadtskij,1836,Sjedinjene Američke Države
3515,Duh,Ozorstva,1966,Kanada
3516,Igor,Zimin,1965,Savez Sovjetskih Socijalističkih Republika
3517,Sergej,Devjatov,1961,Sjedinjene Američke Države
3518,Stepan,Čižov,1971,Rusija
3519,Sergej,Krajuhin,1970,Ujedinjeno Kraljevstvo
3520,Kejt,Karlajl,1969,Sjedinjene Američke Države
3521,Dmitrij,Bilik,1979,Italija
3522,Aleksandr,Ščjogolev,1961,Rusija
3523,Nadežda,Čerkasova,1970,Nemačka
3524,Alina,Lis,1986,Rusija
3525,Olga,Dan,1969,Rusija
3526,Ant,Skalandis,1951,Nemačka
3527,Georgij,Kovalenko,1948,Rusija
3528,Vladimir,Bojarincev,1957,Sjedinjene Američke Države
3529,Mira,Slavnaja,1977,Sjedinjene Američke Države
3530,Mila,Gejbatova,1994,Rusija
3531,Vladislav,Grosul,1986,Nemačka
3532,Anton,Pervušin,1970,Rusija
3533,Marija,Ginzburg,1981,Francuska
3534,Dmitrij,Kazakov,1981,Rusija
3535,Gleb,Sokolov,1980,Rusija
3536,Maksim,Horsun,1968,Rusija
3537,Aleksandr,Gromov,1935,Rusija
3538,Artem,Beloglazov,1965,Rusija
3539,Aleksej,Mahrov,1968,Francuska
3540,Olga,Šatohina,1972,Sjedinjene Američke Države
3541,Vladimir,Venglovskij,1982,Srbija
3542,Dmitrij,Šatilov,1982,Ujedinjeno Kraljevstvo
3543,Boris,Bogdanov,1878,Ujedinjeno Kraljevstvo
3544,Ljudmila,Makarova,1921,Rusija
3545,Eduard,Šaurov,1986,Rusija
3546,Sergej,Avakov,1958,Rusija
3547,Vladimir,Marišev,1961,Sjedinjene Američke Države
3548,Kristina,Karimova,1976,Ujedinjeno Kraljevstvo
3549,Aleksandr,Zmuško,1985,Rusija
3550,Andrej,Bočarov,1971,Francuska
3551,Svetlana,Kolesnik,1970,Rusija
3552,Valerij,Okulov,1963,Ujedinjeno Kraljevstvo
3553,Arnika,Krajneva,1983,Rusija
3554,Aleksandra,Gardt,1987,Ujedinjeno Kraljevstvo
3555,Natalja,Vitko,1982,Rusija
3556,Aleksandr,Bek,1973,Sjedinjene Američke Države
3557,Artemij,Dimov,1984,Italija
3558,Arkadij,Ruh,1974,Ujedinjeno Kraljevstvo
3559,Andrej,Bujanov,1966,Rusija
3560,Andrej,Čekmaev,1965,Nemačka
3561,Aljona,Homin,1935,Ujedinjeno Kraljevstvo
3562,Džeffri,Lindsej,1958,Ujedinjeno Kraljevstvo
3563,Boris,Čorbadži,1954,Francuska
3564,Irina,Rjuhova,1989,Rusija
3565,Nikolaj,Jarigin,1992,Nemačka
3566,Rut,Braun,1970,Sjedinjene Američke Države
3567,Devid,Leng,1988,Rusija
3568,Čarlz,Berni,1971,Rusija
3569,Lienn,Timan,1979,Rusija
3570,Siri,Mitčell,1978,Rusija
3571,Anatolij,Kučerena,1960,Rusija
3572,Gennadij,Černenko,1987,Rusija
3573,Lidija,Kang,1965,Italija
3574,Nejt,Pedersen,1975,Rusija
3575,Odri,Niffenegger,1963,Sjedinjene Američke Države
3576,Irina,Oganova,1983,Rusija
3577,Aleksandr,Testov,1976,Rusija
3578,Sergej,Sergeev,1983,Rusija
3579,Katja,Grinberg,1972,Sjedinjene Američke Države
3580,Nik,Vujčič,1982,Australija
3581,Igor,Kuberskij,1942,Rusija
3582,Luis,Rivera,1963,Ujedinjeno Kraljevstvo
3583,Georgij,Ljubarskij,1959,Rusija
3584,Boris,Davidov,1978,Ujedinjeno Kraljevstvo
3585,Alla,Ioffe,1987,Rusija
3586,Vadim,Filimonov,1974,Poljska
3587,Sergej,Kozlov,1939,Rusija
3588,Konstantin,Averov,1976,Rusija
3589,Sergej,Musienko,1986,Sjedinjene Američke Države
3590,Lu,Salome,1861,Njemački rajh
3591,Andrej,Rajder,1976,Japan
3592,Jana,Amis,1975,Ujedinjeno Kraljevstvo
3593,Marina,Belova,1968,Rusija
3594,Jana,Ikramova,1989,Srbija
3595,Mihail,Bakunin,1814,Francuska
3596,Tatjana,Meršukova,1951,Ujedinjeno Kraljevstvo
3597,Mihail,Aznaurov,1969,Ujedinjeno Kraljevstvo
3598,Aleksandra,Išimova,1804,Ruska Imperija
3599,Katažina,Bonda,1977,Poljska
3600,Mihail,Leščinskij,1945,Rusija
3601,Ada,Petrova,1976,Poljska
3602,Pavel,Kočkin,1978,Sjedinjene Američke Države
3603,Barbara,Fritti,1954,Francuska
3604,Anžela,Marsons,1966,Sjedinjene Američke Države
3605,Anton,Alekseev,1992,Rusija
3606,Ramona,Stels,1988,Italija
3607,Sergej,Platonov,1860,Savez Sovjetskih Socijalističkih Republika
3608,Olga,Kramer,1988,Francuska
3609,Ekaterina,Surovceva,1966,Rusija
3610,Majkl,Sallivan,1986,Rusija
3611,Vadim,Poliščuk,1983,Rusija
3612,Igor,Hramov-Tesjolkin,1956,Sjedinjene Američke Države
3613,Sara Robb,O'Hagan,1971,Rusija
3614,Petr,Kozma,1970,Srbija
3615,Emma,Klajn,1989,Sjedinjene Američke Države
3616,Evgenij,Stepnov,1989,Nemačka
3617,Sergej,Kozincev,1932,Nemačka
3618,Irina,Šišigina,1962,Sjedinjene Američke Države
3619,V.,Frolov,1950,Rusija
3620,A.,Volkov,1973,Rusija
3621,V.,Annikov,1945,Italija
3622,Oleg,Bejdik,1957,Sjedinjene Američke Države
3623,Džon,Grogan,1957,Sjedinjene Američke Države
3624,Mark Avrelij,Antonin,1955,Francuska
3625,Vladimir,Kivrin,1962,Sjedinjene Američke Države
3626,V.,Činko,1939,Rusija
3627,Gleb,Pavlovskij,1951,Rusija
3628,Marina,Dmitrieva,1986,Rusija
3629,Oktav,Mirbo,1848,Francuska
3630,Igor,Nosov,1978,Rusija
3631,Olga,Židkova,1930,Rusija
3632,Nikolaj,Nesterov,1947,Savez Sovjetskih Socijalističkih Republika
3633,Aleks,Grand,1980,Rusija
3634,Dmitry,Bolesov,1977,Rusija
3635,Nina,Tarasova,1894,Sjedinjene Američke Države
3636,Otto,Vejninger,1880,Cislajtanija
3637,Boris,Gribanov,1920,Nemačka
3638,Sebastjan,Folks,1953,Ujedinjeno Kraljevstvo
3639,Sergej,Šapovalov,1995,Rusija
3640,Olga,Olie,1994,Sjedinjene Američke Države
3641,Andrej,Preobraženskij,1963,Poljska
3642,Nikolaj,Kozlov,1979,Sjedinjene Američke Države
3643,Mihail,Fjodorov,1994,Kanada
3644,Svetlana,Prohvatilova,1992,Italija
3645,Mihail,Mazel,1989,Rusija
3646,Ilja,Vagman,1973,Rusija
3647,Oksana,Balazanova,1961,Rusija
3648,Marija,Zgurskaja,1973,Rusija
3649,Andrej,Horoševskij,1978,Francuska
3650,Andrej,Kokotjuha,1970,Sjedinjene Američke Države
3651,Vladislav,Karnacevič,1977,Rusija
3652,Pavel,Harčenko,1965,Nemačka
3653,Marija,Pankova,1952,Sjedinjene Američke Države
3654,Olga,Kuzmenko,1947,Ukrajina
3655,Inga,Romanenko,1969,Rusija
3656,Rajčel,Mid,1976,Sjedinjene Američke Države
3657,Ariša,Daškovskaja,1962,Italija
3658,Uolter,Tevis,1928,Sjedinjene Američke Države
3659,Nikita,Filatov,1966,Srbija
3660,Sergej,Gureev,1960,Sjedinjene Američke Države
3661,Evgenij,Zubarev,1977,Ujedinjeno Kraljevstvo
3662,Duglas,Kouplend,1961,Kanada
3663,Nikolaj,Bahrošin,1956,Ujedinjeno Kraljevstvo
3664,Stanislav,Kartašov,1970,Francuska
3665,Danijar,Gafarov,1995,Ujedinjeno Kraljevstvo
3666,Viktor,Djakov,1965,Kanada
3667,Antonij,Pogorelskij,1787,Ruska Imperija
3668,Hantli,Ficpatrik,1964,Sjedinjene Američke Države
3669,Diana,Arbenina,1974,Rusija
3670,Kolin,Harmon,1980,Francuska
3671,Nikolaj,Varsegov,1958,Rusija
3672,Natalja,Ko,1960,Poljska
3673,Niko,Bauman,1971,Francuska
3674,Sergej,Kovalev,1972,Rusija
3675,Anna,Kunickaja,1953,Sjedinjene Američke Države
3676,Galina,Bulahova,1971,Rusija
3677,Genri Rajder,Haggard,1856,Ujedinjeno Kraljevstvo Velike Britanije i Irske
3678,Nikolaj,Volopas,1974,Rusija
3679,Svetlana,Ulasevič,1986,Rusija
3680,Džon,Grej,1952,Italija
3681,Sergej,Galickij,1967,Rusija
3682,Erika,Adams,1972,Ujedinjeno Kraljevstvo
3683,Olga,Baumgertner,1948,Rusija
3684,Arkadij,Šušpanov,1976,Francuska
3685,Maksim,Tihomirov,1958,Rusija
3686,Ljudmila,Minič,1957,Srbija
3687,Pavel,Sidorenko,1963,Rusija
3688,Nadežda,Karpova,1982,Rusija
3689,Vladimir,Kupraševič,1984,Rusija
3690,Mustafa,Avlija’i,1946,Sjedinjene Američke Države
3691,I. K. A.,Hovard,1943,Francuska
3692,Aleksej,Kara-Murza,1914,Savez Sovjetskih Socijalističkih Republika
3693,Maksim,Tolmačjov,1966,Francuska
3694,Galina,Gromova,1948,Rusija
3695,Vladimir,Lenin,1870,Savez Sovjetskih Socijalističkih Republika
3696,Aleksej,Delnov,1967,Ujedinjeno Kraljevstvo
3697,V.,Piskunov,1983,Sjedinjene Američke Države
3698,M.,Maksinjaeva,1955,Francuska
3699,L.,Tupicina,1971,Rusija
3700,T.,Egorova,1982,Rusija
3701,Eleonora,Ajrijan,1965,Rusija
3702,Jasmina,Sapfir,1971,Rusija
3703,Anna,Ahmatova,1889,Savez Sovjetskih Socijalističkih Republika
3704,Terentij,Travnik,1978,Sjedinjene Američke Države
3705,Gektor,Malo,1830,Francuska
3706,Tatjana,Ananeva,1979,Rusija
3707,Aleksandr,Aksenov,1979,Sjedinjene Američke Države
3708,Neko,Moro,1946,Rusija
3709,Ekaterina,Koroleva,1954,Nemačka
3710,Marija,Petrova,1958,Rusija
3711,Irina,Išpaeva,1992,Rusija
3712,Eduard,Ishakov,1975,Sjedinjene Američke Države
3713,Galimov,Brjačeslav,1970,Poljska
3714,Andrej,Gluščuk,1962,Rusija
3715,Marija,Arhangelskaja,1989,Poljska
3716,Danni,Grek,1986,Rusija
3717,Eleonora,Brajton,1976,Rusija
3718,Ellina,Pahomova,1937,Rusija
3719,Andrej,Popovskij,1966,Sjedinjene Američke Države
3720,Carmine,Cavaliere,1950,Francuska
3721,Martin,Gilbert,1936,Ujedinjeno Kraljevstvo
3722,Enn,Rajs,1941,Sjedinjene Američke Države
3723,E.,Rokelavr,1937,Sjedinjene Američke Države
3724,Valerij,Horev,1951,Ujedinjeno Kraljevstvo
3725,Vadim,Davidov,1944,Ujedinjeno Kraljevstvo
3726,Čarlin,Sends,1973,Ujedinjeno Kraljevstvo
3727,Natalja,Volkova,1955,Ujedinjeno Kraljevstvo
3728,Marija,Pokršejan,1983,Francuska
3729,Pol,Monford,1972,Rusija
3730,Vladimir,Šigin,1984,Rusija
3731,Nadežda,Pervuhina,1976,Rusija
3732,Olga,Gučkova,1949,Rusija
3733,Nikolaj,Čmirev,1847,Ruska Imperija
3734,Žaklin,Sjuzann,1913,Srbija
3735,Tatjana,Mužickaja,1972,Sjedinjene Američke Države
3736,Konstantin,Radov,1978,Rusija
3737,Natalija,Poljanskaja,1975,Sjedinjene Američke Države
3738,Džendi,Nelson,1965,Poljska
3739,Jurij,Teplov,1952,Rusija
3740,Valentin,Štern,1988,Rusija
3741,Alisa,Klimova,1976,Rusija
3742,Vsevolod,Kostrov,1947,Nemačka
3743,Anatolij,Alehin,1951,Srbija
3744,Mark,Palčik,1986,Rusija
3745,My.Self.,Harmony.,1985,Rusija
3746,Megan,Maksvell,1971,Francuska
3747,Aleksandr,Olbik,1939,Rusija
3748,Mihail,Dulepa,1982,Nemačka
3749,Mila,Noks,1991,Rusija
3750,Aleksej,Erofeev,1971,Francuska
3751,Sem,Gesson,1968,Srbija
3752,Dmitrij,Žitenjov,1942,Sjedinjene Američke Države
3753,Marina,Novikova,1962,Rusija
3754,Vladimir,Vojnovič,1932,Rusija
3755,Sergej,Fomičjov,1966,Rusija
3756,Anders de la,Mott,1973,Rusija
3757,Igor,Ivanišin,1939,Rusija
3758,Aleksandr,Barmin,1905,Italija
3759,Olga,Šermer,1968,Sjedinjene Američke Države
3760,Nina,Malkova,1990,Rusija
3761,Galina,Černeckaja,1966,Rusija
3762,Olga,Pavlova,1971,Sjedinjene Američke Države
3763,I.,Kozočkin,1957,Rusija
3764,Jan,Mak-Gvajr,1987,Rusija
3765,Evgenija,Brodt,1987,Nemačka
3766,Lena,Voronova,1962,Ujedinjeno Kraljevstvo
3767,Džozef,Merkola,1954,Sjedinjene Američke Države
3768,Sergej,Vologodskij,1995,Italija
3769,Ljubov,Bordunos,1941,Rusija
3770,Pippa,Rosko,1981,Sjedinjene Američke Države
3771,Natalja,Minigaraeva,1950,Sjedinjene Američke Države
3772,Lidija,Ionova,1987,Ujedinjeno Kraljevstvo
3773,Diana,Šafran,1966,Rusija
3774,Rozalinda,Štorm,1962,Srbija
3775,Enn,Tajler,1941,Sjedinjene Američke Države
3776,Viktor,Krotov,1946,Rusija
3777,Kira,Strelnikova,1970,Rusija
3778,Mihail,Breus,1940,Rusija
3779,Marina,Drangoj,1986,Rusija
3780,Olga,Žarina,1940,Ujedinjeno Kraljevstvo
3781,Marina,Kozlova,1964,Ukrajina
3782,Frančesko,Benvenuti,1961,Rusija
3783,Galina,Osen,1986,Rusija
3784,Valerij,Mihajlov,1952,Rusija
3785,Aleksandra,Aenga,1994,Nemačka
3786,Mari,Arntcen,1964,Rusija
3787,Aleksandra,Kolčanova,1955,Rusija
3788,Gajane,Avetisjan,1976,Ujedinjeno Kraljevstvo
3789,Igor,Kuznecov,1996,Rusija
3790,Anna,Dičenskova,1954,Italija
3791,Olivija,Štern,1967,Italija
3792,Vladimir,Tajožnik,1974,Kanada
3793,Aleksandr,Klimov,2004,Rusija
3794,Vladimir,Bešanov,1965,Nemačka
3795,Elena,Šilkova,1964,Nemačka
3796,Stanislav,Mazurin,1986,Ujedinjeno Kraljevstvo
3797,Šejh,Nafzavi,1952,Ujedinjeno Kraljevstvo
3798,Nika,Klimova,1992,Rusija
3799,Anna,Pavlovskaja,1987,Sjedinjene Američke Države
3800,Vladimir,Videmann,1974,Rusija
3801,Jana,Alekseeva,1953,Sjedinjene Američke Države
3802,Sergej,Korotkov,1958,Nemačka
3803,Olga,Brejninger,1987,Nemačka
3804,Majkl,Benson,1977,Rusija
3805,Vladimir,Gerun,1994,Ukrajina
3806,Daniil,Kalinin,1974,Ujedinjeno Kraljevstvo
3807,Kirill,Karpenko,1994,Ujedinjeno Kraljevstvo
3808,Iskander,Džin,1990,Rusija
3809,Konstantin,Utkin,1960,Sjedinjene Američke Države
3810,Aleksandr,Bobkov,1900,Savez Sovjetskih Socijalističkih Republika
3811,Sergej,Razboev,1959,Nemačka
3812,Vadim,Proskurin,1961,Ujedinjeno Kraljevstvo
3813,M.,Andrianov,1977,Francuska
3814,Jorn Lier,Horst,1964,Rusija
3815,Kristina,Azimut,1986,Rusija
3816,Igor,Grišin,1956,Savez Sovjetskih Socijalističkih Republika
3817,Vladimir,Podgajskij,1982,Italija
3818,Irina,Starosvetskaja,1967,Poljska
3819,Olga,Kljukina,1961,Sjedinjene Američke Države
3820,Valerij,Guljaev,1974,Rusija
3821,Diana,Elizarova,1930,Rusija
3822,Vanessa,Kelli,1974,Australija
3823,Liz,Filding,1980,Rusija
3824,Jurij,Kiselev,1961,Srbija
3825,Olga,Nevskaja,1981,Rusija
3826,Anri,Gusse,1941,Rusija
3827,Elena,Gamajun,1987,Sjedinjene Američke Države
3828,Alisa,Andreeva,1973,Rusija
3829,Sergej,Berezin,1959,Rusija
3830,Ben,Džonson,1572,Kraljevstvo Engleska
3831,Aleks,Llojd,1966,Ujedinjeno Kraljevstvo
3832,Stanislav,Belkovskij,1977,Sjedinjene Američke Države
3833,Ivan,Uspenskij,1857,Ruska Imperija
3834,Anatolij,Sorokin,1972,Rusija
3835,N.,Gordienko,1961,Sjedinjene Američke Države
3836,Viktor,Davidov,1916,Nemačka
3837,Pavel,Mamontov,1985,Rusija
3838,Vladimir,Pervušin,1957,Rusija
3839,Olga,Derjabina,1977,Rusija
3840,Nikolaj,Danikov,1960,Kanada
3841,Ljudmila,Artamonova,1982,Sjedinjene Američke Države
3842,Oleg,Panfilov,1957,Gruzija
3843,Vera,Borisova,1977,Rusija
3844,Olga,Coj,1924,Rusija
3845,Kristofer,Prist,1943,Ujedinjeno Kraljevstvo
3846,Tatjana,Truško,1930,Italija
3847,Nina,Vasina,1976,Poljska
3848,Natalja,Popova,1949,Rusija
3849,Eli,Berte,1803,Ujedinjeno Kraljevstvo
3850,Konstantin,Benev,1959,Rusija
3851,Irina,Baranova,1986,Rusija
3852,Margarita,Grišaeva,1968,Rusija
3853,Arnold,Švarcenegger,1965,Francuska
3854,Azat,Valeev,1940,Rusija
3855,Robert,Govard,1972,Rusija
3856,Ruslan,Šabelnik,1941,Rusija
3857,Darja,Trutneva,1976,Rusija
3858,Džon,Koleman,1968,Rusija
3859,Vlada,Južnaja,1989,Ujedinjeno Kraljevstvo
3860,Julija,Mezenceva,1931,Sjedinjene Američke Države
3861,Sofi,Anderson,1987,Ujedinjeno Kraljevstvo
3862,Danella,Harmon,1963,Srbija
3863,Evgenija,Belonoščenko,1983,Rusija
3864,Ričard,Frost,1980,Italija
3865,Anika,Višes,1954,Rusija
3866,Geršon Ben,Keren,1994,Rusija
3867,Sergej,Pletnev,1963,Sjedinjene Američke Države
3868,Uiljam,Jejts,1946,Francuska
3869,Gennadij,Angelov,1959,Italija
3870,Vlad,Poljakov,1963,Rusija
3871,Vadim,Peresvetov,1972,Rusija
3872,Nik,Bilton,2000,Sjedinjene Američke Države
3873,Ekaterina,Burmistrova,1982,Ujedinjeno Kraljevstvo
3874,Mihail,Burmistrov,1967,Rusija
3875,Verna,Vels,1965,Rusija
3876,Jurij,Vronskij,1971,Sjedinjene Američke Države
3877,Valerij,Sinelnikov,1957,Rusija
3878,Larisa,Dokučaeva,1972,Sjedinjene Američke Države
3879,Valerij,Dokučaev,1986,Rusija
3880,Garriet,Hepgud,1976,Ujedinjeno Kraljevstvo
3881,Klara,Kolibri,1962,Srbija
3882,Anatolij,Trutnev,1951,Nemačka
3883,Saša,Skljar,1962,Ujedinjeno Kraljevstvo
3884,Dmitrij,Večer,1961,Rusija
3885,Sergej,Tafincev,1995,Sjedinjene Američke Države
3886,Inna,Pohilenko,1980,Rusija
3887,Andrej,Cokalo,1978,Rusija
3888,Jurij,Nikulin,1931,Savez Sovjetskih Socijalističkih Republika
3889,Dana,Hadson,1982,Sjedinjene Američke Države
3890,Pavel,Lec,1965,Sjedinjene Američke Države
3891,Renata,Kirilina,1938,Rusija
3892,Sergej,Kirilin,1948,Rusija
3893,Ljubov,Strekalovskaja,1942,Sjedinjene Američke Države
3894,Andrej,Frolov,1974,Rusija
3895,Sergej,Oldenburg,1961,Sjedinjene Američke Države
3896,Ante,Naudis,1959,Italija
3897,Olga,Kandela,1992,Rusija
3898,Natalija,Medjanskaja,1963,Sjedinjene Američke Države
3899,Adam,Čartorižskij,1973,Poljska
3900,German,Sitnikov,1932,Rusija
3901,Ellen,Maknamara,1933,Rusija
3902,Barbara,Mertc,1927,Sjedinjene Američke Države
3903,Frido fon,Zenger,1972,Rusija
3904,Aleksej,Demčuk,1971,Ujedinjeno Kraljevstvo
3905,Grigorij,Demidjuk,1995,Rusija
3906,Robin,Grejdi,1970,Srbija
3907,Marina,Kistjaeva,1985,Francuska
3908,Viktor,Gorbunov,1950,Rusija
3909,Stepan,Kulik,1974,Srbija
3910,Aleksej,Koliševskij,1984,Francuska
3911,Viktorija,Dubčan,1950,Rusija
3912,Ilja,Lebedev,1980,Rusija
3913,Anatolij,Sitel,1972,Ujedinjeno Kraljevstvo
3914,Aleksej,Solodkov,1898,Savez Sovjetskih Socijalističkih Republika
3915,Elena,Sologub,1979,Nemačka
3916,Aleksandra,Kljušina,1973,Francuska
3917,Elena,Lavrik,1942,Rusija
3918,Natalija,Nesterova,1970,Poljska
3919,Ljubov,Kolesnik,1982,Rusija
3920,Varvara,Carenko,1985,Ujedinjeno Kraljevstvo
3921,Katja,Sargaeva,1939,Rusija
3922,Dmitrij,Savelev,1985,Rusija
3923,Elena,Kočergina,1978,Ujedinjeno Kraljevstvo
3924,Irina,Kudinova,1995,Francuska
3925,Evgenija,Golobokova,1966,Ujedinjeno Kraljevstvo
3926,Kristi,Makkelen,1987,Rusija
3927,Albina,Nuri,1986,Rusija
3928,Nika,Jorš,1988,Sjedinjene Američke Države
3929,Meri Elis,Monro,1978,Rusija
3930,Robin,Donald,1971,Ujedinjeno Kraljevstvo
3931,Konstantin,Tokarev,1980,Francuska
3932,Sergej,Jastrebov,1993,Rusija
3933,Ted,Dekker,1962,Sjedinjene Američke Države
3934,Nina,Hejmec,1959,Italija
3935,Lora,Beloivan,1967,Rusija
3936,Tatjana,Zamirovskaja,1988,Rusija
3937,Leja,Ljubomirskaja,1973,Portugalija
3938,Aleksandr,Šujskij,1961,Poljska
3939,Marina,Vorobeva,1988,Ujedinjeno Kraljevstvo
3940,Keti,Trend,1983,Sjedinjene Američke Države
3941,Anna,Lihtikman,1963,Rusija
3942,Asja,Datnova,1980,Sjedinjene Američke Države
3943,Konstantin,Naumov,1965,Kanada
3944,Ilja,Daniševskij,1990,Rusija
3945,Aleksandra,Zvolinskaja,1974,Sjedinjene Američke Države
3946,Ksenija,Agalli,1978,Ujedinjeno Kraljevstvo
3947,Olga,Nedorubova,1976,Srbija
3948,Andrej,Šljahov,1983,Ujedinjeno Kraljevstvo
3949,Robert,Brindza,1974,Italija
3950,Roman,Senčin,1947,Ujedinjeno Kraljevstvo
3951,Vladimir,Bukovskij,1942,Ujedinjeno Kraljevstvo
3952,Dmitrij,Morozov,1955,Japan
3953,Kristof,Andre,1966,Rusija
3954,Darja,Kovjazina,1968,Rusija
3955,Skott,Vesterfeld,1963,Sjedinjene Američke Države
3956,Kortni,Sammers,1974,Ujedinjeno Kraljevstvo
3957,Elena,Fedorova,1963,Poljska
3958,Anna,Never,1985,Rusija
3959,Daniil,Lektor,1980,Sjedinjene Američke Države
3960,Olga,Knjazeva,1983,Rusija
3961,Rozanna,Kasper,1994,Srbija
3962,Roman,Savin,1960,Italija
3963,Svjaščennik,Blohin,1950,Rusija
3964,Bentli,Littl,1960,Sjedinjene Američke Države
3965,Piter,Straub,1943,Sjedinjene Američke Države
3966,Klajv,Barker,1952,Ujedinjeno Kraljevstvo
3967,Džek,Ketčam,1946,Sjedinjene Američke Države
3968,Stiv Reznik,Tem,1975,Sjedinjene Američke Države
3969,Ed,Gorman,1956,Srbija
3970,Tomas,Monteleone,1985,Rusija
3971,Norman,Patridž,1959,Kanada
3972,Brajen Džejms,Frimen,1965,Rusija
3973,Ronald,Kelli,1974,Nemačka
3974,Berta,Landau,1989,Nemačka
3975,Anastasija,Levkovskaja,1962,Rusija
3976,Aleksej,Burij,1967,Rusija
3977,Denis,Deev,1972,Italija
3978,Tatjana,Iovleva,1947,Rusija
3979,Oksana,Očkurova,1962,Rusija
3980,Gennadij,Ščerbak,1958,Rusija
3981,Julija,Zonis,1977,Nemačka
3982,Diana,Udovičenko,1961,Rusija
3983,Dmitrij,Boguckij,1978,Rusija
3984,Andrej,Skorobogatov,1981,Rusija
3985,Igor,Avilčenko,1988,Rusija
3986,Aleksandr,Belaš,1989,Rusija
3987,Andrej,Kokoulin,1967,Italija
3988,Timur,Maksjutov,1970,Ujedinjeno Kraljevstvo
3989,Elena,Jarovova,1986,Sjedinjene Američke Države
3990,Evgenija,Prazdnova,1986,Rusija
3991,Aglaja,Belaja,1973,Rusija
3992,Valerij,Kamardin,1974,Nemačka
3993,Vera,Ogneva,1978,Rusija
3994,Roman Čukmasov (Stran,nuk),1959,Francuska
3995,Hilda,Devidson,1914,Sjedinjene Američke Države
3996,Georgij,Ogarjov,1993,Ujedinjeno Kraljevstvo
3997,Valerij,Kuvakin,1939,Rusija
3998,Aleksandr,Bobrov,1964,Rusija
3999,Konstantin,Obrazcov,1964,Italija
4000,Aleksandr,Solženicin,1918,Rusija
4001,Valerija,Lisičko,1953,Ujedinjeno Kraljevstvo
4002,Aleksandr,Širokorad,1953,Poljska
4003,Džuli,Dejs,1977,Italija
4004,Evgenija,Šuldjakova,1987,Sjedinjene Američke Države
4005,Majk,Dajver,1960,Rusija
4006,Aleksandr,Kosarev,1975,Nemačka
4007,Andre,Kont-Sponvil,1952,Francuska
4008,Igor,Koničev,1973,Kanada
4009,Dot,Hatčison,1984,Rusija
4010,Lindsej,Armstrong,1990,Ujedinjeno Kraljevstvo
4011,Elena,Sosoreva,1955,Sjedinjene Američke Države
4012,Julija,Voronina,1994,Francuska
4013,Valerij,Nečunaev,1987,Sjedinjene Američke Države
4014,Gordon,Čajld,1994,Kanada
4015,Oleg,Bubela,1958,Francuska
4016,Gennadij,Marčenko,1985,Rusija
4017,Evgenij,Kazakov,1986,Rusija
4018,Anton,Kacaf,1972,Poljska
4019,Larisa,Bjalik,1972,Poljska
4020,Ljusi,King,1955,Sjedinjene Američke Države
4021,Anatolij,Barabaš,1952,Rusija
4022,Daniil,Meresidi,1978,Italija
4023,Tal,Ben-Šahar,1970,Sjedinjene Američke Države
4024,Liza,Marklund,1962,Švedska
4025,Evgenij,Misjurin,1979,Rusija
4026,Sergej,Agapkin,1969,Rusija
4027,Fedor,Abramov,1958,Rusija
4028,Aleksej,Soroka,1953,Srbija
4029,Svetlana,Soroka,1948,Ukrajina
4030,Nikolaj,Polevoj,1786,Sjedinjene Američke Države
4031,Artjom,Gorohov,1992,Sjedinjene Američke Države
4032,Sergej,Pavlov,1987,Ukrajina
4033,Oliver,Pjotč,1970,Nemačka
4034,Stepan,Baštovoj,1947,Rusija
4035,Ivan,Bačuk,1984,Rusija
4036,Anna,Gotina,1948,Poljska
4037,Arsenij,Gorškov,1987,Sjedinjene Američke Države
4038,Ksenija,Zankevič,1974,Rusija
4039,Timofej,Lobkovskij,1974,Rusija
4040,Georgij,Prjalkin,1990,Rusija
4041,Daniil,Rulkevič,1990,Poljska
4042,Artur,Šoka,1936,Sjedinjene Američke Države
4043,Ljudmila,Kirsanova,1989,Francuska
4044,Džej,Ber,1965,Rusija
4045,Devid,Markum,1958,Rusija
4046,Gennadij,Avlasenko,1951,Rusija
4047,Ekaterina,Gavrilina,1993,Rusija
4048,Viktor,Pjatnickij,1933,Sjedinjene Američke Države
4049,A.,Vladimirovič,1960,Rusija
4050,A.,Zolotov,1978,Ujedinjeno Kraljevstvo
4051,A.,Lukičjov,1990,Rusija
4052,N.,Lukičjova,1969,Ujedinjeno Kraljevstvo
4053,Petr,Vasilev,1975,Japan
4054,Andrej Efremov,(Brem),1960,Rusija
4055,Jurij,Sobeščakov,1943,Rusija
4056,Vadim,Zeland,1963,Savez Sovjetskih Socijalističkih Republika
4057,Anna,Esenina-Belaja,1977,Rusija
4058,Gennadij,Čuhlancev,1936,Sjedinjene Američke Države
4059,Jurij,Lopuhin,1966,Rusija
4060,Stejsi,Tisdejl,1932,Italija
4061,Ramzan,Samatov,1936,Italija
4062,Aleksandra,Salieva,1971,Francuska
4063,Džastin,Ričards,1961,Ujedinjeno Kraljevstvo
4064,Dženni,Kolgan,1979,Francuska
4065,Devid,Llevellin,1976,Rusija
4066,Leonid,Tunkel,1989,Ujedinjeno Kraljevstvo
4067,Aleksej,Egorov,1975,Rusija
4068,Evgenij,Litvin,1969,Rusija
4069,Olga,Mjasnikova,1981,Sjedinjene Američke Države
4070,Sergej,Štern,1959,Rusija
4071,Ksenija,Ljubimova,1960,Rusija
4072,Olesja,Zajceva,1964,Rusija
4073,Elena,Hramova,1975,Rusija
4074,Vladimir,Plisov,1958,Rusija
4075,Ajja,Ievleva,1955,Sjedinjene Američke Države
4076,Aleksej,Svešnikov,1966,Italija
4077,Nikolaj,Berdjaev,1874,Francuska
4078,Mihail,Vejsman,1958,Rusija
4079,Denis,Gusev,1975,Ujedinjeno Kraljevstvo
4080,Gerbert,Šelton,1929,Rusija
4081,Haled,Hossejni,1965,Sjedinjene Američke Države
4082,Daniel,Orlov,1950,Francuska
4083,Roman,Volkov,1885,Savez Sovjetskih Socijalističkih Republika
4084,Vasilij,Bogdanov,1837,Ruska Imperija
4085,Ljudmila,Maletina,1990,Poljska
4086,Elena,Šarova,1947,Rusija
4087,Ljubava,Voks,1989,Rusija
4088,Fan,Freak,1962,Rusija
4089,Leonid,Kudrjavcev,1928,Rusija
4090,Valerija,Osennjaja,1961,Rusija
4091,Anna,Krut,1978,Francuska
4092,Marian,Fredriksson,1940,Rusija
4093,Margarita,Koroleva,1986,Kanada
4094,Maksim,Alešin,1964,Sjedinjene Američke Države
4095,A.,Altšuller,1966,Rusija
4096,Evgenij,Černosvitov,1964,Francuska
4097,Ellen,Fejn,1981,Francuska
4098,Šerri,Šnajder,1973,Rusija
4099,Naomi,Morijama,1987,Rusija
4100,Uiljam,Dojl,1963,Italija
4101,Mihail,Komlev,1982,Rusija
4102,William,Fraser,1964,Rusija
4103,Angel,Delacruz,1966,Rusija
4104,Tatjana,Gercenštejn,1882,Rusija
4105,Zagrat,Ajgumova,1985,Italija
4106,Irina,Čudaeva,1978,Francuska
4107,Valentin,Dubin,1965,Rusija
4108,Kara,Hanter,1995,Francuska
4109,Tamara,Ždanova,1974,Nemačka
4110,Dilnara,Biktaševa,1963,Rusija
4111,Ljudmila,Gievaja,1978,Italija
4112,Dmitrij,Bačurin,1974,Sjedinjene Američke Države
4113,Karen,Uajt,1964,Sjedinjene Američke Države
4114,Alison,Roberts,1967,Ujedinjeno Kraljevstvo
4115,Evgenij,Nekrasov,1966,Italija
4116,Anhela,Rodiso,1980,Ujedinjeno Kraljevstvo
4117,Ljudmila,Dubrovskaja,1972,Belorusija
4118,Roman,Sviridov,1985,Rusija
4119,A.,Lvovič-Kostrica,1993,Francuska
4120,Aleksej,Lado,1976,Rusija
4121,Tim,Jalanskij,1970,Rusija
4122,Tatjana,Vinogradova,1894,Savez Sovjetskih Socijalističkih Republika
4123,Veronika,Knjazeva,1975,Nemačka
4124,Natalja,Šemet,1983,Italija
4125,Elena,Rumjanceva,1970,Rusija
4126,Alla,Frenklah,1983,Sjedinjene Američke Države
4127,Marija,Diškant,1986,Srbija
4128,Gennadij,Dobrušin,1977,Rusija
4129,Natalija,Smolina,1969,Nemačka
4130,Natalja,Lado,1965,Nemačka
4131,Evgenija,Kretova,1973,Rusija
4132,Aleksandr,Levčenko,1995,Ujedinjeno Kraljevstvo
4133,Ken,Follett,1949,Francuska
4134,Aleksandr,Vasilev,1962,Rusija
4135,Ljuis,Spens,1874,Ujedinjeno Kraljevstvo
4136,Aleksej,Kulkov,1958,Rusija
4137,Vinsent Foster,Hopper,1891,Ujedinjeno Kraljevstvo
4138,Larisa,Volnickaja,1993,Rusija
4139,Pavel,Koršunov,1981,Rusija
4140,Migel de Servantes,Saavedra,1565,Sjedinjene Američke Države
4141,Jana,Geceu,1941,Rusija
4142,Filip,Dik,1928,Sjedinjene Američke Države
4143,Kevin,Levinson,1986,Sjedinjene Američke Države
4144,Aleksandr,Čirtik,1963,Sjedinjene Američke Države
4145,Nadežda,Munceva,1995,Italija
4146,Aleksej,Ksendzjuk,1965,Sjedinjene Američke Države
4147,Tomas,Melori,1405,Kraljevstvo Engleska
4148,Konni,Koks,1961,Rusija
4149,Džeffri,Primrouz,1961,Rusija
4150,Boris,Burnij,1946,Sjedinjene Američke Države
4151,Ksenija,Bolotina,1960,Rusija
4152,Sergej,Kosjanenko,1983,Ujedinjeno Kraljevstvo
4153,Svetlana,Bronnikova,1966,Rusija
4154,Leo,Surikat,1938,Francuska
4155,Mihail,Suhačev,1953,Rusija
4156,Frenk,Gerbert,1920,Sjedinjene Američke Države
4157,Nikolaj,Karačencov,1944,Rusija
4158,Aleksej,Stahnov,1979,Rusija
4159,Brooks,Adams,1982,Francuska
4160,Aleksandr,Kirpičnikov,1845,Ruska Imperija
4161,Artjom,Vasilev,1974,Rusija
4162,Vladimir,Efroimson,1908,Savez Sovjetskih Socijalističkih Republika
4163,Mihail,Kuznecov,1978,Ujedinjeno Kraljevstvo
4164,Aleksandr,Filatov,1913,Rusija
4165,Eldar,Džuraev,1974,Sjedinjene Američke Države
4166,Elena,Egorova,1977,Rusija
4167,Oleg,Zenkov,1991,Srbija
4168,Olga Gračeva,(Tregubenko),1989,Ujedinjeno Kraljevstvo
4169,Natalja,Persod,1987,Sjedinjene Američke Države
4170,Elena,Tarasenko,1987,Nemačka
4171,Igor,Tihonenko,1943,Ujedinjeno Kraljevstvo
4172,Megan,Devis,1979,Kanada
4173,Martin,Pistorius,1965,Rusija
4174,Patrik,Lensioni,1965,Sjedinjene Američke Države
4175,Endi,Brok,1986,Francuska
4176,Anastasija,Kovrigina,1986,Francuska
4177,Anna,Kalinkina,1978,Sjedinjene Američke Države
4178,Norijuki,Ueda,1958,Japan
4179,Ivan,Dubrovin,1975,Rusija
4180,Vladimir,Nazarov,1950,Rusija
4181,Sergej,German,1961,Rusija
4182,Aleksandr,Nemirovskij,1859,Nemačka
4183,Vladimir,Nikišin,1974,Rusija
4184,Ivan,Ladinin,1972,Rusija
4185,Sergej,Novikov,1968,Nemačka
4186,Oleg,Markelov,1965,Rusija
4187,Tatjana,Aptulaeva,1978,Rusija
4188,Olga,Taglina,1968,Rusija
4189,T.,Stecenko,1979,Rusija
4190,Andrej,Burevoj,1959,Francuska
4191,Vasilij,Potapov,1985,Rusija
4192,Olga,Usačjova,1983,Rusija
4193,Andrej,Batjaev,1956,Rusija
4194,Den,Gri,1957,Italija
4195,Devid Gerbert,Lourens,1885,Ujedinjeno Kraljevstvo
4196,Frančeska,Uajld,1859,Sjedinjene Američke Države
4197,Natalja,Šeško,1965,Rusija
4198,Ljudmila,Ivleva,1995,Rusija
4199,Pirs,Braun,1988,Sjedinjene Američke Države
4200,Irina,Bjorno,1959,Rusija
4201,Artem,Starostin,1965,Sjedinjene Američke Države
4202,Tatjana,Ivanovskaja,1979,Sjedinjene Američke Države
4203,Vladimir,Levi,1955,Francuska
4204,Marija,Semikova,1945,Rusija
4205,Anatolij,Sanžarovskij,1988,Ujedinjeno Kraljevstvo
4206,Vlad,Merk,1988,Sjedinjene Američke Države
4207,Jurij,Lobzin,1950,Rusija
4208,Tamara,Beljaeva,1965,Ujedinjeno Kraljevstvo
4209,Valerij,Volžanin,1971,Japan
4210,Evgenij,Belozerov,1961,Sjedinjene Američke Države
4211,Ekaterina,Grineva,1966,Rusija
4212,Elena,Lapteva,1971,Rusija
4213,Mihail,Efremov,1973,Rusija
4214,Dmitrij,Filimonov,1971,Rusija
4215,Benni,Briskin,1967,Rusija
4216,Igor,Martinov,1964,Francuska
4217,Aleksandr,Rohlin,1981,Rusija
4218,Nikolaj,Foht,1967,Rusija
4219,Viktorija,Anima,1986,Ujedinjeno Kraljevstvo
4220,Jurij,Tabašnikov,1935,Nemačka
4221,Džek,Uezerford,1946,Sjedinjene Američke Države
4222,Igor,Guberman,1955,Rusija
4223,Denis,Kuprijanov,1977,Sjedinjene Američke Države
4224,Jurij,Žizn,1930,Srbija
4225,Il,Kaness,1950,Rusija
4226,Valerij,Skljarov,1990,Nemačka
4227,Aleksej,Dobroljubov,1937,Sjedinjene Američke Države
4228,Irena,Garda,1978,Italija
4229,Maksim,Mironov,1980,Ujedinjeno Kraljevstvo
4230,Anastasija,Fomina,1976,Ukrajina
4231,Evgenij,Vodolazkin,1964,Rusija
4232,Vladimir,Alenikov,1948,Rusija
4233,Olga,Bogdanova,1954,Francuska
4234,Sarina,Bouen,1983,Rusija
4235,Eliza,Tanaka,1965,Rusija
4236,Sergej,Nim,1985,Sjedinjene Američke Države
4237,Evelina,Piženko,1956,Sjedinjene Američke Države
4238,Stefani,Lourens,1949,Ujedinjeno Kraljevstvo
4239,Viktor,Alekseev,1969,Sjedinjene Američke Države
4240,Natalja,Puškareva,1970,Sjedinjene Američke Države
4241,Stiven,Protero,1960,Sjedinjene Američke Države
4242,Ljubov,Garkuša,1987,Rusija
4243,Aleksandr,Židčenko,1988,Rusija
4244,Andrej,Agaev,1968,Francuska
4245,Larisa,Pečenežskaja,1995,Sjedinjene Američke Države
4246,Lizzi,Ostrom,1968,Sjedinjene Američke Države
4247,Zorjana,Ivčenko,1980,Rusija
4248,Vadim,Hrappa,1964,Sjedinjene Američke Države
4249,Pavel,Paškov,1993,Srbija
4250,Sergej,Mihalkov,1789,Ruska Imperija
4251,Sergej,Plotnikov,1969,Rusija
4252,Kira,Burenina,1978,Rusija
4253,Vladislav,Kudrjaev,1972,Sjedinjene Američke Države
4254,Tom,Šervud,1941,Rusija
4255,Margaret,Uej,1960,Kanada
4256,Džejson,Frajd,1974,Srbija
4257,Devid,Hensson,1956,Nemačka
4258,Jurij,Romanov,1947,Savez Sovjetskih Socijalističkih Republika
4259,Emil,Vejcman,1964,Francuska
4260,Tatjana,Ivanko,1976,Ujedinjeno Kraljevstvo
4261,Natalja,Nikolskaja,1991,Nemačka
4262,Mikol,Ostou,1983,Francuska
4263,N.,Voevodina,1993,Sjedinjene Američke Države
4264,A.,Dusenbaev,1947,Rusija
4265,Tatjana,Trofimenko,1964,Rusija
4266,Juta,Rutger,1957,Rusija
4267,M.,Klimova,1976,Poljska
4268,Žanna,Bočmanova,1986,Rusija
4269,Albert,Ejnštejn,1879,Sjedinjene Američke Države
4270,Anna,Kotelnikova,1980,Rusija
4271,Oleg,Severjuhin,1944,Italija
4272,Boris,Alekseev,1947,Francuska
4273,Meri,Uestmakott,1876,Poljska
4274,Filipp,Carevskij,1980,Rusija
4275,Nina,Andreeva,1938,Rusija
4276,Kris,Anderson,1981,Srbija
4277,Devid,Selli,1989,Rusija
4278,Grigorij,Simanovič,1979,Nemačka
4279,Igor,Kon,1969,Rusija
4280,Oleg,Ustinov,1941,Ujedinjeno Kraljevstvo
4281,Diana,Boš,1963,Rusija
4282,Ksenija,Lima,1952,Rusija
4283,Vasilij,Potto,1963,Sjedinjene Američke Države
4284,Maksim,Markov,1944,Rusija
4285,Ellen,Klensi,1955,Poljska
4286,Aleksej,Ateev,1948,Rusija
4287,Roman,Afanasev,1947,Rusija
4288,Boris,Nosik,1931,Francuska
4289,Vladimir,Taranenko,1968,Rusija
4290,Mija,Šerer,1954,Sjedinjene Američke Države
4291,Anatolij,Kovalev,1969,Rusija
4292,Ivan,Šaman,1988,Nemačka
4293,Valentina,Kim,1967,Nemačka
4294,Anna,Rej,1965,Kanada
4295,Džoui,Koulman,1962,Poljska
4296,Dmitrij,Korobkov,1969,Savez Sovjetskih Socijalističkih Republika
4297,Džen,Sinsero,1965,Sjedinjene Američke Države
4298,Paola,Volkova,1981,Rusija
4299,Igor,Pronin,1971,Sjedinjene Američke Države
4300,William,Howells,1991,Rusija
4301,Mrinal,Gupta,1975,Rusija
4302,Elvira,Smelik,1981,Sjedinjene Američke Države
4303,Evgenij,Garkušev,1956,Rusija
4304,Aleksandr,Elizare,1961,Poljska
4305,Ksenija,Menšikova,1974,Ujedinjeno Kraljevstvo
4306,Valerij,Andreev,1971,Sjedinjene Američke Države
4307,Svetlana,Šustova,1983,Francuska
4308,Alisa,Gabrieljan,1969,Rusija
4309,Eva,Lvova,1967,Rusija
4310,Georgij,Mironov,1924,Rusija
4311,Ella,Zalužnaja,1986,Sjedinjene Američke Države
4312,Andrej,Veršinin,1979,Italija
4313,Viktorija,Mingaleeva,1939,Sjedinjene Američke Države
4314,Evgenija,Ladižec,1962,Rusija
4315,Mihail,Abramovič,1957,Kanada
4316,Vladimir,Serkin,1970,Francuska
4317,Sergej,Uzun,1948,Poljska
4318,Galina,Manukjan,1975,Rusija
4319,Toni,Rajton,1959,Sjedinjene Američke Države
4320,Petr,Aven,1993,Nemačka
4321,Jasmina Sapfir,Litagent,1965,Rusija
4322,Noemi,Nord,1939,Srbija
4323,Olga,Ameljanenko,1955,Nemačka
4324,Andrej,Veličko,1931,Rusija
4325,Kornej,Čukovskij,1882,Savez Sovjetskih Socijalističkih Republika
4326,Andrej,Daškov,1984,Rusija
4327,Sergej,Volkov,1968,Francuska
4328,Ivan,Naumov,1961,Srbija
4329,Aleksandr,Salnikov,1962,Rusija
4330,Aleks de,Klemeše,1978,Italija
4331,Aleksej,Erošin,1965,Ujedinjeno Kraljevstvo
4332,Marija,Letjuhina,1963,Rusija
4333,Rose,Wild,1978,Srbija
4334,Anna,Borisova,1964,Ujedinjeno Kraljevstvo
4335,Palmira,Kerlis,1973,Poljska
4336,Aleksandr,Sagomonjan,1985,Rusija
4337,Galina,Košeleva,1981,Ujedinjeno Kraljevstvo
4338,Suhbat,Aflatuni,1992,Sjedinjene Američke Države
4339,Mihail,Litvak,1968,Sjedinjene Američke Države
4340,Daniel,Dessan,1989,Sjedinjene Američke Države
4341,Emilio,Salgari,1862,Kraljevina Italija
4342,O.,Mjasnikov,1959,Rusija
4343,Dmitrij,Gavrilov,1982,Ukrajina
4344,Marina,Butovskaja,1965,Nemačka
4345,Hans,Fallada,1905,Sjedinjene Američke Države
4346,Sergej,Uljanovskij,1956,Rusija
4347,Pol,Oster,1947,Sjedinjene Američke Države
4348,Marina,Kovba,1987,Srbija
4349,Vjačeslav,Utjomov,1994,Sjedinjene Američke Države
4350,Natalja,Zikova,1956,Rusija
4351,Brajan,Evenson,1978,Rusija
4352,Maks,Mah,1962,Sjedinjene Američke Države
4353,Kikunori,Sinohara,1975,Rusija
4354,Igor,Olen,1932,Ujedinjeno Kraljevstvo
4355,Džeffri,Diver,1950,Sjedinjene Američke Države
4356,Elis,Hoffman,1952,Sjedinjene Američke Države
4357,Maksim,Kalašnikov,1966,Rusija
4358,Anastasija,Skuba,1967,Nemačka
4359,Elena,Čirkova,1994,Rusija
4360,Olesja,Šanti,1966,Rusija
4361,Tomas Majn,Rid,1818,Sjedinjene Američke Države
4362,Ekaterina,Motasova-Laskos,1988,Sjedinjene Američke Države
4363,Semen,Čajka,1969,Ujedinjeno Kraljevstvo
4364,Viktorija,Švab,1987,Sjedinjene Američke Države
4365,R.,Mardaliev,1987,Rusija
4366,Artur,Galabud,1986,Sjedinjene Američke Države
4367,Kajja,Asmodej,1976,Italija
4368,Kamilla,Šašaeva,1963,Rusija
4369,Brittani Š.,Čerri,1976,Ujedinjeno Kraljevstvo
4370,Roman,Karcev,1939,Rusija
4371,Aleksandr,Filippov,1984,Rusija
4372,Mihail,Miheev,1981,Rusija
4373,Tolana,Stanovskaja,1944,Ujedinjeno Kraljevstvo
4374,Galina,Šalaeva,1975,Italija
4375,Ekaterina,Sitnikova,1970,Italija
4376,Vitalij,Sitnikov,1965,Ujedinjeno Kraljevstvo
4377,Ljubov,Kašinskaja,1983,Rusija
4378,Alina,Egorova,1982,Poljska
4379,Sergej,Mordovin,1965,Srbija
4380,Aleksandr,Zorič,1925,Jugoslavija
4381,Olga,Huhlaeva,1958,Rusija
4382,Jurij,Vinničuk,1952,Ukrajina
4383,Andrej,Drozdov,1988,Rusija
4384,M.,Drozdova,1958,Rusija
4385,Avgust Montegju,Sammers,1889,Italija
4386,Aleksandr,Harlamov,1989,Sjedinjene Američke Države
4387,Aleksandr,Bičenin,1979,Nemačka
4388,Fedor,Sokirjanskij,1982,Sjedinjene Američke Države
4389,Julija,Lavrjašina,1969,Rusija
4390,Andrej,Negrivoda,1972,Francuska
4391,Timur,Prockij,1964,Rusija
4392,Tatjana,Kogan,1981,Ujedinjeno Kraljevstvo
4393,Olga,Golotvina,1959,Srbija
4394,Aleksandr,Gončarov,1971,Rusija
4395,S.,Zinčenko,1951,Ujedinjeno Kraljevstvo
4396,Nikolaj,Onučin,1981,Rusija
4397,Artur,Danto,1924,Sjedinjene Američke Države
4398,Ilja,Bojašov,1972,Sjedinjene Američke Države
4399,Džon,Golsuorsi,1867,Ujedinjeno Kraljevstvo
4400,Tamara,Naumenko,1976,Sjedinjene Američke Države
4401,Evgenij,Ivanov,1968,Sjedinjene Američke Države
4402,Džulija,Uolton,1987,Sjedinjene Američke Države
4403,Elian,Tars,1962,Sjedinjene Američke Države
4404,Andrej,Dementev,1988,Rusija
4405,Alja,Alev,1991,Poljska
4406,Ljoha,Andreev,1976,Sjedinjene Američke Države
4407,Stanislav,Baranov,2005,Finska
4408,Evgenij,Bondarenko,1966,Rusija
4409,Kristina,Likarčuk,1972,Ujedinjeno Kraljevstvo
4410,Marija,Severskaja,1960,Francuska
4411,Aleksej,Markevič,1847,Ruska Imperija
4412,Valerij,Kovalev,1990,Francuska
4413,Eva,Alvares,1969,Rusija
4414,Dikaja,Ledi,1986,Francuska
4415,Elis,Uoker,1944,Sjedinjene Američke Države
4416,Vasilij,Sedugin,1967,Rusija
4417,Genri,Miller,1891,Sjedinjene Američke Države
4418,Aleksej,Bartenev,1976,Sjedinjene Američke Države
4419,Sergej,Solomin,1988,Italija
4420,Natalja,Solomina,1976,Kanada
4421,Igor,Dihter,1938,Rusija
4422,Tana,Frenč,1973,Sjedinjene Američke Države
4423,Sergej,Izvolskij,1991,Rusija
4424,Vladimir,Burlakov,1987,Nemačka
4425,Aleksandra,Volkova,1987,Rusija
4426,Aleksandr,Men,1935,Savez Sovjetskih Socijalističkih Republika
4427,Vladimir,Monomah,1053,Kijevska Rusija
4428,Devid,Allen,1945,Sjedinjene Američke Države
4429,Fedor,Safonov,1950,Rusija
4430,Čimamanda,Adiči,1977,Nigerija
4431,Aleksandr,Nikonov,1964,Rusija
4432,Julija,Bolgova,1973,Sjedinjene Američke Države
4433,Olga,Galimova,1962,Rusija
4434,Dmitrij,Vasilev,1979,Rusija
4435,Džejms Oliver,Kervud,1878,Sjedinjene Američke Države
4436,Aleks,Narbut,1987,Japan
4437,Sergej,Splošnov,1976,Rusija
4438,Natalja,Davidova,1978,Kanada
4439,Iger,Kau,1972,Rusija
4440,Julija,Slavačevskaja,1979,Sjedinjene Američke Države
4441,Marina,Ribickaja,1959,Poljska
4442,Aleksej,Tihonov,1980,Nemačka
4443,Maksim,Bodikov,1970,Ujedinjeno Kraljevstvo
4444,Aleksandr,Arsanev,1939,Rusija
4445,Georgij,Bes,1980,Italija
4446,Aleksandr,Sopov,1995,Rusija
4447,Valentin,Kostilev,1910,Italija
4448,Aleksej,Mitrofanov,1962,Rusija
4449,Sem,Kin,1953,Sjedinjene Američke Države
4450,Diana,Ibragimova,1980,Rusija
4451,Pavel,Nosov,1950,Rusija
4452,Marina,Snežinskaja,1973,Sjedinjene Američke Države
4453,Vitalij,Anisimov,1954,Rusija
4454,Evgenij,Kolosov,1970,Rusija
4455,Pet,Kedigan,1953,Sjedinjene Američke Države
4456,Rudolf,Raspe,1736,Sveto rimsko carstvo
4457,Alina,Revič,1951,Nemačka
4458,Amir,Zakirov,1997,Kazahstan
4459,Petr,Levin,1973,Francuska
4460,Natalja,Mamleeva,1989,Nemačka
4461,Tamara,Teplova,1993,Sjedinjene Američke Države
4462,Igor,Kljušnev,1977,Nemačka
4463,Dmitrij,Pančenko,1987,Sjedinjene Američke Države
4464,Eva,Hansen,1964,Kraljevina Danska
4465,Marten,Furkad,1988,Francuska
4466,Žan,Issartel,1964,Poljska
4467,Čarlz,Dejk,1849,Sjedinjene Američke Države
4468,Sergej,Vlasov,1974,Sjedinjene Američke Države
4469,Dmitrij,Tedeev,1966,Sjedinjene Američke Države
4470,Roman,Gosin,1969,Rusija
4471,Kit,Stjuart,1739,Rusija
4472,Fransuaza,Dolto,1908,Francuska
4473,Maksim,Fadeev,1984,Italija
4474,Artjom,Ovečkin,1986,Rusija
4475,Anna,Morozova,1930,Ukrajina
4476,P.,Parker,1964,Rusija
4477,Uajlder,Penfild,1891,Kanada
4478,Sergej,Čehin,1973,Rusija
4479,Ksenija,Nikonova,1984,Rusija
4480,Maksim,Božko,1975,Ujedinjeno Kraljevstvo
4481,Karina,Galojan,1987,Sjedinjene Američke Države
4482,Arsenij,Nikitin,1977,Rusija
4483,Aleksandra,Kudrjavceva,1930,Rusija
4484,Aleksandr,Marčenko,1953,Rusija
4485,Vasilij,Mahanenko,1981,Srbija
4486,Natalja,Gorbunova,1927,Savez Sovjetskih Socijalističkih Republika
4487,Blažennij Feodorit,Kirskij,1931,Nemačka
4488,Loren,Oliver,1982,Sjedinjene Američke Države
4489,Stiv,Kejs,1985,Poljska
4490,Viktorija,Borodinova,1981,Rusija
4491,Aleksej,Perkulimov,1969,Ujedinjeno Kraljevstvo
4492,Elizabet,Brami,1959,Rusija
4493,Patrik,Delaroš,1972,Kanada
4494,Dmitrij,Sivkov,1969,Sjedinjene Američke Države
4495,Jurij,Poguljaj,1960,Sjedinjene Američke Države
4496,Džo,Švarc,1965,Rusija
4497,Mari,Brennan,1968,Nemačka
4498,Andrej,Belij,1880,Ruska Sovjetska Federativna Socijalistička Republika
4499,Vitamina,Mjatnaja,1982,Italija
4500,Polina,Raevskaja,1978,Rusija
4501,Anastasija,Kutina,1971,Rusija
4502,Džudіt,Maknot,1940,Ujedinjeno Kraljevstvo
4503,Roman,Kanuškin,1972,Sjedinjene Američke Države
4504,Linn,Lauber,1978,Sjedinjene Američke Države
4505,A.,Cvetkova,1936,Nemačka
4506,Petr,Zaspa,1987,Rusija
4507,Džessi,Čeffi,1987,Sjedinjene Američke Države
4508,Muhammad,at-Tashiri,1960,Rusija
4509,Sergej,Kosarev,1958,Srbija
4510,Vjačeslav,Kačaev,1951,Ujedinjeno Kraljevstvo
4511,Nina,Harrington,1960,Rusija
4512,Žorž,Simenon,1903,Belgija
4513,Jaroslav,Koval,1958,Rusija
4514,Kirill,Potamošnev,1944,Nemačka
4515,Sergej,Rudenko,1904,Ruska Imperija
4516,Devid,Rokfeller,1915,Sjedinjene Američke Države
4517,Svetlana,Mosova,1994,Rusija
4518,Sorejja,Lejn,1979,Nemačka
4519,Julija,Andreeva,1969,Rusija
4520,Sergej,Afonkin,1976,Rusija
4521,Debora,Simmonz,1957,Rusija
4522,Anastasija,Pirčenkova,1963,Ujedinjeno Kraljevstvo
4523,Natalija,Dubrovskaja,1966,Rusija
4524,Sergej,Klimkovič,1990,Rusija
4525,German,Koh,1878,Kraljevina Danska
4526,Mark,Tjufo,1978,Francuska
4527,Kejt,Flanders,1984,Rusija
4528,Andrej,Konstantinov,1963,Rusija
4529,Galina,Bednenko,1983,Rusija
4530,Allen,Eskens,1978,Nemačka
4531,Petr,Polevoj,1836,Sjedinjene Američke Države
4532,Marina,Osokina,1987,Ujedinjeno Kraljevstvo
4533,Anatolij,Mariengof,1897,Savez Sovjetskih Socijalističkih Republika
4534,Stiven,Uestabi,1966,Nemačka
4535,Bajron,Šarp,1960,Novi Zeland
4536,Valera,Nematros,1992,Srbija
4537,Džulija,Džejms,1977,Francuska
4538,Inna,Baltijskaja,1977,Sjedinjene Američke Države
4539,Tatjana,Bulatova,1958,Rusija
4540,Konnor,Franta,1992,Sjedinjene Američke Države
4541,Sju,Džonson,1947,Kanada
4542,Fedora,Orlov,1940,Srbija
4543,D.,Levin,1962,Rusija
4544,Filip,Riv,1966,Ujedinjeno Kraljevstvo
4545,Džonatan Safran,Foer,1977,Sjedinjene Američke Države
4546,Igor,Sičev,1948,Rusija
4547,Kendis,Kemp,1953,Srbija
4548,Mihail,Makedon,1966,Ujedinjeno Kraljevstvo
4549,Galina,Artemeva,1977,Rusija
4550,Sergij,Černec,1941,Rusija
4551,Roman,Galkin,1967,Rusija
4552,Mišel,Uelbek,1956,Francuska
4553,Natalja,Bessonova,1967,Rusija
4554,Nadežda,Vladislavova,1972,Rusija
4555,Leopold,Zaher-Mazoh,1836,Austrijsko carstvo
4556,Oleg,Gončarov,1994,Rusija
4557,Pola,Brekston,1969,Rusija
4558,Andrej,Višinskij,1883,Savez Sovjetskih Socijalističkih Republika
4559,Tias,Littl,1979,Sjedinjene Američke Države
4560,Evgenija,Barbuca,1962,Rusija
4561,Sergej,Sidorov,1981,Ujedinjeno Kraljevstvo
4562,Brjus,Kemeron,1987,Nemačka
4563,Vladislav,Petuhov,1993,Rusija
4564,Redgrejn,Lebovski,1969,Rusija
4565,Robert,Rimini,1960,Sjedinjene Američke Države
4566,Aleksandr,Sorokovik,1962,Rusija
4567,Andrej,Černij,1961,Nemačka
4568,Aleksij,Etimon,1959,Ujedinjeno Kraljevstvo
4569,Kirill,Artjugin,1994,Rusija
4570,Oktjabrina,Ganičkina,1979,Rusija
4571,Aleksandr,Ganičkin,1959,Rusija
4572,Marina,Višnjakova,1943,Sjedinjene Američke Države
4573,Aleksandr,Bašibuzuk,1980,Rusija
4574,Julija,Gardman,1961,Rusija
4575,Varvara,Serebro,1982,Francuska
4576,Eduard,Poljakov,1986,Rusija
4577,Aleksej,Sukonkin,1963,Rusija
4578,Alisa,Atrejdas,1949,Rusija
4579,Pavel,Rakov,1972,Srbija
4580,Olga,Golubeva-Teres,1942,Rusija
4581,Patrisija del,Roka,1965,Rusija
4582,Anna,Gončarova,1979,Savez Sovjetskih Socijalističkih Republika
4583,Sergej,Drjomov,1945,Italija
4584,Anna,Janovskaja,1972,Francuska
4585,Galina,Nazarova,1976,Rusija
4586,Emi,Tintera,1956,Rusija
4587,Sabina,Rejn,1981,Rusija
4588,Cele,Rangdrjol,1949,Rusija
4589,Artem,Komarov,1976,Kanada
4590,Iola,Gajnova,1977,Rusija
4591,Brene,Braun,1965,Sjedinjene Američke Države
4592,Rajan,Holidej,1987,Sjedinjene Američke Države
4593,Jana,Jasnaja,1960,Francuska
4594,Viktor,Emskij,1972,Sjedinjene Američke Države
4595,Boris,Mikirtumov,1964,Rusija
4596,Petr,Zavitaev,1957,Rusija
4597,Tejlor,Adams,1960,Sjedinjene Američke Države
4598,Affiniti,Konar,1970,Rusija
4599,Plotnickaja,Larisa,1965,Francuska
4600,Sju,Gerhardt,1970,Srbija
4601,Marija,Škatulova,1954,Rusija
4602,Oleg,Vereščagin,1973,Rusija
4603,Sofja,Bagdasarova,1969,Rusija
4604,Anna,Ermanovskaja,1860,Francuska
4605,Karina,Makarova,1955,Rusija
4606,O.,Tallina,1975,Rusija
4607,Andrej,Lipen,1976,Sjedinjene Američke Države
4608,Aleksandr,Kolupaev,1991,Rusija
4609,Ekaterina,Oblomova,1937,Japan
4610,Delfina de,Vigan,1982,Rusija
4611,Sergej,Majorov,1986,Rusija
4612,Aleksandr,Šuvalov,1981,Rusija
4613,Aleksej,Benediktov,1992,Rusija
4614,Alena,Sadovnikova,1994,Ujedinjeno Kraljevstvo
4615,Leonid,Lerner,1946,Rusija
4616,Guzelija,Huzeeva,1991,Rusija
4617,Tatjana,Kostjak,1982,Sjedinjene Američke Države
4618,Ilgizjar,Ahmetzjanov,1946,Rusija
4619,Todd,Barri,1989,Srbija
4620,Grigorij,Revzin,1964,Rusija
4621,Igor,River,1986,Rusija
4622,Svetlana,Ivah,1962,Nemačka
4623,Mark,Popovskij,1958,Ujedinjeno Kraljevstvo
4624,Vjačeslav,Kornič,1961,Rusija
4625,Natalija,Naročnickaja,1959,Rusija
4626,Oliver,Bouden,1975,Nemačka
4627,Nataša,Štorm,1990,Ujedinjeno Kraljevstvo
4628,Fedor,Vahnenko,1974,Rusija
4629,Aleksandr,Žitinskij,1915,Rusija
4630,Tatjana,Mihajlova,1972,Rusija
4631,Šri Satja Sai Baba,Bhagavan,1954,Sjedinjene Američke Države
4632,Dror,Mišani,1971,Francuska
4633,Erogen,Tarkopjatov,1958,Ujedinjeno Kraljevstvo
4634,Pema,Čodron,1936,Sjedinjene Američke Države
4635,Mihail,Seregin,1965,Nemačka
4636,Igumen Nikon,(Vorobev),1980,Rusija
4637,Čarlz,Spens,1969,Ujedinjeno Kraljevstvo
4638,Kamil,Lemone,1844,Belgija
4639,Ilja,Varšavskij,1909,Savez Sovjetskih Socijalističkih Republika
4640,Mortimer,Adler,1902,Sjedinjene Američke Države
4641,Anželika,Šinkar,1981,Rusija
4642,Kolin,Tipping,1941,Sjedinjene Američke Države
4643,Dina,Arseneva,1977,Francuska
4644,Anatolij,Agarkov,1930,Francuska
4645,Alla,Stanskaja,1967,Poljska
4646,Čarlz,Petcold,1953,Sjedinjene Američke Države
4647,Mark,Gillinov,1978,Nemačka
4648,Stiven,Nissen,1980,Rusija
4649,K. L.,Tejlor,1985,Japan
4650,Aleksandra,Kouts,1963,Rusija
4651,Džon Le,Karre,1931,Republika Irska
4652,Tim,Volkov,1964,Rusija
4653,Andreas,Iopp,1965,Sjedinjene Američke Države
4654,Kerol,Kolman,1962,Sjedinjene Američke Države
4655,Oskar,Skejja,1971,Nemačka
4656,Irina,Dale,1974,Rusija
4657,Sergej,Bujanov,1978,Rusija
4658,Uliss,Mur,1965,Rusija
4659,Stiv,Kavana,1988,Rusija
4660,Ekaterina,Dankevič,1974,Rusija
4661,Anna,Grigoreva,1967,Italija
4662,Aleksej,Silovoj,1952,Ujedinjeno Kraljevstvo
4663,Lourens,Gonsales,1967,Francuska
4664,Andrej,Ananev,1981,Sjedinjene Američke Države
4665,Naomi,Ananeva,1972,Rusija
4666,Devid,Bojl,1958,Ujedinjeno Kraljevstvo
4667,Konstantin,Kostenko,1946,Rusija
4668,Pjurvja,Mendjaev,1968,Nemačka
4669,Inna,Kriksunova,1949,Ujedinjeno Kraljevstvo
4670,Olga,Kuzmenkova,1938,Rusija
4671,Mihail,Kozakov,1897,Savez Sovjetskih Socijalističkih Republika
4672,Mijamoto,Musasi,1584,Japan
4673,Konstantin,Kostinov,1977,Italija
4674,Julija,Černjahovskaja,1961,Srbija
4675,Lilija,Golden,1965,Rusija
4676,Gans,Šojfler,1956,Sjedinjene Američke Države
4677,Ljudmila,Stasevič,1986,Nemačka
4678,Meri,Stjuart,1916,Ujedinjeno Kraljevstvo
4679,Pavel,Bažov,1879,Savez Sovjetskih Socijalističkih Republika
4680,Arkadij,Krasilščikov,1970,Rusija
4681,Medina,Miraj,2000,Rusija
4682,Nataša,Truš,1994,Rusija
4683,Tim,Gann,1953,Sjedinjene Američke Države
4684,Elena,Burmistrova,1971,Rusija
4685,Lana,Risova,1979,Ujedinjeno Kraljevstvo
4686,Julija,Ljapina,1968,Rusija
4687,Elena,Sumovskaja,1979,Sjedinjene Američke Države
4688,Sergej,Semargov,1983,Rusija
4689,Viktor,Zajcev,1952,Savez Sovjetskih Socijalističkih Republika
4690,Tatjana,Gudkova,1978,Rusija
4691,Leonid,Surženko,1968,Sjedinjene Američke Države
4692,Svetlana,Fomenko,1941,Rusija
4693,Oleg Zdrav,(Mislin),1965,Rusija
4694,Maksim,Batirev,1979,Rusija
4695,Boris,Terehov,1972,Kanada
4696,Liniza,Žalpanova,1976,Nemačka
4697,Valentina,Gobi,1960,Rusija
4698,Andrej,Strelcov,1965,Rusija
4699,Dmitrij,Grigorovič,1822,Ruska Imperija
4700,Džonatan,Uilson,1968,Ujedinjeno Kraljevstvo
4701,Lidija,Ščerbina,1955,Sjedinjene Američke Države
4702,Julija,Krilova,1963,Rusija
4703,Karl,Sagan,1934,Sjedinjene Američke Države
4704,Natalija,Popovič,1974,Sjedinjene Američke Države
4705,Elena,Kovaljova,1943,Rusija
4706,Evgenij,Kondakov,1960,Ujedinjeno Kraljevstvo
4707,Valerij,Kriveckij,1978,Rusija
4708,Valerij,Kuzminov,1951,Ujedinjeno Kraljevstvo
4709,Vasilij,Brusjanin,1867,Ruska Imperija
4710,Irina,Pivovarova,1939,Savez Sovjetskih Socijalističkih Republika
4711,Mihail,Smolenskij,1847,Ruska Imperija
4712,Gennadij,Praškevič,1950,Srbija
4713,Zibert,Šteffen,1961,Rusija
4714,Olga,Svetlova,1984,Rusija
4715,Vladimir,Dovgan,1964,Rusija
4716,Nadežda,Mamaeva,1985,Rusija
4717,Gilem,Balage,1962,Sjedinjene Američke Države
4718,Aleksandr,Sedih,1994,Sjedinjene Američke Države
4719,Denis,Vladimirov,1987,Rusija
4720,Sjuzanna,Karr,1982,Rusija
4721,Jaromir,Sotnikov,1943,Rusija
4722,Vladislav,Žerebjov,1959,Rusija
4723,Marina,Moskvina,1954,Rusija
4724,Uiljam Uoker,Atkinson,1862,Sjedinjene Američke Države
4725,Evgenij,Veltistov,1934,Savez Sovjetskih Socijalističkih Republika
4726,Onega,Eršova,1973,Rusija
4727,Jana,Lomanova,1948,Rusija
4728,Konstantin,Aršin,1950,Rusija
4729,Masaru,Emoto,1943,Japan
4730,Najdžel,Barlou,1989,Sjedinjene Američke Države
4731,Nikolaj,Kamennikov,1960,Rusija
4732,Mišel,Sime,1993,Poljska
4733,Vitalij,Budennij,1967,Rusija
4734,Valerija,Leman,1974,Ujedinjeno Kraljevstvo
4735,Igor,Tonevickij,1971,Ujedinjeno Kraljevstvo
4736,N.,Dmitrieva,1950,Japan
4737,Lis,Arden,1992,Sjedinjene Američke Države
4738,Nikolaj,Prokošev,1984,Poljska
4739,Evgenija,Lepešova,1986,Sjedinjene Američke Države
4740,Anastasija,Šerr,1989,Ujedinjeno Kraljevstvo
4741,Selma,Lagerljof,1858,Švedska
4742,Estel,Maskejm,1987,Sjedinjene Američke Države
4743,Merri,Ksenija,1968,Francuska
4744,Marina,Berdina,1974,Rusija
4745,Elena,Torosjan,1984,Rusija
4746,Oleg,Ivanilov,1932,Sjedinjene Američke Države
4747,Andrej,Mansurov,1968,Rusija
4748,Vaclav,Vorovskij,1871,Savez Sovjetskih Socijalističkih Republika
4749,Maks,Tal,1958,Rusija
4750,Vlada,Denovo,1930,Rusija
4751,Georgij,Smorodinskij,1979,Nemačka
4752,Lera,Kolduna,1974,Srbija
4753,Marina,Osborn,1977,Rusija
4754,F.,Gluščenko,1979,Rusija
4755,E. L.,Džejms,1963,Ujedinjeno Kraljevstvo
4756,Konstantin,Ežov,1970,Rusija
4757,Kejt,Eberlen,1966,Japan
4758,Ichak,Arad,1926,Izrael
4759,Maša,German,1950,Sjedinjene Američke Države
4760,Rič,Froning,1987,Sjedinjene Američke Države
4761,Alena,Vinter,1953,Sjedinjene Američke Države
4762,Vladimir,Jakuba,1980,Srbija
4763,Ivan,Čeremnih,1994,Srbija
4764,Mikolaj,Piskorski,1973,Rusija
4765,Pavel,Melnikov-Pečerskij,1818,Ruska Imperija
4766,Lori Nelson,Spilman,1965,Rusija
4767,Pavel,Basinskij,1961,Rusija
4768,Timur,Želdak,1975,Srbija
4769,Ljusi,Burbo,1979,Rusija
4770,Elena,Zamedlina,1984,Rusija
4771,L.,Neganova,1953,Italija
4772,Konstantin,Morenko,1979,Rusija
4773,Mettju,Haffi,1969,Francuska
4774,Aleksandr,Pančin,1986,Rusija
4775,Alan,Barker,1898,Ujedinjeno Kraljevstvo
4776,Vladimir,Garnikjan,1989,Rusija
4777,Kristina,Sataeva,1972,Nemačka
4778,Aleksej,Mercalov,1993,Srbija
4779,Kater,Vej,1984,Rusija
4780,Azamat,Kireev,1984,Ujedinjeno Kraljevstvo
4781,Natalija,Osminina,1965,Francuska
4782,Adam,Rezerford,1975,Ujedinjeno Kraljevstvo
4783,Jurij,Landar,1966,Ujedinjeno Kraljevstvo
4784,Aleksandr,Mamatovskij,1987,Rusija
4785,Ivonn,Lindsej,1981,Rusija
4786,Žilber,Delae,1978,Rusija
4787,Marsel,Marle,1992,Rusija
4788,Mišel,Adams,1972,Francuska
4789,Lev,Kruglikov,1958,Rusija
4790,Olga,Spiridonova,1966,Rusija
4791,Roman,Dobrij,1985,Kanada
4792,Vladimir,Lermontov,1845,Rusija
4793,Vladimir,Durov,1885,Sjedinjene Američke Države
4794,Jurij,Čurilov,1981,Rusija
4795,Olesja,Jangol,1956,Sjedinjene Američke Države
4796,Oksana,Gromskaja,1965,Rusija
4797,Karina,Risi,1968,Sjedinjene Američke Države
4798,Sergej,Jaroščuk,1964,Kanada
4799,Aleksandr,Ševcov,1970,Kanada
4800,Popova,N.N.,1964,Ujedinjeno Kraljevstvo
4801,Rostislav,Cikin,1979,Nemačka
4802,Inna,Živaja,1930,Ujedinjeno Kraljevstvo
4803,Andrej,Levšinov,1970,Sjedinjene Američke Države
4804,Bella,DePaulo,1974,Sjedinjene Američke Države
4805,Edvard,Verner,1878,Poljska
4806,Ričard,Jejts,1907,Italija
4807,Irina,Gromova,1983,Italija
4808,Alan,Vejsman,1975,Sjedinjene Američke Države
4809,Larisa,Jakovenko,1955,Francuska
4810,Tatjana,Pervušina,1992,Rusija
4811,Mervin,Pik,1911,Ujedinjeno Kraljevstvo
4812,Boris,Konofalskij,1972,Rusija
4813,Gaj,Kavasaki,1954,Sjedinjene Američke Države
4814,Peg,Ficpatrik,1939,Poljska
4815,Otfrid,Projsler,1923,Nemačka
4816,Sergej,Baunt,1966,Sjedinjene Američke Države
4817,Elison Vinn,Skotč,1965,Ujedinjeno Kraljevstvo
4818,Monika,Murani,1975,Rusija
4819,Vjačeslav,Terentev,1994,Ujedinjeno Kraljevstvo
4820,Andrej,Astahov,1965,Sjedinjene Američke Države
4821,Olga,Šipilova,1935,Rusija
4822,Ju.,Ivankova,1939,Rusija
4823,Arkadij,Vinogradov,1970,Nemačka
4824,Andrej,Kolesnikov,1950,Rusija
4825,Goran,Petrovič,1961,Srbija
4826,Viktor,Glebov,1978,Italija
4827,Olga,Družkova,1971,Sjedinjene Američke Države
4828,Dmitrij,Hmelnickij,1985,Ujedinjeno Kraljevstvo
4829,Fenni,Flegg,1944,Sjedinjene Američke Države
4830,Larisa,Lementueva,1960,Francuska
4831,Genri,Ford,1863,Sjedinjene Američke Države
4832,Ernest,Seton-Tompson,1860,Kanada
4833,Olga,Šaripova,1961,Rusija
4834,Natalja,Antipeva,1959,Nemačka
4835,Svetlana,Olševskaja,1984,Rusija
4836,Marina,Ruslanova,1962,Francuska
4837,Anatolij,Speranskij,1976,Ujedinjeno Kraljevstvo
4838,Dmitrij,Kolodan,1976,Rusija
4839,Dmitrij,Bolesov,1962,Rusija
4840,Vadim,Sluckij,1993,Kanada
4841,Kati,Hiekkapelto,1974,Rusija
4842,Irina,Šiško,1948,Sjedinjene Američke Države
4843,Jaroslav,Voras,1995,Sjedinjene Američke Države
4844,Aleksej,Maslov,1966,Rusija
4845,Fjodor,Tolstoevskij,1964,Rusija
4846,Andrej,Račkovskij,1933,Ujedinjeno Kraljevstvo
4847,Natalja,Geger,1973,Ujedinjeno Kraljevstvo
4848,Dmitrij,Zasuhin,1901,Savez Sovjetskih Socijalističkih Republika
4849,Anna,Zasuhina,1983,Rusija
4850,Vadim,Kortunov,1966,Kanada
4851,Barbara,Šer,1935,Kanada
4852,Enni,Gottlib,1946,Sjedinjene Američke Države
4853,Vladimir,Kunin,1997,Rusija
4854,Adrienna,Džordano,1962,Italija
4855,Frensis Bret,Gart,1837,Rusija
4856,Timur,Mašnin,1983,Ujedinjeno Kraljevstvo
4857,Valerij,Novik,1976,Rusija
4858,Aleksandr,Gilferding,1831,Ruska Imperija
4859,Sergej,Dolgov,1985,Rusija
4860,Andrej,Jablokov,1959,Sjedinjene Američke Države
4861,Lilija,Kasmasova,1968,Poljska
4862,Miloslav,Knjazev,1973,Litvanija
4863,Anton,Lisicin,1956,Ujedinjeno Kraljevstvo
4864,Šamil,Altamirov,1982,Ujedinjeno Kraljevstvo
4865,Anton,Tekšin,1975,Sjedinjene Američke Države
4866,Sergej,Oniščuk,1970,Sjedinjene Američke Države
4867,Vadim,Kartušov,1969,Sjedinjene Američke Države
4868,Aleksandr,Stasenko,1973,Ujedinjeno Kraljevstvo
4869,Nail,Vibornov,1979,Rusija
4870,Akaš,Karia,1973,Sjedinjene Američke Države
4871,Rik,Jansi,1962,Sjedinjene Američke Države
4872,Edvard,Šulus,1987,Italija
4873,Brajan,Makgillouej,1970,Ujedinjeno Kraljevstvo
4874,Elena,Franc,1981,Sjedinjene Američke Države
4875,Artem,Kiselev,1987,Rusija
4876,George,Saintsbury,1957,Sjedinjene Američke Države
4877,Nikolaj,Medjankin,1959,Ujedinjeno Kraljevstvo
4878,Igor,Kovalčuk,1981,Sjedinjene Američke Države
4879,Vladimir,Mahov,1977,Ujedinjeno Kraljevstvo
4880,Julija,Kirillova,1980,Sjedinjene Američke Države
4881,Elena,Listopadova,1963,Rusija
4882,Ilja,Šarel,1989,Rusija
4883,Sergіj,Žadan,1967,Francuska
4884,Sergej,Eliseev,2007,Rusija
4885,Julija,Ščerbakova,1964,Rusija
4886,V.,Bolockih,1935,Ujedinjeno Kraljevstvo
4887,V.,Deev,1959,Ujedinjeno Kraljevstvo
4888,V.,Kuznecov,1930,Italija
4889,Pjotr,Kropotkin,1842,Ruska Sovjetska Federativna Socijalistička Republika
4890,Tatjana,Kurilenkova,1991,Poljska
4891,Elena,Doncova,1986,Rusija
4892,Sergej,Udalin,1969,Sjedinjene Američke Države
4893,Oleg,Bistrov,1950,Sjedinjene Američke Države
4894,Olga,Žakova,1975,Ujedinjeno Kraljevstvo
4895,Oleg,Titov,2000,Rusija
4896,Igor,Prososov,1960,Rusija
4897,Aleksandr,Miller,1908,Novi Zeland
4898,Aleksandr,Gabriel,1991,Rusija
4899,Gennadij,Tiščenko,1990,Rusija
4900,Pavel,Podzorov,1980,Sjedinjene Američke Države
4901,Aleksandr,Ponomarev,1968,Japan
4902,Fric,Štege,1931,Francuska
4903,Sonja,Frejm,1993,Italija
4904,Katerina,Špiller,1959,Sjedinjene Američke Države
4905,Džek,Keruak,1922,Sjedinjene Američke Države
4906,Elena,Krilova,1987,Srbija
4907,Viktor,Zimakov,1935,Rusija
4908,T.,Lobaševa,1956,Rusija
4909,Eva,Veselnickaja,1982,Rusija
4910,Uold,Bejker,1973,Ujedinjeno Kraljevstvo
4911,Dmitrij,Ohlopkov,1964,Rusija
4912,Mihail,Titov,1997,Turkmenistan
4913,Andrej,Tkačev,1960,Rusija
4914,Stas,Bikov,1980,Ujedinjeno Kraljevstvo
4915,Devid,Ejbramson,1957,Ujedinjeno Kraljevstvo
4916,Marija,Dolon,1961,Rusija
4917,Aleksandr,Jakovlev,1961,Sjedinjene Američke Države
4918,Devid,Uilson,1961,Sjedinjene Američke Države
4919,Čarli,Roksboro,1957,Ujedinjeno Kraljevstvo
4920,Linn,Foster,1964,Sjedinjene Američke Države
4921,Sergej,Vitte,1849,Ruska Imperija
4922,Larisa,Bazarova,1953,Ujedinjeno Kraljevstvo
4923,Timofej,Carenko,1966,Ujedinjeno Kraljevstvo
4924,Katja,Garaeva,1995,Rusija
4925,Dinara,Yafizova,1946,Sjedinjene Američke Države
4926,Adilija,Mokkuli,1933,Sjedinjene Američke Države
4927,Tatjana,Vorobeva,1985,Rusija
4928,Mihail,Mihajlov,1965,Rusija
4929,Mihail,Hors,1959,Ujedinjeno Kraljevstvo
4930,Galina,Žirova,1963,Sjedinjene Američke Države
4931,V.,Žirov,1963,Rusija
4932,Larisa,Rubalskaja,1945,Rusija
4933,Vasilij,Midjanin,1964,Kanada
4934,Vladimir,Vasilev,1988,Estonija
4935,Olga,Onojko,1967,Rusija
4936,Den,Milštejn,1977,Rusija
4937,Elli,Blejk,1972,Rusija
4938,Valerija,Čerepenčuk,1992,Rusija
4939,Julija,Krasilnikova,1991,Sjedinjene Američke Države
4940,Vasilij,Kandinskij,1866,Francuska
4941,Emma,Mildon,1984,Poljska
4942,Petr,Karcev,1974,Rusija
4943,Marina,Varlamova,1977,Ujedinjeno Kraljevstvo
4944,Jurij,Antonenko,1995,Srbija
4945,Eduard,Hruckij,1964,Sjedinjene Američke Države
4946,Vadim,Organov,1977,Sjedinjene Američke Države
4947,Nikolaj,Kamzin,1971,Ujedinjeno Kraljevstvo
4948,Katerina,Riš,1969,Rusija
4949,Paola,Peretti,1978,Rusija
4950,Gregori,Jan,1986,Rusija
4951,Evgenij,Kovalev,1993,Rusija
4952,Nina,Neupokoeva,1931,Francuska
4953,Natalja,Žarova,1974,Rusija
4954,Diana,Tuncova,1954,Sjedinjene Američke Države
4955,Kim,Lorens,1966,Ujedinjeno Kraljevstvo
4956,Kirsten,Miller,1973,Sjedinjene Američke Države
4957,Džejson,Sigel,1980,Sjedinjene Američke Države
4958,Knjaženika,Volokitina,1959,Rusija
4959,Andrej,Krjukov,1974,Srbija
4960,Robert,Hagstrom,1984,Srbija
4961,Vianna,Stajbl,1971,Rusija
4962,Rudenko,Vasilevič,1970,Rusija
4963,Žan,Visar,1943,Sjedinjene Američke Države
4964,Roman,Zjulkov,1977,Rusija
4965,Andre,Aleman,1963,Sjedinjene Američke Države
4966,Bernard,Lamb,1992,Rusija
4967,Džon,Apdajk,1932,Sjedinjene Američke Države
4968,Sara,Terner,1970,Rusija
4969,L.,Hilton,1991,Francuska
4970,Evgenij,Rodionov,1961,Italija
4971,Natalja,Kulakova,1957,Rusija
4972,Iosif,Flavij,1965,Antički Rim
4973,Roman,Burevoj,1951,Rusija
4974,Leonid,Volček,1991,Rusija
4975,Emili,Bronte,1818,Ujedinjeno Kraljevstvo Velike Britanije i Irske
4976,Viktor,Novikov,1929,Savez Sovjetskih Socijalističkih Republika
4977,Viktor,Nočkin,1952,Sjedinjene Američke Države
4978,Eli,Novak,1989,Poljska
4979,Majkl,Anderson,1964,Sjedinjene Američke Države
4980,Džordžett,Hejer,1902,Ujedinjeno Kraljevstvo
4981,Bred,Djuks,1962,Sjedinjene Američke Države
4982,Julija,Žukova,1933,Poljska
4983,Elena,Bohan,1989,Rusija
4984,Evgenij,Novikov,1956,Ujedinjeno Kraljevstvo
4985,Larisa,Rajt,1959,Rusija
4986,Jurij,Bujda,1954,Rusija
4987,Aleksej,Lukjanov,1976,Rusija
4988,Maksim,Kuročkin,1970,Ukrajina
4989,Adriana,Borisova,1971,Sjedinjene Američke Države
4990,Genri,Kissindžer,1923,Sjedinjene Američke Države
4991,El,Kennedi,1973,Rusija
4992,Rejmond,Čandler,1888,Sjedinjene Američke Države
4993,Andrej,Sibirskij,1971,Francuska
4994,Tatjana,Šestakova,1950,Italija
4995,Melani,Svon,1968,Rusija
4996,Petr,Sinjavskij,1956,Ujedinjeno Kraljevstvo
4997,Stiven,Levin,1971,Rusija
4998,Ondrea,Levin,1959,Rusija
4999,Nikolaj,Piligrim,1974,Ujedinjeno Kraljevstvo
5000,Oleg,Bažanov,1976,Italija
5001,Natalja,Gribova,1971,Rusija
5002,Evgenij,Kostrica,1993,Francuska
5003,Aleksandr,Kabakov,1943,Rusija
5004,Amos,Oz,1939,Izrael
5005,Pavel,Erzjajkin,1975,Sjedinjene Američke Države
5006,Stanislav,Losev,1965,Rusija
5007,Anna,Bespeka,1975,Rusija
5008,Pol,Taf,1961,Sjedinjene Američke Države
5009,Evgenij,Permjak,1947,Rusija
5010,Anna,Jakovleva,1979,Nemačka
5011,Johannes Hinrih fon,Borstel,1992,Nemačka
5012,Jana,Dubinjanskaja,1957,Francuska
5013,Aleks,Kremer,1971,Sjedinjene Američke Države
5014,Džon,Rjoskin,1819,Ujedinjeno Kraljevstvo
5015,Jaroslava,Surženko,1963,Sjedinjene Američke Države
5016,Nataniel,Gotorn,1808,Ujedinjeno Kraljevstvo
5017,Andrej,Dorofeev,1960,Rusija
5018,Karina,Bartš,1963,Rusija
5019,Evgenija,Cagolova,1958,Rusija
5020,Konstantin,Stanislavskij,1863,Savez Sovjetskih Socijalističkih Republika
5021,Džared,Dajmond,1961,Italija
5022,Ekaterina,Družinina,1953,Rusija
5023,Sergej,Rustanovič,1967,Ujedinjeno Kraljevstvo
5024,Dmitrij,Kočetkov,1978,Rusija
5025,Nikolaj,Andrianov,1961,Savez Sovjetskih Socijalističkih Republika
5026,Dhan,Mukerdži,1890,Britanska Indija
5027,Evgenij,Tihomirov,1888,Ujedinjeno Kraljevstvo
5028,Vasilij,Vitalius,1937,Francuska
5029,A.,Jakoreva,1973,Rusija
5030,Nadežda,Demidova,1952,Rusija
5031,V.,Biserova,1967,Rusija
5032,Stanislav,Bogomolov,1971,Sjedinjene Američke Države
5033,Julija,Maksaeva,1972,Ujedinjeno Kraljevstvo
5034,Lajon Spreg de,Kamp,1907,Sjedinjene Američke Države
5035,Fletčer,Prett,1897,Sjedinjene Američke Države
5036,Elena,Sadikova,1959,Rusija
5037,Andrej,Sadikov,1980,Ujedinjeno Kraljevstvo
5038,Kendis,Kumaj,1977,Sjedinjene Američke Države
5039,Elena,Semenova,1959,Rusija
5040,Valerij,Vvedenskij,1975,Ujedinjeno Kraljevstvo
5041,Vitalij,Semenihin,1958,Rusija
5042,Desmond,Sjuard,1974,Sjedinjene Američke Države
5043,Irina,Ignatenko,1965,Sjedinjene Američke Države
5044,Larisa,Morozova,1975,Italija
5045,Alesja,Ganieva,1952,Rusija
5046,Džennifer,Smit,1980,Sjedinjene Američke Države
5047,Veronika,Rot,1988,Sjedinjene Američke Države
5048,Libba,Brej,1977,Kanada
5049,Lev,Grossman,1969,Sjedinjene Američke Države
5050,Nina,Lakur,1984,Sjedinjene Američke Države
5051,Frančeska,Blok,1983,Srbija
5052,Tim,Federli,1962,Francuska
5053,Džon,Skovron,1965,Italija
5054,Brendi,Kolbert,1963,Rusija
5055,Sjuzen,Kollinz,1962,Sjedinjene Američke Države
5056,E.,Vlasova,1982,Rusija
5057,D.,Kolojan,1981,Sjedinjene Američke Države
5058,Amanda,Makkejb,1970,Kanada
5059,Polina,Škalenkova,1968,Rusija
5060,Bill,Džonson,1956,Sjedinjene Američke Države
5061,Ju.,Davidova,1952,Rusija
5062,Vasilij,Rem,1970,Ujedinjeno Kraljevstvo
5063,Anžela,Rej,1937,Rusija
5064,Lilija,Frik,1972,Sjedinjene Američke Države
5065,Anastasija,Perkova,1976,Rusija
5066,Konstantin,Miller,1973,Rusija
5067,Oksana,Malgina,1972,Rusija
5068,Žan-Batist Del,Amo,1981,Francuska
5069,Roman,Lugov,1990,Srbija
5070,Aleksandr,Ušakov,1988,Rusija
5071,Protoierej Serafim,Slobodskoj,1959,Sjedinjene Američke Države
5072,Trevor,Baksendejl,1981,Sjedinjene Američke Države
5073,Anastasija,Zinčenko,1947,Rusija
5074,Deanna,Rejborn,1982,Francuska
5075,Mara,Hardt,1991,Rusija
5076,Aleksandr,Krištaljuk,1958,Ujedinjeno Kraljevstvo
5077,Georgij,Rat,1988,Sjedinjene Američke Države
5078,Eduard,Valentinovič,1978,Sjedinjene Američke Države
5079,Irina,Dubkova,1970,Sjedinjene Američke Države
5080,Valerij,Jazvickij,1901,Italija
5081,Elena,Leonteva,1854,Italija
5082,Valerij,Androsov,1970,Nemačka
5083,Jurij,Korneev,1921,Savez Sovjetskih Socijalističkih Republika
5084,Olga,Beljaeva,1964,Sjedinjene Američke Države
5085,Aleksandr,Melehin,1972,Rusija
5086,Sestra,Stefanija,1966,Srbija
5087,Andrej,Basov,1974,Rusija
5088,Vesta,Spivakovskaja,1994,Sjedinjene Američke Države
5089,Raisa,Sorokina,1993,Srbija
5090,Vladimir,Korolenko,1853,Ruska Imperija
5091,Čak,Polanіk,1955,Ujedinjeno Kraljevstvo
5092,Kirill,Kirillov,1954,Rusija
5093,Dmitrij,Oberderfer,1956,Rusija
5094,Kris,Bejti,1959,Ujedinjeno Kraljevstvo
5095,Jurij,Tararev,1985,Rusija
5096,Aleksandr,Tararev,1969,Rusija
5097,Jurij,Berkov,1981,Rusija
5098,L.,Gomelskaja,1956,Sjedinjene Američke Države
5099,Nadežda,Nelidova,1968,Rusija
5100,Eva,Smit,1942,Kraljevina Danska
5101,Anatolij,Marinčenko,1956,Sjedinjene Američke Države
5102,Valentina,Kruteckaja,1952,Nemačka
5103,Natalija,Severo,1968,Sjedinjene Američke Države
5104,Dipak,Čopra,1946,Indija
5105,Rudolf,Tanzi,1958,Sjedinjene Američke Države
5106,Olga,Podpalova,1937,Rusija
5107,Taiss,Erinkajt,1993,Kanada
5108,Džordž,Bejker,1931,Ujedinjeno Kraljevstvo
5109,Uiljam,Džejkobs,1887,Sjedinjene Američke Države
5110,Marija,Kločkova,1980,Rusija
5111,Natalja,Šaš,1959,Kanada
5112,Džanet,Čapmen,1952,Rusija
5113,Ljudmila,Šilova,1945,Sjedinjene Američke Države
5114,Irina,Sokovih,1975,Rusija
5115,Vladimir,Dudincev,1930,Ujedinjeno Kraljevstvo
5116,Matilda,Masters,1978,Nemačka
5117,Šao,Hua,1938,Kina
5118,Lim,Word,1986,Rusija
5119,Žaume,Kabre,1947,Španija
5120,Čarlz,Fillips,1970,Kanada
5121,A.,Bolotova,1988,Rusija
5122,Maša,Careva,1951,Rusija
5123,Marina,Jasinskaja,1983,Sjedinjene Američke Države
5124,Andrej,Taran,1979,Rusija
5125,Dmitrij,Nikitin,1986,Nemačka
5126,Vasilij,Vladimirskij,1975,Rusija
5127,Natalja,Golovljova,1973,Rusija
5128,Ženja,Krič,1970,Nemačka
5129,Džeremi,Džonson,1944,Sjedinjene Američke Države
5130,Enn,Oliver,1955,Ujedinjeno Kraljevstvo
5131,Margaret,Jork,1924,Ujedinjeno Kraljevstvo
5132,Džennifer,Niven,1959,Francuska
5133,Evgenij,Oskolkov,1961,Sjedinjene Američke Države
5134,Evgenij,Es,1967,Rusija
5135,Katalin Dorian,Floresku,1969,Ujedinjeno Kraljevstvo
5136,Darja,Kuligina,1990,Rusija
5137,Evgenij,Torčinov,1974,Italija
5138,Viktor,Hlebnikov,1970,Sjedinjene Američke Države
5139,Viktor,Brajn,1994,Ujedinjeno Kraljevstvo
5140,Andrej,Djakov,1978,Rusija
5141,Grigorij,Turskij,1973,Francuska
5142,Lili,Roks,1967,Sjedinjene Američke Države
5143,Kristina,Loren,1982,Italija
5144,Džannett,Uolls,1960,Sjedinjene Američke Države
5145,Anatolij,Mihajlov,1939,Belorusija
5146,Irina,Davidova,1952,Sjedinjene Američke Države
5147,Konstantin,Semenov,1966,Rusija
5148,Sara,Lark,1968,Japan
5149,Tatjana,Zolotuhina,1982,Sjedinjene Američke Države
5150,Jurij,Valin,1967,Rusija
5151,A.,Betts,1972,Sjedinjene Američke Države
5152,Viktorija,Krejs,1987,Rusija
5153,Ichak,Pintosevič,1973,Rusija
5154,Aleksej,Merinov,1962,Sjedinjene Američke Države
5155,Ksenija,Komal,1932,Rusija
5156,Kiran,Kramer,1971,Rusija
5157,Olga,Eliseeva,1971,Rusija
5158,Sergej,Bajbakov,1954,Rusija
5159,Sara,Morgan,1967,Sjedinjene Američke Države
5160,Aslan,Uarziati,1941,Italija
5161,Ali,Smit,1962,Ujedinjeno Kraljevstvo
5162,Anatolij,Pristavkin,1958,Rusija
5163,Aleksandr,Rozenberg,1961,Sjedinjene Američke Države
5164,Vladimir,Zaharčenko,1971,Ukrajina
5165,Vadim,Šlahter,1986,Sjedinjene Američke Države
5166,Evgenij,Morozov,1984,Belorusija
5167,Daniil,Mordovcev,1830,Ruska Imperija
5168,Akim,Titov,1973,Francuska
5169,Oleg,Orlov,1982,Rusija
5170,Robert,Stajn,1943,Sjedinjene Američke Države
5171,Ekaterina,Kablukova,1989,Rusija
5172,Aleksandr,Vilenkin,1949,Sjedinjene Američke Države
5173,Sergej,Popov,1978,Rusija
5174,Edit,Nesbit,1858,Ujedinjeno Kraljevstvo
5175,Aleksandr,Borillo,1976,Rusija
5176,Dženni,Adams,1987,Francuska
5177,Darja,Kostina,1973,Sjedinjene Američke Države
5178,V.,Arutjunov,1960,Ujedinjeno Kraljevstvo
5179,Mihail,Sobolev,1869,Savez Sovjetskih Socijalističkih Republika
5180,Vjačeslav,Smirnov,1962,Sjedinjene Američke Države
5181,Natalija,Govoruhina,1948,Rusija
5182,Aleksandr,Krol,1981,Sjedinjene Američke Države
5183,Vera,Avgust,1989,Francuska
5184,Mihail,Landburg,1971,Rusija
5185,Junko,Takahaši,1984,Italija
5186,Ksenija,Ivanenko,1961,Rusija
5187,Mišel,Bjussi,1965,Francuska
5188,Vladimir,Levin,1971,Ujedinjeno Kraljevstvo
5189,Gennadij,Gončarov,1951,Rusija
5190,Elena,Korolevskaja,1981,Rusija
5191,Irina,Šitova,1968,Sjedinjene Američke Države
5192,Alla,Moskovkina,1976,Sjedinjene Američke Države
5193,Rudolf,Štajner,1861,Švajcarska
5194,Tamara,Pimonova,1966,Rusija
5195,Andrej,Šandarov,1973,Rusija
5196,Kristina,Gepting,1971,Rusija
5197,Elena,Džero,1987,Poljska
5198,Elena,Ionova,1987,Rusija
5199,Denis,Čirkov,1958,Sjedinjene Američke Države
5200,Julija,Čepuhova,1966,Nemačka
5201,Svetlana,Ermakova,1971,Ujedinjeno Kraljevstvo
5202,Todd,Lokvud,1957,Sjedinjene Američke Države
5203,Nikolaj,Jazikov,1803,Ruska Imperija
5204,Viktor,Andreev,1957,Ujedinjeno Kraljevstvo
5205,Sergej,Pavlovič,1992,Rusija
5206,Oksana,Zubkova,1968,Ujedinjeno Kraljevstvo
5207,Vitalij,Zikov,1979,Rusija
5208,Ivan,Mironov,1981,Rusija
5209,Emi,Kaddi,1972,Sjedinjene Američke Države
5210,Aleksandr,Vilčinskij,1973,Nemačka
5211,Lianna,Benks,1969,Rusija
5212,Tatjana,Hodžaeva,1960,Rusija
5213,Ekaterina,Barsova,1961,Rusija
5214,Vsevolod,Ovčinnikov,1926,Rusija
5215,Anna,Bojarčuk,1986,Poljska
5216,Elena,Favilli,1960,Rusija
5217,Frančeska,Kavalo,1983,Italija
5218,Konstantin,Krivčikov,1973,Rusija
5219,M.,Sotrino,1993,Italija
5220,Jurij,Sljozkin,1965,Sjedinjene Američke Države
5221,Tara,Pemmi,1977,Rusija
5222,Jurij,Sokolov,1970,Nemačka
5223,Ekaterina,Djačenko,1931,Italija
5224,Momo,Kapor,1937,Srbija
5225,Roman,Vsevolodov,1948,Sjedinjene Američke Države
5226,Lija,Ahmatova,1976,Ujedinjeno Kraljevstvo
5227,Šeri,Lapenja,1988,Rusija
5228,Irvin,Uelš,1958,Ujedinjeno Kraljevstvo
5229,Katerina,Padron,1979,Rusija
5230,Elena,Nikitina,1966,Rusija
5231,Igor,Šengalc,1967,Srbija
5232,Linn,Harris,1901,Sjedinjene Američke Države
5233,Tatjana,Selezneva,1963,Ujedinjeno Kraljevstvo
5234,Sara,Maas,1969,Rusija
5235,Aleksej,Pinčuk,1972,Rusija
5236,Terzič,Nedelko,1933,Italija
5237,Vilgelm,Bublikov,1956,Poljska
5238,Viktorija,Safarova,1936,Poljska
5239,Egor,Čekrigin,1964,Rusija
5240,Roman,Grin,1986,Ujedinjeno Kraljevstvo
5241,Svetlana,Izvarina,1979,Rusija
5242,Tatjana,Forš,1961,Ujedinjeno Kraljevstvo
5243,Viktor,Šejnov,1940,Belorusija
5244,Andrej,Kosarev,1975,Nemačka
5245,Elena,Harkova,1960,Savez Sovjetskih Socijalističkih Republika
5246,Avgust,Mjuller,1711,Nemačka
5247,Maksim,Kern,1966,Rusija
5248,Roksi,Kuper,1962,Rusija
5249,Evgenij,Spirica,1969,Sjedinjene Američke Države
5250,Ivan,Fedorov,1933,Rusija
5251,O.,Osipova,1978,Rusija
5252,Galina,Djadja,1970,Rusija
5253,Lev,Pevzner,1966,Sjedinjene Američke Države
5254,Alla,Radevič,1977,Rusija
5255,Majkl Maršall,Smit,1969,Srbija
5256,Vladimir,Vasičkin,1977,Rusija
5257,Džudit,Maknot,1944,Sjedinjene Američke Države
5258,Nina,Zaharina,1959,Ujedinjeno Kraljevstvo
5259,Viktor,Nekrasov,1908,Sjedinjene Američke Države
5260,Olga,Truškina,1956,Rusija
5261,Anna,Orlova,1972,Letonija
5262,Fedor,Sologub,1867,Italija
5263,Irina,Gavrilova,1970,Rusija
5264,Anastasija,Slavina,1974,Rusija
5265,Toni,DiTerlicci,1969,Sjedinjene Američke Države
5266,Galina,Nigmatulina,1959,Rusija
5267,Marija,Aleksievič,1931,Sjedinjene Američke Države
5268,Ariel S.,Uinter,1998,Sjedinjene Američke Države
5269,Ernst,Gofman,1792,Sjedinjene Američke Države
5270,Marina,Valickaja,1973,Rusija
5271,Vladimir,Visockij,1938,Savez Sovjetskih Socijalističkih Republika
5272,Nikolaj,Čadovič,1948,Savez Sovjetskih Socijalističkih Republika
5273,Jurij,Brajder,1936,Nemačka
5274,Dmitrij,Mendeleev,1834,Ruska Imperija
5275,Aleksej,Šerstobitov,1967,Rusija
5276,Andžej,Jasinskij,1982,Rusija
5277,Alina,Ross,1974,Nemačka
5278,Valter,Dornberger,1895,Sjedinjene Američke Države
5279,Olga,Krasnikova,1978,Rusija
5280,Rіčard,Čіzmar,1966,Rusija
5281,Vladimir,Železnikov,1925,Rusija
5282,Davide,Morozinotto,1964,Rusija
5283,Alessandro,Gatti,1971,Rusija
5284,Oleg,Nuždin,1968,Sjedinjene Američke Države
5285,Ket,Kentrell,1985,Italija
5286,Paval,Kascjukevіč,1961,Italija
5287,Anton,Kara,1982,Francuska
5288,Aleksandr,Orlov,2003,Rusija
5289,Alaster,Rejnolds,1966,Ujedinjeno Kraljevstvo
5290,Vasilisa,Koškina,1983,Rusija
5291,Anatolij,Romov,1935,Rusija
5292,Valentina,Batalina,1954,Rusija
5293,Nikolaj,Lomakin,1890,Savez Sovjetskih Socijalističkih Republika
5294,Mark,Brejk,1988,Francuska
5295,Džon,Čejz,1988,Ujedinjeno Kraljevstvo
5296,Aleksandr,Kirienko,1967,Srbija
5297,Igor,Koljada,1982,Rusija
5298,Vladimir,Milko,1975,Rusija
5299,Igor,Pihalov,1973,Ujedinjeno Kraljevstvo
5300,Niki,Singer,1981,Sjedinjene Američke Države
5301,Robert,Koler,1987,Sjedinjene Američke Države
5302,Erik-Emmanjuel,Šmitt,1963,Rusija
5303,Džuli,Starr,1965,Ujedinjeno Kraljevstvo
5304,Dmitrij,Truhan,1970,Rusija
5305,Inna,Viktorova,1977,Rusija
5306,Larisa,Tarasova,1961,Kanada
5307,Hju,Tomas,1980,Francuska
5308,Jurij,Lubočkin,1995,Ujedinjeno Kraljevstvo
5309,Larri,Niven,1938,Sjedinjene Američke Države
5310,Aleks,Kosta,1982,Brazil
5311,S.,Suvorova,1958,Rusija
5312,S.,Gilenkova,1967,Rusija
5313,Kirill,Dranovskij,1981,Sjedinjene Američke Države
5314,Tilli,Koul,1983,Ujedinjeno Kraljevstvo
5315,Vladimir,Bočarov,1989,Rusija
5316,Oleg,Torsunov,1979,Rusija
5317,Blez,Paskal,1623,Kraljevstvo Francuska
5318,Lev,Ajzerman,1956,Sjedinjene Američke Države
5319,Alafer,Bjork,1965,Rusija
5320,Ernest Alfred Uollis,Badž,1959,Sjedinjene Američke Države
5321,Karl,Lanc,1974,Ujedinjeno Kraljevstvo
5322,Ivan,Kuznecov,1987,Rusija
5323,Feliks,Varnas,1965,Rusija
5324,Marija,Timofeeva,1973,Ujedinjeno Kraljevstvo
5325,Vladislav,Derevjaškin,1963,Rusija
5326,Tim,Lebbon,1969,Ujedinjeno Kraljevstvo
5327,Alisa,Poli,1994,Sjedinjene Američke Države
5328,Ester,Perel,1958,Belgija
5329,Vi,Karvin,1984,Ujedinjeno Kraljevstvo
5330,Margarita,Zemljanskaja,1969,Rusija
5331,Natalja,Kireeva,1968,Rusija
5332,M.,Jakovlev,1952,Sjedinjene Američke Države
5333,Viktor,Merkušev,1988,Nemačka
5334,Viktorija,Smirnova,1967,Rusija
5335,Roman,Bulgar,1965,Sjedinjene Američke Države
5336,Gurija,Murklinskaja,1962,Ujedinjeno Kraljevstvo
5337,Natali,Jakobson,1953,Rusija
5338,Marija,Mezenceva,1988,Italija
5339,Meri,Karr,1874,Sjedinjene Američke Države
5340,Igor,Sluckij,1962,Nemačka
5341,Taljana,Orlova,1965,Rusija
5342,Georgij,Lopatin,1982,Srbija
5343,Ulrih,Djupre,1951,Italija
5344,Viktor,Goljavkin,1958,Ujedinjeno Kraljevstvo
5345,Leonid,Panteleev,1948,Savez Sovjetskih Socijalističkih Republika
5346,Mihail,Koršunov,1973,Ujedinjeno Kraljevstvo
5347,Leonid,Kaminskij,1945,Kanada
5348,Sergej,Mahotin,1944,Nemačka
5349,Natalja,Sitina,1979,Nemačka
5350,Ljusi,Poel,1955,Francuska
5351,Vasilij,Vodovozov,1825,Ruska Imperija
5352,Andrey,Mansurov,1979,Sjedinjene Američke Države
5353,Vjačeslav,Pšeničnikov,1986,Rusija
5354,protoierej Aleksej,Uminskij,1986,Rusija
5355,Rensom,Riggz,1979,Sjedinjene Američke Države
5356,Deni,Vrai,1967,Francuska
5357,Ekaterina,Šaškova,1985,Rusija
5358,Jurij,Suško,1962,Nemačka
5359,Met,Ficdžerald,1977,Japan
5360,Kristofer,Hili,1960,Rusija
5361,Rin,Čupeko,1972,Rusija
5362,Natalija,Antonova,1972,Sjedinjene Američke Države
5363,Alina,Rozanova,1994,Italija
5364,Ameli,Notomb,1966,Belgija
5365,Vladimir,Čerevanskij,1932,Sjedinjene Američke Države
5366,Džon,Kavana,1986,Ujedinjeno Kraljevstvo
5367,Luiza Mej,Olkott,1832,Sjedinjene Američke Države
5368,Diana,Setterfild,1964,Ujedinjeno Kraljevstvo
5369,Marija,Vaneeva,1986,Rusija
5370,Džejms,Grinvud,1835,Ujedinjeno Kraljevstvo
5371,Tatjana,Brodskih,1967,Poljska
5372,Džejms,Mur,1985,Ujedinjeno Kraljevstvo
5373,Aleksandr,Filin,1996,Rusija
5374,Svetlana,Dobičina,1946,Rusija
5375,Vendi,Holden,1981,Rusija
5376,Lev,Simkin,1983,Rusija
5377,Andrej,Paranič,1984,Sjedinjene Američke Države
5378,Džejms,Frej,1969,Sjedinjene Američke Države
5379,Nils,Džonson-Šelton,1973,Rusija
5380,Fiona,Harper,1976,Francuska
5381,Nikolaj,Modestov,1980,Rusija
5382,Vlada,Jureva,1991,Ujedinjeno Kraljevstvo
5383,Patti,Smit,1946,Sjedinjene Američke Države
5384,Džejms,Borg,1966,Ujedinjeno Kraljevstvo
5385,Stiven,Denning,1944,Australija
5386,Valentina,Ostrovskaja,1968,Ujedinjeno Kraljevstvo
5387,Nadežda,Voronova,1966,Sjedinjene Američke Države
5388,Fridrih,Gerštekker,1816,Hamburg
5389,Vitalij,Gitt,1974,Italija
5390,Mihail,Judin,1893,Savez Sovjetskih Socijalističkih Republika
5391,Horst,Gerlah,1931,Rusija
5392,Sergej,Ščerbakov,1986,Rusija
5393,Konstantin,Gajoho,1958,Rusija
5394,Evgenij,Kuznecov,1972,Rusija
5395,Pjotr,Krilov,1987,Ukrajina
5396,Genri,Marš,1961,Rusija
5397,Lessa,Kauri,1980,Sjedinjene Američke Države
5398,Gaston,Leru,1868,Francuska
5399,Evgenija,Vituško,1991,Ujedinjeno Kraljevstvo
5400,Viktor,Soldatkin,1967,Rusija
5401,Vladimir,Krilov,1984,Rusija
5402,Aleksej,Perehov,1979,Rusija
5403,Vadim,Rudnev,1958,Rusija
5404,Gera,Treer,1971,Rusija
5405,Ljubov,Orlova,1902,Savez Sovjetskih Socijalističkih Republika
5406,Lana,Volkova,1975,Ujedinjeno Kraljevstvo
5407,Vladimir,Mirkin,1972,Italija
5408,Džodi,Foster,1962,Sjedinjene Američke Države
5409,Mišel,Džoj,1970,Rusija
5410,Lejni,Tejlor,1971,Sjedinjene Američke Države
5411,Elizaveta,Čislova,1994,Rusija
5412,Gennadij,Loginov,1930,Poljska
5413,Nestor,Kotljarevskij,1863,Savez Sovjetskih Socijalističkih Republika
5414,Svetlana,Kuzina,1984,Kanada
5415,Prepodobnij Ioann,Damaskin,1881,Rusija
5416,Naira,Alides,1967,Sjedinjene Američke Države
5417,Mett,Hejg,1975,Ujedinjeno Kraljevstvo
5418,Anna,Koškina,1962,Rusija
5419,Nikolaj,Samojlov,1718,Japan
5420,Emma,Kan,1990,Sjedinjene Američke Države
5421,Vjačeslav,Poljakov,1976,Sjedinjene Američke Države
5422,Viktor,Kaljužnij,1947,Rusija
5423,Svetlana,Cvetkova,1966,Rusija
5424,Aleksandr,Konstantinov,1913,Savez Sovjetskih Socijalističkih Republika
5425,Džozef,Džejkobs,1987,Sjedinjene Američke Države
5426,Malenka,Ramos,1968,Sjedinjene Američke Države
5427,Kristal,Sazerlend,1983,Francuska
5428,Kollin,Glison,1988,Rusija
5429,E.,Gejsler,1972,Rusija
5430,Fazil,Iskander,1929,Rusija
5431,Vera,Preobraženskaja,1919,Rusija
5432,Veronika,Seredenko,1971,Rusija
5433,Aleksej,Djomičev,1969,Rusija
5434,Irina,Kuhtik,1980,Rusija
5435,Olga,Sidoruk,1984,Rusija
5436,Aleksej,Muhin,1974,Rusija
5437,Anastasija,Gafarova,1992,Rusija
5438,Dmitrij,Karpin,1969,Nemačka
5439,ieromonah Makarij,Markiš,1969,Sjedinjene Američke Države
5440,Dmitrij,Kulikov,1977,Estonija
5441,Gija,Saralidze,1973,Sjedinjene Američke Države
5442,Boris,Stadničuk,1959,Sjedinjene Američke Države
5443,Saša,Gromova,1961,Sjedinjene Američke Države
5444,Lika,Radužnaja,1970,Rusija
5445,Aleks,Lang,1979,Rusija
5446,Helen,Limonova,1965,Poljska
5447,Olga,Švecova,1985,Rusija
5448,Aleksandr,Teuščakov,1979,Ujedinjeno Kraljevstvo
5449,Benito,Galdos,1843,Španija
5450,Evgenij,Nikonenko,1942,Rusija
5451,Oksana,Lesli,1989,Rusija
5452,Vjačeslav,Kondratev,1974,Rusija
5453,Sergej,Stopalov,1970,Rusija
5454,Ivan,Žmihov,1901,Rusija
5455,Aleksandr,Čelnokov,1963,Francuska
5456,Vasilij,Cap,1985,Sjedinjene Američke Države
5457,Anni,Bezant,1847,Ujedinjeno Kraljevstvo
5458,Karl,Kantor,1944,Ujedinjeno Kraljevstvo
5459,Jurij,Rajn,1987,Rusija
5460,Ljubov,Karpenko,1990,Italija
5461,Arkadij,Zastirec,1959,Rusija
5462,Nadežda,Bogatireva,1959,Rusija
5463,Iv,Preston,1986,Ujedinjeno Kraljevstvo
5464,Pavla,Ripinskaja,1980,Rusija
5465,Igor,Vagin,1988,Ujedinjeno Kraljevstvo
5466,Marjana,Surikova,1988,Francuska
5467,Anna,Snokstra,1979,Nemačka
5468,Artem,Zajcev,1968,Srbija
5469,Sofja,Prokofeva,1932,Srbija
5470,Anželika,Reznik,1988,Rusija
5471,Debbi,Makomber,1948,Sjedinjene Američke Države
5472,Elena,Sozončuk,1951,Italija
5473,Aleksandr,Sozončuk,1978,Rusija
5474,Luiza,Uolters,1975,Rusija
5475,Inessa,Nežnaja,1994,Rusija
5476,Ljubov,Krilova,1937,Sjedinjene Američke Države
5477,Vjačeslav,Šestakov,1962,Srbija
5478,Natalija,Vesenina,1977,Rusija
5479,Pіter,Straub,1947,Sjedinjene Američke Države
5480,Stiv,Voznjak,1950,Sjedinjene Američke Države
5481,Džina,Smit,1957,Kanada
5482,Natalja,Jabločkova,1992,Sjedinjene Američke Države
5483,Regina,Opus,1932,Rusija
5484,Stanislav,Kučer,1965,Nemačka
5485,Vladimir,Hulap,1988,Sjedinjene Američke Države
5486,Ichak,Adizes,1937,Severna Makedonija
5487,Georgij,Kasparov,1990,Rusija
5488,Toni,Harman,1981,Srbija
5489,Aleks,Uejkford,1967,Ujedinjeno Kraljevstvo
5490,Sara,Rajner,1956,Rusija
5491,Kristina,Dalčer,1990,Sjedinjene Američke Države
5492,Aleksandr,Suhovo-Kobilin,1817,Ruska Imperija
5493,Vasilij,Smetanin,1974,Ujedinjeno Kraljevstvo
5494,Andrej,Kadikov,1946,Nemačka
5495,Jana,Lehčina,1979,Nemačka
5496,Karina,Mikirtumova,1990,Rusija
5497,Valentina,Žadenova,1974,Rusija
5498,Juval Noj,Harari,1976,Izrael
5499,Viktor,Burmistrov,1988,Francuska
5500,Džim,Beggott,1967,Rusija
5501,Donella,Medouz,1941,Sjedinjene Američke Države
5502,Helena,Sobolevskaja,1977,Nemačka
5503,Dejl,Karnegi,1888,Sjedinjene Američke Države
5504,Karina,Rubljova,1934,Rusija
5505,Nadežda,Efremova,1989,Rusija
5506,Natalja,Lisina,1959,Rusija
5507,Džon,Parkin,1968,Francuska
5508,Aleksandr,Kesler,1992,Sjedinjene Američke Države
5509,Aleksandra,Čerepanova,1986,Rusija
5510,Evgenij,Vinokurov,1925,Rusija
5511,Džejson,Martinson,1981,Rusija
5512,Noa,Goldštejn,1983,Ujedinjeno Kraljevstvo
5513,Olga,Ušakova,1827,Sjedinjene Američke Države
5514,Pavel,Andreev,1972,Rusija
5515,Uorren,Ellis,1968,Ujedinjeno Kraljevstvo
5516,Džia,Džiang,1984,Nemačka
5517,Vladimir,Kozlov,1959,Savez Sovjetskih Socijalističkih Republika
5518,Vladimir,Andrianov,1928,Savez Sovjetskih Socijalističkih Republika
5519,Sintija,Iden,1984,Sjedinjene Američke Države
5520,Tolkin,R.,1978,Rusija
5521,Amanda,Prouz,1990,Kanada
5522,Ranas,Nigmati,1987,Rusija
5523,Emi,Ralf,1975,Sjedinjene Američke Države
5524,Elena,Imanbaeva,1987,Sjedinjene Američke Države
5525,Dženis,Linn,1974,Nemačka
5526,Vasilij,Fomin,1888,Francuska
5527,Anastasija,Istomina,1978,Japan
5528,Andrej,Lisev,1963,Sjedinjene Američke Države
5529,Aleksej,Zlobin,1938,Rusija
5530,Konstantin,Bojandin,1959,Rusija
5531,Januš,Korčak,1878,Druga poljska republika
5532,Ejmi,Song,1961,Srbija
5533,Le,Korbjuze,1887,Švajcarska
5534,Filipp,Kuzmenko,1971,Sjedinjene Američke Države
5535,Džajls Litton,Streči,1892,Sjedinjene Američke Države
5536,Denis,Muhin,1988,Rusija
5537,Mettju,Uolker,1981,Sjedinjene Američke Države
5538,Arnold Van De,Laar,1987,Rusija
5539,German,Melvill,1819,Sjedinjene Američke Države
5540,Vera,Popova,1889,Savez Sovjetskih Socijalističkih Republika
5541,Iehezkel,Madanes,1972,Sjedinjene Američke Države
5542,Rut,Madanes,1978,Ujedinjeno Kraljevstvo
5543,Ivan,Andrjuščenko,1969,Francuska
5544,Folker,Kučer,1962,Nemačka
5545,Elena,Loginova,1952,Francuska
5546,Katrin,Čidži,1974,Sjedinjene Američke Države
5547,Vjačeslav,Moročko,1933,Rusija
5548,Marija,Kruz,1960,Sjedinjene Američke Države
5549,Majkl,Mar,1973,Rusija
5550,Marija,Ostrovskaja,1884,Ruska Imperija
5551,Roman,Sef,1949,Ujedinjeno Kraljevstvo
5552,Andrej,Dmitriev,1957,Savez Sovjetskih Socijalističkih Republika
5553,Nora,Roberts,1950,Sjedinjene Američke Države
5554,Aleksej,Bucajlo,1962,Italija
5555,Aleksandr,Budnikov,1967,Rusija
5556,Anastasija,Budnikova,1991,Ujedinjeno Kraljevstvo
5557,Aleksandr,Trubnikov,1975,Italija
5558,Vladimir,Kontrovskij,1965,Rusija
5559,Čarlz,Todd,1975,Rusija
5560,Majkl,Spenser,1966,Rusija
5561,Džo,Ouen,1979,Sjedinjene Američke Države
5562,Ivan,Medvedev,1970,Rusija
5563,Ruslan,Erofeev,1972,Rusija
5564,Ivan,Vologdin,1986,Ujedinjeno Kraljevstvo
5565,Larisa,Melik,1984,Rusija
5566,Trevor,Noj,1984,Južnoafrička Republika
5567,Igor,Vardunas,1957,Francuska
5568,Ivan,Kalberak,1970,Francuska
5569,Aleksej,Šolohov,1970,Savez Sovjetskih Socijalističkih Republika
5570,Ioann,Lestvičnik,1877,Vizantijsko carstvo
5571,Olja,Šarovi,1968,Rusija
5572,Jurij,Garmaev,1967,Francuska
5573,Anna,Dovbiš,1981,Rusija
5574,Karl,Horunžij,1996,Srbija
5575,Albina,Desnickaja,1956,Rusija
5576,Anatolij,Rohvarger,1990,Rusija
5577,Mila,Tumanova,1991,Rusija
5578,Gennadij,Lučkov,1984,Rusija
5579,Oksana,Ovčinnikova,1959,Rusija
5580,Pavel,Maluev,1959,Sjedinjene Američke Države
5581,E.,Lebedeva,1985,Rusija
5582,Tamara,Zjurnjaeva,1963,Rusija
5583,Dmitrij,Kulikovskij,1961,Italija
5584,Іvan,Franko,1962,Ujedinjeno Kraljevstvo
5585,Lena,Sokol,1977,Rusija
5586,Adam,Makdauell,1965,Rusija
5587,Aleksandr,Galin,1947,Rusija
5588,Arčibald,Kronin,1897,Rusija
5589,Evgenij,Krasnickij,1978,Ujedinjeno Kraljevstvo
5590,Elena,Kuznecova,1977,Kazahstan
5591,Irina,Grad,1968,Sjedinjene Američke Države
5592,Devid Allen,Karp,1986,Sjedinjene Američke Države
5593,Ljudmila,Gurlamskaja,1972,Sjedinjene Američke Države
5594,Igor,Šabelnikov,1991,Rusija
5595,Brett,Finlej,1974,Sjedinjene Američke Države
5596,Mari-Kler,Arrieta,1989,Rusija
5597,Ivan,Lapin,1983,Rusija
5598,Alan,Bjordik,1960,Poljska
5599,Derek,Čepmen,1986,Sjedinjene Američke Države
5600,Natalija,Jaroslavceva,1977,Rusija
5601,Galina,Zahvatova,1963,Rusija
5602,Egor,Gord,1978,Nemačka
5603,Sergej,Sungirskij,1969,Sjedinjene Američke Države
5604,Konstantin,Dudin,1964,Sjedinjene Američke Države
5605,Julija,Variun,1973,Nemačka
5606,Vadim,Kožinov,1976,Francuska
5607,Megan,Hart,1983,Sjedinjene Američke Države
5608,Klark,Miller,1938,Sjedinjene Američke Države
5609,Viktor,Glumov,1968,Rusija
5610,N.,Skott,1988,Ujedinjeno Kraljevstvo
5611,Marina,Bojkova-Galjani,1957,Kanada
5612,Lada,Luzina,1972,Ukrajina
5613,Sergej,Zajcev,1957,Sjedinjene Američke Države
5614,Žanna,Lamm,1944,Ujedinjeno Kraljevstvo
5615,Tamara,Uskova,1974,Sjedinjene Američke Države
5616,Viktorija,Orlova,1964,Rusija
5617,Ljudmila,Dubiničeva,1981,Rusija
5618,Otar,Kušanašvili,1970,Rusija
5619,arhimandrit Kirill,(Pavlov),1977,Italija
5620,Elena Skammakka del,Murgo,1983,Poljska
5621,Viktor,Ugarov,1995,Rusija
5622,Olga,Skrementova,1962,Sjedinjene Američke Države
5623,Iraklij,Šanidze,1970,Rusija
5624,Vjačeslav,Letunovskij,1967,Japan
5625,Olga,Gerr,1993,Rusija
5626,Džuzeppe,Garibaldi,1807,Francuska
5627,Grethen,Rubin,1965,Sjedinjene Američke Države
5628,Frensis Eliza Hodžson,Bjornett,1849,Sjedinjene Američke Države
5629,Konstantin,Penzev,1961,Rusija
5630,Aleksej,Muravev,1970,Rusija
5631,Darja,Krašeninnikova,1940,Sjedinjene Američke Države
5632,Georgij,Lanskoj,1983,Sjedinjene Američke Države
5633,Mihail,Polikarpov,1968,Rusija
5634,Aleksandr,Dunaenko,1990,Sjedinjene Američke Države
5635,Vera,Motornaja,1990,Ujedinjeno Kraljevstvo
5636,Genrik,Ibsen,1828,Norveška
5637,Darja,Koževnikova,1987,Rusija
5638,Anna,Gavalda,1970,Francuska
5639,Lora,Dojl,1962,Italija
5640,Fridrih,Tiberger,1949,Sjedinjene Američke Države
5641,Aleksandra,Kozlova,1997,Rusija
5642,Vladimir,Ključnikov,1970,Ujedinjeno Kraljevstvo
5643,Boris,Zajcev,1881,Francuska
5644,Aleksandr,Kukuškin,1968,Rusija
5645,Marija,Davidova,1983,Sjedinjene Američke Države
5646,Pavel,Hajlov,1964,Srbija
5647,Serž,Best,1945,Rusija
5648,Nensi,Holder,1961,Rusija
5649,Aleksej,Imp,1962,Italija
5650,Ivan,Podrigin,1980,Sjedinjene Američke Države
5651,Svetlana,Bičkova,1964,Rusija
5652,Dina,Badmaeva,1985,Rusija
5653,Artur,Vasilevskij,1966,Rusija
5654,Konstantin,Čit,1988,Sjedinjene Američke Države
5655,Mark,Mahlin,1963,Italija
5656,Larisa,Petrovskaja,1982,Rusija
5657,Kajl,Grej,1975,Rusija
5658,Zulfju,Livaneli,1959,Rusija
5659,Nina,Anosova,1949,Rusija
5660,Viktor,Melnikov,1914,Rusija
5661,Olga,Bojko,1941,Rusija
5662,Vladimir,Blagov,1989,Rusija
5663,Gaj,Sever,1981,Italija
5664,Olga,Kamelina,1963,Rusija
5665,Lena,Arden,1969,Rusija
5666,Julija,Ivanova,1974,Nemačka
5667,Ivan,Nikitčuk,1974,Rusija
5668,Olga,Vanina,1992,Rusija
5669,Anatolij,Kljosov,1946,Sjedinjene Američke Države
5670,Alessandro,Barikko,1958,Italija
5671,Tatjana,Bočkova,1977,Ujedinjeno Kraljevstvo
5672,Selin,Alvares,1969,Rusija
5673,Vitalij,Sundakov,1959,Rusija
5674,Boris,Grojs,1958,Poljska
5675,Nina,Sofieva,1989,Francuska
5676,Sjuzanna,Klark,1959,Ujedinjeno Kraljevstvo
5677,Boris,Gass,1972,Francuska
5678,Gaj,Sebeus,1944,Ujedinjeno Kraljevstvo
5679,Elena,Vilar,1968,Rusija
5680,Dmitrij,Ilin,1968,Rusija
5681,Elina,Lisovskaja,1976,Rusija
5682,Marija,Roše,1987,Nemačka
5683,Elena,Izotova,1967,Rusija
5684,Vasile,Alekson,1943,Rusija
5685,Anna,Miči,1967,Rusija
5686,Igor,Agafonov,1973,Rusija
5687,Vitalij,«Afrika»,1981,Rusija
5688,Igor,Nazarov,1949,Rusija
5689,Aleksej,Kungurov,1975,Rusija
5690,Jurij,Oleša,1877,Srbija
5691,Brett,Bljumental,1968,Sjedinjene Američke Države
5692,Robert,Nemov,1961,Sjedinjene Američke Države
5693,Derek,Džonson,1939,Poljska
5694,Tara,Vestover,1986,Sjedinjene Američke Države
5695,Vadim,Dozorcev,1936,Nemačka
5696,Miranda,Li,1967,Ujedinjeno Kraljevstvo
5697,Jana,Frank,1980,Nemačka
5698,Sergej,Galihin,1966,Rusija
5699,Jurij,Kurilov,1953,Ujedinjeno Kraljevstvo
5700,Viktorija,Aleksander,1973,Srbija
5701,Dmitrij,Koval,1918,Savez Sovjetskih Socijalističkih Republika
5702,Ana,Adari,1986,Sjedinjene Američke Države
5703,Brendon,Sanderson,1975,Sjedinjene Američke Države
5704,Aleksej,Kovalkov,1984,Sjedinjene Američke Države
5705,Anand,Dilvar,1982,Nemačka
5706,Dart,Makmende,1965,Ujedinjeno Kraljevstvo
5707,Aleksandr,Kovanov,1944,Rusija
5708,Aleksandr,Rogov,1901,Savez Sovjetskih Socijalističkih Republika
5709,Maksim,Nazarov,1966,Srbija
5710,Petr,Kateriničev,1942,Rusija
5711,Sbornik,stihov,1960,Francuska
5712,Donna,Harauej,1944,Sjedinjene Američke Države
5713,Hizer,Grem,1963,Ujedinjeno Kraljevstvo
5714,Rustem,Safiullin,1964,Rusija
5715,Aleksandr,Fedotov,1971,Rusija
5716,Oleg,Vinogradov,1984,Estonija
5717,Nikolaj,Starikov,1970,Rusija
5718,Ksenija,Černova,1965,Italija
5719,Ljubov,Smirnova,1984,Rusija
5720,Ljudmila,Lapina,1966,Ujedinjeno Kraljevstvo
5721,Barbara,Hannej,1976,Rusija
5722,Sara,Uinman,1979,Sjedinjene Američke Države
5723,Omar,Hajjam,1048,Seldžučko carstvo
5724,Mihail,Raduga,1974,Rusija
5725,Mihail,Bulatov,1946,Rusija
5726,Ivan,Issakov,1949,Sjedinjene Američke Države
5727,Olga,Pleskan,1967,Ujedinjeno Kraljevstvo
5728,Alisa,Ivanova,1988,Sjedinjene Američke Države
5729,Olga,Svistunova,1981,Rusija
5730,Oleg,Ivanov,1985,Sjedinjene Američke Države
5731,Irina,Bezrukova,1965,Rusija
5732,Stiven,Hanter,1946,Sjedinjene Američke Države
5733,Aleksandr,Sanfirov,1973,Sjedinjene Američke Države
5734,Elena,Galinovskaja,1954,Rusija
5735,Viktorija,Šilkina,1951,Rusija
5736,Fergjus,Hjum,1859,Ujedinjeno Kraljevstvo
5737,Eleonora,Ratkevič,1965,Rusija
5738,Ejlin,O'Konnor,1970,Srbija
5739,Anastasija,Parfenova,1964,Francuska
5740,Anthony,Hope,1987,Rusija
5741,Karl,Sjuell,1943,Sjedinjene Američke Države
5742,Pol,Braun,1974,Rusija
5743,Leonid,Bogdanovič,1955,Sjedinjene Američke Države
5744,Nikolaj,Fedotkin,1982,Rusija
5745,Timur,Šakov,1988,Rusija
5746,Varja,Mednaja,1971,Rusija
5747,Nadja,Germann,1971,Ujedinjeno Kraljevstvo
5748,Sergej,Šargunov,1980,Rusija
5749,Sergej,Abanin,1990,Srbija
5750,Konstantin,Harskij,1977,Rusija
5751,Vladimir,Putin,1973,Rusija
5752,Rinat,Valiulin,1990,Francuska
5753,Anastasija,Bulgakova,1978,Ujedinjeno Kraljevstvo
5754,Marina,Turovskaja,1984,Francuska
5755,Olga,Karpovič,1985,Sjedinjene Američke Države
5756,Emili,Suvada,1991,Rusija
5757,Marek,Halter,1936,Poljska
5758,Sergej,Kim,1978,Rusija
5759,Evgenij,Plotnikov,1972,Rusija
5760,Oleg,Nikitin,1989,Rusija
5761,Gočmurad,Gutliev,1962,Rusija
5762,Arsenij,Bek,1990,Rusija
5763,Alevtina,Afanaseva,1966,Poljska
5764,Jan,Larri,1883,Rusija
5765,Šad,Helmstetter,1962,Sjedinjene Američke Države
5766,Aleksej,Zinin,1959,Italija
5767,Egor,Titov,1976,Rusija
5768,Kler,Siber,1989,Rusija
5769,Džessika,Kluss,1968,Rusija
5770,Margaret,Makfi,1977,Rusija
5771,Džennifer,Lopes,1969,Sjedinjene Američke Države
5772,A.,Gopačenko,1977,Rusija
5773,Dino,Buccati,1906,Italija
5774,Vladislav,Savin,1967,Ujedinjeno Kraljevstvo
5775,Tamara,Savič,1991,Italija
5776,Marija,Aber,1984,Rusija
5777,Vladimir,Lihovid,1990,Rusija
5778,Justejn,Gorder,1952,Norveška
5779,Meggi,Grinvud-Robinson,1957,Sjedinjene Američke Države
5780,Sjuzan,Klejner,1993,Kanada
5781,Darja,Bikova,1989,Ujedinjeno Kraljevstvo
5782,Mihail,Lvov,1964,Ujedinjeno Kraljevstvo
5783,Konstantin,Komarov,1983,Rusija
5784,Ljudmila,Arhipova,1987,Rusija
5785,Nikolaj,Strahov,1823,Sjedinjene Američke Države
5786,Natalija,Sorokopud,1978,Rusija
5787,Evgenija,Mejz,1981,Rusija
5788,Olimpiad,Ioffe,1920,Sjedinjene Američke Države
5789,Ekaterina,Pomazanova,1960,Rusija
5790,Lora,Barnett,1989,Sjedinjene Američke Države
5791,Ulof,Lagerkranc,1911,Švedska
5792,Alessija Marija,Koda,1985,Rusija
5793,Džejk,Persi,1957,Rusija
5794,Kejt,Persi,1967,Sjedinjene Američke Države
5795,Vitalij,Tretjakov,1979,Rusija
5796,Natalja,Gromova,1970,Sjedinjene Američke Države
5797,Svetlana,Velesova,1963,Francuska
5798,Natalja,Šatrova,1974,Rusija
5799,Liana,Fatihova,1994,Japan
5800,Ljusi,Uorsli,1973,Ujedinjeno Kraljevstvo
5801,Anna,Luna,1987,Italija
5802,Sergej,Polozkov,1974,Poljska
5803,Sajmon,Šama,1945,Ujedinjeno Kraljevstvo
5804,Maksim,Kovalevskij,1971,Nemačka
5805,Sergej,Nečaev,1983,Sjedinjene Američke Države
5806,Konstantin,Parhomenko,1991,Ukrajina
5807,Gordon,Korman,1963,Kanada
5808,Fedor,Novikov,1971,Rusija
5809,Vjačeslav,Dorot,1957,Rusija
5810,Lina,Ličman,1957,Rusija
5811,Mark,Vanhunaker,1971,Rusija
5812,Natalja,Aleeva,1981,Nemačka
5813,Pol,Klejnman,1968,Srbija
5814,Nikolaj,Načihaev,1933,Japan
5815,Ekaterina,Zueva,1973,Sjedinjene Američke Države
5816,Julija,Černova,1945,Sjedinjene Američke Države
5817,JuNaVi,JuNaVi,1977,Rusija
5818,Arsenij,Kožuhov,1984,Sjedinjene Američke Države
5819,Violetta,Jakunina,1956,Rusija
5820,Volf,Aaken,1980,Rusija
5821,Sergej,Miljutin,1993,Rusija
5822,Uinston,Grem,1908,Ujedinjeno Kraljevstvo
5823,Meri,Lju,1970,Japan
5824,Svetlana,Tulina,1969,Srbija
5825,Andrej,Maligin,1983,Rusija
5826,Aleksandr,Vvedenskij,1904,Savez Sovjetskih Socijalističkih Republika
5827,Dej,Lekler,1969,Rusija
5828,Vladimir,Petrovskij,1960,Rusija
5829,David,Kipnis,1974,Nemačka
5830,Olga,Ivuškina,1990,Sjedinjene Američke Države
5831,Nikolaj,Zaharov,1966,Rusija
5832,Anna,Ermolaeva,1970,Rusija
5833,Keti,Denoski,1958,Rusija
5834,Elena,Židkova,1986,Sjedinjene Američke Države
5835,V.,Ždanov,1970,Ujedinjeno Kraljevstvo
5836,I.,Ždanov,1981,Sjedinjene Američke Države
5837,Ju.,Milodanova,1967,Ujedinjeno Kraljevstvo
5838,Lavanda,Nimbruk,1982,Srbija
5839,Elena,Ribalčenko,1978,Ujedinjeno Kraljevstvo
5840,Anna,Zajceva,1987,Ujedinjeno Kraljevstvo
5841,Elena,Petrova,1989,Estonija
5842,Andrej,Makarevič,1953,Rusija
5843,Vladimir,Malik,1932,Ujedinjeno Kraljevstvo
5844,Nadežda,Tataru,1970,Rusija
5845,Tatjana,Volkova,1974,Savez Sovjetskih Socijalističkih Republika
5846,Anžela,Bissel,1972,Sjedinjene Američke Države
5847,Julija,Solnce,1969,Ujedinjeno Kraljevstvo
5848,Vladimir,Sokolov,1971,Sjedinjene Američke Države
5849,Edmon,Laduset,1993,Rusija
5850,Valerij,Zažickij,1976,Francuska
5851,Viktor,Koneckij,1932,Sjedinjene Američke Države
5852,Grem,Masterton,1960,Rusija
5853,Olga,Kislova,1986,Rusija
5854,Aleksandra,Ronis,1963,Ujedinjeno Kraljevstvo
5855,Aleksandr,Gribanov,1991,Sjedinjene Američke Države
5856,Tatjana,Čujkina,1939,Sjedinjene Američke Države
5857,Tina,Silig,1981,Rusija
5858,Vladimir,Perepekin,1963,Ujedinjeno Kraljevstvo
5859,Natalija,Fedorenko,1940,Rusija
5860,Gabriel Garsia,Markes,1918,Nemačka
5861,Aleksandr,Žolkovskij,1976,Rusija
5862,Jurij,Ščeglov,1986,Nemačka
5863,Oleg,Dolskij,1990,Nemačka
5864,Vladislav,Dorofeev,1952,Ujedinjeno Kraljevstvo
5865,Tatjana,Kostileva,1981,Rusija
5866,O.,Gorbunkova,1965,Sjedinjene Američke Države
5867,Nikolaj,Rostov,1946,Rusija
5868,Olga,Vega,1973,Sjedinjene Američke Države
5869,Aleksej,Jarcev,1991,Rusija
5870,Marfa,Uškina,1984,Sjedinjene Američke Države
5871,Rendall,Silvis,1985,Rusija
5872,Hans,Hagemann,1964,Francuska
5873,Friderika,Fabricius,1994,Rusija
5874,Jurij,Lapigin,1977,Rusija
5875,Denis,Lapigin,1967,Francuska
5876,Andrej,Lomačinskij,1972,Rusija
5877,Karl,Rodžers,1902,Sjedinjene Američke Države
5878,Aleksandr,Pilcin,1959,Nemačka
5879,Regina,Lisovskaja,1991,Rusija
5880,Ekaterina,Aleksandrova,1994,Rusija
5881,Elvira,Zajceva,1989,Rusija
5882,Julija,Ustinova,1954,Sjedinjene Američke Države
5883,Abdul,al-Hazred,1989,Sjedinjene Američke Države
5884,Raisa,Rodionova,1961,Rusija
5885,Viktor,Sebin,1956,Sjedinjene Američke Države
5886,Mett,Ejveri,1979,Rusija
5887,Džon,Bellers,1938,Sjedinjene Američke Države
5888,Nadežda,Nenahova,1963,Italija
5889,Mihail,Gornostaev,1979,Rusija
5890,Žak,Delarju,1919,Francuska
5891,Lusija,Berlin,1959,Sjedinjene Američke Države
5892,Andrey,Kuznetsov,1986,Rusija
5893,Sergej,Komov,1979,Ujedinjeno Kraljevstvo
5894,Henk,Rajan,1957,Francuska
5895,Mila,Fomina,1965,Rusija
5896,Oksana,Dupljakina,1985,Rusija
5897,Slava,Se,1969,Letonija
5898,Saša,Morozov,1968,Sjedinjene Američke Države
5899,Nikolaj,Risjov,1956,Rusija
5900,Sergej,Šabanov,1986,Italija
5901,Alena,Alešina,1965,Rusija
5902,Donald,Tramp,1946,Sjedinjene Američke Države
5903,Meredit,Makiver,1975,Francuska
5904,Rejčel,Bejli,1959,Ujedinjeno Kraljevstvo
5905,Sodzi,Simada,1948,Japan
5906,Elena,Bulganova,1993,Srbija
5907,Mithu,Storoni,1990,Italija
5908,Sabrina,Jork,1958,Rusija
5909,Lidija,Pavlenok,1930,Sjedinjene Američke Države
5910,Ellison,Brennan,1961,Italija
5911,Ketrin,Hjuz,1959,Ujedinjeno Kraljevstvo
5912,Vasilij,Korjakovcev,1979,Ujedinjeno Kraljevstvo
5913,Irina,Sčastlivaja,1974,Italija
5914,Jurij,Mori,1992,Srbija
5915,Evgenij,Šiškin,1988,Francuska
5916,Lina,Doroš,1982,Sjedinjene Američke Države
5917,Aleksandr,Visockij,1945,Rusija
5918,S.,Varnavskaja,1948,Ujedinjeno Kraljevstvo
5919,Kozma,Prutkov,1977,Rusija
5920,Natalja,Hmelevskaja,1974,Rusija
5921,Viktor,Junak,1965,Ujedinjeno Kraljevstvo
5922,Robert,Gelbrejt,1986,Nemačka
5923,Kim,Publickij,1948,Sjedinjene Američke Države
5924,Elena,Ušakova,1972,Poljska
5925,Loren,Groff,1978,Sjedinjene Američke Države
5926,Konstantin,Trunin,1992,Rusija
5927,Valdemar,Ljuft,1951,Rusija
5928,Fil,Najt,1938,Sjedinjene Američke Države
5929,Elena,Zolina,1971,Ujedinjeno Kraljevstvo
5930,Viktor,Frankl,1981,Nemačka
5931,Viktor,Frankl,1963,Rusija
5932,Otto fon,Bismark,1815,Kraljevina Pruska
5933,Vladimir,Fomičev,1976,Rusija
5934,Jakov,Radomislskij,1984,Sjedinjene Američke Države
5935,Andrej,Klimnjuk,1932,Sjedinjene Američke Države
5936,Nikolaj,Himič,1982,Nemačka
5937,E.,Morozov,1958,Rusija
5938,Anvar,Bakirov,1962,Ujedinjeno Kraljevstvo
5939,Anatolij,Nutrihin,1974,Sjedinjene Američke Države
5940,Aleksandr,Truhačev,1960,Srbija
5941,Anna,Ivolga,1986,Italija
5942,V.,Varivoda,1988,Rusija
5943,Irina,Taranova,1966,Rusija
5944,Gabriel,Bernštejn,1972,Poljska
5945,Dž.,Lenkford,1989,Nemačka
5946,Hendrik,Grun,1930,Ujedinjeno Kraljevstvo
5947,Jurij,Lukaš,1973,Ujedinjeno Kraljevstvo
5948,Polina,Suhova,1945,Ujedinjeno Kraljevstvo
5949,Allan,Piz,1952,Australija
5950,Barbara,Piz,1950,Australija
5951,Žanett,Kenni,1987,Srbija
5952,Ajven,Čestnij,1985,Rusija
5953,Fatima,Hadueva,1972,Sjedinjene Američke Države
5954,Ivan,Gobzev,1978,Rusija
5955,Salli,Makkenzi,1982,Rusija
5956,Avigdor,Eskin,1960,Rusija
5957,Natalja,Averkieva,1978,Rusija
5958,Julija,Juškova-Borisova,1973,Rusija
5959,Sergej,Borisov,1983,Rusija
5960,Sergej,Strukov,1986,Rusija
5961,igumen Nektarij,Morozov,1963,Sjedinjene Američke Države
5962,Maksim,Žulidov,1971,Sjedinjene Američke Države
5963,Katerina,Sičeva,1980,Rusija
5964,Alen,Bjuizin,1959,Rusija
5965,Julija,German,1994,Sjedinjene Američke Države
5966,Vladimir,Maligin,1948,Ukrajina
5967,Davud,Zulumhanov,1944,Rusija
5968,Marta Holl,Kelli,1968,Sjedinjene Američke Države
5969,Vladimir,Zuev,1956,Rusija
5970,Andrej,Lavin,1989,Ujedinjeno Kraljevstvo
5971,Marija,Kokuhina,1984,Rusija
5972,Kassija,Senina,1976,Poljska
5973,Žozefina,Mutcenbaher,1925,Rusija
5974,Džon,Vajn,1970,Rusija
5975,Mahprat,Muhiddinova,1982,Rusija
5976,Lena,Zelenina,1962,Ujedinjeno Kraljevstvo
5977,Andrej,Abramovskij,1979,Ujedinjeno Kraljevstvo
5978,Aleks,Nadir,1968,Poljska
5979,Andžej,Ejlurus,1991,Poljska
5980,Kristina,Gedoni,1981,Sjedinjene Američke Države
5981,Inna,Živeteva,1987,Rusija
5982,Viktor,Vengard,1971,Rusija
5983,Gejdar,Džemal,1970,Rusija
5984,Džon,Henk,1979,Rusija
5985,Trevis,Mejsi,1962,Ujedinjeno Kraljevstvo
5986,Vladislav,Gončarov,1970,Rusija
5987,Ivan,Koškin,1970,Sjedinjene Američke Države
5988,A.,Masterkov,1976,Rusija
5989,Mihail,Svirin,1966,Rusija
5990,Evgenij,Drig,1957,Rusija
5991,Ljudmila,Grinčenko,1976,Sjedinjene Američke Države
5992,Anna,Veles,1991,Rusija
5993,Inessa,Alenson,1971,Francuska
5994,Igor,Šeleg,1966,Sjedinjene Američke Države
5995,Andrej,Zvonkov,1976,Ujedinjeno Kraljevstvo
5996,Julija,Jakovleva,1859,Ruska Imperija
5997,Dž. R.,Uord,1969,Ujedinjeno Kraljevstvo
5998,Devid,Glanc,1942,Sjedinjene Američke Države
5999,Andre,Žid,1869,Francuska
6000,E.,Gladiševa,1962,Srbija
6001,Greg,Gamilton,1975,Rusija
6002,Robin,Karr,1954,Italija
6003,Inna,Razina,1972,Sjedinjene Američke Države
6004,Eduard,Alkaev,1971,Rusija
6005,Nuri,Halilov,1981,Japan
6006,Sara,Dessen,1970,Sjedinjene Američke Države
6007,Aleksej,Vodovozov,1979,Sjedinjene Američke Države
6008,Igor,Tkačenko,1965,Italija
6009,Ljudmila,Zolotarjova,1937,Nemačka
6010,Viktor,Kovalev,1980,Kazahstan
6011,Deniel,Goulman,1946,Sjedinjene Američke Države
6012,Marina,Feškina,1974,Nemačka
6013,Marietta,Roz,1988,Rusija
6014,Luis,Hamon,1993,Nemačka
6015,Kim,Bolduin,1959,Nemačka
6016,Ksenija,Aleksu,1963,Ujedinjeno Kraljevstvo
6017,Julija,Sergienko,1982,Rusija
6018,Elizabet,Hejter,1969,Srbija
6019,Aleksandr,Bestužev-Marlinskij,1799,Rusija
6020,Juz,Aleškovskij,1929,Sjedinjene Američke Države
6021,Rina,Lesnikova,1966,Italija
6022,Emili,Makkej,1977,Rusija
6023,Ekaterina,Bezimjannaja,1978,Sjedinjene Američke Države
6024,Kozina,Ekaterina,1988,Francuska
6025,Nadežda,Kotelnikova,1967,Francuska
6026,Aleksandr,Bogdanov,1883,Ujedinjeno Kraljevstvo
6027,Kira,Kass,1981,Sjedinjene Američke Države
6028,Meggi Enn,Martin,1992,Rusija
6029,Frida,Nilson,1979,Švedska
6030,Terri,Bruks,1930,Francuska
6031,Pavel,Amnuel,1957,Ujedinjeno Kraljevstvo
6032,Abram,Goldštejn,1987,Sjedinjene Američke Države
6033,Anna,Šahtarova,1963,Rusija
6034,Anton,Lirnik,1976,Ukrajina
6035,Ember,Smit,1971,Sjedinjene Američke Države
6036,Grigorij,Nedelko,1972,Rusija
6037,O.Ja.,Kolesničenko,1945,Francuska
6038,Irina,Siromjatnikova,1965,Rusija
6039,Herold,Litl,1958,Rusija
6040,Valerian,P.,1953,Rusija
6041,Konstantin,Vorobev,1929,Sjedinjene Američke Države
6042,Viktor,Larkin,1973,Rusija
6043,Sergej,Černih,1968,Rusija
6044,Julija,Fedotova,1982,Japan
6045,Natalija,Vodopjanova,1986,Japan
6046,Elena,Starčenkova,1984,Rusija
6047,Elena,Sahno,1976,Ujedinjeno Kraljevstvo
6048,Nial,Fergjuson,1981,Nemačka
6049,Dmitrij,Javornickij,1855,Savez Sovjetskih Socijalističkih Republika
6050,Marija,Čencova,1930,Francuska
6051,Leonid,Juzefovič,1947,Rusija
6052,Stiv,Kemb,1969,Ujedinjeno Kraljevstvo
6053,Džons,Morgan,1963,Sjedinjene Američke Države
6054,Džovanni,Kazanova,1730,Mletačka republika
6055,Nadežda,Andreeva,1924,Rusija
6056,Ljudmila,Sokolova,1972,Rusija
6057,Kristina,Ejhman,1965,Rusija
6058,Mari,Jungstedt,1962,Švedska
6059,Gi de,Rotšild,1909,Francuska
6060,Džordž,Soros,1930,Mađarska
6061,Margarita,Nazarenko,1980,Rusija
6062,Erofej,Trofimov,1959,Ujedinjeno Kraljevstvo
6063,Galina,Panina,1970,Rusija
6064,Matts-Ola,Ishoel,1976,Srbija
6065,Anželika,Lavickaja,1989,Rusija
6066,Sjoren,Kerkegor,1813,Kraljevina Danska
6067,Rolf,Gejts,1986,Francuska
6068,Natalja,Ežova,1961,Srbija
6069,Mihail,Bahtin,1895,Ruska Sovjetska Federativna Socijalistička Republika
6070,Aleksandr,Naumov,1961,Nemačka
6071,Zaza,Burčuladze,1961,Rusija
6072,Asja,Bariševa,1956,Sjedinjene Američke Države
6073,Ekaterina,Kikteva,1969,Poljska
6074,Dmitrij,Rumjancev,1976,Rusija
6075,Natalija,Frankel,1980,Italija
6076,Nikolaj,Nikulin,1979,Rusija
6077,Šon,Bajtell,1975,Ujedinjeno Kraljevstvo
6078,Martin,Borman,1900,Nemačka
6079,Marina,Hrobot,1982,Nemačka
6080,Pen,Farting,1985,Rusija
6081,Žaklin,Sand,1988,Ujedinjeno Kraljevstvo
6082,Aleksandr,Ivančenko,1987,Poljska
6083,Jurij,Arakčeev,1942,Italija
6084,Aleksandr,Šojhet,1987,Sjedinjene Američke Države
6085,Kerolajn,Anderson,1953,Sjedinjene Američke Države
6086,Rupert,Kolli,1976,Rusija
6087,Kris,Pejli,1966,Italija
6088,Anna,Bruša,1980,Srbija
6089,Daniela,Kris,1971,Ujedinjeno Kraljevstvo
6090,R. Dž.,Gedni,1969,Nemačka
6091,Anne,Dar,1961,Italija
6092,Patrik,Greham,1983,Italija
6093,Dmitrij,Ščeglov,1961,Francuska
6094,Svjaščennik Viktor,Grozovskij,1980,Rusija
6095,Vlas,Ušumskij,1974,Rusija
6096,Aleksandr,Čerkašov,1943,Italija
6097,Anastasija,Koroljova,1983,Uzbekistan
6098,Vladimir,Uljanov,1968,Nemačka
6099,Tit Nat,Han,1962,Sjedinjene Američke Države
6100,Nen,Džojs,1957,Sjedinjene Američke Države
6101,Surja,Das,1981,Francuska
6102,Artjom,Islamov,1981,Poljska
6103,Vasilij,Nikiforov-Volgin,1940,Nemačka
6104,Džastin,Sonnenburg,1966,Ujedinjeno Kraljevstvo
6105,Erika,Sonnenburg,1963,Rusija
6106,Egor,Gusakov,1966,Rusija
6107,Dmitrij,Arsenev,1728,Ruska Imperija
6108,Konstantin,Pronin,1952,Rusija
6109,Artjom,Demčukov,1961,Ujedinjeno Kraljevstvo
6110,Galina,Gorbunova,1970,Sjedinjene Američke Države
6111,Nikolaj,Vekšin,1971,Rusija
6112,Ališer,Otabaev,1935,Sjedinjene Američke Države
6113,Boris,Smirnov,1980,Italija
6114,Georgij,Katjuk,1963,Nemačka
6115,Mihail,Geršenzon,1980,Ujedinjeno Kraljevstvo
6116,Jens,Andersen,1955,Kraljevina Danska
6117,Džošua Kuper,Ramo,1968,Sjedinjene Američke Države
6118,Andrej,Beljačenko,1956,Rusija
6119,Natalja,Nosova,1969,Rusija
6120,Olga,Vogue,1972,Ujedinjeno Kraljevstvo
6121,Dunkan,Dženike,1943,Italija
6122,Dejv,Karder,1940,Rusija
6123,Elena,Tunik,1979,Rusija
6124,Anna,Vinevskaja,1937,Ujedinjeno Kraljevstvo
6125,Konstantin,Nazimov,1988,Italija
6126,Sara,Orvig,1961,Sjedinjene Američke Države
6127,Anders,Roslund,1990,Rusija
6128,Stefan,Tunberg,1968,Švedska
6129,Ien,Benks,1954,Ujedinjeno Kraljevstvo
6130,Galina,Alimpieva,1938,Rusija
6131,Khenčen Trangu,Rinpoče,1948,Sjedinjene Američke Države
6132,Savelij,Kunicin,1980,Ujedinjeno Kraljevstvo
6133,Alla,Demidova,1936,Rusija
6134,Nina,Baškirova,1975,Rusija
6135,Aleksandr,Štajner,1954,Rusija
6136,Aleksej,Orlov,1975,Sjedinjene Američke Države
6137,Asja,Never,1973,Rusija
6138,Aleksandra,Eliseeva,1980,Rusija
6139,Odri,Karlan,1965,Ujedinjeno Kraljevstvo
6140,Rejčel,Hoffman,1983,Ujedinjeno Kraljevstvo
6141,Alfred,Videman,1968,Rusija
6142,Valter,Benjamin,1892,Kraljevina Pruska
6143,Rejčel,Hollis,1974,Sjedinjene Američke Države
6144,Ričard Llojd,Perri,1967,Ujedinjeno Kraljevstvo Velike Britanije i Irske
6145,Aleksej,Sabadir,1942,Rusija
6146,Evgenij,Babarikin,1956,Rusija
6147,Oksana,Sergeeva,1985,Rusija
6148,Natalja,Bulatova,1953,Rusija
6149,Varvara,Enal,1976,Ujedinjeno Kraljevstvo
6150,Georg,Born,1837,Nemačka
6151,Nina,Kavalli,1961,Rusija
6152,Anna,Bunina,1774,Ruska Imperija
6153,Aleksandr,Prokopovič,1894,Belorusija
6154,Evgenija,Šulga,1967,Srbija
6155,Aleksej,Kuzilin,1977,Rusija
6156,Maks,Krou,1934,Italija
6157,Natalija,Terenteva,1976,Rusija
6158,Tilli,Begšou,1978,Rusija
6159,Roušin,Mini,1981,Rusija
6160,Marija,Burkova,1937,Rusija
6161,Lena,Eltang,1964,Rusija
6162,Erve De,Šalandar,1988,Ujedinjeno Kraljevstvo
6163,Anžel,Libi,1974,Sjedinjene Američke Države
6164,Patrik,Ness,1963,Rusija
6165,Vasja,Vasilev,1983,Sjedinjene Američke Države
6166,Mihail,Baškirov,1967,Rusija
6167,Petr,Aleškovskij,1942,Poljska
6168,E.,Kulieva,1954,Sjedinjene Američke Države
6169,Denis,Vonsarovskij,1988,Italija
6170,Asja,Vakina,1974,Rusija
6171,Gleb,Skorohodov,1988,Rusija
6172,Natalija,Kireeva,1948,Francuska
6173,Aleksandra,Petrovskaja,1981,Rusija
6174,Anatolij,Raguzin,1946,Ujedinjeno Kraljevstvo
6175,Peter,Gestel,1937,Kraljevina Holandija
6176,Aleks,Koš,1983,Rusija
6177,Maksim,Potašev,1963,Nemačka
6178,Jakov,Šprenger,1451,Rusija
6179,Genrih,Institoris,1445,Rusija
6180,Igor,Šapošnikov,1947,Sjedinjene Američke Države
6181,Marija,Nikolaeva,1920,Rusija
6182,Aleksandr,Bubennikov,1964,Francuska
6183,Brajan,Hill,1951,Ujedinjeno Kraljevstvo
6184,Di,Pauer,1974,Rusija
6185,Mihail,Kruglov,1983,Srbija
6186,Skott,Makferson,1964,Kanada
6187,Uiljam Stirns,Devis,1956,Sjedinjene Američke Države
6188,Kerola,Dann,1940,Nemačka
6189,Natalja,Arhipova,1969,Ujedinjeno Kraljevstvo
6190,Dmitrij,Nesterenko,1968,Italija
6191,Jurij,Terentev,1925,Savez Sovjetskih Socijalističkih Republika
6192,Tatjana,Gitun,1972,Francuska
6193,Julija,Škutova,1985,Nemačka
6194,Irina,Guseva,1991,Ujedinjeno Kraljevstvo
6195,Klemmi,Huper,1973,Rusija
6196,Ernest,Renan,1823,Francuska
6197,Sergej,Jurskij,1935,Rusija
6198,Anna,Preus,1955,Ujedinjeno Kraljevstvo
6199,Dmitrij,Safonov,1968,Rusija
6200,Oleg,Akatev,1938,Ujedinjeno Kraljevstvo
6201,Derek,Lendi,1981,Rusija
6202,Majkl,Skott,1966,Ujedinjeno Kraljevstvo
6203,Markus,Sedžvik,1976,Francuska
6204,Melori,Blekmen,1966,Rusija
6205,Aleks,Skerrou,1966,Ujedinjeno Kraljevstvo
6206,Čarli,Higson,1958,Ujedinjeno Kraljevstvo
6207,Olga,Kolpakova,1975,Francuska
6208,Sara,Krossan,1981,Republika Irska
6209,Nina,Miln,1973,Rusija
6210,Sofija,Volgina,1973,Rusija
6211,Shimi,Kun,1963,Srbija
6212,Oksana,Volkonskaja,1994,Rusija
6213,Brajan,Trejsi,1944,Kanada
6214,Roald,Dal,1916,Norveška
6215,Ekaterina,Alekseeva-Orlova,1995,Ujedinjeno Kraljevstvo
6216,Dmitrij,Vodennikov,1968,Rusija
6217,Jurij,Vagin,1976,Rusija
6218,Konstantin,Dovlatov,1964,Italija
6219,E.,Bessolicina,1941,Rusija
6220,Elena,Mostovaja,1980,Rusija
6221,Valerij,Zelenogorskij,1979,Rusija
6222,Anastasija,Pimenova,1990,Rusija
6223,D.,Man,1964,Rusija
6224,Vladimir,Lisakov,1975,Sjedinjene Američke Države
6225,Marsi,Šimoff,1972,Rusija
6226,Džennifer Rid,Houtorn,1976,Rusija
6227,Lev,Lopuhovskij,1989,Italija
6228,Boris,Kavalerčik,1974,Rusija
6229,Igor,Ivlev,1956,Rusija
6230,Andrej,Romanovskij-Kolomiecing,1942,Sjedinjene Američke Države
6231,Jurij,Panov,1935,Savez Sovjetskih Socijalističkih Republika
6232,Natalija,Guzelevič,1973,Rusija
6233,Gennadij,Hominskij,1971,Sjedinjene Američke Države
6234,Vladimir,Kalikov,1957,Rusija
6235,Anton,Kozlov,1987,Rusija
6236,Ljudmila,Rublevskaja,1965,Belorusija
6237,Svetlana,Zubanova,1969,Rusija
6238,Darja,Kopilova,1993,Sjedinjene Američke Države
6239,Anton,Molot,1966,Srbija
6240,Llojd,Braun,1940,Sjedinjene Američke Države
6241,Galina,Ajdaševa,1983,Italija
6242,Valentina,Ezerskaja,1962,Rusija
6243,Aleksej,Polikarpov,1973,Rusija
6244,Anatolij,Mirošničenko,1973,Rusija
6245,Aleksandr,Simakov,1980,Rusija
6246,Andres,Inesta,1984,Španija
6247,Kejsi,Uest,1965,Srbija
6248,Majkl,Baskar,1971,Ujedinjeno Kraljevstvo
6249,Ljudmila,Vladimirova,1982,Francuska
6250,Natalija,Kuznecova,1991,Rusija
6251,Anatolij,Šarovarov,1970,Sjedinjene Američke Države
6252,Česlav,Čehovič,1934,Rusija
6253,Aleksej,Nikiforov,1957,Litvanija
6254,Marina,Semenova,1956,Rusija
6255,Vladimir,Guba,1938,Ukrajina
6256,Aleksandr,Stula,1967,Italija
6257,Irina,Mališeva,1981,Sjedinjene Američke Države
6258,Andrej,Zagorskij,1931,Srbija
6259,Mihail,Uspenskij,1950,Rusija
6260,Andrej,Lazarčuk,1958,Rusija
6261,Olga,Istomina,1969,Rusija
6262,Nikolaj,Bejts,1973,Rusija
6263,Kirill,Rodionov,1987,Srbija
6264,Džessika,Gilmor,1981,Francuska
6265,Aleksandr,Ivanin,1961,Rusija
6266,Anastasija,Černišova,1962,Francuska
6267,Evgenij,Senko,1960,Rusija
6268,Robin,Vasserman,1960,Nemačka
6269,Katrin,Korr,1966,Ujedinjeno Kraljevstvo
6270,Aleksandr,Vasilevskij,1966,Belorusija
6271,Kejt,Uolker,1984,Ujedinjeno Kraljevstvo
6272,Aleksandr,Zaborov,1989,Rusija
6273,Igor,Čužin,1970,Ujedinjeno Kraljevstvo
6274,Anna,Akimova,1985,Rusija
6275,Mihail,Ivanjukov,1947,Ujedinjeno Kraljevstvo
6276,Gennadij,Essa,1958,Srbija
6277,Marija,Getc,1947,Sjedinjene Američke Države
6278,Alex,Teufmann,1931,Rusija
6279,Juliana,Černiševa,1967,Rusija
6280,Natalja,Gorskaja,1940,Rusija
6281,Julija,Ajzatulina,1978,Nemačka
6282,Julija,Matjuhina,1983,Rusija
6283,Margarita,Izotova,1958,Rusija
6284,Sergej,Rossinskij,1973,Kanada
6285,Elis,Makdermot,1963,Rusija
6286,Ekaterina,Ukolova,1970,Francuska
6287,Boris,Zavgorodnij,1963,Japan
6288,Vladimir,Pankov,1990,Rusija
6289,Elena,Ždanova,1961,Ujedinjeno Kraljevstvo
6290,Marina,Kolesova,1978,Rusija
6291,Vladislav,Grig,1975,Sjedinjene Američke Države
6292,Emili,Džonston,1982,Sjedinjene Američke Države
6293,Diana,Kilina,1962,Rusija
6294,Viktorija,Rahmatulina,1969,Kanada
6295,Julija,Baranovskaja,1980,Rusija
6296,Irina,Fedurina,1953,Rusija
6297,Jurij,Ligun,1993,Rusija
6298,Don,Tapskott,1947,Kanada
6299,Aleks,Tapskott,1986,Kanada
6300,Eldar,Rjazanov,1927,Rusija
6301,Andrej,Koščienko,1942,Rusija
6302,Asel,Karabaeva,1948,Ujedinjeno Kraljevstvo
6303,Džon,Guver,1895,Sjedinjene Američke Države
6304,Julja,Koul,1963,Poljska
6305,Polina,Garanina,1959,Rusija
6306,Liz,Burbo,1941,Kanada
6307,Vladimir,Popov,1977,Ujedinjeno Kraljevstvo
6308,Mira Lin,Kelli,1875,Sjedinjene Američke Države
6309,Elvin,Rot,1975,Sjedinjene Američke Države
6310,Valerij,Valran,1949,Savez Sovjetskih Socijalističkih Republika
6311,V.,Smirnov,1965,Sjedinjene Američke Države
6312,Petr,Vjazemskij,1800,Italija
6313,Tanja,Tank,1978,Sjedinjene Američke Države
6314,Angelina,Orlova,1965,Rusija
6315,Aleksandr,Rodos,1950,Kanada
6316,Valerij,Graždan,1980,Sjedinjene Američke Države
6317,Patrik,Rotfuss,1973,Sjedinjene Američke Države
6318,Marianna,Milejko,1964,Ujedinjeno Kraljevstvo
6319,Boris,Tjurin,1952,Rusija
6320,Hejdi,Bets,1957,Rusija
6321,Roman,Šklovskij,1931,Italija
6322,Frensis,Liri,1966,Ujedinjeno Kraljevstvo
6323,Feodora,Ivašova,1954,Srbija
6324,Natalija,Kamordžanova,1979,Sjedinjene Američke Države
6325,Irina,Kartašova,1952,Rusija
6326,Anna,Dostoevskaja,1846,Ruska Imperija
6327,Oleg,Krasin,1953,Rusija
6328,Ruta,Šejl,1992,Ujedinjeno Kraljevstvo
6329,Darja,Vardenburg,1970,Rusija
6330,Anatolij,Leonov,1973,Rusija
6331,Daha,Taratorina,1975,Francuska
6332,Tovpeko,Olga,1981,Rusija
6333,Nikras,Freeman,1940,Rusija
6334,Vitalij,Davidovskij,1948,Rusija
6335,Maksim,Krongauz,1958,Rusija
6336,Sergej,Altinov,1962,Sjedinjene Američke Države
6337,Georgij,Maksimov,1979,Rusija
6338,A.,Plotnikova,1989,Sjedinjene Američke Države
6339,Avgust,Strindberg,1833,Ujedinjeno Kraljevstvo
6340,Evgenij,Šelmin,1966,Rusija
6341,Anni,Šmidt,1968,Italija
6342,Svetlana,Didenko,1956,Poljska
6343,Vera,Kataševa,1986,Francuska
6344,Julija,Krutjakova,1986,Sjedinjene Američke Države
6345,Oleg,Šramko,1994,Sjedinjene Američke Države
6346,Irina,Sinova,1955,Srbija
6347,Vladimir,Fej,1985,Sjedinjene Američke Države
6348,Artem,Ljahovič,1957,Sjedinjene Američke Države
6349,Natalja,Titova,1709,Ruska Imperija
6350,Pavlo,Kobel,1980,Sjedinjene Američke Države
6351,Marina,Baronova,1977,Ujedinjeno Kraljevstvo
6352,Vladimir,Golovin,1970,Mađarska
6353,Loran,Gunel,1976,Srbija
6354,Devid,Godman,1969,Francuska
6355,prepodobnij Efrem,Sirin,1978,Rusija
6356,Andre,Morua,1885,Francuska
6357,Džulija,Bjanki,1963,Italija
6358,Konstantin,Gulin,1957,Savez Sovjetskih Socijalističkih Republika
6359,Aleksandra,Šabunova,1987,Nemačka
6360,Mihail,Morev,1982,Rusija
6361,Džejmi Ket,Kallan,1959,Ujedinjeno Kraljevstvo
6362,Aleksandr,Asmolov,1971,Italija
6363,Isaak,Babel,1894,Savez Sovjetskih Socijalističkih Republika
6364,Krejg S.,Zaler,1957,Srbija
6365,Daniil,Granin,1919,Rusija
6366,Nikolaj,Elenevskij,1989,Sjedinjene Američke Države
6367,Maksim,Klim,1933,Francuska
6368,Sergej,Eremin,1983,Sjedinjene Američke Države
6369,Nikolaj,Bestužev,1791,Ruska Imperija
6370,Selim,Ajssel,1966,Sjedinjene Američke Države
6371,Evgenij,Trubeckoj,1931,Nemačka
6372,Nikolaj,Pokrovskij,1879,Sjedinjene Američke Države
6373,Vladlen,Loginov,1976,Rusija
6374,Viktor,Lisih,1961,Ujedinjeno Kraljevstvo
6375,Dmitrij,Kalabin,1985,Sjedinjene Američke Države
6376,Julija,Nelidova,1962,Ujedinjeno Kraljevstvo
6377,Elena,Bezsudova,1980,Ujedinjeno Kraljevstvo
6378,Tatjana,Pospelova,1979,Rusija
6379,Elison,Uejr,1951,Ujedinjeno Kraljevstvo
6380,Rajli,Redgejt,1969,Sjedinjene Američke Države
6381,Mars,Magafurov,1988,Italija
6382,Tanja,Volga,1973,Sjedinjene Američke Države
6383,Natalja,Romanova,1976,Ujedinjeno Kraljevstvo
6384,Pol,Krjui,1890,Sjedinjene Američke Države
6385,Čarlz,Bukovski,1920,Sjedinjene Američke Države
6386,Tamara,Miheeva,1979,Rusija
6387,Timofej,Krilov,1974,Rusija
6388,Evgenij,Korolev,1993,Sjedinjene Američke Države
6389,Marina,Kozinaki,1969,Sjedinjene Američke Države
6390,Sofi,Avdjuhina,1959,Rusija
6391,Vjačeslav,Denisov,1975,Rusija
6392,Sergej,Gorjainov,1968,Rusija
6393,Svetlana,Lubjanskaja,1958,Rusija
6394,Kir,Dav,1987,Rusija
6395,Lilja,Gurjanova,1981,Sjedinjene Američke Države
6396,Ljudmila,Paramonova,1968,Sjedinjene Američke Države
6397,Julija,Krinskaja,1971,Rusija
6398,Sergij,Abu-Šajh,1990,Srbija
6399,Aleksandr,Skobov,1957,Rusija
6400,Marina,Bičkovskaja,1942,Rusija
6401,Jurij,Korinec,1923,Savez Sovjetskih Socijalističkih Republika
6402,Roza,Sjabitova,1962,Rusija
6403,Natalija,Bogačkina,1954,Poljska
6404,Oleg,Hlevnjuk,1955,Rusija
6405,Valerij,Orlov-Korf,1990,Sjedinjene Američke Države
6406,Natalja,Mastjukova,1936,Italija
6407,Natalja,Polesnaja,1969,Ujedinjeno Kraljevstvo
6408,Tatjana,D'Baržak,1979,Rusija
6409,Keti,Glass,1964,Rusija
6410,Julija,Berdnikova,1986,Francuska
6411,Bartalomej,Solo,1976,Rusija
6412,Boris,Bublik,1987,Nemačka
6413,Dmitrij,Suslov,2008,Italija
6414,svjatitel Vasilij,Velikij,1968,Italija
6415,Aleksej,Docent,1939,Sjedinjene Američke Države
6416,Marija,Šiffers,1977,Rusija
6417,Irina,Ševčenko,1970,Ukrajina
6418,Dmitrij,Ahmetšin,1980,Ujedinjeno Kraljevstvo
6419,Irina,Vaganova,1984,Rusija
6420,Marija,Djomina,1989,Rusija
6421,Aljona,Konovalova,1990,Rusija
6422,Elena,Esakova,1968,Italija
6423,Aleksandr,Poklonskij,1963,Francuska
6424,Ljudmila,Volnaja,1938,Ujedinjeno Kraljevstvo
6425,Ivan,Ljubenko,1965,Rusija
6426,Aleksandr,Gadol,1990,Rusija
6427,Ivan,Pogonin,1964,Rusija
6428,Fernan,Kajzergruber,1960,Rusija
6429,Polina,Malahova,1990,Rusija
6430,Ivan,Sečenov,1832,Rusija
6431,Aleksej,Budiščev,1866,Ruska Imperija
6432,Larisa,Šalaginova,1969,Francuska
6433,Patti,MakKord,1963,Sjedinjene Američke Države
6434,Džon,Lokk,1985,Ujedinjeno Kraljevstvo
6435,Anatolij,Olovincov,1979,Ujedinjeno Kraljevstvo
6436,Skott,Kouton,1978,Sjedinjene Američke Države
6437,Kira,Brid-Rajsli,1977,Francuska
6438,Pavel,Kovalevskij,1823,Ruska Imperija
6439,Lidija,Ogurcova,1989,Rusija
6440,Elena,Eršova,1980,Rusija
6441,Viktorija,Romanova,1982,Italija
6442,Naja,Gejarova,1983,Rusija
6443,Sergej,Buličev,1986,Sjedinjene Američke Države
6444,Karolin,Eljačeff,1960,Francuska
6445,Maksim,Nenašev,1956,Poljska
6446,Den,Uells,1977,Sjedinjene Američke Države
6447,Piter,Akrojd,1949,Ujedinjeno Kraljevstvo
6448,Jozef,Ollerberg,1969,Francuska
6449,Gjunter,Bauer,1942,Austrija
6450,Bruno,Sjutkus,1979,Srbija
6451,Nil,Stivenson,1959,Sjedinjene Američke Države
6452,Slava,Solo,1969,Sjedinjene Američke Države
6453,Soren,Svejstrup,1968,Kraljevina Danska
6454,Džen,Alin,1976,Rusija
6455,Lora,Lippman,1959,Sjedinjene Američke Države
6456,Inga,Olhovskaja,1975,Rusija
6457,Olga,Saveleva,1974,Sjedinjene Američke Države
6458,Lora,Tompson,1987,Rusija
6459,Andrej,Kaškarov,1981,Sjedinjene Američke Države
6460,Damir,Galeev,1946,Nemačka
6461,Oleg,Makarov,1991,Sjedinjene Američke Države
6462,Stiven,Pinker,1954,Kanada
6463,Linsi,Addario,1973,Sjedinjene Američke Države
6464,Artem,Patrikeev,1981,Francuska
6465,Julija,Ivlieva,1962,Rusija
6466,Evgenij,Abramov,1939,Rusija
6467,Benedikt,Vells,1969,Ujedinjeno Kraljevstvo
6468,Lorena,Dottaj,1994,Sjedinjene Američke Države
6469,Harold,Goodwin,1965,Rusija
6470,Vera i Marina,Vorobej,1967,Ujedinjeno Kraljevstvo
6471,Oleg,Belikov,1975,Rusija
6472,Anton,Gajduk,1985,Rusija
6473,Rustam,Maksimov,1990,Japan
6474,Anton,Soja,1967,Rusija
6475,Loren,Estelman,1954,Rusija
6476,Morten,Brask,1982,Francuska
6477,Evgenij,Perov,1968,Sjedinjene Američke Države
6478,Aleksandra,Tretjakova,1812,Ruska Imperija
6479,Faina,Fanni,1965,Sjedinjene Američke Države
6480,Ljuk,Ferri,1951,Francuska
6481,Svjatoslav,Korovin,1936,Rusija
6482,Valerij,Svešnikov,1945,Rusija
6483,Oleg,Kašin,1980,Rusija
6484,Vladimir,Kevhišvili,1969,Rusija
6485,Terri,Vulf,1967,Rusija
6486,Ivan,Pavlov,1881,Italija
6487,Pavel,Fedorenko,1964,Litvanija
6488,Ilja,Kačaj,1989,Rusija
6489,Sergej,Vinogradov,1971,Rusija
6490,Stiv,Harvi,1957,Sjedinjene Američke Države
6491,Vi,Kiland,1990,Ujedinjeno Kraljevstvo
6492,Ašot,Movsisjan,1949,Italija
6493,Galina,Malahova,1963,Nemačka
6494,Anna,Vior,1960,Sjedinjene Američke Države
6495,Andrej,Baranov,1962,Rusija
6496,Aleksej,Sisoev,1949,Sjedinjene Američke Države
6497,Aleksandr,Gluško,1975,Sjedinjene Američke Države
6498,Natalija,Šilo,1968,Rusija
6499,Ežen,Vidok,1805,Nemačka
6500,Andrej,Švec,1978,Francuska
6501,Svetlana,Demčenko,2003,Kanada
6502,Aleksandr,Dankovskij,1986,Rusija
6503,Vladimir,Rivkin,1987,Rusija
6504,Andrej,Manušin,1954,Rusija
6505,Aleksej,Efimov,1988,Rusija
6506,Anne-Katrine,Vestli,1993,Ujedinjeno Kraljevstvo
6507,Lorens,Stern,1713,Kraljevstvo Velika Britanija
6508,Evgenij,Černih,1988,Srbija
6509,Denis,Černakov,1977,Srbija
6510,Kit,Gejv,1980,Sjedinjene Američke Države
6511,Tatjana,Djačenko,1991,Italija
6512,Avinaš,Diksit,1944,Sjedinjene Američke Države
6513,Sjuzan,Skit,1961,Sjedinjene Američke Države
6514,Devid,Rejli-mladšij,1976,Sjedinjene Američke Države
6515,Lidija,Bettakki,1982,Ujedinjeno Kraljevstvo
6516,Aleksandr,Aberdin,1970,Sjedinjene Američke Države
6517,Garriet,Bičer-Stou,1811,Sjedinjene Američke Države
6518,Aleksandr Dim,(LightSmoke),1965,Rusija
6519,Natalija,Astafurova,1958,Poljska
6520,Julija,Vasileva,1999,Rusija
6521,Aleksandr,Maharadža,1991,Ujedinjeno Kraljevstvo
6522,Amelija,Uiljams,1984,Nemačka
6523,Melodi,Meloun,1966,Francuska
6524,Andrej,Bušin,1966,Sjedinjene Američke Države
6525,Erik,Džonson,1981,Rusija
6526,Oleg,Hrustalev,1969,Francuska
6527,Anatolij,Hrustalev,1974,Rusija
6528,Cin,Li,1969,Sjedinjene Američke Države
6529,Andreas,Gruber,1961,Francuska
6530,Marija,Romanova,1943,Rusija
6531,Semjon,Rešetov,1977,Rusija
6532,Kirill,Bagrov,1941,Rusija
6533,Casey (Kejsi,Liss),1973,Rusija
6534,Leonid,Denisov,1922,Belorusija
6535,Anna,Islamova,1993,Rusija
6536,Nadežda,Popova,1982,Rusija
6537,Siberi,Kuinn,1969,Sjedinjene Američke Države
6538,Tata,Orlova,1982,Rusija
6539,Jog,Ramačaraka,1968,Francuska
6540,Alinda,Ivleva,1993,Ujedinjeno Kraljevstvo
6541,Artem,Zelenin,1978,Sjedinjene Američke Države
6542,Džejmi,Vardi,1987,Ujedinjeno Kraljevstvo
6543,Olga,Gorbušina,1978,Rusija
6544,Nadežda,Melnikova,1954,Rusija
6545,Alesja,Kazanceva,1966,Rusija
6546,Dominik,Smit,1984,Rusija
6547,Bastian,Cah,1957,Rusija
6548,Mattias,Bauer,1962,Nemačka
6549,Anžela,Kolesnikova,1971,Sjedinjene Američke Države
6550,Olga,Goršenkova,1961,Rusija
6551,Jaroslav,Sokolov,1967,Rusija
6552,Mihail,Remer,1965,Ujedinjeno Kraljevstvo
6553,Elena,Filippova,1973,Sjedinjene Američke Države
6554,Semjon,Ešurin,1970,Ujedinjeno Kraljevstvo
6555,Jan,Kerner,1948,Kanada
6556,Sigeki,Kaidzuka,1972,Ujedinjeno Kraljevstvo
6557,Nikolaj,Lukša,1939,Italija
6558,Olga,Kuročkina,1978,Rusija
6559,Devid,Linč,1946,Sjedinjene Američke Države
6560,Kristin,Makkena,1973,Italija
6561,Stanislav,Zigunenko,1952,Rusija
6562,Emma,Larson,1995,Rusija
6563,Jan,Razdoburdin,1988,Ujedinjeno Kraljevstvo
6564,S.,Šilina,1966,Srbija
6565,E.,Dobronravova,1955,Ujedinjeno Kraljevstvo
6566,I.,Mitrofanov,1979,Ujedinjeno Kraljevstvo
6567,N.,Guščeva,1955,Rusija
6568,Asja,Lavrinovič,1990,Rusija
6569,Aleksandr,Tokarev,1949,Ukrajina
6570,Oleg,Šelonin,1977,Rusija
6571,Elena,Šelonina,1975,Rusija
6572,Tatjana,Kašpur,1968,Nemačka
6573,Nadežda,Čerpinskaja,1939,Rusija
6574,Snežanna,Vasilika,1988,Sjedinjene Američke Države
6575,Žoel,Dikker,1985,Švajcarska
6576,Olga,Alenova,1946,Sjedinjene Američke Države
6577,Andrej,Derendjaev,1970,Ujedinjeno Kraljevstvo
6578,Oleg,Sergeev,1977,Ujedinjeno Kraljevstvo
6579,Medelin,Ru,1985,Rusija
6580,Pavel,Morozov,1974,Rusija
6581,Džeki,Braun,1978,Francuska
6582,Nikolaj,Pirogov,1830,Ujedinjeno Kraljevstvo
6583,Erik,Vejner,1964,Francuska
6584,Pedram,Šodžaj,1992,Nemačka
6585,Igor,Plehanov,1981,Rusija
6586,Aleksandr,Griboedov,1795,Ruska Imperija
6587,Lev,Gončarov,1991,Rusija
6588,Andrej,Kass,1934,Rusija
6589,Džejms,Kerol,1964,Srbija
6590,Anastasija,Lisica,1953,Rusija
6591,Marija,Mednikova,1946,Ujedinjeno Kraljevstvo
6592,Oleg,Kirjanov,1974,Sjedinjene Američke Države
6593,Igor,Uglov,1991,Sjedinjene Američke Države
6594,Žanna,Nirvana,1973,Rusija
6595,Anna,Semenova,1975,Ujedinjeno Kraljevstvo
6596,Anastasija,Krjukova,1981,Rusija
6597,Damir,Halilov,1956,Sjedinjene Američke Države
6598,Den,Gardner,1986,Italija
6599,Filip,Tetlok,1954,Sjedinjene Američke Države
6600,Šeng,Shejen,1972,Ujedinjeno Kraljevstvo
6601,Nikolaj,Hmarin,1992,Francuska
6602,Amy,Blankenship,1944,Rusija
6603,Sergej,Žadan,1970,Sjedinjene Američke Države
6604,Nikolaj,Moroz,1992,Ukrajina
6605,Tatjana,Serganova,1991,Sjedinjene Američke Države
6606,Ešli,Vens,1977,Sjedinjene Američke Države
6607,Viktor,Krasnov,1929,Ujedinjeno Kraljevstvo
6608,Nensi,Duarte,1965,Rusija
6609,Patti,Sančez,1970,Rusija
6610,Leonid,Sviridenkov,1980,Ujedinjeno Kraljevstvo
6611,Laert,Dobrovolskij,1993,Sjedinjene Američke Države
6612,Vera,Kapilova,1979,Ujedinjeno Kraljevstvo
6613,Aleksandr,Zaraev,1969,Italija
6614,Anna,Gavriljuk,1918,Ukrajina
6615,Sergej,Bojko,1994,Rusija
6616,Jana,Gavrilova,1982,Rusija
6617,Kristen,Sikkarelli,1981,Rusija
6618,Vet Than,Nguen,1971,Sjedinjene Američke Države
6619,Dmitrij,Ščedrovickij,1974,Srbija
6620,Torkvato,Tasso,1544,Kraljevina Italija
6621,Aleksandr,Granica,1964,Rusija
6622,Viktorija,Dmitrieva,1987,Rusija
6623,Olga,Ermilova,1968,Francuska
6624,E.,Čipurenko,1993,Rusija
6625,Viktuar,Dokser,1960,Rusija
6626,Valeri,Peronnet,1982,Sjedinjene Američke Države
6627,Aleksej,Jacina,1991,Sjedinjene Američke Države
6628,Kerol,Finč,1930,Rusija
6629,Aleksandr,Saparov,1963,Rusija
6630,Olga,Rižaja,1986,Rusija
6631,N.,Dubovickij,1951,Ujedinjeno Kraljevstvo
6632,Anatolij,Nikitin,1978,Rusija
6633,Vjačeslav,Saharov,1976,Sjedinjene Američke Države
6634,Jurij,Matveevskij,1979,Rusija
6635,Evgenij,Tarbeev,1983,Rusija
6636,Elena,Večerina,1984,Rusija
6637,Igor,Mihalkov,1962,Ujedinjeno Kraljevstvo
6638,Elena,Ananeva,1948,Rusija
6639,Svetlana,Krasjuk,1979,Rusija
6640,Rija,Plaga,1930,Rusija
6641,Aleksandr,Gurevič,1964,Rusija
6642,Tatjana,Timošina,1967,Francuska
6643,Andrej,Lizlov,1643,Sjedinjene Američke Države
6644,Galina,Červonskaja,1982,Francuska
6645,Aleksej,Smirnov,1984,Rusija
6646,Aljona,Godunova,1960,Rusija
6647,Mojša,Špindel,1986,Rusija
6648,Stass,Babickij,1995,Rusija
6649,Anatolij,Milov,1986,Srbija
6650,Julija,Serebrjannikova,1995,Rusija
6651,Katrin,Mele,1986,Rusija
6652,Julija,Puls,1968,Sjedinjene Američke Države
6653,Elena,Gabova,1972,Rusija
6654,Elena,Sokolovskaja,1941,Rusija
6655,Julija,Samojlova,1803,Ruska Imperija
6656,Ličija,Troisi,1980,Italija
6657,Jurij,Mamleev,1931,Rusija
6658,Olga,Sazonova,1961,Rusija
6659,O.,Žuravleva,1953,Ujedinjeno Kraljevstvo
6660,Viktorija,Trelina,1965,Rusija
6661,Timur,Lukjanov,1985,Sjedinjene Američke Države
6662,Ekaterina,Radion,1970,Rusija
6663,Ivan,Valuev,1993,Sjedinjene Američke Države
6664,Elena,Kartur,1959,Rusija
6665,Džulian,Assanž,1971,Australija
6666,Džejkob,Appelbaum,1958,Rusija
6667,Endi,Mjuller-Magun,1963,Francuska
6668,Žeremi,Cimmerman,1978,Francuska
6669,Aleksej,Filatov,1913,Rusija
6670,Pavel,Annenkov,1813,Ruska Imperija
6671,Evgenija,Melemina,1985,Sjedinjene Američke Države
6672,Vladimir,Havinson,1946,Rusija
6673,Svetlana,Trofimova,1980,Rusija
6674,Elizaveta,Filonenko,1968,Sjedinjene Američke Države
6675,Irina,Smirnova,1956,Ujedinjeno Kraljevstvo
6676,Ketrin,Rajder,1969,Rusija
6677,Vadim,Volja,1964,Rusija
6678,Dmitrij,Isaev,2007,Rusija
6679,Marina,Kuznecova,2006,Sjedinjene Američke Države
6680,Evgenij,Losev,1948,Rusija
6681,Anastasija,Sialana,1991,Sjedinjene Američke Države
6682,Uiljam,Rejmon,1961,Rusija
6683,Andrej,Čemezov,1949,Poljska
6684,Maksim,Molčanov,1975,Francuska
6685,Dmitrij,Kulkov,1994,Kanada
6686,Andrej,Rjabin,1938,Rusija
6687,Ivan,Zakarjan,1984,Rusija
6688,Devid,Malkolm,1974,Sjedinjene Američke Države
6689,Meri,Simses,1978,Sjedinjene Američke Države
6690,Roza,Mullanurova,1976,Nemačka
6691,Zbignev,Vojcehovskij,1959,Rusija
6692,Svetlana,Nina,1964,Sjedinjene Američke Države
6693,Oksana,Homski,1970,Rusija
6694,Eleonora,Mandaljan,1939,Sjedinjene Američke Države
6695,Džej Džej,Barridž,1964,Poljska
6696,Aleksandr,Ščerbakov-Iževskij,1938,Francuska
6697,Anika,Koul,1968,Rusija
6698,Tatjana,Šuran,1931,Ujedinjeno Kraljevstvo
6699,Maksim,Bodrov,1992,Francuska
6700,Duglas,Abrams,1972,Ujedinjeno Kraljevstvo
6701,Desmond,Tutu,1931,Južnoafrička Republika
6702,Leonid,Ejtingon,1976,Ujedinjeno Kraljevstvo
6703,David,Fonkinos,1974,Francuska
6704,Kejt,Hask,1930,Rusija
6705,Mihail,Barmin,1983,Francuska
6706,Sergej,Patjanin,1956,Sjedinjene Američke Države
6707,Loginova,Ksenija,1968,Rusija
6708,Marija,Samojlenko,1987,Nemačka
6709,Julija,Saharovskaja,1995,Rusija
6710,Olga,Oškina,1980,Ujedinjeno Kraljevstvo
6711,Sergej,Leskov,1956,Italija
6712,Arturo,Peres-Reverte,1951,Španija
6713,Nadežda,Ključnikova,1970,Ujedinjeno Kraljevstvo
6714,Svetlana,Pjatunina,1967,Francuska
6715,Konstantin,Batjuškov,1787,Ruska Imperija
6716,Džordž,Makdonald,1824,Ujedinjeno Kraljevstvo Velike Britanije i Irske
6717,Sergej,Nurtazin,1963,Japan
6718,Petr,Aleškin,1979,Rusija
6719,Aleksandr,Guščin,1958,Savez Sovjetskih Socijalističkih Republika
6720,Merlin,Lavlejs,1979,Rusija
6721,Egor,Droznes,1984,Sjedinjene Američke Države
6722,Varvara,Kislenkaja,1974,Rusija
6723,Maršall,Goldsmit,1949,Sjedinjene Američke Države
6724,Marusja,Svetlova,1971,Rusija
6725,Petr,Bormor,1960,Italija
6726,Valerij,Vižutovič,1948,Rusija
6727,Galina,Kornijčuk,1956,Francuska
6728,Vladislav,Vetrov,1964,Rusija
6729,Simona de,Bovuar,1908,Francuska
6730,Uiljam,Tenn,1920,Sjedinjene Američke Države
6731,Litagent Rodionova,Margarita,1986,Ujedinjeno Kraljevstvo
6732,Viktorija,El,1992,Francuska
6733,Sergej,Vasilev,1991,Sjedinjene Američke Države
6734,Ilja,Alekseev,1952,Ujedinjeno Kraljevstvo
6735,Viktor,Brusnicin,1976,Sjedinjene Američke Države
6736,Dmitrij,Evdokimov,1937,Rusija
6737,Oleg,Groza,1984,Ujedinjeno Kraljevstvo
6738,Irina,Višenka,1990,Rusija
6739,Viktor,Žvakin,1967,Sjedinjene Američke Države
6740,Elena,Pomazueva,1961,Rusija
6741,Boris,Pilnjak,1877,Poljska
6742,Leonid,Sabaneev,1881,Francuska
6743,Dmitrij,Ruzanov,1981,Rusija
6744,Greg,Vajsman,1963,Sjedinjene Američke Države
6745,Ljubov,Panova,1971,Kanada
6746,Varvara,Tkačenko,1958,Rusija
6747,Morten,Hansen,1965,Rusija
6748,Adam,Goldštejn,1986,Rusija
6749,Evgenij,Tarasov,1972,Rusija
6750,Elena,Zubarkina,1965,Nemačka
6751,Irina,Ignatova,1973,Sjedinjene Američke Države
6752,Džon,Bojn,1971,Republika Irska
6753,Ekaterina,Smirnova,1955,Ujedinjeno Kraljevstvo
6754,Olga,Starceva,1957,Sjedinjene Američke Države
6755,Maksim,Matkovskij,1984,Ukrajina
6756,Elena,Patokina,1972,Ujedinjeno Kraljevstvo
6757,lama Sopa,Rinpoče,1949,Rusija
6758,Stanislav,Senkin,1950,Ujedinjeno Kraljevstvo
6759,M.,Mianie,1954,Rusija
6760,Anna,Berest,1963,Rusija
6761,Pjotr,Drozdov,1962,Nemačka
6762,Oleg,Kasatkin,1993,Rusija
6763,Aska,Dobraja,1938,Sjedinjene Američke Države
6764,Valerij,Šanin,1931,Sjedinjene Američke Države
6765,Maks,Vell,1937,Nemačka
6766,Kira,Devis,2000,Sjedinjene Američke Države
6767,Natalija,Mahrovskaja,1954,Ujedinjeno Kraljevstvo
6768,Mihail,Ščetinin,1944,Rusija
6769,Džon,Uindem,1903,Ujedinjeno Kraljevstvo
6770,Ričard,Jamarone,1953,Rusija
6771,Aleksandr,Kozinskij,1938,Nemačka
6772,Viktor,Smirnov,1902,Ruska Sovjetska Federativna Socijalistička Republika
6773,Aleksej,Svirskij,1869,Ujedinjeno Kraljevstvo
6774,Molka,Lazareva,1979,Rusija
6775,Aleksandr,Kondrašov,1983,Ukrajina
6776,Karolin de,Sjurani,1995,Francuska
6777,Vladimir,Šiškin,1919,Rusija
6778,Ketrin,Uebb,1986,Ujedinjeno Kraljevstvo
6779,Andrej,Ganeša,1967,Sjedinjene Američke Države
6780,Lois Makmaster,Budžold,1949,Sjedinjene Američke Države
6781,Majkl,Edvards,1977,Rusija
6782,Grigorij,Tjurenkov,1975,Nemačka
6783,Evgenij,Babuškin,1969,Ujedinjeno Kraljevstvo
6784,Donna,Olvard,1975,Rusija
6785,Helen,Bruks,1969,Nemačka
6786,Nina,Mednis,1979,Francuska
6787,Majja,Blejk,1959,Ujedinjeno Kraljevstvo
6788,Robert,Kanton,1977,Rusija
6789,Natalja,Zavitaeva,1931,Nemačka
6790,Oleg,Platonov,1978,Rusija
6791,Inna,Izmajlova,1959,Rusija
6792,Leonid,Kuznecov,1925,Savez Sovjetskih Socijalističkih Republika
6793,Tatjana,Lebedeva,1973,Rusija
6794,Dmitrij,Grigorev,1897,Savez Sovjetskih Socijalističkih Republika
6795,Pavel,Mišinkin,1971,Sjedinjene Američke Države
6796,Anna,Neganova,1980,Sjedinjene Američke Države
6797,Valentin,Kataev,1897,Savez Sovjetskih Socijalističkih Republika
6798,Rejčel,Ebbot,1984,Francuska
6799,Elena,Makarova,1978,Nemačka
6800,Oleg,Bahtijarov,1976,Nemačka
6801,Aleksandr,Terehov,1978,Belorusija
6802,Dmitrij,Lekarev,1956,Kanada
6803,Aleksandr,Tamanskij,1983,Rusija
6804,Ksenija,Fomina,1944,Rusija
6805,Ivan,Apraksin,1984,Ujedinjeno Kraljevstvo
6806,George,Strong,1964,Ujedinjeno Kraljevstvo
6807,Nadežda,Makarova,1979,Rusija
6808,Dženi,Kalkotta,1971,Kanada
6809,Natalja,Krilova,1968,Rusija
6810,Irina,Česnova,1975,Rusija
6811,Andrej,Russkih,1963,Japan
6812,Astrogreep,Astrogreep,1975,Rusija
6813,Ekaterina,Velikaja,1932,Italija
6814,Oksana,Korzun,1963,Srbija
6815,Viktor,Galičin,1975,Francuska
6816,Aleksandr,Zajcev,1981,Rusija
6817,Lilian,Plotnikova,1959,Sjedinjene Američke Države
6818,O.,Šarp,1974,Rusija
6819,M.,Brejk,1962,Sjedinjene Američke Države
6820,Elena,Rogovaja,1990,Rusija
6821,Vera,Čaplina,1908,Savez Sovjetskih Socijalističkih Republika
6822,Gijom,Mjusso,1974,Francuska
6823,Sergej,Zaharov,1976,Ujedinjeno Kraljevstvo
6824,Alan,Foster,1949,Poljska
6825,Viktorija,Karpuhina,1983,Rusija
6826,Florida,Razumnaja,1944,Sjedinjene Američke Države
6827,Tomas,Frenč,1979,Sjedinjene Američke Države
6828,Kelli,Frenč,1991,Rusija
6829,Žak,Eksper,1962,Rusija
6830,Elena,Muzlanova,1986,Ujedinjeno Kraljevstvo
6831,Elena,Kisunko,1958,Rusija
6832,Elena,Mogilevskaja,1995,Srbija
6833,Irina,Korčagina,1983,Sjedinjene Američke Države
6834,Elena,Filon,1974,Italija
6835,Nikolaj,Volkov,1960,Sjedinjene Američke Države
6836,Vladimir,Olejnikov,1984,Japan
6837,Elena,Čižova,1955,Rusija
6838,Nikolaj,Gumilev,1880,Francuska
6839,Volf,Belov,1976,Sjedinjene Američke Države
6840,G.,Obuhova,1969,Francuska
6841,G.,Klimova,1991,Rusija
6842,Aleksandr,Dzorse,1980,Rusija
6843,Sergej,Jarov,1901,Savez Sovjetskih Socijalističkih Republika
6844,Andrej,Piontkovskij,1940,Sjedinjene Američke Države
6845,Aleksandr,Butenko,1979,Rusija
6846,Svetlana,Butenko,1992,Italija
6847,Bekki,Čejz,1961,Rusija
6848,Aleksej,A,1932,Italija
6849,Klod,Levi-Stross,1946,Rusija
6850,Valentin,Badrak,1966,Srbija
6851,Genrih,Bjoll,1917,Nemačka
6852,Tatjana,Ivanova,1988,Italija
6853,Anna,Todd,1989,Sjedinjene Američke Države
6854,Ljudvig,Bjuhner,1824,Italija
6855,Nikolaj,Alekseev,1871,Rusija
6856,Sergej,Puzakov,1994,Francuska
6857,Nikolaj,Lakutin,1973,Francuska
6858,Ernst,Muldašev,1948,Rusija
6859,Leo,Inri,1976,Sjedinjene Američke Države
6860,Prepodobnij Maksim,Ispovednik,1977,Ujedinjeno Kraljevstvo
6861,Tejlor Dženkins,Rejd,1983,Sjedinjene Američke Države
6862,Fil,Barden,1959,Rusija
6863,Dmitrij,Spivak,1946,Rusija
6864,Galina,Markus,1931,Ujedinjeno Kraljevstvo
6865,Artur,Luazo,1972,Rusija
6866,Irene,Kao,1984,Rusija
6867,Anar,Mamedov,1983,Ujedinjeno Kraljevstvo
6868,Veronika,Androsova,1968,Rusija
6869,Dmitrij,Usolcev,1963,Italija
6870,Julija,Latinina,1966,Rusija
6871,Maksim,Kantor,1965,Rusija
6872,Elena,Jakovič,1964,Rusija
6873,Lara,Uiljamson,1963,Francuska
6874,K. B.,Uedžers,1990,Francuska
6875,Elena,Antonova,1971,Kazahstan
6876,Aleksandr,Sinicin,1971,Kanada
6877,Čarlz,Darvin,1809,Ujedinjeno Kraljevstvo Velike Britanije i Irske
6878,Harrie,Hancock,1945,Ujedinjeno Kraljevstvo
6879,Jurij,Kopev,1983,Francuska
6880,Konstantin,Nikitin,1954,Rusija
6881,Saša,Gotti,1976,Rusija
6882,Elejn,Ejron,1972,Rusija
6883,Nadežda,Liberman,1989,Rusija
6884,Taša,Tanari,1975,Italija
6885,Andrej,Gončarov,1977,Ujedinjeno Kraljevstvo
6886,Otto,Menhen-Helfen,1894,Sjedinjene Američke Države
6887,Aleksandr i Evgenija,Gedeon,1972,Rusija
6888,Ida,Martin,1974,Savez Sovjetskih Socijalističkih Republika
6889,Elena,Šišinina,1974,Ujedinjeno Kraljevstvo
6890,Veronika,Sičeva,1965,Rusija
6891,Oleg,Serapionov,1986,Rusija
6892,Alina,Bagazova,1939,Rusija
6893,L.,Naumova,1994,Sjedinjene Američke Države
6894,Angel,Jurič,1992,Rusija
6895,Oleg,Gor,1983,Ujedinjeno Kraljevstvo
6896,Lev,Karsavin,1882,Savez Sovjetskih Socijalističkih Republika
6897,Nikolaj,Voronov,1823,Italija
6898,Dana,Star,1977,Rusija
6899,Vjačeslav,Ladogin,1950,Rusija
6900,Dmitry,Shkarbanov,1988,Rusija
6901,Aleksandr,Zimnij,1976,Rusija
6902,Vitalij,Abojan,1966,Francuska
6903,Dmitrij,Nikolaev,1952,Srbija
6904,Vladislav,Stoljarov,1931,Francuska
6905,Irina,Bganceva,1954,Rusija
6906,Viktor,Matvienko,1948,Ukrajina
6907,Mila,Solnečnaja,1977,Srbija
6908,Gennadij,Mihajlenko,1964,Sjedinjene Američke Države
6909,Boris,Savinkov,1879,Poljska
6910,Jurij,Nizovcev,1991,Rusija
6911,Valentina,Toršina,1986,Sjedinjene Američke Države
6912,Vladimir,Repin,1989,Rusija
6913,Nataša,Smehova,1944,Rusija
6914,Boris,Džonson,1964,Sjedinjene Američke Države
6915,Stiven,Džerrard,1980,Ujedinjeno Kraljevstvo
6916,Inna,Poležaeva,1976,Nemačka
6917,Olesja,Hussejn,1954,Rusija
6918,Anna «AngIl»,Kozlova,1981,Rusija
6919,Anastasija,Hrizar,1983,Sjedinjene Američke Države
6920,Samjuel,Bork,1969,Norveška
6921,Olga,Kozak,1953,Italija
6922,Aleks,Maršall,1966,Rusija
6923,Valerij,Čudov,1970,Rusija
6924,Aleksandr,Korneev,1965,Sjedinjene Američke Države
6925,Robert M.,Vegner,1950,Poljska
6926,Nikolaj,Vorobev,1986,Rusija
6927,Izdatelstvo,Keskil,1974,Sjedinjene Američke Države
6928,Aleksej,Morozov,1961,Ujedinjeno Kraljevstvo
6929,Konstantin,Hudjakov,1956,Rusija
6930,Sofja,Samuilova,1945,Rusija
6931,Natalja,Samuilova,1952,Rusija
6932,Aleksandra,Gusarova,1969,Sjedinjene Američke Države
6933,Natalja,Sapunkova,1979,Sjedinjene Američke Države
6934,Jurij,Žuravljov,1996,Rusija
6935,Natalja,Bulba,1989,Sjedinjene Američke Države
6936,Aleksej,Cvetkov,1964,Sjedinjene Američke Države
6937,Gennadij,Potapov,1961,Sjedinjene Američke Države
6938,Aleksandr,Kolpakidi,1962,Rusija
6939,Gennadij,Lukankin,1963,Rusija
6940,Aleksandr,Koptjakov,1989,Italija
6941,Žan,Bodrijjar,1929,Francuska
6942,Irina,Jarič,1933,Rusija
6943,protoierej Georgij,Breev,1969,Ujedinjeno Kraljevstvo
6944,Anna,Rižaja,1959,Sjedinjene Američke Države
6945,Kris,Hamfris,1985,Sjedinjene Američke Države
6946,Sergej,Bogačev,1972,Rusija
6947,Frederik,Marriet,1792,Kraljevstvo Velika Britanija
6948,Darja,Koševaja,1966,Nemačka
6949,Sajmon,Skerrou,1951,Nemačka
6950,Irina,Mazaeva,1974,Japan
6951,Akim,Volinskij,1860,Rusija
6952,Evgenij,Škil,1964,Italija
6953,Beverli,Long,1933,Sjedinjene Američke Države
6954,Bim,Bekman,1967,Sjedinjene Američke Države
6955,Georg,Zimmel,1858,Kraljevina Pruska
6956,Rene,Genon,1886,Egipat
6957,Elvin,Toffler,1928,Sjedinjene Američke Države
6958,Hejdi,Toffler,1976,Rusija
6959,Žan-Ljuk,Nansi,1940,Francuska
6960,Emil-Mišel,Čoran,1973,Nemačka
6961,Vittorio,Hjosle,1960,Italija
6962,Olga,Denisova,1983,Sjedinjene Američke Države
6963,Meri,Nikols,1985,Rusija
6964,Andrej,Tihomirov,1967,Rusija
6965,Karlos,Gonsales,1960,Sjedinjene Američke Države
6966,D.,Šadrin,1994,Rusija
6967,Stepan,Ševirev,1982,Rusija
6968,Natalja,Mazurkevič,1984,Ujedinjeno Kraljevstvo
6969,Advokat,Šaškin,1986,Srbija
6970,Andrej,Kulibko,1963,Sjedinjene Američke Države
6971,Elena,Kušnir,1989,Ujedinjeno Kraljevstvo
6972,Aleksandr,Smagin,1967,Rusija
6973,Oleg,Borisenko,1959,Rusija
6974,Džasper,Fforde,1961,Ujedinjeno Kraljevstvo
6975,Evgenij,Kazmin,1978,Francuska
6976,Vasilij,Rusin,1992,Rusija
6977,Vadim,Nord,1958,Rusija
6978,Darja,Mije,1974,Sjedinjene Američke Države
6979,Vasilina,Židkih,1962,Rusija
6980,Natalja,Zamjatina,1966,Rusija
6981,Natalja,Berketova,1957,Rusija
6982,svjaščennik Georgij,Maksimov,1973,Srbija
6983,Dž.,Delejni,1994,Sjedinjene Američke Države
6984,Ksenija,Kunafina,1964,Ujedinjeno Kraljevstvo
6985,Svetlana,Gončarenko,1984,Francuska
6986,Sergej,Lobanov,1978,Sjedinjene Američke Države
6987,Viktor,Sbojčakov,1979,Poljska
6988,Olga,Muraveva,1968,Sjedinjene Američke Države
6989,Konstantin,Bakšt,1986,Rusija
6990,Svetoslav,Pelišenko,1952,Rusija
6991,Sergej,Ostaško,1954,Italija
6992,Mitropolit,Makarij,1995,Francuska
6993,Antonina,Pavlova,1959,Srbija
6994,Devid,Sklanski,1962,Rusija
6995,Ebbi,Hanlon,1985,Rusija
6996,Dmitrij,Gusev,1982,Francuska
6997,Olga,Ruina,1968,Rusija
6998,Alisa,Ardova,1980,Sjedinjene Američke Države
6999,Elizabet,Karlson,1971,Rusija
7000,Svetlana,Ostrovskaja,1974,Sjedinjene Američke Države
7001,Džorž,Klejson,1880,Francuska
7002,Andrej,Magnolin,1986,Ujedinjeno Kraljevstvo
7003,Adam,Nevill,1969,Ujedinjeno Kraljevstvo
7004,Sergej,Družinin,1961,Francuska
7005,Natalja,Tihaja,1988,Rusija
7006,Lui-Frederik,Rukett,1874,Srbija
7007,Tim,Šin,1988,Rusija
7008,Majkl,Sosnin,1937,Rusija
7009,Gaj Julij,Cezar,1981,Antički Rim
7010,Andrej,Mikolajčuk,1943,Rusija
7011,Faddej,Zelinskij,1859,Ruska Imperija
7012,Žuzé Eduardu,Agualuza,1970,Rusija
7013,Julija,Dubinina,1979,Kanada
7014,Karen Li,Strit,1988,Francuska
7015,Gilermo del,Toro,1964,Meksiko
7016,Deniel,Kraus,1978,Rusija
7017,Vlad,Mat,1970,Rusija
7018,Aleksandr,Sošnikov,1965,Francuska
7019,Aleksandr,Pelenicin,1961,Sjedinjene Američke Države
7020,Lois,Louri,1937,Sjedinjene Američke Države
7021,Rik,Hanson,1952,Sjedinjene Američke Države
7022,Ričard,Mendius,1967,Nemačka
7023,M.,Larionov,1966,Rusija
7024,Kejtlin,Dauti,1988,Rusija
7025,Sidni,Omarr,1979,Kanada
7026,Majk,Roj,1970,Rusija
7027,Andrej,Nečaev,1953,Rusija
7028,Andrej,Božok,1969,Rusija
7029,Nikolas,Ims,1986,Rusija
7030,Elena,Babickaja,1945,Ujedinjeno Kraljevstvo
7031,Edgard,Zajcev,1973,Poljska
7032,Vasilina,Lebedeva,1965,Rusija
7033,Džejms,Hollis,1940,Sjedinjene Američke Države
7034,Džosajja,Benkroft,1977,Italija
7035,Džanis,Mejnard,1982,Ujedinjeno Kraljevstvo
7036,Jurij,Ajzenšpis,1945,Rusija
7037,Viktor,Vajpan,1959,Sjedinjene Američke Države
7038,Tatjana,Grekova,1960,Nemačka
7039,Nadežda,Meščerjakova,1977,Ujedinjeno Kraljevstvo
7040,Nora,Buks,1985,Ujedinjeno Kraljevstvo
7041,Elizaveta,Kotova,1979,Rusija
7042,Skott,Adams,1957,Sjedinjene Američke Države
7043,Nikita,Čeremnih,1940,Ujedinjeno Kraljevstvo
7044,Vjačeslav,Žukov,1944,Rusija
7045,Brendon,Mull,1963,Rusija
7046,Andrej,Guskov,1985,Sjedinjene Američke Države
7047,Eduard,Elasov,1991,Sjedinjene Američke Države
7048,Oleg,Čerenin,1975,Sjedinjene Američke Države
7049,Aleksandr,Avramenko,1961,Rusija
7050,Viktorija,Getto,1966,Japan
7051,Marija,Labič,1963,Rusija
7052,Mihail,Pinskij,1232,Rusija
7053,Vladislav,Rogozin,1958,Rusija
7054,Darina,Mazitova,1985,Srbija
7055,Valerij,Čumakov,1983,Ujedinjeno Kraljevstvo
7056,Vladimir,Tihonov,1857,Ruska Imperija
7057,Svetlana,Kazakova,1966,Sjedinjene Američke Države
7058,Piter,Lavsi,1970,Sjedinjene Američke Države
7059,Sergej,Abenov,1940,Sjedinjene Američke Države
7060,Artjom,Udovickij,1980,Nemačka
7061,Ženiva,Li,1974,Rusija
7062,Dmitrij,Pisarev,1840,Ruska Imperija
7063,Jurij,Javorskij,1948,Rusija
7064,Vladimir,Alpatov,1945,Rusija
7065,Viktor,Bartaš,1978,Ujedinjeno Kraljevstvo
7066,Marija,Alma,1987,Sjedinjene Američke Države
7067,Artjom,Šiškin,1971,Rusija
7068,Ivan,Avramov,1948,Rusija
7069,Igor,Molčanov,1956,Rusija
7070,Natalja,Gorbanevskaja,1936,Poljska
7071,Igor,Obolenskij,1964,Rusija
7072,Marianna,Luzanova,1990,Rusija
7073,Naum,Sindalovskij,1935,Rusija
7074,Svami,Giri,1978,Rusija
7075,Teofil,Gote,1811,Francuska
7076,Džej,Barker,1972,Rusija
7077,Devid,Vong,1975,Kanada
7078,Artem,Kaljužin,1961,Rusija
7079,Alfija,Šajhutdinova,1970,Rusija
7080,Natalja,Kamenskih,1989,Ujedinjeno Kraljevstvo
7081,Mehman,Ibragimov,1997,Gruzija
7082,Nil,Rekhem,1942,Rusija
7083,Džon,Vinsentis,1963,Rusija
7084,Lev,Prozorov,1972,Rusija
7085,Tom,Harper,1958,Francuska
7086,Georgij,Grigorjanc,1975,Ukrajina
7087,Tereza,Karpenter,1948,Sjedinjene Američke Države
7088,Tereza,O'Nill,1974,Rusija
7089,Kristofer,Bakli,1952,Sjedinjene Američke Države
7090,Valentina,Poluhina,1982,Ujedinjeno Kraljevstvo
7091,Kšištof,Zanussi,1939,Poljska
7092,Anna,Mudrova,1962,Poljska
7093,Evgenij,Buzev,1977,Poljska
7094,Stanislav,Kuvaldin,1982,Ujedinjeno Kraljevstvo
7095,Dmitrij,Okrest,1964,Sjedinjene Američke Države
7096,Mihail,Barjatinskij,1953,Sjedinjene Američke Države
7097,Kerol,Marin,1957,Rusija
7098,Feliks,Sapsaj,1991,Sjedinjene Američke Države
7099,Brjuno,Komb,1970,Rusija
7100,Lina,Belyarova,1958,Rusija
7101,Uill,Elliott,1957,Sjedinjene Američke Države
7102,V.,Li,1969,Rusija
7103,Eduard,Šifman,1955,Ujedinjeno Kraljevstvo
7104,Nadežda,Kozlova,1987,Rusija
7105,Irina,Romanenko,1935,Rusija
7106,Džon,Uiljams,1909,Kanada
7107,Olga,Miklaševskaja,1975,Poljska
7108,Elena,Haritonova,1973,Sjedinjene Američke Države
7109,Aleksej,Nižegorodskij,1942,Nemačka
7110,Ilja,Dorofeev,1981,Rusija
7111,Natalja,Korikova,1986,Nemačka
7112,Džina,Makkinon,1980,Rusija
7113,Sergej,Nilus,1862,Savez Sovjetskih Socijalističkih Republika
7114,Džuli,Dirksen,1989,Ujedinjeno Kraljevstvo
7115,Strannaja,Ljubov,1981,Sjedinjene Američke Države
7116,Aleksandr,Arhipov,1977,Rusija
7117,Hans,Rusenfeldt,1983,Francuska
7118,Mikael,Jurt,1968,Sjedinjene Američke Države
7119,Heruvim (Karambelas),Arhimandrit,1939,Sjedinjene Američke Države
7120,Sergej,Reutov,1975,Ujedinjeno Kraljevstvo
7121,Lika,Vi,1963,Sjedinjene Američke Države
7122,Džastin,Kronin,1962,Sjedinjene Američke Države
7123,Sergej,Gončaruk,1983,Sjedinjene Američke Države
7124,M.,Norbekov,1982,Italija
7125,Sajmon,Sinek,1973,Ujedinjeno Kraljevstvo
7126,Devid,Mid,1970,Sjedinjene Američke Države
7127,Piter,Doker,1990,Nemačka
7128,Darja,Staal,1961,Francuska
7129,Ljudmila,Grudcina,1982,Rusija
7130,Filis Kristina,Kast,1960,Sjedinjene Američke Države
7131,Elena,Pakalina,1953,Rusija
7132,Aleksandr,Bikov,1865,Sjedinjene Američke Države
7133,Čarlz,Montgomeri,1961,Nemačka
7134,Olga,Batalova,1969,Sjedinjene Američke Države
7135,Diana,Soul,1974,Rusija
7136,Anastasija,Volžskaja,1975,Srbija
7137,Lena,Sova,1969,Rusija
7138,Julija,Mednaja,1970,Nemačka
7139,Uiljam,Miller,1979,Rusija
7140,Stiven,Rollnik,1967,Francuska
7141,Vladimir,Dulga,1931,Rusija
7142,Džon,Baldoni,1971,Rusija
7143,Fridrih,Antonov,1936,Nemačka
7144,Lija,Movadin,1966,Rusija
7145,Іrvіn,Jalom,1959,Italija
7146,Helga,Rojston,1988,Sjedinjene Američke Države
7147,Vadim,Tarasenko,1994,Rusija
7148,Elena,Ulmasbaeva,1964,Sjedinjene Američke Države
7149,Evgenija,Perova,1979,Rusija
7150,Lluellin,Miller,1985,Srbija
7151,Vasilij,Livanov,1935,Rusija
7152,Natalja,Čiž,1949,Sjedinjene Američke Države
7153,Jana,Rudkovskaja,1975,Rusija
7154,Pavel,Politov,1980,Ujedinjeno Kraljevstvo
7155,Roman,Savelev,1982,Rusija
7156,Jurij,Morozov,1948,Rusija
7157,Ajrat,Sevijorum,1964,Rusija
7158,Dmitrij,Krjukov,1963,Rusija
7159,Aleksandr,Luzgin,1966,Rusija
7160,Olga,Demiurg,1976,Rusija
7161,Tatjana,Ufimceva,1941,Rusija
7162,Dmitrij,Hristosenko,1987,Francuska
7163,Dmitrij,Zima,1961,Rusija
7164,Nadežda,Zima,1952,Rusija
7165,Stanislav,Sazonov,1984,Srbija
7166,Sana,Valiulina,1976,Rusija
7167,Julija,Skopa,1977,Sjedinjene Američke Države
7168,Natalja,Grib,1965,Sjedinjene Američke Države
7169,Devid,Rendall,1975,Rusija
7170,Aarin,Ring,1960,Srbija
7171,Aljona,Doleckaja,1978,Francuska
7172,Tomas,Mann,1875,Sjedinjene Američke Države
7173,Darina,Grot,1960,Sjedinjene Američke Države
7174,Dmitrij,Pavlušin,1984,Sjedinjene Američke Države
7175,Aleksandr,Sapelin,1984,Nemačka
7176,Marina,Davidova,1937,Rusija
7177,Konstantin,Drobilenko,1991,Rusija
7178,Anastasija,Ponomarenko,1977,Ukrajina
7179,Semen,Lavrinenko,1964,Sjedinjene Američke Države
7180,Nazaršo,Nazaršoev,1960,Rusija
7181,Tennessi,Uiljams,1911,Sjedinjene Američke Države
7182,Panas,Mirnij,1849,Ruska Imperija
7183,Vladimir,Špinev,1969,Poljska
7184,Galina,Misjura,1987,Ujedinjeno Kraljevstvo
7185,Grigorij,Večkanov,1928,Rusija
7186,Galina,Večkanova,1974,Srbija
7187,Džejkob,Tejtelbaum,1985,Sjedinjene Američke Države
7188,Bekka,Fitcpatrik,1979,Sjedinjene Američke Države
7189,Marija,Ščipanova,1957,Nemačka
7190,Maks,Ostrogin,1982,Ujedinjeno Kraljevstvo
7191,Bertran,Rassel,1872,Ujedinjeno Kraljevstvo
7192,Natalija,Domančuk,1959,Nemačka
7193,Roman,Rokotov,1989,Ujedinjeno Kraljevstvo
7194,Ivan,Iutin,1967,Rusija
7195,Aleksej,Širobokov,1957,Rusija
7196,Mihail,Ponomarev,1966,Ruska Imperija
7197,Galina,Pahareva,1956,Rusija
7198,Nikolaj,Kičigin,1981,Italija
7199,Iosif,Kobzon,1937,Rusija
7200,Anna,Matveeva,1972,Rusija
7201,Olga,Timofeeva,1967,Rusija
7202,Jurgen,Todenhjofer,1940,Nemačka
7203,Ekaterina,Dodonova,1971,Sjedinjene Američke Države
7204,Anna,Kolmagorova,1955,Rusija
7205,Josef,Bar-Josef,1933,Izrael
7206,Anna,Jafor,1942,Rusija
7207,Etel Lilian,Vojnič,1864,Ujedinjeno Kraljevstvo Velike Britanije i Irske
7208,Andrej,Stoljarov,1961,Rusija
7209,Vasilij,Ralko,1960,Rusija
7210,Aleksej,Moskalev,1975,Rusija
7211,Valerij,Kiselev,1990,Rusija
7212,Galina,Gajduk,1995,Srbija
7213,Konstantin,Bažkov,1978,Ujedinjeno Kraljevstvo
7214,Evgenij,Tamkovič,1972,Belorusija
7215,Dmitrij,Krasotin,1989,Rusija
7216,Petr,Behterev,1955,Ujedinjeno Kraljevstvo
7217,Larri,Viljams,1973,Kanada
7218,Galina,Aleksandrova,1961,Rusija
7219,Viktor,Veržbickij,1959,Rusija
7220,Kristin,Fihan,1948,Japan
7221,Elena,Korobova,1980,Sjedinjene Američke Države
7222,Aleksandr,Kremov,1967,Rusija
7223,Andrej,Hrustalev,1960,Rusija
7224,Sergej,Bugrimov,1990,Sjedinjene Američke Države
7225,Tatjana,Kumleva,1965,Rusija
7226,Rozamunda,Zander,1992,Rusija
7227,Evgenij,Popov,1986,Rusija
7228,Beatris,Potter,1866,Ujedinjeno Kraljevstvo
7229,Džejms,Hjuz-mladšij,1958,Italija
7230,Sergej,Mogilevcev,1980,Francuska
7231,Rejmond,Drejk,1993,Sjedinjene Američke Države
7232,Oleg,Astašenko,1985,Rusija
7233,Varvara,Kopejkina,1939,Italija
7234,Rustam,Hamitov,1963,Nemačka
7235,Natalja,Hamitova,1968,Sjedinjene Američke Države
7236,Aleks,Nekritin,1984,Rusija
7237,Uolter,Piters,1957,Sjedinjene Američke Države
7238,Per,Djukan,1941,Francuska
7239,Valerij,Zamulin,1968,Rusija
7240,Leon,Demen,1952,Rusija
7241,Alla,Vologžanina,1980,Francuska
7242,Aleksandr,Zavjalov,1969,Rusija
7243,Julija,Pogorelceva,1990,Rusija
7244,Aleksandr,Širvindt,1934,Rusija
7245,Elena,Silina,1968,Rusija
7246,Rafel,Nadal,1966,Ujedinjeno Kraljevstvo
7247,Džon,Medina,1976,Rusija
7248,Desmond,Morris,1928,Ujedinjeno Kraljevstvo
7249,Sergej,Meh,1957,Poljska
7250,Devid,Horsager,1969,Sjedinjene Američke Države
7251,Jordanka,Veličkova,1981,Rusija
7252,Džon,Mann,1954,Sjedinjene Američke Države
7253,Brendon,Uebb,1992,Rusija
7254,Anton,Denikin,1872,Ruska Imperija
7255,Aleksandra Alexandra,Miracle,1973,Nemačka
7256,Toni,Bjuzen,1942,Ujedinjeno Kraljevstvo
7257,Barri,Bjuzen,1976,Ujedinjeno Kraljevstvo
7258,Federiko,Moččia,1963,Italija
7259,Lilian,Mej,1972,Srbija
7260,Džon,Kejžu,1969,Sjedinjene Američke Države
7261,Ivan,Leskov,1962,Rusija
7262,Hafiz,Širazi,1325,Timuridsko carstvo
7263,Jurij,Uspenskij,1991,Ujedinjeno Kraljevstvo
7264,Ma,Guanda,1969,Rusija
7265,Šaron,Krič,1952,Sjedinjene Američke Države
7266,Nikolaj,Korkunov,1960,Rusija
7267,Tim,Skorenko,1977,Rusija
7268,Vjačeslav,Paršukov,1935,Sjedinjene Američke Države
7269,Niklas,Natt-o-Dag,1963,Francuska
7270,Lorens,Limer,1962,Rusija
7271,Vitalij,Hramov,1985,Rusija
7272,Igor,Pavlov,1974,Rusija
7273,Elajn,Neksli,1960,Rusija
7274,Galina,Pavlova,1952,Rusija
7275,Denis,Rešetnikov,1949,Ujedinjeno Kraljevstvo
7276,Mari-Bernadett,Djupjui,1964,Rusija
7277,Bella,Bakannon,1986,Rusija
7278,Viktorija,Dvojnišnikova,1965,Sjedinjene Američke Države
7279,Di,Maklanahan,1970,Italija
7280,Vjačeslav,Gordienko,1961,Rusija
7281,Natalija,Mironina,1957,Rusija
7282,Marina,Poletika,1985,Rusija
7283,Hanna,Hauell,1946,Rusija
7284,Sergej,Kurčjonkov,1981,Rusija
7285,Džennifer,Hejvord,1986,Sjedinjene Američke Države
7286,Natalja,Razumovskaja,1690,Ruska Imperija
7287,Džejson,Arnopp,1983,Rusija
7288,Bill,Trakson,1954,Rusija
7289,Boris,Bulgakov,1961,Rusija
7290,Rejčel,Uells,1971,Rusija
7291,Lidija,Lukovceva,1959,Rusija
7292,Aleksej,Hodorkovskij,1988,Sjedinjene Američke Države
7293,Nil,Doši,1968,Nemačka
7294,Lindsi,Makgregor,1965,Nemačka
7295,Sergej,Puzirev,1933,Ujedinjeno Kraljevstvo
7296,Grem,Robb,1972,Nemačka
7297,Nikolaj,Amosov,1942,Srbija
7298,Elena,Kačur,1988,Rusija
7299,Ben,Elton,1959,Ujedinjeno Kraljevstvo
7300,Olga,Pravdina,1982,Rusija
7301,Robert,Džons,1929,Francuska
7302,Meri,Lej,1981,Italija
7303,Viktor,Stukalov,1987,Sjedinjene Američke Države
7304,Tomas,Rjudal,1986,Srbija
7305,Viktor,Benik,1984,Rusija
7306,Marina,Zvjozdnaja,1941,Nemačka
7307,Dimitrij,Čurakov,1959,Sjedinjene Američke Države
7308,Tom,Kanlif,1961,Rusija
7309,Gennadij,Averjanov,1945,Rusija
7310,Anna,Šuvalova,1981,Rusija
7311,Nikki,Kallen,1973,Rusija
7312,Sergej,Gladkov,1985,Sjedinjene Američke Države
7313,Andrej,Smirnov,1989,Ujedinjeno Kraljevstvo
7314,Robert,Ballantajn,1825,Ujedinjeno Kraljevstvo Velike Britanije i Irske
7315,Lui,Russele,1845,Francuska
7316,Uiljam,Kingston,1814,Ujedinjeno Kraljevstvo Velike Britanije i Irske
7317,Anna,Pudova,1965,Sjedinjene Američke Države
7318,Barbara,Takman,1912,Sjedinjene Američke Države
7319,Kirill,Vodinov,1985,Ujedinjeno Kraljevstvo
7320,Nina,Sumire,1980,Rusija
7321,Konn,Iggulden,1971,Ujedinjeno Kraljevstvo
7322,Ejmi,Karson,1972,Sjedinjene Američke Države
7323,Aleksandra,Medvedkina,1947,Sjedinjene Američke Države
7324,Mihail,Tihonov,1967,Rusija
7325,Lakedemonskaja,Natalja,1975,Poljska
7326,Stiv,Makkletči,1975,Rusija
7327,Tanja,Serbijanova,1975,Rusija
7328,Elena,Kordževa,1985,Rusija
7329,Džo,Feniks,1975,Rusija
7330,Nik,Ortner,1961,Ujedinjeno Kraljevstvo
7331,N.,Hovasova,1974,Francuska
7332,E.,Larjuškina,1985,Sjedinjene Američke Države
7333,K.,Šamaeva,1977,Francuska
7334,Roman,Ozerskij,1969,Italija
7335,Ruslan,Samigullin,1968,Poljska
7336,Linda,Grin,1971,Kanada
7337,Stanislav,Morozov,1974,Rusija
7338,Aleksej,Solovev,1984,Sjedinjene Američke Države
7339,Gerr,Faramant,1942,Rusija
7340,Czjun,Čan,1971,Ujedinjeno Kraljevstvo
7341,S.,Tremejn,1961,Rusija
7342,Ekaterina,Šestakova,1986,Kanada
7343,Irina,Saharova,1979,Ujedinjeno Kraljevstvo
7344,Viktor,Kurčevskij,1938,Sjedinjene Američke Države
7345,Aja,eN,1972,Francuska
7346,Vjačeslav,Orlov,1979,Rusija
7347,Nikolaj,Vasilev,1992,Rusija
7348,Šennon,Drejk,1976,Rusija
7349,Vladimir,Rafalovič,1979,Rusija
7350,Asi,Bler,1978,Sjedinjene Američke Države
7351,Mihail,Spička,1992,Rusija
7352,Sergej,Musanif,1977,Rusija
7353,Aleksandr,Keržakov,1982,Rusija
7354,Denis,Kotenkov,1981,Sjedinjene Američke Države
7355,Gustav,Emar,1825,Rusija
7356,Penni,Džordan,1972,Rusija
7357,Mihail,Ščukin,1989,Rusija
7358,Maksim,Gureev,1976,Kanada
7359,Ivan,Sedov,1973,Francuska
7360,E.,Pozdeeva,1952,Kanada
7361,Ilja,Zubec,1985,Rusija
7362,Tomas,Metcinger,1958,Nemačka
7363,Andrej,Prohorenko,1983,Sjedinjene Američke Države
7364,Ivan,Glemba,1974,Sjedinjene Američke Države
7365,Aleksandr,Kazankov,1994,Sjedinjene Američke Države
7366,Irina,Evtušenko,1930,Rusija
7367,Ilja,Guglin,1974,Srbija
7368,Mišel,Fejber,1960,Australija
7369,Milburg,Mansfield,1956,Rusija
7370,Edvard,Bulver-Litton,1803,Ujedinjeno Kraljevstvo Velike Britanije i Irske
7371,Viktor,Pronin,1970,Rusija
7372,Emili,Olford,1930,Francuska
7373,Darja,Ragulina,1947,Rusija
7374,Vera,Petruk,1971,Rusija
7375,Sju,Blek,1967,Srbija
7376,Olga,Gračevskaja,1975,Sjedinjene Američke Države
7377,Mihail,Iljaev,1979,Rusija
7378,starec Iosif,Vatopedskij,1963,Rusija
7379,Elena,Ovsjannikova,1955,Rusija
7380,Andrej,Stepanenko,1939,Srbija
7381,Sergej,Jakovenko,1967,Rusija
7382,Viktorija,Sokolova,1981,Rusija
7383,Leonid,Francuzov,1982,Sjedinjene Američke Države
7384,Albreht,Kesselring,1908,Rusija
7385,K.,Sekačeva,1977,Rusija
7386,Lui,Boden,1946,Sjedinjene Američke Države
7387,Aleksandr,Šaravar,1982,Ujedinjeno Kraljevstvo
7388,Rej,Morgan,1977,Rusija
7389,Semen,Gurarij,1966,Nemačka
7390,Sergej,Litovkin,1991,Sjedinjene Američke Države
7391,Vasilij,Češihin,1981,Rusija
7392,Vladimir,Petrenko,1939,Ukrajina
7393,Natalija,Morozova,1983,Ujedinjeno Kraljevstvo
7394,Bernar,Miner,1976,Nemačka
7395,Petr,Dikij,1958,Sjedinjene Američke Države
7396,Viki,Robin,1972,Nemačka
7397,Monik,Tilford,1961,Ujedinjeno Kraljevstvo
7398,Džo,Dominges,1894,Ujedinjeno Kraljevstvo
7399,Vera,Lorans,1987,Rusija
7400,Džeffri,Long,1962,Sjedinjene Američke Države
7401,Robert,Napp,1987,Sjedinjene Američke Države
7402,V.,Arkadeva,1958,Rusija
7403,Tess,Hollidej,1979,Francuska
7404,Natalja,Putienko,1972,Rusija
7405,Alisa,Čudnaja,1983,Rusija
7406,Yulia,Poplavskaya,1984,Francuska
7407,Mihail,Vilkov,1979,Rusija
7408,David,Šarkovskij,1978,Sjedinjene Američke Države
7409,Emma,Donohju,1969,Kanada
7410,Boris,Jasnij,1992,Srbija
7411,Pol,Engoni,1989,Rusija
7412,Galina,Koršunova,1979,Ujedinjeno Kraljevstvo
7413,Anastasija,Fadeeva,1962,Sjedinjene Američke Države
7414,Tereza,Toten,1976,Rusija
7415,Svetlana,Fedina,1977,Francuska
7416,Evgenij,Kusakin,1994,Italija
7417,Vasilij,Dželdašov,1971,Ujedinjeno Kraljevstvo
7418,Irada,Nuri,1974,Ujedinjeno Kraljevstvo
7419,Gleb,Beljaev,1944,Rusija
7420,Zuzka,Lajt,1961,Ujedinjeno Kraljevstvo
7421,Džeff,O’Konnell,1973,Srbija
7422,Svetlana,Russova,1965,Rusija
7423,Aleksej,Zavarov,1971,Nemačka
7424,Dmitrij,Roganov,1967,Rusija
7425,Arkadij,Koško,1867,Ruska Imperija
7426,Džejms,Uilson,1995,Ujedinjeno Kraljevstvo
7427,Pol,Doerti,1988,Rusija
7428,Džon,Pristli,1894,Ujedinjeno Kraljevstvo
7429,Roman,Kulikov,1995,Rusija
7430,Vitalij,Denisov,1987,Rusija
7431,Mišel,Smart,1989,Rusija
7432,Sergej,Ščeglov,1921,Rusija
7433,Mihail,Hazin,1972,Poljska
7434,Kejt,Hadson,1963,Ujedinjeno Kraljevstvo
7435,Nadežda,Hlimonova,1957,Rusija
7436,Dmitrij,Loza,1962,Sjedinjene Američke Države
7437,Džej,Bonansinga,1959,Sjedinjene Američke Države
7438,Natalija,Skorobogatko,1975,Rusija
7439,Nonna,Mordjukova,1925,Rusija
7440,Olga,Borzunova,1955,Rusija
7441,Pol,Krivaček,1961,Rusija
7442,Aljona,Šejk,1963,Ujedinjeno Kraljevstvo
7443,Arkadij,Timofeev,1932,Rusija
7444,Aleksej,Tenčoj,1960,Sjedinjene Američke Države
7445,Ančutka,Onlajn,1970,Ujedinjeno Kraljevstvo
7446,Kelli,Rimmer,1972,Italija
7447,Oleg,Sorokin,1946,Italija
7448,Aleksandr,Novikov,1980,Italija
7449,Ljudmila,Nefjodova,1958,Rusija
7450,Ljudmila,Antonova,1975,Mađarska
7451,Maksim,Subbotin,1848,Ruska Imperija
7452,Ajja,Subbotina,1971,Rusija
7453,Daniel,Dakar,1977,Srbija
7454,Genri Džej,Pšibilo,1989,Rusija
7455,Kris,Skinner,1978,Rusija
7456,Nikolaj,Jugov,1961,Nemačka
7457,Ženja,Džentbaev,1954,Rusija
7458,Dmitrij,Politov,1980,Francuska
7459,Daniil,Vekov,1974,Italija
7460,Vadim,Kurkin,1977,Rusija
7461,Rene,Pretr,1991,Poljska
7462,Sergej,Paršutkin,1972,Poljska
7463,Vera,Malgina,1991,Sjedinjene Američke Države
7464,Julija,Vasilčenko,1985,Rusija
7465,Vladimir,Ulanov,1946,Rusija
7466,Sajmon,Dženkins,1943,Ujedinjeno Kraljevstvo
7467,Brajanna,Rid,1935,Srbija
7468,Ljuis,Haus,1976,Srbija
7469,Mihail,Holkin,1962,Rusija
7470,Katerina,Janouh,1978,Kanada
7471,Uljana,Ess,1982,Francuska
7472,Marta,Ketro,1971,Rusija
7473,Albert,Gromov,1960,Srbija
7474,Julija,Pušnova,1978,Sjedinjene Američke Države
7475,Irina,Šarova,1978,Sjedinjene Američke Države
7476,Evgenija,Akimova,1958,Sjedinjene Američke Države
7477,Valerij,MIT,1964,Rusija
7478,Տերյան,Վահան,1984,Nemačka
7479,Larisa,Mišina,1975,Rusija
7480,E.,Sablin,1943,Ujedinjeno Kraljevstvo
7481,Sergej,Amalanov,1991,Rusija
7482,Aleksej,Bolšakov,1939,Savez Sovjetskih Socijalističkih Republika
7483,Oleg,Ribačenko,1994,Ujedinjeno Kraljevstvo
7484,Karina,Kokrell,1972,Rusija
7485,Aleksandr,Makeev,1989,Sjedinjene Američke Države
7486,Viktor,Zverev,1968,Italija
7487,Anna,Zvereva,1993,Rusija
7488,Sergej,Evsjukov,1973,Sjedinjene Američke Države
7489,Hiromi,Šinja,1935,Japan
7490,Nikolaj,Kostomarov,1817,Ruska Imperija
7491,Olga,Fedorova,1963,Sjedinjene Američke Države
7492,Grigorij,Rižov,1988,Ujedinjeno Kraljevstvo
7493,Julija,Dunaeva,1961,Rusija
7494,Olga,Ilina,1937,Ukrajina
7495,Džinn,Rajan,1977,Poljska
7496,Irina,Andrianova,1967,Rusija
7497,Saša,Galickij,1957,Rusija
7498,Marija,Svešnikova,1973,Rusija
7499,Viktor,Lebedev,1969,Rusija
7500,Roman,Trahtenberg,1968,Rusija
7501,Elena,Babenko,1972,Rusija
7502,Dmitrij,Šeleg,1988,Rusija
7503,Nikolaj,Uglov,1967,Rusija
7504,Ekaterina,Melnikova,1931,Francuska
7505,Elena,Haeckaja,1963,Rusija
7506,Veronika,Gorbačeva,1965,Ujedinjeno Kraljevstvo
7507,Petr,Baranov,1970,Ruska Imperija
7508,Ivan,Kondratev,1889,Ujedinjeno Kraljevstvo
7509,Rob,Koul,1992,Rusija
7510,Edvard,Skotčer,1989,Ujedinjeno Kraljevstvo
7511,Ksenija,Tomaševa,1990,Sjedinjene Američke Države
7512,Uorren,Baffett,1930,Sjedinjene Američke Države
7513,Emi,Uiver,1986,Nemačka
7514,Kurt,Vonnegut,1922,Sjedinjene Američke Države
7515,Anastasija,Martinova,1999,Sjedinjene Američke Države
7516,Petr,Aleksandrov,1834,Rusija
7517,Sergej,Bakatov,1980,Rusija
7518,Boris,Nikitin,1883,Sjedinjene Američke Države
7519,Džejn,Metjuz,1978,Nemačka
7520,Sergej,Muzžavljov,1964,Rusija
7521,Sergej,Ponomarenko,1955,Ukrajina
7522,Vasilij,Golovanov,1945,Sjedinjene Američke Države
7523,Svetlana,Strelnikova,1973,Rusija
7524,Sigizmund,Kržižanovskij,1955,Francuska
7525,Nikolaj,Kurčanov,1965,Poljska
7526,Džoann,Makgregor,1988,Rusija
7527,Marija,Očakovskaja,1956,Rusija
7528,Uiljam,Devis,1979,Sjedinjene Američke Države
7529,Anes,Marten-Ljugan,1979,Francuska
7530,Piter,Rassel,1913,Ujedinjeno Kraljevstvo
7531,Ervin,Laslo,1932,Mađarska
7532,Olga,Judina,1987,Nemačka
7533,Irina,Egorova,1920,Ukrajina
7534,A.,Vinogradov,1931,Ujedinjeno Kraljevstvo
7535,Janis,Varufakis,1961,Grčka
7536,Aleksej,Ščurov,1957,Sjedinjene Američke Države
7537,Ljudmila,Zareckaja,1975,Srbija
7538,Pjotr,Gajduk,1958,Savez Sovjetskih Socijalističkih Republika
7539,Vera,Figner,1852,Savez Sovjetskih Socijalističkih Republika
7540,Glafira,Rževskaja,1993,Italija
7541,Anna,Sterligova,1993,Nemačka
7542,Aleksandra,Sokolova,1973,Rusija
7543,Tatjana,Morozova,1995,Rusija
7544,Kurtis,Kejt,1938,Francuska
7545,Oleg,Sivenko,1959,Rusija
7546,Ljusi,Vajn,1972,Francuska
7547,Anna,Grin,1980,Francuska
7548,Nina,Sadur,1983,Rusija
7549,Polina,Golicina,1959,Rusija
7550,Oleg,Voskresenskij,1977,Sjedinjene Američke Države
7551,Anna,Feltina,1956,Sjedinjene Američke Države
7552,Uiljam Houp,Hodžson,1877,Ujedinjeno Kraljevstvo Velike Britanije i Irske
7553,Elizabet,Kjubler-Ross,1926,Sjedinjene Američke Države
7554,Svetlana,Piskunova,1967,Rusija
7555,Dana,Rejnhardt,1953,Ujedinjeno Kraljevstvo
7556,Šangpa,Rinpoče,1951,Srbija
7557,Uiljam,Folkner,1897,Sjedinjene Američke Države
7558,Alice,Meyer,1976,Rusija
7559,Anastasija,Gagarina,1983,Rusija
7560,Tanzilja,Garipova,1970,Rusija
7561,Julija,Bogatirjova,1981,Sjedinjene Američke Države
7562,Roman,Gagarin,1983,Sjedinjene Američke Države
7563,Doroteja Kjoklen de,Bizemon,1961,Srbija
7564,Tatjana,Tolstaja,1951,Rusija
7565,Rin,Folk,1960,Sjedinjene Američke Države
7566,Larisa,Džejkman,1948,Sjedinjene Američke Države
7567,Leonid,Petropolskij,1965,Kanada
7568,Konstantin,Hrabrih,1962,Sjedinjene Američke Države
7569,Ivan,Bajbakov,1984,Rusko carstvo
7570,Džessika,Hart,1986,Australija
7571,Aleksandr,Šavkunov,1973,Rusija
7572,N.,Kozak,1943,Rusija
7573,Ju.,Kostrov,1941,Ujedinjeno Kraljevstvo
7574,V.,Morozova,1949,Francuska
7575,Mihail,Beljaev,1992,Estonija
7576,Nastja,Armstrong,1968,Sjedinjene Američke Države
7577,Tara Izabella,Berton,1970,Ujedinjeno Kraljevstvo
7578,Konstantin,Popov,1977,Rusija
7579,Jurij,Žarikov,1974,Francuska
7580,Andrej,Egorov,1960,Savez Sovjetskih Socijalističkih Republika
7581,Leonid,Podolskij,1933,Sjedinjene Američke Države
7582,Artjom,Pomozov,1983,Rusija
7583,Elana,Daržan,1988,Sjedinjene Američke Države
7584,Aleksej,Svadkovskij,1961,Rusija
7585,Stiven Van,Dajn,1888,Sjedinjene Američke Države
7586,Sergej,Pavlovskij,1953,Poljska
7587,Guzel,Jahina,1977,Rusija
7588,Boris,Strugackij,1933,Rusija
7589,Lina,Zub,1952,Rusija
7590,Larisa,Geraščenko,1946,Sjedinjene Američke Države
7591,Aleksandr,Sih,1934,Sjedinjene Američke Države
7592,Džo,Asmar,1977,Rusija
7593,Džessami,Hibberd,1978,Srbija
7594,Tomas,Erikson,1965,Švedska
7595,Irina,Žukova,1993,Poljska
7596,Ženja,Šumenko,1975,Rusija
7597,Šarl,Bodler,1821,Francuska
7598,Evgenija,Lineckaja,1981,Rusija
7599,Anna,Bjalko,1970,Nemačka
7600,Valentin,Jakovenko,1859,Ruska Imperija
7601,Mariano,Sigman,1968,Sjedinjene Američke Države
7602,Larisa,Petrovičeva,1965,Sjedinjene Američke Države
7603,Zahar,Petrov,2004,Rusija
7604,Polina,Kaminskaja,1957,Rusija
7605,Grigorij,Mironov,1984,Rusija
7606,Andrej,Kosenkin,1968,Ujedinjeno Kraljevstvo
7607,Džejms,Bolduin,1987,Italija
7608,Dide,Dekuen,1972,Sjedinjene Američke Države
7609,Maksim,Kozlov,1994,Francuska
7610,Vitalij,Volkov,1933,Rusija
7611,Hajko,Degen,1951,Italija
7612,Oleg,Danilčenko,1987,Rusija
7613,Grigorij,Danilevskij,1834,Savez Sovjetskih Socijalističkih Republika
7614,Vladimir,Des,1951,Rusija
7615,Igor,Kazarinov,1938,Sjedinjene Američke Države
7616,Anatolij,Frolov,1906,Rusija
7617,Salavat,Asfatullin,1981,Rusija
7618,Marta,Belokon,1960,Sjedinjene Američke Države
7619,Elena,Kaffanovskaja,1973,Rusija
7620,Stiven,Bakster,1957,Ujedinjeno Kraljevstvo
7621,Adel,Lozovskaja,1992,Rusija
7622,Evgenij,Maljar,1952,Rusija
7623,Boris,Harkin,1976,Sjedinjene Američke Države
7624,Igor,Gorbunov,1989,Nemačka
7625,Anna,Svilet,1970,Sjedinjene Američke Države
7626,Sofja,Kosova,1966,Rusija
7627,Andrej,Krasnov,1862,Ruska Imperija
7628,Olga,Lavrešina,1959,Rusija
7629,Elena,Lis,1987,Sjedinjene Američke Države
7630,Aleksandr,Senkevič,1982,Ukrajina
7631,Salman,Dikaev,1973,Ujedinjeno Kraljevstvo
7632,Pavel,Barabaš,1985,Rusija
7633,Lana,Stoun,1958,Nemačka
7634,Anna,Puškina,1960,Nemačka
7635,Viktorija,Horošilova,1946,Rusija
7636,Karen,Armstrong,1944,Ujedinjeno Kraljevstvo
7637,Ljubov,Baranovskaja,1962,Francuska
7638,Olga,Tokarčuk,1962,Poljska
7639,Vladimir,Strug,1968,Italija
7640,Vladimir,Daniluškin,1975,Poljska
7641,Vanessa van,Edvards,1985,Sjedinjene Američke Države
7642,Aleksej,Korzin,1995,Ujedinjeno Kraljevstvo
7643,Aleksandra,Romanova,1993,Rusija
7644,Anand,Kumarasvami,1989,Rusija
7645,Margaret,Nobel,1978,Rusija
7646,Aleksandr,Poljuhov,1970,Rusija
7647,Nikolaj,Orlov,1951,Srbija
7648,O.,Pavlova,1960,Ujedinjeno Kraljevstvo
7649,E.,Šnjukova,1986,Ujedinjeno Kraljevstvo
7650,Grigorij,Eliseev,1960,Sjedinjene Američke Države
7651,Džon,Duglas,1967,Rusija
7652,Mark,Olšejker,1975,Srbija
7653,Elvira,Abdulova,1966,Rusija
7654,Meri,Uajn,1983,Sjedinjene Američke Države
7655,Konstantin,Promislovskij,1984,Kanada
7656,Aleksej,Šestakov,1955,Rusija
7657,Marija,Hramcova,1974,Rusija
7658,Svetlana,Pankratova,1983,Sjedinjene Američke Države
7659,Tatjana,Mihajlovskaja,1950,Italija
7660,Džema,Gordon,1989,Sjedinjene Američke Države
7661,Dunkan,Uotts,1967,Poljska
7662,Živa,Božeslavna,1965,Sjedinjene Američke Države
7663,Valerij,Starskij,1992,Rusija
7664,Galina,Timošenko,1963,Rusija
7665,Elena,Leonenko,1982,Francuska
7666,Devid,Leroj,1959,Nemačka
7667,Valerij,Anisimkov,1961,Rusija
7668,Ekaterina,Krasavina,1961,Sjedinjene Američke Države
7669,Marsel,Zinnatullin,1959,Rusija
7670,Lui de,Berner,1954,Ujedinjeno Kraljevstvo
7671,Sergej,Ščepetov,1977,Ujedinjeno Kraljevstvo
7672,Olga,Alekseeva,1983,Rusija
7673,Irina,Tokmakova,1929,Rusija
7674,Evgenij,Jakubovič,1955,Sjedinjene Američke Države
7675,Igor,Rodinkov,1991,Sjedinjene Američke Države
7676,Keti,Maksvell,1975,Ujedinjeno Kraljevstvo
7677,Alisa,Pirova,1971,Ujedinjeno Kraljevstvo
7678,Žanna,Frolova,1977,Rusija
7679,Vasilij,Cvetkov,1907,Savez Sovjetskih Socijalističkih Republika
7680,Petr,Jul,1972,Sjedinjene Američke Države
7681,Katrina,Kejns,1966,Rusija
7682,Stanislav,Kunjaev,1963,Rusija
7683,Erik,Kaplan,1971,Sjedinjene Američke Države
7684,Evgenij,Šuremov,1975,Rusija
7685,Aleksandr,Kopitin,1959,Italija
7686,Džordž,Platts,1961,Sjedinjene Američke Države
7687,Arkadij,Kazanskij,1919,Savez Sovjetskih Socijalističkih Republika
7688,Alja,Skaj,1966,Rusija
7689,Rafaello,Džovanoli,1838,Kraljevina Italija
7690,Irina,Dmitrieva,1918,Rusija
7691,Makkenzi,Kadenhed,1980,Rusija
7692,Stepan,Vartanov,1972,Poljska
7693,Alan,Braun,1962,Rusija
7694,Tatjana,Kupor,1969,Ujedinjeno Kraljevstvo
7695,Gercel,Davidov,1963,Sjedinjene Američke Države
7696,Evgenij,Antaškevič,1978,Ujedinjeno Kraljevstvo
7697,Olga,Paskal,1977,Rusija
7698,Dmitrij,Barčuk,1966,Poljska
7699,Gali,Novikova,1986,Francuska
7700,Artem,Bogač,1959,Ujedinjeno Kraljevstvo
7701,Oksana,Erlih,1983,Japan
7702,Džudit,Norman,1960,Ujedinjeno Kraljevstvo
7703,Sergej,Valov,1953,Sjedinjene Američke Države
7704,Elen,Goma,1980,Rusija
7705,Petr,Bukejhanov,1966,Sjedinjene Američke Države
7706,Aleksandr,Berg,1957,Rusija
7707,Adžoni,Ras,1947,Rusija
7708,S.,Venčakova,1994,Rusija
7709,Konstantin,Ciolkovskij,1857,Savez Sovjetskih Socijalističkih Republika
7710,Evgenij,Bunimovič,1954,Rusija
7711,Inna,Tronina,1989,Sjedinjene Američke Države
7712,Svetlana,Goloveva,1940,Ujedinjeno Kraljevstvo
7713,Robert,Pen,1968,Rusija
7714,Natalja,Zueva,1975,Rusija
7715,Robert,Lejn,1527,Sjedinjene Američke Države
7716,Katerina,Kennedi,1947,Sjedinjene Američke Države
7717,Galina,Leonidova,1984,Rusija
7718,Maksim,Golovčin,1973,Sjedinjene Američke Države
7719,Igor,Kuzma,1993,Sjedinjene Američke Države
7720,Diana,Romanovskaja,1982,Sjedinjene Američke Države
7721,Jurij,Starobinec,1974,Rusija
7722,Vitalij,Melentev,1916,Savez Sovjetskih Socijalističkih Republika
7723,Elina,Titova,1964,Nemačka
7724,Andrej,Pšeničnikov,1967,Rusija
7725,Joav,Blum,1973,Nemačka
7726,Boris,Mamonov,1987,Sjedinjene Američke Države
7727,Bronislav,Vinogrodskij,1965,Sjedinjene Američke Države
7728,Uiljam,Širer,1904,Sjedinjene Američke Države
7729,Elen,Bronte,1968,Italija
7730,Vadim,Barabanov,1981,Rusija
7731,Svetlana,Djukova,1960,Francuska
7732,Olga,Čičerina,1737,Rusija
7733,Ljubov,Laskova,1986,Rusija
7734,Alts,Gejmer,1975,Nemačka
7735,Nikita,Mirošnikov,1978,Rusija
7736,Konstantin,Muhortin,1964,Francuska
7737,Andrej,Rukosuev,1963,Italija
7738,Konstantin,Baldin,1959,Japan
7739,Igor,Perederjaev,1982,Rusija
7740,Roman,Golov,1982,Rusija
7741,Mila,Drim,1961,Sjedinjene Američke Države
7742,Linda,Hovard,1950,Sjedinjene Američke Države
7743,Sergej,Belorusov,1980,Rusija
7744,Elena,Ribakova,1988,Srbija
7745,Aleksej,Čadaev,1983,Sjedinjene Američke Države
7746,Roman,Grigorev,1961,Francuska
7747,Vasilij,Molodjakov,1955,Sjedinjene Američke Države
7748,Sergej,Tjutjunnik,1935,Rusija
7749,Kristina,Romanjutenko,1973,Rusija
7750,Leonid,Kitaev-Smik,1931,Rusija
7751,Paulo,Koeljo,1962,Sjedinjene Američke Države
7752,Vera,Kulikova,1987,Rusija
7753,Oksana,Rezanova,1943,Sjedinjene Američke Države
7754,Inna,Georgieva,1968,Rusija
7755,O.,Berdnikova,1960,Ujedinjeno Kraljevstvo
7756,Aleksandr,Panfilov,1960,Uzbekistan
7757,Natalja,Aslanjanc,1959,Rusija
7758,Dmitrij,Fedotov,1888,Savez Sovjetskih Socijalističkih Republika
7759,Andrej,Marčenko,1973,Rusija
7760,Aleksandr,Prosvirnov,1961,Sjedinjene Američke Države
7761,Nikolaj,Želunov,1990,Rusija
7762,Aleksej,Ževlakov,1957,Sjedinjene Američke Države
7763,Evgenij,Mednikov,1962,Sjedinjene Američke Države
7764,Filip,Kotler,1931,Sjedinjene Američke Države
7765,Hermavan,Kartadžajja,1983,Poljska
7766,Ajven,Setiavan,1957,Rusija
7767,Julija,Dolbilova,1960,Rusija
7768,V.,Neverov,1957,Francuska
7769,Anfisa,Čehova,1977,Rusija
7770,Pavel,Globa,1953,Rusija
7771,Irina,Žerebkina,1981,Rusija
7772,Sergej,Žerebkin,1975,Sjedinjene Američke Države
7773,Jurij,Burlakov,1960,Savez Sovjetskih Socijalističkih Republika
7774,Petr,Bojarskij,1990,Italija
7775,Oleg,Bondarev,1988,Rusija
7776,Majkl,Meloun,1942,Sjedinjene Američke Države
7777,Jurij,Pinkin,1958,Rusija
7778,Valerij,Zolotuhin,1941,Rusija
7779,Viktorija,Padalica,1986,Rusija
7780,Aleksej,Sokolov,1906,Savez Sovjetskih Socijalističkih Republika
7781,Marina,Kravcova,1964,Nemačka
7782,Margarita,Epatko,1966,Sjedinjene Američke Države
7783,Nikolaj,Obodnikov,1966,Ujedinjeno Kraljevstvo
7784,Deniel,Kojl,1980,Rusija
7785,Leonard,Zavalkevič,1959,Poljska
7786,Alfred,Tjorni,1945,Rusija
7787,Nikolaj,Konjaev,1975,Rusija
7788,Bendžamin,Deniels,1978,Italija
7789,Bret,Ellis,1964,Sjedinjene Američke Države
7790,Olga,Čistova,1971,Sjedinjene Američke Države
7791,Elena,Isaeleva,1984,Srbija
7792,Elizabet,Bivarli,1965,Rusija
7793,Linnara,Rudenko,1985,Sjedinjene Američke Države
7794,Aleksandr,Gorbov,1857,Savez Sovjetskih Socijalističkih Republika
7795,Vladimir,Mironov,1978,Nemačka
7796,Aleksandr,Potapov,1955,Savez Sovjetskih Socijalističkih Republika
7797,Aleksandr,Šumilin,1971,Belorusija
7798,Elena,P.,1972,Ujedinjeno Kraljevstvo
7799,Petr,Kolosov,1985,Rusija
7800,Čevi,Stivens,1968,Rusija
7801,Liza,Gardner,1972,Sjedinjene Američke Države
7802,Dana,Saskind,1968,Rusija
7803,Bet,Saskind,1977,Nemačka
7804,Lesli,Levinter-Saskind,1972,Rusija
7805,Geri,Goldšnajder,1962,Francuska
7806,Džust,Elffers,1950,Rusija
7807,Ekaterina,Bobrova,1990,Rusija
7808,Natalja,Ermakova,1973,Rusija
7809,Vjačeslav,Komar,1962,Nemačka
7810,Tory,Tepfer,1933,Rusija
7811,Stiv,Tejlor,1987,Sjedinjene Američke Države
7812,Satu,Gažjardo,1976,Rusija
7813,Danil,Hludenko,1978,Rusija
7814,Viktor,Vilisov,1971,Nemačka
7815,Aleksandr,Radiščev,1749,Ruska Imperija
7816,Miranda,Džejms,1984,Poljska
7817,Sergej,Čekmarjov,1985,Italija
7818,Elena,Masljakova,1959,Francuska
7819,Endrju,Njuberg,1966,Poljska
7820,Judžin,D'Akvili,1952,Rusija
7821,Vins,Rauz,1958,Rusija
7822,Džozefina,Tej,1905,Sjedinjene Američke Države
7823,Aleks,Kramer,1990,Rusija
7824,Aleksandra,Ruda,1982,Sjedinjene Američke Države
7825,Elena,Gavar,1970,Ujedinjeno Kraljevstvo
7826,Leonid,Dobičin,1889,Francuska
7827,Ljudmila,Petranovskaja,1967,Ujedinjeno Kraljevstvo
7828,Džulija,Grin,1959,Rusija
7829,Džin,Uillis,1967,Rusija
7830,Liss,Norton,1981,Ujedinjeno Kraljevstvo
7831,Anna,Uilson,1967,Nemačka
7832,Majkl,Brod,1974,Sjedinjene Američke Države
7833,Kejti,Kennon,1971,Ujedinjeno Kraljevstvo
7834,Trejsi,Koderoj,1990,Rusija
7835,Linda,Čapmen,1963,Ujedinjeno Kraljevstvo
7836,Ljusi,Kotenaj,1992,Sjedinjene Američke Države
7837,Aleksej,Zamkovoj,1975,Rusija
7838,Boris,Gromov,1964,Francuska
7839,Solomonika de,Vinter,1966,Poljska
7840,Olga,Vasenko,1969,Nemačka
7841,Vasilij,Radačinskij,1964,Francuska
7842,Leonid,Švecov,1959,Sjedinjene Američke Države
7843,Svetlana,Nenaševa,1963,Rusija
7844,Nikolaj,Uspenskij,1837,Ruska Imperija
7845,Aleksej,Markov,1966,Rusija
7846,Aleksej,Antonov,1934,Savez Sovjetskih Socijalističkih Republika
7847,Devid,Iglmen,1971,Sjedinjene Američke Države
7848,Valerija,Ivleva,1956,Srbija
7849,Aleksandr,Sidorov,1966,Rusija
7850,James,Otis,1957,Rusija
7851,Vladimir,Lištvanov,1958,Rusija
7852,Lilija,Maksimova,1970,Sjedinjene Američke Države
7853,Margarita,Korovina,1938,Rusija
7854,Ilona,Južakova,1952,Rusija
7855,Vitalij,Koržikov,1935,Kanada
7856,Vsevolod,Solovev,1835,Francuska
7857,Maksim,Marašan,1968,Sjedinjene Američke Države
7858,Jurij,Batmanov,1977,Rusija
7859,Sofi,Džordan,1968,Sjedinjene Američke Države
7860,Inna,Metelskaja-Šeremeteva,1975,Rusija
7861,Aleksandr,Stepanov,1965,Rusija
7862,Nikita,Mihalkov,1945,Rusija
7863,Konstantin,Osmak,1959,Rusija
7864,Igor,Kočergin,1975,Ukrajina
7865,Sola,Monova,1935,Francuska
7866,Vadim,Kosincev,1977,Sjedinjene Američke Države
7867,Mira,Dej,1958,Rusija
7868,Jakov,Kapustin,1964,Rusija
7869,Džon,Lengan,1962,Rusija
7870,Anton,Pakaiot,1991,Rusija
7871,Anastasija,Strelcova,1965,Kanada
7872,V.,Zaharin,1981,Kanada
7873,Marija,Ignatova,1961,Sjedinjene Američke Države
7874,Elena,Čečjotkina,1987,Sjedinjene Američke Države
7875,Boris,Aleksandrov,1905,Rusija
7876,Julija,Stoljarova,1967,Rusija
7877,Lev,Berdnikov,1960,Sjedinjene Američke Države
7878,Mihail,Jakovlev,1990,Ujedinjeno Kraljevstvo
7879,Anatolij,Starov,1984,Sjedinjene Američke Države
7880,Olga,Timošina,1972,Ujedinjeno Kraljevstvo
7881,Inbali,Izerles,1978,Rusija
7882,Ljudmila,Mohovikova,1937,Sjedinjene Američke Države
7883,Danil,Golub,1935,Rusija
7884,Natalja,Jasnaja,1969,Ujedinjeno Kraljevstvo
7885,Vjačeslav,Sizov,1978,Rusija
7886,Viktorija,Pirgaru,1939,Srbija
7887,Gennadij,Zjuganov,1944,Rusija
7888,Andrej,Dudčenko,1990,Francuska
7889,Valerij,Česnok,1990,Francuska
7890,Pavel,Capjuk,1938,Francuska
7891,Nikolaj,Kozak,1966,Rusija
7892,Andrej,Plehanov,1986,Rusija
7893,Uiljam,Jang,1972,Francuska
7894,Olga,Matveeva,1986,Rusija
7895,Galina,Očeretjanaja,1978,Sjedinjene Američke Države
7896,Galina,Luč,1968,Rusija
7897,Nadja,Hašimi,1978,Sjedinjene Američke Države
7898,Alisa,Ganieva,1985,Rusija
7899,Mišel,Art,1978,Kanada
7900,Ilja,Kormilcev,1959,Rusija
7901,Horhe,Livraga,1930,Argentina
7902,Delija Stejnberg,Gusman,1954,Sjedinjene Američke Države
7903,Monika,Merfi,1979,Ujedinjeno Kraljevstvo
7904,Vadim,Munh,1991,Rusija
7905,Viktorija,Terehova,1963,Nemačka
7906,Kristina,Lvova,1958,Rusija
7907,Čerepanov,Nikolaevič,1988,Sjedinjene Američke Države
7908,Alisa,Aster,1989,Rusija
7909,Mark,Pljaskin,1963,Rusija
7910,Elena,Sergeeva,1973,Nemačka
7911,Larisa,Bolšakova,1967,Sjedinjene Američke Države
7912,Eduard,Šim,1977,Rusija
7913,Dominik,Lamblen,1964,Rusija
7914,Nik,Džens,1989,Sjedinjene Američke Države
7915,Artem,Sazikin,1934,Rusija
7916,Aleksandr,Veltman,1793,Nemačka
7917,Elvin,Švarc,1916,Sjedinjene Američke Države
7918,Mihail,Burljaš,1971,Rusija
7919,Aleksandr,Šarakšane,1979,Sjedinjene Američke Države
7920,Džejms,Ajlington,1975,Rusija
7921,Roman,Ščjogolev,1973,Rusija
7922,Uiljam,Golding,1911,Ujedinjeno Kraljevstvo
7923,Julija,Kalašnikova,1936,Poljska
7924,Šekija,Abdullaeva,1970,Rusija
7925,Nikita,Bobrov,1995,Rusija
7926,Tatjana,Guskova,1973,Francuska
7927,Maksim,Pletnjov,1983,Ujedinjeno Kraljevstvo
7928,Evgenija,Pletnjova,1974,Rusija
7929,Diter,Hucel,1909,Ujedinjeno Kraljevstvo
7930,Daniel,Kaneman,1934,Sjedinjene Američke Države
7931,Valerij,Lohov,1963,Ujedinjeno Kraljevstvo
7932,Artem,Bester,1968,Rusija
7933,Timur,Rimžanov,1973,Sjedinjene Američke Države
7934,Dmitrij,Sosnin,1780,Rusija
7935,Valerij,Filimonov,1931,Ujedinjeno Kraljevstvo
7936,Lana,Riči,1966,Francuska
7937,Feliks,Jusupov,1887,Srbija
7938,Marija,Pisareva,1931,Belorusija
7939,Aleksej,Venediktov,1955,Rusija
7940,Larisa,Bulikina,1987,Rusija
7941,Evgenij,Fomin,1994,Belorusija
7942,Igor,Trohin,1987,Sjedinjene Američke Države
7943,Irina,Riženko,1994,Rusija
7944,Vlasta,Ber,1972,Sjedinjene Američke Države
7945,D.,Veriščagin,1956,Srbija
7946,K.,Titov,1954,Japan
7947,Andreš,Ščedrin,1986,Ujedinjeno Kraljevstvo
7948,Vitalij,Volodin,1983,Sjedinjene Američke Države
7949,Mo,Jan,1955,Kina
7950,Andrej,Kuzin,1967,Italija
7951,Anton,Kravin,1979,Srbija
7952,Innokentij,Annenskij,1855,Ruska Imperija
7953,Siel,Kleridž,1986,Sjedinjene Američke Države
7954,Marina,Maksimova,1967,Rusija
7955,Aleksej,Babuškin,1935,Sjedinjene Američke Države
7956,Oleg,Lenkov,1986,Sjedinjene Američke Države
7957,Aleksandr,Karcev,1883,Japan
7958,Polina,Borisova,1959,Srbija
7959,Ursula Le,Guin,1929,Sjedinjene Američke Države
7960,Rem,Kamenev,1974,Ujedinjeno Kraljevstvo
7961,Leonid,Šebaršin,1989,Rusija
7962,Aleksej,Bačaev,1975,Rusija
7963,Andrej,Cukanov,1981,Francuska
7964,Nikita,Kuznecov,1957,Rusija
7965,Jaroslav,Gorbačev,1991,Nemačka
7966,Meri,Šelli,1797,Ujedinjeno Kraljevstvo
7967,Mihail,Kirillov,1940,Sjedinjene Američke Države
7968,Kristofer,Gortner,1968,Italija
7969,Pavel,Sergeevič,1935,Francuska
7970,Žanna,Makgregor,1974,Srbija
7971,A.,Grehova,1990,Poljska
7972,Elizaveta,Stavrogina,1977,Rusija
7973,Timofej,Martinov,1978,Rusija
7974,Sergej,Skripal,1951,Ujedinjeno Kraljevstvo
7975,Gennadij,Ritčenko,1968,Poljska
7976,Robert,King,1936,Srbija
7977,Elena,Malinskaja,1990,Rusija
7978,Rajan,Fergjuson,1984,Sjedinjene Američke Države
7979,Aleksandr,Tretjakov,1977,Sjedinjene Američke Države
7980,Jakov,Kedmi,1947,Izrael
7981,Lejf,Persson,1945,Švedska
7982,Aleksandr,Priščepenko,1981,Ujedinjeno Kraljevstvo
7983,Afanasij,Nikitin,1500,Velika tverska kneževina
7984,Erik,Erikson,1972,Švedska
7985,A.,Nenašev,1946,Ujedinjeno Kraljevstvo
7986,Sergej,Ačildiev,1974,Sjedinjene Američke Države
7987,Edvard,Norbert,1967,Francuska
7988,Ketrin,Stokett,1969,Sjedinjene Američke Države
7989,Julija,Gadas,1990,Rusija
7990,Ženja,Marker,1979,Rusija
7991,Sardana,Ordahova,1991,Sjedinjene Američke Države
7992,Aleksandr,Nosov,1966,Nemačka
7993,Gerbi,Brennan,1985,Rusija
7994,Evsej,Cejtlin,1969,Rusija
7995,Landi,Benkroft,1955,Rusija
7996,Lena,Terehova,1972,Rusija
7997,Timur,Litovčenko,1964,Rusija
7998,Oleg,Danilov,1986,Sjedinjene Američke Države
7999,Olga,Šibka,1952,Sjedinjene Američke Države
8000,Blajt,Gifford,1988,Italija
8001,Maks,Južnij,1967,Nemačka
8002,Dmitrij,Dudkevič,1951,Rusija
8003,Katerina,Panika,1949,Rusija
8004,Elena,Kavate,1988,Italija
8005,Dmitrij,Dikij,1974,Sjedinjene Američke Države
8006,Andrea,Rok,1962,Rusija
8007,Konkordija,Antarova,1970,Sjedinjene Američke Države
8008,Mihail,Bogoslovskij,1879,Ujedinjeno Kraljevstvo
8009,Jurij,Ščerbatih,1968,Rusija
8010,Valerij,Merkulov,1969,Sjedinjene Američke Države
8011,Viktor,Pestrikov,1969,Rusija
8012,Gleb,Karpinskij,1957,Ujedinjeno Kraljevstvo
8013,Olga,Ivanova,1976,Sjedinjene Američke Države
8014,Piter,Keri,1943,Australija
8015,Džejms,Hejzel,1961,Rusija
8016,Lidija,Zaharčuk,1934,Sjedinjene Američke Države
8017,Irina,Krasotkina,1976,Sjedinjene Američke Države
8018,Džet,Lin,1971,Kanada
8019,Iraida,Tihomirova,1982,Rusija
8020,Oleg,Šmelev,1953,Nemačka
8021,Vladimir,Vostokov,1915,Savez Sovjetskih Socijalističkih Republika
8022,Iren,Korotkova,1990,Rusija
8023,Dmitrij,Solovev,1983,Nemačka
8024,Sergej,Opanasenko,1977,Ujedinjeno Kraljevstvo
8025,Larisa,Rumarčuk,1954,Ujedinjeno Kraljevstvo
8026,Igor,Kornilov,1972,Rusija
8027,Cvi,Najsberg,1992,Rusija
8028,Kodi,Keplinger,1961,Sjedinjene Američke Države
8029,Nikolaj,Rudakov,1967,Sjedinjene Američke Države
8030,Aleksandr,Arsentev,1973,Rusija
8031,Anatolij,Kosarev,1953,Srbija
8032,Anna,Koen,1978,Rusija
8033,David,Alžev,1984,Francuska
8034,Julija,Galanina,1981,Rusija
8035,Marina,Zotova,1966,Rusija
8036,Jurij,Šutov,1966,Rusija
8037,Elifas,Levi,1810,Francuska
8038,Adam,Kej,1933,Italija
8039,Valera,Bober,1989,Rusija
8040,Viktor,Rebrik,1967,Ujedinjeno Kraljevstvo
8041,Vergilija,Koull,1977,Italija
8042,Oksana,Dmitrova,1962,Kanada
8043,Irina,Izmajlova,1982,Francuska
8044,Tejmuraz,Safarov,1941,Rusija
8045,Lorel,Gamilton,1963,Sjedinjene Američke Države
8046,Sergej,Poznišev,1965,Rusija
8047,Nikolaj,Ščekotilov,1932,Rusija
8048,Elena,Mihalkova,1959,Rusija
8049,Stanislav,Mahov,1976,Rusija
8050,Roma,Eževičkin,1980,Kanada
8051,Evgenija,Vasileva,1979,Rusija
8052,Iosif,Halifman,1951,Nemačka
8053,Aleksandra,Požarskaja,1970,Sjedinjene Američke Države
8054,Tom,Leksi,1975,Rusija
8055,Petr,Badmaev,1952,Ujedinjeno Kraljevstvo
8056,Emmanuil,Svedenborg,1688,Švedska
8057,Sergej,Sahnov,1959,Sjedinjene Američke Države
8058,Deni,Braun,1960,Nemačka
8059,Veronika,Krimova,1989,Rusija
8060,Artem,Riženkov,1987,Rusija
8061,Marat,Valeev,1955,Francuska
8062,Vitalij,Ostanin,1972,Nemačka
8063,Helju,Rebane,1948,Estonija
8064,Marija,Sempl,1964,Sjedinjene Američke Države
8065,Edvin,Grej,1941,Ujedinjeno Kraljevstvo
8066,Irina,Akulina,1973,Ujedinjeno Kraljevstvo
8067,Bagrat,Tolorajja,1968,Nemačka
8068,Igor,Moskvin,1929,Rusija
8069,Viktor,Tarasov,1934,Belorusija
8070,Evgenij,Trimoruk,1943,Rusija
8071,Vitalij,Rožkov,1972,Rusija
8072,Tatjana,Antre,1971,Rusija
8073,Tommazo,Kampanella,1568,Napuljsko kraljevstvo
8074,Tomas,Mor,1478,Kraljevstvo Engleska
8075,Wolfgang,Gottkrauz,1956,Rusija
8076,Katrin,Malandrino,1980,Rusija
8077,Mihail,Bakovec,1989,Poljska
8078,Gerd,Kempermann,1979,Francuska
8079,Natalija,Paščenko,1975,Rusija
8080,Žan-Žak,Russo,1937,Sjedinjene Američke Države
8081,Harper,Li,1926,Sjedinjene Američke Države
8082,Luiza,Fokkens,1968,Rusija
8083,Martina,Fokkens,1978,Rusija
8084,Andrej,Nikolaev,1929,Moldavija
8085,Vsevolod,Skvorcov,1967,Ujedinjeno Kraljevstvo
8086,Aleksandr,Tumarenko,1959,Srbija
8087,Markus,Zusak,1966,Poljska
8088,Marija,Mitrofanova,1917,Ukrajina
8089,Jonge Mingjur,Rinpoče,1975,Nepal
8090,Mihail,Kuzmin,1872,Savez Sovjetskih Socijalističkih Republika
8091,Konstantin,Slučevskij,1837,Ruska Imperija
8092,Džonaton,Kits,1986,Rusija
8093,Gotfrid,Bjurger,1747,Ujedinjeno Kraljevstvo
8094,Semjuel,Kolridž,1949,Rusija
8095,Robert,Sauti,1774,Kraljevstvo Velika Britanija
8096,Leonard,Kemeron,1968,Rusija
8097,Lavrentij,Berija,1899,Savez Sovjetskih Socijalističkih Republika
8098,Dmitrij,Kočergin,1953,Ujedinjeno Kraljevstvo
8099,Jarogor,Smirnov,1970,Rusija
8100,Elena,Prošina,1956,Rusija
8101,Endi,Sernovic,1967,Rusija
8102,Marina,Šanjuk,1978,Nemačka
8103,Oleg,Velesov,1961,Rusija
8104,Džuli,King,1972,Sjedinjene Američke Države
8105,Džoanna,Faber,1966,Sjedinjene Američke Države
8106,Elena,Danillina,1972,Rusija
8107,Natalja,Sorokina,1980,Francuska
8108,Vladimir,Rukosuev,1995,Ujedinjeno Kraljevstvo
8109,Andrej,Kaliničenko,1956,Rusija
8110,Anatolij,Kurčatkin,1944,Rusija
8111,Loran,Koen,1960,Francuska
8112,Oksana,Lvova,1981,Rusija
8113,Svetlana,Gololobova,1954,Sjedinjene Američke Države
8114,Tanja D.,Devis,1950,Rusija
8115,Andrej,Jakovlev,1966,Ujedinjeno Kraljevstvo
8116,Moris,Leblan,1864,Francuska
8117,Viktor,Čirkov,1959,Rusija
8118,Robert,Bizli,1986,Sjedinjene Američke Države
8119,M.,Stedman,1973,Kanada
8120,Alja,Holodova,1972,Sjedinjene Američke Države
8121,Aleksej,Černenko,1960,Ujedinjeno Kraljevstvo
8122,Tamara,Oleško,1941,Ujedinjeno Kraljevstvo
8123,Erih,Ljudendorf,1865,Nacistička Nemačka
8124,Mihail,Krivonosov,1958,Sjedinjene Američke Države
8125,Valerij,Marčenko,1994,Nemačka
8126,Karl,Frencel,1827,Kraljevina Pruska
8127,Vadim,Evseev,1976,Rusija
8128,Sergej,Arbatov,1975,Sjedinjene Američke Države
8129,Anna,Nekrasova,1913,Rusija
8130,Irina,Hužokova,1981,Rusija
8131,Hester,Broun,1978,Sjedinjene Američke Države
8132,Fedor,Uglov,1921,Rusija
8133,Tais,Afinskaja,1944,Rusija
8134,Inna,Kuznecova,1978,Ujedinjeno Kraljevstvo
8135,Roland,Lazenbi,1952,Sjedinjene Američke Države
8136,Sergej,Matveev,1975,Ukrajina
8137,Ekaterina,Kotelnikova,1839,Ruska Imperija
8138,Izolda,Almazova,1975,Sjedinjene Američke Države
8139,Anastasija,Drobina,1972,Sjedinjene Američke Države
8140,Ivan,Pešehoncev,1993,Sjedinjene Američke Države
8141,Olga,Dibina,1982,Ujedinjeno Kraljevstvo
8142,Ljudmila,Penkova,1967,Italija
8143,Nina,Rahmanova,1982,Sjedinjene Američke Države
8144,Irina,Sergievskaja,1958,Francuska
8145,Marina,Nevskaja,1960,Francuska
8146,Maksim,Krilov,1978,Sjedinjene Američke Države
8147,Muhammad,Tustari,1978,Sjedinjene Američke Države
8148,Olga,Bahonova,1940,Sjedinjene Američke Države
8149,Viktor,Pilovan,1985,Sjedinjene Američke Države
8150,Ida,Rodich,1989,Rusija
8151,Šarlotta,Haberzak,1991,Rusija
8152,Evgenij,Katrič,1974,Ujedinjeno Kraljevstvo
8153,Aljona,Valikova,1980,Rusija
8154,Mihail,Denisaev,1969,Ujedinjeno Kraljevstvo
8155,Ravil,Buharaev,1980,Sjedinjene Američke Države
8156,Skott,Frost,1938,Rusija
8157,Evgenij Tislenko,Iakov,1960,Rusija
8158,Džennifer,Grin,1985,Rusija
8159,Endrju,Stellman,1959,Rusija
8160,Svetlana,Štadgauz,1974,Francuska
8161,Aleksandr,Anvaer,1974,Francuska
8162,Anton,Martin,1957,Ujedinjeno Kraljevstvo
8163,Andžej,Sapkovskij,1953,Rusija
8164,Vjačeslav,Pankratov,1966,Rusija
8165,Ljudmila,Ščerbinina,1948,Ujedinjeno Kraljevstvo
8166,Devid,Kers,1967,Rusija
8167,S.,Sisoeva,1961,Rusija
8168,Gulfira,Krok,1982,Rusija
8169,Kristina,Fogacci,1981,Ujedinjeno Kraljevstvo
8170,Enriko,Motta,1979,Rusija
8171,Kler,Makfoll,1979,Rusija
8172,Olga,Pticeva,1991,Rusija
8173,Sara,Mlinovski,1977,Kanada
8174,Redžinald,Pejdžet,1947,Ujedinjeno Kraljevstvo
8175,Vladimir,Serebrjakov,1981,Rusija
8176,Radij,Radutnij,1969,Francuska
8177,Anton,Ptiburdukov,1961,Francuska
8178,I.,Bugajenko,1961,Rusija
8179,Anna,Bogdanova,1962,Rusija
8180,Džek,Makdevit,1935,Sjedinjene Američke Države
8181,Erin,Uatt,1981,Francuska
8182,Anastasija,Eremenko,1971,Francuska
8183,Aleksandr,Nečitajlov,1978,Rusija
8184,Stiven,Gandri,1950,Sjedinjene Američke Države
8185,Leonid,Zdanovič,1971,Poljska
8186,Leonid,Grišin,1973,Rusija
8187,Irina,Hakamada,1955,Rusija
8188,Aleksej,Kočetkov,1912,Ruska Imperija
8189,Stanislav,Bišok,1972,Rusija
8190,Aleksandr,Bedrickij,1989,Rusija
8191,Jana,Perepečina,1967,Rusija
8192,Ingrid,Vejl,1970,Rusija
8193,Petr,Romanov,1979,Francuska
8194,Viktor,Bičkov,1954,Rusija
8195,Vladimir,Tretjakov,1954,Belorusija
8196,D.,Vasabova,1979,Sjedinjene Američke Države
8197,prepodobnij Paisij,Svjatogorec,1964,Ujedinjeno Kraljevstvo
8198,Ariella,Odesskaja,1936,Rusija
8199,A.,Nune,1980,Ujedinjeno Kraljevstvo
8200,Anastasija,Batalova,1936,Sjedinjene Američke Države
8201,Evgenij,Filenko,1972,Rusija
8202,Natalja,Kušnir,1962,Rusija
8203,Viktor,Vojnikov,1990,Srbija
8204,Muhammad Misbah,Jazdi,1939,Rusija
8205,Elina,Nikol,1933,Ujedinjeno Kraljevstvo
8206,Duglas,Rid,1895,Ujedinjeno Kraljevstvo
8207,Vasilij,Putjonnij,1971,Sjedinjene Američke Države
8208,Mikael,Krogerus,1976,Poljska
8209,Roman,Čeppeler,1986,Ujedinjeno Kraljevstvo
8210,Karl,Vikland,1975,Rusija
8211,Aleksej,Rajt,1994,Sjedinjene Američke Države
8212,Eduard,Vartanjan,1930,Rusija
8213,Jurij,Martinenko,1986,Ujedinjeno Kraljevstvo
8214,Remi,Noir,1975,Rusija
8215,Anna,Semenovič,1980,Rusija
8216,Anna,Nazimova,1808,Italija
8217,Vitalij,Zjuzin,1966,Sjedinjene Američke Države
8218,Natalja,Dolganova,1953,Srbija
8219,Polina,Ivanova,1951,Rusija
8220,Marina,Svetlova,1993,Rusija
8221,Natalja,Pastuhova,1976,Francuska
8222,Natalija,Dobrožan,1975,Rusija
8223,Egor,Kiselev,1949,Rusija
8224,Darja,Nilova,1965,Srbija
8225,Vladimir,Semičastnij,1924,Rusija
8226,Džeffri,Parker,1966,Rusija
8227,Maršall van,Alstin,1986,Ujedinjeno Kraljevstvo
8228,Sandžit,Čaudari,1960,Italija
8229,Natalja,Ioffe,1970,Rusija
8230,David,Grossman,1954,Izrael
8231,Ippolit,Bogdanovič,1744,Ruska Imperija
8232,Anna,Benu,1990,Francuska
8233,Nina,Abelmas,1985,Ujedinjeno Kraljevstvo
8234,Ekaterina,Rodina,1991,Kanada
8235,Boris,Drozd,1957,Rusija
8236,Vladislav,Rusanov,1986,Nemačka
8237,O.,Mostovaja,1994,Rusija
8238,Edvard,Rezerford,1948,Ujedinjeno Kraljevstvo
8239,Kerri,Patterson,1946,Sjedinjene Američke Države
8240,Devid,Maksfild,1961,Ujedinjeno Kraljevstvo
8241,Džozef,Grennaj,1967,Sjedinjene Američke Države
8242,Julija,Ria,1990,Nemačka
8243,Aleksandr,Matancev,1975,Italija
8244,R. Skott,Bekker,1950,Sjedinjene Američke Države
8245,Andrej,Voronov-Orenburgskij,1962,Rusija
8246,Vadim,Hitrov,1987,Rusija
8247,Mihail,Piljaev,1842,Ruska Imperija
8248,Antonij,Surožskij,1914,Francuska
8249,Inna,Kasperovič,1990,Sjedinjene Američke Države
8250,Ilja,Krimov,1988,Francuska
8251,Natalja,Nagornaja,1971,Ujedinjeno Kraljevstvo
8252,Linda La,Plant,1950,Rusija
8253,Elizaveta,Skaleckaja,1991,Rusija
8254,Marina,Ahmedova,1977,Rusija
8255,Sergej,Sezin,1965,Sjedinjene Američke Države
8256,Filip,Farmer,1918,Sjedinjene Američke Države
8257,Aleksej,Rostovcev,1964,Ujedinjeno Kraljevstvo
8258,Nataša,Alehina,1944,Francuska
8259,Igor,Suhih,1973,Rusija
8260,Čen,Jaoczja,1949,Sjedinjene Američke Države
8261,Anatolij,Loginov,1924,Savez Sovjetskih Socijalističkih Republika
8262,Deniel,Suarez,1982,Rusija
8263,Bill,Njumen,1938,Sjedinjene Američke Države
8264,Aleksandr,Urazov,1957,Sjedinjene Američke Države
8265,Leonid,Djuk,1976,Ujedinjeno Kraljevstvo
8266,Sergej,Erohin,1989,Rusija
8267,Aleksandr,Neposeda,1949,Italija
8268,Ketrin,Šenahan,1995,Rusija
8269,Kristofer,Golden,1967,Sjedinjene Američke Države
8270,Dmitrij,Mitjušin,1956,Rusija
8271,Sergej,Nosov,1962,Francuska
8272,Viktorija,Djačkova,1993,Ujedinjeno Kraljevstvo
8273,Anton,Košelev,1976,Kanada
8274,Sofi,Pembrok,1971,Srbija
8275,Aleksej,Kazakov,1934,Poljska
8276,Antonina,Lihovid,1978,Nemačka
8277,Marija,Montessori,1870,Italija
8278,Irina,Lukjanova,1994,Francuska
8279,Marija,Artemeva,1991,Poljska
8280,Zinaida,Ageeva,1961,Rusija
8281,Samanta,Allen,1987,Rusija
8282,Vladimir,Koščeev,1972,Ujedinjeno Kraljevstvo
8283,Tamara,Alehina,1975,Ujedinjeno Kraljevstvo
8284,Ljuis,Uolles,1839,Rusija
8285,Tatjana,Kravčenko,1953,Rusija
8286,Aleksandr,Gavrilenko,1933,Rusija
8287,Stiven,Barber,1952,Sjedinjene Američke Države
8288,Grigorij,Lerin,1992,Francuska
8289,Daniel,Kelman,1975,Austrija
8290,Ljudmila,Abramova,1931,Rusija
8291,Anton,Ponomarev,1976,Francuska
8292,Helen,Pirs,1983,Rusija
8293,Robert,Kaplan,1952,Sjedinjene Američke Države
8294,Svetlana,Klimovcova,1940,Rusija
8295,Vsevolod,Tatarinov,1957,Rusija
8296,Valerij,Domašenko,1988,Francuska
8297,Igor,Bibin,1987,Rusija
8298,Aleksandr,Kruglov,1976,Rusija
8299,Olga,Trošina,1974,Rusija
8300,Bulat,Adigamov,1957,Rusija
8301,Aleksandr,Kinžinov,1981,Sjedinjene Američke Države
8302,Marija Dahvana,Hedli,1974,Sjedinjene Američke Države
8303,Vladimir,Ševcov,1938,Rusija
8304,Tais,Soter,1974,Italija
8305,Julija,Vakilova,1979,Srbija
8306,Lillian,Roy,1978,Rusija
8307,Vjačeslav,Štorm,1975,Ujedinjeno Kraljevstvo
8308,Marija,Kopčjonova,1982,Francuska
8309,Džoš,Malerman,1963,Rusija
8310,Aleksandr,Povaljaev,1944,Rusija
8311,Anna,Voronova,1975,Nemačka
8312,Aleksandr,Čeberjak,1973,Rusija
8313,Elija,Renes,1979,Srbija
8314,Kamilla,Sten,1973,Rusija
8315,Inga,Pflaumer,1962,Ujedinjeno Kraljevstvo
8316,Julija,Čebotarjova,1943,Srbija
8317,Ivan,Poljakov,1963,Ujedinjeno Kraljevstvo
8318,Igor,Lucenko,1963,Rusija
8319,Elena,Ameličeva,1962,Poljska
8320,Rina,Kogteva,1991,Francuska
8321,Katerina,Mihaleva,1934,Rusija
8322,Elena,Muradova,1973,Rusija
8323,Gjustav,Lebon,1841,Francuska
8324,Gleb,Vasilev,2000,Rusija
8325,Genri,Klaud,1956,Sjedinjene Američke Države
8326,Jakov,Šehter,1956,Izrael
8327,Bernard,Baruh,1870,Sjedinjene Američke Države
8328,Mihail,Zvarigin,1972,Rusija
8329,Dž. S.,Monro,1975,Rusija
8330,Vladimir,Platon,1952,Rusija
8331,Dmitrij,Potapenko,1970,Rusija
8332,Sergej,Medvedev,1956,Rusija
8333,Vadim,Kučerenko,1946,Rusija
8334,Orhan,Pamuk,1952,Turska
8335,Taisija,Školnik,1981,Rusija
8336,Robert,Kirkman,1978,Sjedinjene Američke Države
8337,Black,Cattaleya,1962,Rusija
8338,Šanti,Nathini,1947,Nemačka
8339,Anna,Rodionova,1751,Ruska Imperija
8340,Aleksandr,Kompanonov,1966,Kanada
8341,Alik,Gazizov,1967,Ujedinjeno Kraljevstvo
8342,Madina,Rahimbaeva,1959,Sjedinjene Američke Države
8343,Ekaterina,Burkova,1932,Rusija
8344,Mišel,Platini,1955,Francuska
8345,Oleg,Fejgin,1991,Rusija
8346,E.,Sarkisova,1943,Srbija
8347,Mihail,Barro,1979,Francuska
8348,Leonid,Kacis,1986,Sjedinjene Američke Države
8349,Berngard,Brink,1841,Nemačka
8350,Alfrid,Izatulin,1948,Rusija
8351,Oleg,Novikov,1986,Ujedinjeno Kraljevstvo
8352,Igor,Butrim,1987,Sjedinjene Američke Države
8353,Mihail,Kiosa,1959,Kanada
8354,Dmitrij,Tihonov,1988,Rusija
8355,Boris,Dolingo,1965,Rusija
8356,Konstantin,Ivanov,1890,Ruska Imperija
8357,Aleksej,Žarkov,1948,Rusija
8358,Sveta,Tovak,1966,Italija
8359,Ilja,Springson,1981,Poljska
8360,Kanat,Malim,1989,Nemačka
8361,Galina,Ostrovskaja,1923,Savez Sovjetskih Socijalističkih Republika
8362,Tamara,Zlobina,1958,Francuska
8363,Melissa,Grabau,1969,Francuska
8364,Lev,Kassil,1905,Savez Sovjetskih Socijalističkih Republika
8365,Romen,Rollan,1866,Francuska
8366,Nat,Pinkerton,1941,Rusija
8367,Mark,Bakner,1978,Italija
8368,Aleksandr,Fersman,1972,Italija
8369,Džon,Stivenson,1962,Francuska
8370,Anatolij,Bezjaev,1981,Nemačka
8371,Igor,Votčenko,1970,Italija
8372,Evgenij,Vorobev,1955,Rusija
8373,Julija,Leško,1968,Rusija
8374,Čip,Kidd,1964,Sjedinjene Američke Države
8375,Galina,Reznikova,1941,Rusija
8376,I.,Ivanov,1958,Rusija
8377,Leonida,Podvojskaja,1974,Rusija
8378,Ilja,Zemcov,1938,Savez Sovjetskih Socijalističkih Republika
8379,Dmitrij,Potapov,1930,Rusija
8380,Dmitrij,Starickij,1974,Francuska
8381,Dmitrij,Alekseev,1973,Srbija
8382,Darja,Eremina,1977,Poljska
8383,Natalija,Ovezova,1958,Italija
8384,Dmitrij,Sultanov,1963,Nemačka
8385,Jakov,Birsavi,1984,Sjedinjene Američke Države
8386,Igor,Kvint,1965,Rusija
8387,Denis,Bajgužin,1982,Ujedinjeno Kraljevstvo
8388,Sergej,Paškov,1977,Poljska
8389,Aleksandr,Lebedev,1949,Rusija
8390,Evgenija,Ezerskaja,1983,Rusija
8391,Anatolij,Gerasimenko,1952,Sjedinjene Američke Države
8392,Andrej,Vaon,1942,Ujedinjeno Kraljevstvo
8393,Julija,Gorina,1991,Rusija
8394,Ruslan,Ljutenko,1976,Ujedinjeno Kraljevstvo
8395,Jurij,Blagorazumov,1943,Poljska
8396,Natalja,Burenčeva,1975,Nemačka
8397,Mihail,Grečannikov,1980,Rusija
8398,Vladimir,Romahin,1964,Sjedinjene Američke Države
8399,Darja,Strannik,1981,Rusija
8400,Natalja,Kruglova,1962,Francuska
8401,Sergej,Kulikov,1989,Ujedinjeno Kraljevstvo
8402,Denis,Golikov,1977,Ujedinjeno Kraljevstvo
8403,Svetlana,Djačenko,1965,Rusija
8404,Genrih,Kramer,1430,Sveto rimsko carstvo
8405,Marina,Staroverova,1989,Sjedinjene Američke Države
8406,Oksana,Kuznecova,1960,Ujedinjeno Kraljevstvo
8407,Nadežda,Pankova,1948,Rusija
8408,Nina,Kostjukova,1979,Sjedinjene Američke Države
8409,Sabit,Ahmatnurov,1961,Rusija
8410,Marat,Galeev,1978,Nemačka
8411,Berardino,Nardella,1993,Rusija
8412,Taša,Lisovskaja,1962,Rusija
8413,Aziz,Ansari,1983,Sjedinjene Američke Države
8414,Pavel,Gniloribov,1969,Rusija
8415,Vladimir,Šubin,1949,Ujedinjeno Kraljevstvo
8416,Marina,Krupenina,1967,Italija
8417,Meri H.K.,Čoj,1961,Rusija
8418,Dmitrij,Zavarov,1989,Rusija
8419,Fedor,Berezin,1930,Ujedinjeno Kraljevstvo
8420,Diana,Lilit,1983,Rusija
8421,Ditrih,Šulce-Marmeling,1954,Nemačka
8422,Valerij,Gevorkov,1980,Sjedinjene Američke Države
8423,Andrej,Zateev,1982,Italija
8424,Ljudmila,Emelina,1952,Rusija
8425,Anna,Tiščenko,1960,Poljska
8426,Angel,Wight,1966,Nemačka
8427,Asja,Zenkevič,1993,Rusija
8428,Ajsilu,Imamieva,1990,Rusija
8429,Mihail,Kutušov,1966,Rusija
8430,Artjom,Kiskorov,1967,Rusija
8431,Aleksandr,Davidov,1953,Rusija
8432,Emili,Dikinson,1830,Sjedinjene Američke Države
8433,Oksana,Putan,1969,Rusija
8434,Svetlana,Morozova,1977,Sjedinjene Američke Države
8435,Marina,Miller,1987,Rusija
8436,Sergej,Kernbah,1965,Rusija
8437,Dmitrij,Rusak,1971,Ujedinjeno Kraljevstvo
8438,Džon,Gaj,1962,Rusija
8439,Sara,Hepola,1992,Ujedinjeno Kraljevstvo
8440,Ekaterina,Nigmatulina,1995,Sjedinjene Američke Države
8441,I.,Voronina,1978,Rusija
8442,A.,Redkin,1966,Francuska
8443,Svetlana,Makarova,1971,Savez Sovjetskih Socijalističkih Republika
8444,Larisa,Sviridova,1971,Italija
8445,Vladimir,Tkačjonok,1961,Sjedinjene Američke Države
8446,Igor,Kalnoj,1973,Rusija
8447,Megan,Frempton,1985,Rusija
8448,Sarej,Uoker,1962,Italija
8449,Vladimir,Danilov,1988,Sjedinjene Američke Države
8450,Nurija,Sattarova,1982,Nemačka
8451,Elis,Manro,1931,Kanada
8452,Nikita,Vorobej,1969,Francuska
8453,Robert,Adams,1971,Rusija
8454,Jusuf,Zejdan,1957,Rusija
8455,Uorren,Farrell,1943,Sjedinjene Američke Države
8456,Aleksandr,Dobrovinskij,1954,Rusija
8457,Marina,Sušilova,1950,Italija
8458,Vselena,Radužnaja,1978,Rusija
8459,Per,Jasenev,1981,Rusija
8460,Sara,Brennan,1983,Rusija
8461,Ilja,Rjasnoj,1973,Nemačka
8462,Feofilakt,Bolgarskij,1055,Kanada
8463,Andrej,Riskin,1961,Sjedinjene Američke Države
8464,Ma,Folin,1958,Poljska
8465,Dajmond,Džon,1985,Francuska
8466,Ravil,Tamindarov,1972,Rusija
8467,Henry,Oldie,1968,Rusija
8468,Natalja,Garšina,1970,Francuska
8469,Džo,Dispenza,1962,Sjedinjene Američke Države
8470,Mija,Šeridan,1995,Rusija
8471,Irina,Norna,1986,Rusija
8472,Semen,Pavljuk,1988,Poljska
8473,Vladimir,Stognienko,1980,Rusija
8474,Berta,Porozovskaja,1967,Rusija
8475,Marija,Gimbutas,1921,Sjedinjene Američke Države
8476,Aleksandr,Korol,1977,Rusija
8477,Vladimir,Andrejčenko,1949,Belorusija
8478,Bob,Tornton,1989,Kanada
8479,Karlo,Ančelotti,1959,Italija
8480,Evgenij,ČeširKo,1989,Sjedinjene Američke Države
8481,Tatjana,Hlebnikova,1968,Sjedinjene Američke Države
8482,Lilija,Hohlačova,1981,Ujedinjeno Kraljevstvo
8483,Aleksandr,Kaminskij,1987,Rusija
8484,Pol,Kalaniti,1977,Sjedinjene Američke Države
8485,Ekaterina,Kislicina,1993,Rusija
8486,Ken,Blanšar,1939,Sjedinjene Američke Države
8487,Spenser,Džonson,1938,Sjedinjene Američke Države
8488,Elena,Vilde,1931,Kanada
8489,Lengli,Dennis,1949,Rusija
8490,Timur,Sviridov,1955,Rusija
8491,Sergej,Makarov,1961,Sjedinjene Američke Države
8492,Petr,Multatuli,1980,Nemačka
8493,Dolma,Džangkhu,1965,Rusija
8494,Sergej,Stepankov,1953,Francuska
8495,Sergej,Čičin,1985,Rusija
8496,Ekaterina,Voroncova,1743,Ruska Imperija
8497,Ruslan,Gafarov,1995,Sjedinjene Američke Države
8498,Marina,Kišinevskaja,1958,Rusija
8499,Alisa,Križovnikova,1965,Rusija
8500,Alevtina,Krasnova,1978,Rusija
8501,Helen,Gerber,1965,Rusija
8502,Svetlana,Morozjuk,1980,Ujedinjeno Kraljevstvo
8503,Tatjana,Puškareva,1969,Ujedinjeno Kraljevstvo
8504,Tatjana,Saharova,1973,Rusija
8505,Elena,Levanova,1978,Poljska
8506,Svetlana,Volodina,1987,Nemačka
8507,Irina,Gorbenko,1985,Rusija
8508,Natalja,Galoj,1979,Rusija
8509,Maksim,Nikitskij,1975,Francuska
8510,Zoja,Petrina,1966,Sjedinjene Američke Države
8511,Irina,Šemahanova,1959,Sjedinjene Američke Države
8512,Nelli,Jasina,1993,Sjedinjene Američke Države
8513,Elvira,Kunina,1944,Rusija
8514,Valerij,Ilinskij,1958,Rusija
8515,Dmitrij,Beketa,1959,Kanada
8516,Alevtina,Jasina,1965,Nemačka
8517,Natalija,Žarkova,1982,Rusija
8518,Irina,Kostrova,1971,Rusija
8519,Brjus,Lipton,1944,Sjedinjene Američke Države
8520,Roman,Emeljanov,1974,Ujedinjeno Kraljevstvo
8521,Patrik,King,1969,Nemačka
8522,Vladimir,Šorohov,1969,Sjedinjene Američke Države
8523,Anna,Bahir,1984,Rusija
8524,Evgenij,Mironičev,1993,Rusija
8525,Vladimir,Blecko,1975,Sjedinjene Američke Države
8526,Boris,Burda,1950,Ukrajina
8527,Aleksej,Vilkov,1970,Rusija
8528,Irina,Tjurina,1930,Ujedinjeno Kraljevstvo
8529,Inessa,Ternovaja,1946,Rusija
8530,Robert,Roždestvenskij,1932,Rusija
8531,Irina,Rahimova,1988,Sjedinjene Američke Države
8532,Svetlana,Štejnikova,1977,Rusija
8533,Israel,Šamir,1947,Švedska
8534,Katerina,Šuvalova,1987,Rusija
8535,Galina,Menšikova,1975,Francuska
8536,Tatjana,Mirnaja,1979,Ujedinjeno Kraljevstvo
8537,Jurij,Nekrasov,1973,Srbija
8538,Ivan,Sobčenko,1961,Rusija
8539,Ilja,Litvak,1967,Ujedinjeno Kraljevstvo
8540,Vanessa,Vejl,1992,Rusija
8541,Viktor,Konopljov,1992,Rusija
8542,Alisa,Lisovaja,1961,Ujedinjeno Kraljevstvo
8543,Ljudmila,Pikus,1995,Rusija
8544,Viktorija,Mihajlova,2000,Rusija
8545,Ekaterina,Nikulina,1986,Rusija
8546,Karina,Solovjova-Doronina,1971,Ujedinjeno Kraljevstvo
8547,Aleksej,Volvenko,1965,Sjedinjene Američke Države
8548,Endrju,Enč,1941,Sjedinjene Američke Države
8549,Ilja,Tamigin,1960,Rusija
8550,Olga,Kinjakina,1971,Poljska
8551,T.,Zaharova,1974,Rusija
8552,Aleksandr,Džerelej,1956,Sjedinjene Američke Države
8553,Aleksandr,Gronskij,1980,Rusija
8554,Ričard,Lajmon,1947,Sjedinjene Američke Države
8555,Andrej,Danilov,1934,Rusija
8556,Kiran,Hargrejv,1975,Poljska
8557,Nina,Brokmann,1987,Norveška
8558,Ellen Stjoken,Dal,1886,Kraljevina Danska
8559,Emil,Kostin,1971,Italija
8560,Vera,Semenova,1979,Rusija
8561,Andrej,Kuzečkin,1983,Rusija
8562,Jurij,Šarunenko,1972,Italija
8563,Pavel,Zagrebelnij,1934,Kanada
8564,Aleksandr,Arhangelskij,1985,Rusija
8565,Vlad,Mališev,1971,Sjedinjene Američke Države
8566,Majk,Reznik,1942,Sjedinjene Američke Države
8567,Den,Abnett,1965,Ujedinjeno Kraljevstvo
8568,Skott,Sigler,1960,Rusija
8569,Kit De,Kandido,1991,Italija
8570,Rejčel,Kejn,1976,Sjedinjene Američke Države
8571,Devid,Farland,1976,Rusija
8572,Mett,Forbek,1965,Rusija
8573,Ivonn,Navarro,1966,Rusija
8574,Brajan,Kin,1977,Rusija
8575,Rej,Garton,1969,Nemačka
8576,Pol,Kupperberg,1988,Rusija
8577,Ueston,Oks,1991,Italija
8578,Larri,Korrejja,1984,Ujedinjeno Kraljevstvo
8579,Marina,Lostetter,1980,Japan
8580,Džonatan,Maberri,1958,Sjedinjene Američke Države
8581,Dennis,Lihejn,1952,Rusija
8582,Sergej,Švedov,1974,Rusija
8583,Anna,Mironec,1953,Italija
8584,Aleksej,Tolkačev,1973,Sjedinjene Američke Države
8585,Aleksej,Jasenev,1966,Italija
8586,Vitalij,Labahua,1975,Sjedinjene Američke Države
8587,Elena,Gorina,1955,Francuska
8588,Ekaterina,Jusupova,1966,Kanada
8589,Ramil,Jusupov,1977,Nemačka
8590,Elena,Kuzminih,1981,Sjedinjene Američke Države
8591,Olga,Voronina,1966,Ujedinjeno Kraljevstvo
8592,Viktor,Černij,1968,Rusija
8593,Nikolaj,Svanidze,1955,Rusija
8594,Marina,Svanidze,1978,Sjedinjene Američke Države
8595,Džo,Aberkrombi,1974,Ujedinjeno Kraljevstvo
8596,Igor,Sobol,1961,Rusija
8597,Nadežda,Tarabrina,1975,Rusija
8598,Elizabet,Kondr,1989,Francuska
8599,Valentin,Serebrjakov,1946,Rusija
8600,Božena,Nemcova,1820,Austrijsko carstvo
8601,Jurij,Manov,1966,Rusija
8602,Aleksej,Osadčij,1928,Rusija
8603,Leonid,Kajum,1978,Rusija
8604,Trejsi,Ševale,1962,Sjedinjene Američke Države
8605,Sergej,Firsakov,1975,Sjedinjene Američke Države
8606,Vera,Kazakova,1842,Ruska Imperija
8607,Maksim,Serebrennikov,1979,Kanada
8608,Nikolaj,Demidov,1981,Rusija
8609,Alen,Stiven,1988,Sjedinjene Američke Države
8610,Sergej,Troickij,1989,Rusija
8611,Pavel,Faljušnjak,1967,Sjedinjene Američke Države
8612,Anatolij,Budničenko,1978,Sjedinjene Američke Države
8613,Vlad,Polevoj,1985,Rusija
8614,Džuletta,Abgarjan,1991,Srbija
8615,Dejv,Ickoff,1995,Rusija
8616,Neizvestnij,avtor,1932,Rusija
8617,Franc,Gartman,1838,Kraljevstvo Bavarska
8618,Ilona,Odincova,1975,Rusija
8619,Endrju,Fuller,1754,Ujedinjeno Kraljevstvo Velike Britanije i Irske
8620,Oksana,Danilova,1974,Poljska
8621,Viktorija,Janssen,1968,Sjedinjene Američke Države
8622,Oksana,Morozova,1980,Sjedinjene Američke Države
8623,Karina,Valc,1969,Ujedinjeno Kraljevstvo
8624,Sergej,Belikov,1977,Sjedinjene Američke Države
8625,Marina,Snežnevskaja,1981,Sjedinjene Američke Države
8626,Nina,Čajkina,1964,Poljska
8627,Іrina,Іgnatenko,1965,Sjedinjene Američke Države
8628,El,Blank,1993,Sjedinjene Američke Države
8629,Georgij,Danelija,1930,Rusija
8630,Evgenija,Dovženko,1970,Sjedinjene Američke Države
8631,Šon,Jang,1979,Srbija
8632,Nora,Gal,1912,Savez Sovjetskih Socijalističkih Republika
8633,Džebran Halil,Džebran,1883,Osmansko carstvo
8634,Natalja,Kostina-Kassanelli,1983,Rusija
8635,Tim,Lister,1972,Ujedinjeno Kraljevstvo
8636,Morten,Storm,1960,Sjedinjene Američke Države
8637,Paul,Krukšank,1972,Poljska
8638,Vladimir,Sulaev,1968,Rusija
8639,Katarina,Makgi,1959,Ujedinjeno Kraljevstvo
8640,Monika,Bittl,1989,Rusija
8641,Zilke,Nojmajer,1972,Srbija
8642,Tom,Demarko,1972,Rusija
8643,Denis,Bondarenko,1978,Rusija
8644,Marija,Vilčinskaja,1979,Rusija
8645,Jurij,Bondarev,1924,Rusija
8646,Džulija,Mansanares,1984,Rusija
8647,Derek,Kent,1970,Rusija
8648,Bill,Hilton,1952,Rusija
8649,Arina,Laska,1965,Ujedinjeno Kraljevstvo
8650,Olga,Razumovskaja,1991,Rusija
8651,Mariša,Pessl,1980,Sjedinjene Američke Države
8652,Ljuk,Boden,1977,Ujedinjeno Kraljevstvo
8653,Marija-Eliza,Hurtado-Grase,1984,Sjedinjene Američke Države
8654,T.,Tibilova,1966,Sjedinjene Američke Države
8655,Valerij,Kuzmin,1975,Rusija
8656,Stepan,Buračok,1804,Rusija
8657,Marek,Got,1980,Sjedinjene Američke Države
8658,Alberik,D'Ardivile,1989,Poljska
8659,Dmitrij,Svetlov,1954,Ujedinjeno Kraljevstvo
8660,Mihail,Gruševskij,1866,Savez Sovjetskih Socijalističkih Republika
8661,Andrej,Paršev,1965,Italija
8662,Andrej,Judin,1962,Rusija
8663,Timur,Vermeš,1967,Nemačka
8664,Čelsi,Pitčer,1970,Rusija
8665,Ilja,Martinov,2000,Rusija
8666,Dmitrij,Slaj,1971,Nemačka
8667,Saša,Karepina,1981,Sjedinjene Američke Države
8668,Marina,Popkovič,1937,Nemačka
8669,M.,Ilin,1896,Savez Sovjetskih Socijalističkih Republika
8670,Tatjana,Rumjanceva,1969,Poljska
8671,Tatjana,Kondrateva,1957,Ukrajina
8672,Mikola,Hvilovij,1971,Ujedinjeno Kraljevstvo
8673,Aleks,Verner,1976,Rusija
8674,Irina,Ščepetinnikova,1990,Srbija
8675,Ljudmila,Dudkina,1965,Sjedinjene Američke Države
8676,Sergej,Kuzminov,1930,Italija
8677,Macuo,Basjo,1644,Japan
8678,Boris,Pjankov,1946,Ujedinjeno Kraljevstvo
8679,Osip,Mandelštam,1891,Savez Sovjetskih Socijalističkih Republika
8680,Andrej,Šišanov,1963,Rusija
8681,Aleksandra,Rajnvart,1977,Sjedinjene Američke Države
8682,Tim,Gudmen,1990,Sjedinjene Američke Države
8683,Mikki,Mikki,1965,Ujedinjeno Kraljevstvo
8684,Evgenij,Kolesnikov,1988,Ujedinjeno Kraljevstvo
8685,Vladimir,Molodkin,1938,Rusija
8686,Anastasija,Lebabina,1973,Ujedinjeno Kraljevstvo
8687,Alina,Rjumina,1992,Sjedinjene Američke Države
8688,Aljona,Rjumina,1970,Italija
8689,Andrej,Pogorelij,1938,Srbija
8690,Vladimir,Južin,1975,Rusija
8691,Lena,Leus,1938,Rusija
8692,Natali,Garr,1986,Rusija
8693,K.,Karjagin,1974,Sjedinjene Američke Države
8694,Mihail,Zefirov,1956,Italija
8695,Dmitrij,Djogtev,1983,Rusija
8696,Dmitrij,Zubov,1964,Rusija
8697,Devid,Fillips,1944,Kanada
8698,Vasilij,Avseenko,1842,Ruska Imperija
8699,Jurij,Nikolaev,1973,Rusija
8700,Natalja,Pčelinceva,1945,Kanada
8701,Ustin,Čaščihin,1988,Nemačka
8702,I.,Grišina,1972,Ujedinjeno Kraljevstvo
8703,Čogjam,Rinpoče,1939,Sjedinjene Američke Države
8704,Artur,Prjadilščik,1985,Kanada
8705,Aleksij,Moroz,1993,Ujedinjeno Kraljevstvo
8706,Tamara,Berseneva,1972,Rusija
8707,K.,Šmidt,1940,Rusija
8708,Sergej,Andreevskij,1848,Ruska Imperija
8709,Polina,Gaverdovskaja,1976,Rusija
8710,Majja,Maksimova,1980,Nemačka
8711,Andrej,Šuljakovskij,1942,Rusija
8712,John,Silver,1976,Srbija
8713,Anastasija,Zatonskaja,1951,Rusija
8714,Angelina,Jakunina,1932,Ujedinjeno Kraljevstvo
8715,Stjuart,Makbrajd,1976,Rusija
8716,Spletni,Prajček,1977,Rusija
8717,Žaklin,Kelli,1973,Rusija
8718,Anatolij,Šalev,1995,Italija
8719,Roman,Kirnasov,1975,Kanada
8720,Endi,Vejer,1972,Sjedinjene Američke Države
8721,Gustav,Majrink,1868,Austrija
8722,Elena,Rižkova,1987,Sjedinjene Američke Države
8723,Kadzuo,Isiguro,1954,Japan
8724,Andrej,Desnickij,1968,Rusija
8725,Marko,Polo,1254,Mletačka republika
8726,Boris,Polevoj,1908,Savez Sovjetskih Socijalističkih Republika
8727,Vjačeslav,Skuratov,1975,Sjedinjene Američke Države
8728,Oleg,Grač,1971,Francuska
8729,Darja,Čebol,1978,Francuska
8730,Irina,Knjazjan,1930,Sjedinjene Američke Države
8731,Majk,Viking,1978,Kraljevina Danska
8732,Boris,Čičibabin,1956,Rusija
8733,Emma,Darsi,1984,Rusija
8734,Erik,Larssen,1973,Norveška
8735,Leonid,Rudnickij,1974,Nemačka
8736,Aleksej,Kozlov,1969,Sjedinjene Američke Države
8737,Vladimir,Dubkovskij,1966,Sjedinjene Američke Države
8738,Valerija,Dubkovskaja,1961,Rusija
8739,Lara,Kacova,1979,Rusija
8740,Leonid,Rajgorodskij,1967,Rusija
8741,Ljudmila,Agutina,1969,Ujedinjeno Kraljevstvo
8742,Nikolaj,Nadeždin,1973,Francuska
8743,Pjotr,Eršov,1777,Rusija
8744,Martin,Rjutter,1983,Rusija
8745,Natalja,Prozorova,1993,Nemačka
8746,Marina,Kuzmina,1988,Rusija
8747,Grigorij,Babaev,1960,Rusija
8748,Marina,Merkulova,1972,Rusija
8749,Dmitrij,Zurkov,1978,Nemačka
8750,Igor,Čerepnev,1986,Poljska
8751,Emili,Giffin,1991,Sjedinjene Američke Države
8752,protoierej,Akulov,1967,Rusija
8753,Peter,Asbjornsen,1812,Norveška
8754,Katja,Verba,1991,Sjedinjene Američke Države
8755,Ešli,Uiver,1991,Rusija
8756,Aleksa,Barto,1974,Rusija
8757,Svetlana,Servilina,1972,Ujedinjeno Kraljevstvo
8758,Rafael,Honigstejn,1962,Rusija
8759,Bogdana,Vesna,1952,Rusija
8760,Denis,Pilev,1988,Sjedinjene Američke Države
8761,Robert,Harris,1957,Ujedinjeno Kraljevstvo
8762,Taša,Ejrih,1962,Ujedinjeno Kraljevstvo
8763,Tatjana,Snežina,1967,Kanada
8764,Ljudmila,Svetlova,1963,Rusija
8765,Aleksandr,Andreev,1977,Rusija
8766,Maksim,Andreev,1995,Rusija
8767,Tereza Foj,DiDžeronimo,1955,Rusija
8768,Skott,Haltsman,1951,Francuska
8769,Nadežda,Mihnovec,1993,Italija
8770,Pavel,Šek,1959,Sjedinjene Američke Države
8771,Vadim,Pustovojtov,1963,Rusija
8772,Vadim,Gromov,1970,Nemačka
8773,Ivan,Belov,1906,Savez Sovjetskih Socijalističkih Republika
8774,Oksana,Vetlovskaja,1978,Rusija
8775,Alan,Krank,1976,Rusija
8776,Larisa,Lvova,1985,Poljska
8777,Jurij,Lantan,1978,Rusija
8778,Ksenija,Košnikova,1991,Italija
8779,Stanislav,Minin,1985,Francuska
8780,Julija,Sajmonazari,1983,Italija
8781,Mihail,Zakavrjašin,1993,Kanada
8782,Marija,Anfilofeva,1987,Sjedinjene Američke Države
8783,Frederik,Koplston,1907,Ujedinjeno Kraljevstvo
8784,Evgenij,Poseljanin,1984,Sjedinjene Američke Države
8785,Anna,Zamoskovnaja,1965,Sjedinjene Američke Države
8786,Neti,Dejbs,1947,Rusija
8787,Regina,Brett,1956,Sjedinjene Američke Države
8788,Darja,Appel,1972,Rusija
8789,Stanislav,Raskošanskij,1945,Rusija
8790,Andrej,Alefirov,1958,Ujedinjeno Kraljevstvo
8791,Sergej,Konopljov,1947,Nemačka
8792,Dmitrij,Varigin,1977,Sjedinjene Američke Države
8793,Evgenija,Marčenko,1994,Rusija
8794,Anton,Borovko,1932,Sjedinjene Američke Države
8795,Elena,Sikirič,1967,Ujedinjeno Kraljevstvo
8796,Natalja,Ignatjuk,1989,Rusija
8797,Uinston,Grum,1943,Sjedinjene Američke Države
8798,Aleksandr,Blagov,1979,Ujedinjeno Kraljevstvo
8799,Vadim,Selin,1964,Nemačka
8800,Eva,Vasina,1973,Rusija
8801,Alla,Botvič,1947,Sjedinjene Američke Države
8802,Svetlana,Kučerenko,1985,Rusija
8803,Ičiro,Kišimi,1956,Japan
8804,Fumitake,Koga,1990,Rusija
8805,Olga,Kohanenko,1979,Sjedinjene Američke Države
8806,Maks,Breler,1975,Sjedinjene Američke Države
8807,Džennifer,Čiaverini,1949,Rusija
8808,Lindsi,Ficharris,1975,Francuska
8809,Džek,Čebert,1969,Francuska
8810,Roman,Pihler,1973,Francuska
8811,Dmitrij,Anaškin,1976,Sjedinjene Američke Države
8812,Olaf,Stepldon,1907,Kanada
8813,Rimma,Efimkina,1989,Rusija
8814,Nina,Ditinič,1960,Sjedinjene Američke Države
8815,Dmitrij,Ermakov,1956,Francuska
8816,Anastasija,Osipova,1985,Rusija
8817,Ešli,Poston,1962,Rusija
8818,Elena,Posvjatovskaja,1981,Nemačka
8819,Oleg,Matvejčev,1979,Srbija
8820,Nova Ren,Suma,1956,Rusija
8821,Sej,Alek,1975,Poljska
8822,Vernor,Vindž,1944,Sjedinjene Američke Države
8823,Glen,Mulin,1985,Rusija
8824,Anastasija,Burkova,1936,Francuska
8825,Aleksandr,Ribalka,1984,Kanada
8826,Kamil,Furne,1992,Kanada
8827,Irina,Barabanova,1948,Rusija
8828,Gertruda,Kirhejzen,1855,Ujedinjeno Kraljevstvo
8829,Radislav,Gandapas,1967,Rusija
8830,Jamamoto,Cunetomo,1659,Japan
8831,Judzan,Dajdodzi,1969,Rusija
8832,Kristina,Ric,1958,Italija
8833,Kristin,Hassler,1951,Italija
8834,Elena,Nikulina,1978,Rusija
8835,Julija,Serebrjakova,1991,Rusija
8836,Nikolaj,Serebrjakov,1987,Francuska
8837,Antonija,Taube,1970,Poljska
8838,Olivija,Taube,1990,Rusija
8839,Žanna,Kalabaeva,1959,Srbija
8840,Vladlen,Kotler,1960,Rusija
8841,Natalja,Pankova,1991,Rusija
8842,Per Vittorio,Aureli,1983,Ujedinjeno Kraljevstvo
8843,Anastasija,Parfjonova,1944,Italija
8844,Devid,Gejder,1982,Ujedinjeno Kraljevstvo
8845,Melani,Raabe,1982,Nemačka
8846,Karen,Bliksen,1885,Kraljevina Danska
8847,Aleks,Hill,1992,Rusija
8848,Aleksandr,Poleev,1973,Nemačka
8849,Maks,Uajtholl,1969,Srbija
8850,Sergej,Cimbalenko,1974,Sjedinjene Američke Države
8851,Evgenija,Arnautova,1958,Rusija
8852,Julija,Soloveva,1993,Sjedinjene Američke Države
8853,Sjuzen,Stiffelman,1969,Francuska
8854,Petr,Ljukimson,1960,Poljska
8855,Lolita,Šapovalova,1985,Rusija
8856,Ksenija,Dovidenko,1965,Srbija
8857,Marjana,Krasnova,1958,Ujedinjeno Kraljevstvo
8858,Aleksej,Fleksov,1980,Ujedinjeno Kraljevstvo
8859,Rob,Istuej,1990,Sjedinjene Američke Države
8860,Majk,Eskju,1967,Sjedinjene Američke Države
8861,Aleksandra,Bonina,1968,Francuska
8862,Evgenij,Sipjagin,1964,Sjedinjene Američke Države
8863,Mikael,Tariverdiev,1931,Rusija
8864,Vera,Tariverdieva,1978,Ujedinjeno Kraljevstvo
8865,Ljubov,Remezova,1966,Sjedinjene Američke Države
8866,Aleksandr,Mohovikov,1976,Sjedinjene Američke Države
8867,Džona,Saks,1990,Sjedinjene Američke Države
8868,Ljudmila,Mihajlova,1956,Italija
8869,Allan,Koul,1943,Sjedinjene Američke Države
8870,Džennifer,Ljuis,1964,Sjedinjene Američke Države
8871,Marina,Maršenkulova,1986,Sjedinjene Američke Države
8872,Leonid,Potorak,1991,Rusija
8873,Robin,Stivens,1983,Belgija
8874,Merab,Beradze,1968,Rusija
8875,Julij,Burkin,1960,Rusija
8876,Mihail,Ošerov,1982,Rusija
8877,Ekaterina,Alekseeva,1962,Rusija
8878,Aleksej,Izverin,1981,Rusija
8879,Galina,Žmih,1963,Sjedinjene Američke Države
8880,Viktor,Delcov,1995,Rusija
8881,Vladimir,Salamatov,1977,Rusija
8882,Duglas,Harding,1909,Ujedinjeno Kraljevstvo
8883,Semen,Pegov,1964,Ujedinjeno Kraljevstvo
8884,Elena,Gramenickaja,1971,Rusija
8885,Tamara,Parijskaja,1948,Rusija
8886,Olga,Borisova,1957,Italija
8887,Andrej,Polovinko,1961,Japan
8888,Vitalij,Lozovskij,1959,Sjedinjene Američke Države
8889,Elena,Ivanova,1998,Sjedinjene Američke Države
8890,Jurij,Denisov,1976,Sjedinjene Američke Države
8891,Julija,Brodskaja,1985,Rusija
8892,Valerij,Vajnin,1987,Poljska
8893,Anodea,Džudit,1985,Rusija
8894,Erkebek,Abdullaev,1983,Rusija
8895,Hajk,Margarjan,1989,Rusija
8896,Rej,Dalio,1960,Srbija
8897,Valerij,Dmitriev,1984,Kazahstan
8898,Leonid,Dimčenko,1974,Rusija
8899,Aleksandr,Osipov,1938,Ujedinjeno Kraljevstvo
8900,Ekaterina,Kravcova,1974,Rusija
8901,Artur,Rean,1988,Rusija
8902,Julija,Blagodatova,1961,Sjedinjene Američke Države
8903,Aleksej,Fedoročev,1993,Sjedinjene Američke Države
8904,Elena,Novaženina,1937,Sjedinjene Američke Države
8905,Julija,Muradjan,1965,Rusija
8906,Nina,George,1973,Nemačka
8907,Dmitrij,Korkin,1968,Sjedinjene Američke Države
8908,Elizabet Džejn,Govard,1923,Ujedinjeno Kraljevstvo
8909,Polina,Nikolaeva,1963,Italija
8910,Natalija,Rodina,1990,Srbija
8911,Milton,Fridman,1912,Sjedinjene Američke Države
8912,Sergej,Polehov,1986,Rusija
8913,Oleg,Sidorenko,1978,Rusija
8914,Ekaterina,Mihajlova,1958,Bugarska
8915,Nadežda,Zajceva,1973,Sjedinjene Američke Države
8916,Nikolaj,Nepomnjaščij,1955,Rusija
8917,Aleksej,Komogorcev,1983,Rusija
8918,Ilja,Pankov,1983,Srbija
8919,Antonija Sjuzen,Bajett,1936,Ujedinjeno Kraljevstvo
8920,Džon,Stivens,1972,Ujedinjeno Kraljevstvo
8921,Nina,Morozova,1962,Poljska
8922,Kirill,Kalandži,1982,Sjedinjene Američke Države
8923,Valeri,Boumen,1971,Italija
8924,Anodeja,Džudit,1979,Rusija
8925,Sergej,Samsonov,1972,Ujedinjeno Kraljevstvo
8926,Valerij,Panjuškin,1949,Nemačka
8927,Mihail,Levitin,1953,Savez Sovjetskih Socijalističkih Republika
8928,Erik,Poladov,1957,Nemačka
8929,Šinzen,Jang,1958,Rusija
8930,Tatjana,Nikolaeva,1924,Rusija
8931,Julija,Evdokimova,1991,Poljska
8932,Viktor,Aldišev,1977,Rusija
8933,Irina,Gordeeva,1986,Rusija
8934,Elena,Druma,1989,Rusija
8935,Rodion,Kudrin,1968,Rusija
8936,Vadim,Vetlugin,1942,Italija
8937,Džon,Devis,1973,Rusija
8938,Jurij,Rešetov,1980,Ujedinjeno Kraljevstvo
8939,Džo,Listik,1933,Rusija
8940,Jurij,Zobnin,1972,Sjedinjene Američke Države
8941,Marina,Sokolova,1961,Francuska
8942,Violetta,Gvozdovskaja,1981,Nemačka
8943,Aleksandr,Kalinin,1968,Sjedinjene Američke Države
8944,Ričard,Mertc,1976,Francuska
8945,Elena,Ankudinova,1953,Rusija
8946,Olga,Kaj,1982,Poljska
8947,Irina,Mitjušina,1944,Ujedinjeno Kraljevstvo
8948,Anatolij,Kudrjavickij,1954,Rusija
8949,Konstantin,Maramigin,1983,Rusija
8950,Natalja,Osko,1962,Ujedinjeno Kraljevstvo
8951,Ali,Vali,1976,Rusija
8952,Ju.,Lunev,1979,Sjedinjene Američke Države
8953,Džim,Kemp,1946,Sjedinjene Američke Države
8954,Elena,Anikina,1968,Rusija
8955,Aleksej,Dolgih,1969,Sjedinjene Američke Države
8956,Oksana,Športko,1965,Rusija
8957,Šalini,Boland,1985,Ujedinjeno Kraljevstvo
8958,Bernhard,Šlink,1944,Nemačka
8959,Mark,Miller,1971,Ujedinjeno Kraljevstvo
8960,Olive,Burdo,1980,Francuska
8961,Nikolaj,Vaščilin,1995,Francuska
8962,Ksenija,Bukša,1985,Ujedinjeno Kraljevstvo
8963,Aleksandr,Berlin,1940,Rusija
8964,Robert,Skobl,1965,Sjedinjene Američke Države
8965,Šel,Izrael,1934,Francuska
8966,Yriy,Smirnov,1987,Rusija
8967,Ričard,Kadri,1975,Rusija
8968,Dmitrij,Moskovec,1968,Rusija
8969,Nina,Levina,1969,Ujedinjeno Kraljevstvo
8970,Vjačeslav,Navrockij,1964,Rusija
8971,Sergej,Panov,1960,Rusija
8972,Sergej,Djačenko,1994,Letonija
8973,Rupi,Kaur,1992,Kanada
8974,Mark,Dovlatov,1959,Rusija
8975,Natalja,Kločkova,1971,Srbija
8976,Džejson,Berri,1949,Sjedinjene Američke Države
8977,Ana,Mavričeva,1966,Rusija
8978,Ilja,Libman,1981,Ujedinjeno Kraljevstvo
8979,Vasilisa,Grom,1970,Ujedinjeno Kraljevstvo
8980,Olga,Rajskaja,1984,Japan
8981,Svetlana,Dolina,1957,Francuska
8982,Jussi,Adler-Olsen,1956,Ujedinjeno Kraljevstvo
8983,Sergej,Rosstalnoj,1954,Francuska
8984,Lina,Šamoj,1976,Ujedinjeno Kraljevstvo
8985,Polina,Kondejkina,1967,Ujedinjeno Kraljevstvo
8986,Viktor,Rjabinin,1988,Rusija
8987,Anton,Anisimov,1988,Srbija
8988,Marija,Jaroslavskaja,1943,Sjedinjene Američke Države
8989,A.,Moskvitina,1974,Srbija
8990,Anna,Pečerskaja,1981,Sjedinjene Američke Države
8991,Viktorija,Lisovskaja,1968,Rusija
8992,Sofi,Renar,1992,Sjedinjene Američke Države
8993,Anna,Tjurina,1974,Srbija
8994,Robert,Stoun,1937,Sjedinjene Američke Države
8995,Lana,Sinjavskaja,1958,Rusija
8996,Veronika,Orlova,1981,Rusija
8997,Kler,Tvin,1966,Rusija
8998,Ebbi,Uinn,1970,Rusija
8999,Aleksandra,Treffer,1941,Ujedinjeno Kraljevstvo
9000,Sonja,Neks,1978,Rusija
9001,Gelen,Fouli,1966,Francuska
9002,Artjom,Marksistskij,1990,Rusija
9003,Maksim,Kratenko,1987,Rusija
9004,Nelli,Bugaenko,1982,Ujedinjeno Kraljevstvo
9005,Leo,Kerju,1968,Rusija
9006,Boris,Širokij,1963,Ujedinjeno Kraljevstvo
9007,Oleg,Širokij,1981,Rusija
9008,O.,Klešnina,1979,Ujedinjeno Kraljevstvo
9009,Emilija,Topol,1937,Rusija
9010,Viktor,Strelkov,1991,Rusija
9011,Rajan,Uolter,1958,Kanada
9012,Majk,Džonston,1957,Kanada
9013,Aleksej,Svetlov,1989,Ujedinjeno Kraljevstvo
9014,Andrej,Baulin,1968,Rusija
9015,Natalja,Kučerenko,1964,Rusija
9016,Blanš,Staff,1946,Francuska
9017,Nikolaj,Zorin,1961,Rusija
9018,Nadežda,Zorina,1982,Rusija
9019,Mihail,Eliseev,1899,Savez Sovjetskih Socijalističkih Republika
9020,Vladimir,Filippov,1950,Savez Sovjetskih Socijalističkih Republika
9021,Elvira,Kobzeva,1978,Sjedinjene Američke Države
9022,Džodi R.,Smit,1986,Ujedinjeno Kraljevstvo
9023,Glenn,O'Brajen,1972,Nemačka
9024,Sergej,Saltikov,1967,Rusija
9025,Dmitrij,Kot,1965,Rusija
9026,Irina,Riženkova,1981,Rusija
9027,Olga,Vajnštejn,1959,Rusija
9028,Irina,Kataeva,1977,Rusija
9029,Elena,Suhova,1965,Rusija
9030,Aleksandr,Cipkin,1975,Rusija
9031,Vladimir,Ščičko,1981,Rusija
9032,Grigorij,Jakovlev,1703,Sjedinjene Američke Države
9033,Maks,Glebov,1975,Srbija
9034,Renata,Ravič,1942,Nemačka
9035,Anton,Tudakov,1965,Rusija
9036,Alena,Dašuk,1989,Rusija
9037,Georgij,Vinogradov,1966,Sjedinjene Američke Države
9038,Tatjana,Minina,1962,Rusija
9039,Konstantin,Siromjatnikov,1987,Srbija
9040,Nadja,Jar,1959,Ujedinjeno Kraljevstvo
9041,Tatjana,Andruščenko,1977,Ukrajina
9042,Aleksandra,Sorokina,1981,Ujedinjeno Kraljevstvo
9043,Vladimir,Kovalenko,1989,Sjedinjene Američke Države
9044,Elena,Šilova,1958,Sjedinjene Američke Države
9045,Konstantin,Hapilin,1982,Rusija
9046,Nikolaj,Kolomiec,1955,Sjedinjene Američke Države
9047,Ekaterina,Čistjakova,1955,Kanada
9048,Daniil,Kovalev,1962,Nemačka
9049,Ketti,Džemison,1974,Sjedinjene Američke Države
9050,Platon,Surin,1988,Rusija
9051,Nadežda,Trubnikova,1964,Srbija
9052,Anastasija,Galatenko,1988,Ujedinjeno Kraljevstvo
9053,Jurij,Ivanov,1956,Poljska
9054,Tatjana,Minasjan,1959,Rusija
9055,Vladimir,Djominskij,1962,Rusija
9056,Danila,Filimonov,1978,Rusija
9057,Kirill,Teslenok,1957,Rusija
9058,Džej,Kristoff,1991,Ujedinjeno Kraljevstvo
9059,Gleb,Ivašencov,1965,Ujedinjeno Kraljevstvo
9060,Lina,Beljarova,1935,Rusija
9061,Aleksej,Gridin,1943,Poljska
9062,Albert,Maksimov,1973,Rusija
9063,Nikolaj,Metelskij,1973,Nemačka
9064,Geri,Džennings,1928,Sjedinjene Američke Države
9065,Raf,Gazi,1992,Rusija
9066,Teo,Om,1980,Italija
9067,Vera,Finočenko,1960,Rusija
9068,Tatjana,Polikarpova,1980,Rusija
9069,Liv,Konstantin,1961,Rusija
9070,Galina,Polinskaja,1977,Francuska
9071,Aleksandr,Smirnov,1980,Ujedinjeno Kraljevstvo
9072,Paola,Miller,1964,Francuska
9073,Petr,Semenov-Tjan-Šanskij,1979,Sjedinjene Američke Države
9074,Jakov,Stavrovskij,1991,Rusija
9075,Vitalij,Moračevskij,1873,Ruska Imperija
9076,Vladimir,Slipec,1983,Francuska
9077,Natalija,Černih,1967,Rusija
9078,Saša,Blo,1989,Sjedinjene Američke Države
9079,Anna,Gulimova,1961,Srbija
9080,Litagent,Algoritm,1965,Rusija
9081,Aleksandr,Ovčarenko,2001,Ujedinjeno Kraljevstvo
9082,Vladimir,Sotnikov,1968,Rusija
9083,Jurij,Koval,1934,Rusija
9084,Elena,Tolstikova,1974,Ujedinjeno Kraljevstvo
9085,Vesja,Elegon,1965,Italija
9086,Anna,Kern,1971,Ujedinjeno Kraljevstvo
9087,Natalja,Gončarova,1881,Francuska
9088,Anna,Anna,1925,Češka
9089,Glennon Dojl,Melton,1970,Ujedinjeno Kraljevstvo
9090,Sergej,Nedorub,1973,Ujedinjeno Kraljevstvo
9091,Olga,Agurbaš,1949,Ujedinjeno Kraljevstvo
9092,Darja,Sorokina,2002,Azerbejdžan
9093,Nikolaj,Starostin,1936,Nemačka
9094,Tanja,Rodina,1963,Nemačka
9095,Ketrin,Kingsli,1948,Ujedinjeno Kraljevstvo
9096,Žak,Sadul,1881,Francuska
9097,Ed,Jong,1981,Ujedinjeno Kraljevstvo
9098,Aleksej,Krilov,1995,Ujedinjeno Kraljevstvo
9099,Leonid,Šaft,1961,Poljska
9100,Vasja,Dikij,1977,Ujedinjeno Kraljevstvo
9101,Vladimir,Šlikov,1983,Rusija
9102,Mikael,Krefeld,1961,Sjedinjene Američke Države
9103,Veronica,Larsson,1974,Rusija
9104,Dmitrij,Furmanov,1891,Savez Sovjetskih Socijalističkih Republika
9105,Karen,Makmanus,1987,Sjedinjene Američke Države
9106,Sergej,Romanjuk,1933,Rusija
9107,Sergej,Lisak,1971,Ujedinjeno Kraljevstvo
9108,Svjatitel Nikolaj Serbskij,(Velimirovič),1956,Rusija
9109,Evdokija,Rostopčina,1812,Ruska Imperija
9110,Stiven,Kovi,1932,Sjedinjene Američke Države
9111,Viktor,Mazurkevič,1973,Sjedinjene Američke Države
9112,Igor,Solovev,1974,Sjedinjene Američke Države
9113,Aleksandr,Kozačinskij,1903,Savez Sovjetskih Socijalističkih Republika
9114,Albert,Pajk,1809,Sjedinjene Američke Države
9115,Greg,King,1966,Rusija
9116,Penni,Uilson,1960,Sjedinjene Američke Države
9117,Anželik,Barbera,1965,Sjedinjene Američke Države
9118,Mihail,Buliuh,1965,Sjedinjene Američke Države
9119,Lena,Nikitina,1910,Rusija
9120,Julija,Antonova,1964,Rusija
9121,Elena,Tebnjova,1973,Ujedinjeno Kraljevstvo
9122,Nikolaj,Brusilov,1756,Francuska
9123,Mihail,Baru,1963,Ujedinjeno Kraljevstvo
9124,Igor,Kirjušin,1984,Nemačka
9125,Viktorija,Vojcek,1994,Rusija
9126,Luka,Kajoli,1958,Italija
9127,Rona Teja,Mun,1985,Rusija
9128,Dmitrij,Korolevskij,1974,Rusija
9129,Saadi,Širazi,1981,Sjedinjene Američke Države
9130,Jana,Uajt,1937,Rusija
9131,Kejt,Ferracci,1966,Sjedinjene Američke Države
9132,Tal,Rez,1976,Rusija
9133,Olga,Korat,1979,Sjedinjene Američke Države
9134,Derek,Tompson,1986,Sjedinjene Američke Države
9135,Menli,Holl,1901,Kanada
9136,Lili,Kris,1975,Rusija
9137,Semen,Zlotnikov,1933,Francuska
9138,Anatolij,Maljar,1973,Nemačka
9139,Aleksandr,Babkin,1965,Francuska
9140,Rafael,Rouzen,1982,Ujedinjeno Kraljevstvo
9141,Lev,Davidičev,1927,Savez Sovjetskih Socijalističkih Republika
9142,Džejms,Čejz,1636,Poljska
9143,Vladimir,Družinin,2000,Rusija
9144,Sara,Holland,1978,Novi Zeland
9145,Sergej,Badjuk,1992,Sjedinjene Američke Države
9146,Natalija,Lomovskaja,1986,Rusija
9147,Diana,Trubeckaja,1963,Rusija
9148,Ezid,Gehinskij,1951,Ujedinjeno Kraljevstvo
9149,arhimandrit Makarij,(Veretennikov),1973,Rusija
9150,Anton,Oktjabrskij,1961,Nemačka
9151,Mihail i Zoja,Kolmogorovi,1951,Rusija
9152,Kristofer,Mur,1971,Rusija
9153,Valter,Longo,1967,Italija
9154,Endrju,Džennings,1943,Ujedinjeno Kraljevstvo
9155,Jakov,Polonskij,1819,Ruska Imperija
9156,Ruslan,Gorodničev,1941,Rusija
9157,Vjačeslav,Šljahtov,1984,Ujedinjeno Kraljevstvo
9158,Evgenija,Černogorova,1964,Rusija
9159,Masaru,Ibuka,1908,Japan
9160,Damaskin,Lesnikov,1952,Rusija
9161,Pavel,Sivoželezov,1965,Rusija
9162,Džon,Olsson,1942,Švedska
9163,Nadežda,Ponomarenko,1970,Italija
9164,Stefan,Klark,1994,Sjedinjene Američke Države
9165,Vladislav,Volnov,1961,Rusija
9166,Olga,Zvezdinskaja,1985,Sjedinjene Američke Države
9167,Aleksandr,Staršinov,1975,Srbija
9168,Mihail,Vajskopf,1988,Rusija
9169,Ekaterina,Olenskaja,1977,Sjedinjene Američke Države
9170,Aleksandr,Mitrofanov,1957,Češka
9171,Vladimir,Asanov,1988,Francuska
9172,Oleg,Govda,1957,Rusija
9173,Andrej,Marčukov,1986,Rusija
9174,Teodor,Švarc,1777,Nemačka
9175,Pavel,Danilenko,1979,Ujedinjeno Kraljevstvo
9176,Aleksej,Nečitajlo,1967,Sjedinjene Američke Države
9177,Aleksandr,Šubin,1969,Sjedinjene Američke Države
9178,Ouen,Dempsi,1967,Sjedinjene Američke Države
9179,Tatjana,Slavina,1934,Rusija
9180,Ekaterina,Beleckaja,1981,Italija
9181,Elena,Miščenko,1940,Rusija
9182,Aleksandr,Štejnberg,1962,Nemačka
9183,Elena,Svetlaja,1973,Nemačka
9184,Oleg,Radzinskij,1985,Sjedinjene Američke Države
9185,Skott,Karni,1978,Sjedinjene Američke Države
9186,Kevin,Bennet,1970,Ujedinjeno Kraljevstvo
9187,Džoš,Kaufman,1950,Ujedinjeno Kraljevstvo
9188,Džejson,Mott,1982,Sjedinjene Američke Države
9189,Margarita,Minina,1976,Sjedinjene Američke Države
9190,Aleksandra,Bahmeteva,1823,Ruska Imperija
9191,Marina,Komendant,1946,Poljska
9192,Igor,Muravljov,1955,Sjedinjene Američke Države
9193,Džo,Hill,1972,Sjedinjene Američke Države
9194,Majkl,Ljuis,1960,Sjedinjene Američke Države
9195,Džon,Varli,1947,Sjedinjene Američke Države
9196,Edvin,Tabb,1980,Rusija
9197,Devid Dž.,Šou,1971,Rusija
9198,Kodi,Gudfellou,1975,Francuska
9199,Piter,Tremejn,1971,Poljska
9200,Džejms L.,Dikki,1923,Sjedinjene Američke Države
9201,Bev,Vinsent,1993,Ujedinjeno Kraljevstvo
9202,Tom,Bissell,1974,Sjedinjene Američke Države
9203,arhimandrit Savva,(Mažuko),1975,Rusija
9204,Darja,Kulakova,1979,Japan
9205,Brajan,Moran,1965,Sjedinjene Američke Države
9206,Majkl,Lennington,1958,Rusija
9207,Oleg,Mazurin,1967,Rusija
9208,Kerol,Klajn,1961,Sjedinjene Američke Države
9209,Marti,Bekker,1952,Sjedinjene Američke Države
9210,Viktor,Romanov,1937,Rusija
9211,Jurij,Vlasov,1935,Rusija
9212,Nadežda,Bortnikova,1987,Nemačka
9213,Jogann,Mjuller,1980,Rusija
9214,Andrej,Savelev,1962,Rusija
9215,Igor,Bogdanovič,1965,Rusija
9216,Čarlz,Sajdi,1950,Rusija
9217,Patrik,Jang,1938,Rusija
9218,Evgenija,Rešetova,1962,Rusija
9219,Džeff,Vandermeer,1968,Sjedinjene Američke Države
9220,Uiljam,Berrouz,1915,Ujedinjeno Kraljevstvo
9221,Eduard,Asadov,1923,Rusija
9222,Majkl,Uilson,1958,Rusija
9223,Lev,Rubinštejn,1957,Sjedinjene Američke Države
9224,Rjunoske,Akutagava,1892,Japan
9225,Bogdan,Dorošin,1960,Sjedinjene Američke Države
9226,Julian,Semenov,1947,Italija
9227,Gennadij,Rostovskij,1987,Rusija
9228,Valerij,Belov,1967,Rusija
9229,Vladimir,Musatov,1970,Rusija
9230,Vladimir,Čeremisin,1985,Rusija
9231,Viktorija,Burceva,1975,Kanada
9232,Denis,Korotaev,1977,Ujedinjeno Kraljevstvo
9233,Dina,Nemirovskaja,1983,Sjedinjene Američke Države
9234,Ilja,Kulev,1962,Sjedinjene Američke Države
9235,Petr,Koritko,1987,Rusija
9236,Anatolij,Bolgov,1958,Sjedinjene Američke Države
9237,Svami,Daši,1973,Sjedinjene Američke Države
9238,Elena,Popova,1976,Ujedinjeno Kraljevstvo
9239,Katja,Ivanova,1959,Bugarska
9240,Ann fon,Luger,1931,Sjedinjene Američke Države
9241,Džejms,Klemens,1750,Rusija
9242,Aleksej,Dorofeev,1972,Rusija
9243,Gennadij,Veretelnikov,1986,Rusija
9244,Iljas,Najmanov,1963,Srbija
9245,Roman,Bejnarovič,1970,Rusija
9246,Vitalij,Savcov,1985,Rusija
9247,Dmitrij,Rževskij,1817,Ruska Imperija
9248,Vladislav,Konjuševskij,1972,Rusija
9249,Igor,Šumejko,1966,Rusija
9250,Naomi,Novik,1973,Sjedinjene Američke Države
9251,Stefani,Stellar,1993,Ujedinjeno Kraljevstvo
9252,Bella,Torn,1997,Sjedinjene Američke Države
9253,Jurij,Ternovskij,1963,Rusija
9254,Natalja,Ivannikova,1956,Ujedinjeno Kraljevstvo
9255,Lina,Danem,1986,Sjedinjene Američke Države
9256,Vladimir,Vladmeli,1987,Italija
9257,Ivan,Kandaurov,1926,Rusija
9258,Ivan,Dergausov,1990,Rusija
9259,Sergej,Stepočkin,1974,Rusija
9260,Erik,Bern,1910,Kanada
9261,Eduard,Ajlamazjan,1967,Ujedinjeno Kraljevstvo
9262,Marina,Zajnulina,1987,Sjedinjene Američke Države
9263,Marina,Tarasova,1960,Francuska
9264,Irina,Rjabceva,1964,Japan
9265,Galina,Palinka,1980,Rusija
9266,Boris,Novikov,1925,Rusija
9267,Viktor,Elmanov,1973,Francuska
9268,Gennadij,Bistrov,1972,Srbija
9269,Ali,Aliev,1937,Rusija
9270,Astrid,Lindgren,1907,Švedska
9271,Sergej,Čurilov,1981,Srbija
9272,Elena,Itigilova,1951,Francuska
9273,Margerit,Jursenar,1903,Sjedinjene Američke Države
9274,Mihail,Šolohov,1905,Savez Sovjetskih Socijalističkih Republika
9275,Grigorij,Dvorkin,1973,Sjedinjene Američke Države
9276,G.,Ivleva,1971,Rusija
9277,Ekaterina,Konstantinova,1995,Rusija
9278,Vasilij,Ogarkov,1977,Rusija
9279,Andrej,Mendjukov,1977,Srbija
9280,Moisej,Rubinštejn,1896,Rusija
9281,Uiljam,Bletti,1928,Sjedinjene Američke Države
9282,Deniel,Amen,1954,Sjedinjene Američke Države
9283,Mark,Hajman,1959,Sjedinjene Američke Države
9284,Rik,Uorren,1954,Sjedinjene Američke Države
9285,Lena,Loren,1995,Poljska
9286,Julija,Trjaščenko,1994,Nemačka
9287,Kamilla,Grebe,1968,Švedska
9288,Elis,Peterson,1970,Sjedinjene Američke Države
9289,Viktor,Astanin,1955,Rusija
9290,Aleksej,Vahovskij,1966,Rusija
9291,Rob,Buje,1970,Srbija
9292,Anna,Daševskaja,1933,Sjedinjene Američke Države
9293,Kristoffer,Karlsson,1976,Sjedinjene Američke Države
9294,Andrej,Končalovskij,1937,Sjedinjene Američke Države
9295,Brjus,Li,1940,Sjedinjene Američke Države
9296,Elena,Saveleva,1965,Rusija
9297,Evgenij,Rozner,1988,Japan
9298,Džon,Libert,1936,Italija
9299,Igor,Fesunenko,1968,Francuska
9300,Dmitrij,Šepelev,1983,Belorusija
9301,Oleg,Kamencev,1968,Rusija
9302,Dmitrij,Hara,1995,Poljska
9303,Valentina,Hara,1989,Rusija
9304,Konstantin,Markov,1945,Bugarska
9305,Oksana,Nikolaeva,1987,Rusija
9306,Jurij,Tereščenko,1955,Rusija
9307,Aleksandr,Dimitriev,1952,Ujedinjeno Kraljevstvo
9308,Emili,Vapnik,1977,Sjedinjene Američke Države
9309,Ivan,Nefedev,1988,Rusija
9310,Miroslava,Bronnikova,1976,Rusija
9311,Entoni,Bjordžess,1917,Ujedinjeno Kraljevstvo
9312,Aleksandra,Pervuhina,1963,Srbija
9313,Dugi,Brimson,1959,Ujedinjeno Kraljevstvo
9314,Den,Stratcel,1970,Rusija
9315,Zahar,Zaharin,1948,Francuska
9316,Aleksandr,Pletnjov,1889,Savez Sovjetskih Socijalističkih Republika
9317,Vera,Budanova,1962,Rusija
9318,Irina,Ermolova,1969,Rusija
9319,Anna,Čulanova,1978,Rusija
9320,Tatjana,Ljubarskaja,1965,Sjedinjene Američke Države
9321,Vladimir,Rodkin,1971,Rusija
9322,Džon,Streleki,1969,Sjedinjene Američke Države
9323,Olesja,Perežogina,1952,Rusija
9324,Arkadij,Kuramšin,1984,Sjedinjene Američke Države
9325,Tatjana,Pravdina,1985,Sjedinjene Američke Države
9326,Igor,Ljadov,1993,Ujedinjeno Kraljevstvo
9327,Semen,Kurilov,1958,Rusija
9328,Irina,Ševcova,1986,Belorusija
9329,Ričard,Njudžent,1968,Sjedinjene Američke Države
9330,Olga,Sljozkina,1972,Rusija
9331,Anna,Ščagina,1984,Rusija
9332,Elena,Fesenko,1982,Ujedinjeno Kraljevstvo
9333,Jurij,Fesenko,1946,Ukrajina
9334,Mihail,Lohov,1963,Ujedinjeno Kraljevstvo
9335,Emerson,Eggerih,1965,Ujedinjeno Kraljevstvo
9336,Nikolaj,Kalanov,1974,Francuska
9337,Ljudmila,Zbitnevskaja,1966,Sjedinjene Američke Države
9338,Oleg,Janenagorskij,1987,Rusija
9339,Markus,Kac,1969,Ujedinjeno Kraljevstvo
9340,Tali,Gudvin,1973,Rusija
9341,Dmitrij,Mironov,1985,Sjedinjene Američke Države
9342,Ila,Opalova,1972,Rusija
9343,Meri Margaret,Kej,1908,Ujedinjeno Kraljevstvo
9344,Elena,Bojko,1984,Sjedinjene Američke Države
9345,Svetlana,Irevlina,1933,Rusija
9346,B.,Repnikov,1966,Ujedinjeno Kraljevstvo
9347,Guvvat,Nizzameddini,1946,Sjedinjene Američke Države
9348,Evgenija,Pasternak,1972,Belorusija
9349,Rodžer,Fišer,1943,Rusija
9350,Daniel,Šapiro,1958,Italija
9351,Strelkova,Elizaveta,1980,Ujedinjeno Kraljevstvo
9352,Jana,Terenteva,1994,Rusija
9353,Irina,Uspenskaja,1979,Rusija
9354,Zoja,Sidorenko,1986,Rusija
9355,Ljudmila,Sennik,1983,Francuska
9356,Aleksej,Arbuzov,1792,Rusija
9357,Marija,Korelli,1855,Ujedinjeno Kraljevstvo Velike Britanije i Irske
9358,Kara,Linn,1988,Italija
9359,Anna,Levadnaja,1971,Rusija
9360,Mihail,Larjunin,1951,Srbija
9361,Anastasija,Sagran,1990,Rusija
9362,Ilja,Stogov,1970,Rusija
9363,Ekaterina,Uvarova,1980,Sjedinjene Američke Države
9364,Evgenij,Jakimov,1976,Nemačka
9365,Avgustin,Kalme,1764,Rusija
9366,Roman,Akentev,1980,Italija
9367,Margo,Šum,1967,Rusija
9368,Elena,Stepanjan,1961,Nemačka
9369,arhimandrit Rafail,Karelin,1957,Sjedinjene Američke Države
9370,Junis,Tejmurhanli,1961,Italija
9371,Marina,Demidova,1966,Francuska
9372,Larisa,Mikulovič,1966,Rusija
9373,Valerij,Seregin,1975,Rusija
9374,Agapij,Tihonov,1961,Ujedinjeno Kraljevstvo
9375,Adrian,Šulte,1968,Srbija
9376,Ahmed,Fahri,1943,Francuska
9377,Maša,Koroleva,1986,Srbija
9378,Žan,Leklerk,1918,Nemačka
9379,Aleksej,Vjazovskij,1978,Rusija
9380,Arina,Vardi,1958,Srbija
9381,Sergej,Pankov,1992,Italija
9382,Ivan,Rasstegaev,1965,Rusija
9383,Jurij,Bajkov,1994,Ujedinjeno Kraljevstvo
9384,Lea,Rejn,1987,Sjedinjene Američke Države
9385,Evgenij,Hata,1986,Srbija
9386,Nikolaj,Ljustiger,1985,Nemačka
9387,Džeremi,Lazarus,1958,Rusija
9388,Olga,Junjazova,1985,Sjedinjene Američke Države
9389,Elena,Isajčeva,1980,Rusija
9390,Ljubov,Cvetkova,1981,Ujedinjeno Kraljevstvo
9391,Andrej,Cvetkov,1956,Sjedinjene Američke Države
9392,Voldemar,Baljazin,1957,Rusija
9393,Arefa,Kesarijskij,1973,Vizantijsko carstvo
9394,Vjačeslav,Vasilev,1981,Rusija
9395,Elena,Slavnaja,1994,Rusija
9396,Čarlz,Ford,1970,Nemačka
9397,Elena,Gutnikova,1976,Francuska
9398,Nikolaj,Vorošilov,1970,Japan
9399,Sergej,Koževnikov,1987,Rusija
9400,Antonina,Gluško,1956,Rusija
9401,Anna,Kazanceva,1967,Poljska
9402,Dmitrij,Pravdin,1984,Poljska
9403,Karl,Marks,1818,Kraljevina Pruska
9404,Mariza,Bennett,1968,Rusija
9405,Tomas,Hardi,1840,Ujedinjeno Kraljevstvo
9406,Ekaterina,Smolina,1971,Francuska
9407,Žan-Mišel,Genassija,1950,Francuska
9408,Džonatan,Franklin,1964,Sjedinjene Američke Države
9409,Lori,Minc,1978,Rusija
9410,Kae de,Kliari,1967,Ujedinjeno Kraljevstvo
9411,Sergej,Gippius,1924,Savez Sovjetskih Socijalističkih Republika
9412,Sergej,Šiškov,1962,Srbija
9413,Luidži,Pirandello,1867,Kraljevina Italija
9414,Vera,Skljarova,1973,Sjedinjene Američke Države
9415,Ričard,Smitten,1976,Rusija
9416,Marina,Efimova,1990,Rusija
9417,Rita,Mejz,1992,Rusija
9418,Vera,Polozkova,1986,Rusija
9419,Aleksej,Rakitin,1988,Rusija
9420,Viktorija,Borisjuk,1930,Nemačka
9421,Olga,Kopilova,1965,Rusija
9422,graf,Komostro,1849,Sjedinjene Američke Države
9423,Andronik,Romanov,1983,Rusija
9424,Vjačeslav,Harčenko,1984,Francuska
9425,Dmitrij,Birman,1989,Rusija
9426,Oleg,Ždanov,1966,Ukrajina
9427,Andrej,Ilenkov,1983,Rusija
9428,Nikolaj,Kuznecov,1927,Sjedinjene Američke Države
9429,Elena,Rudakova,1994,Sjedinjene Američke Države
9430,Anna,Spasskaja,1957,Rusija
9431,Andrej,Kedrin,1970,Rusija
9432,Anna,Nikolskaja,1974,Sjedinjene Američke Države
9433,Andrej,Bogačuk,1981,Rusija
9434,Rina,Gippius,1984,Rusija
9435,Gulnara,Lomakina,1966,Rusija
9436,Marija,Eril,1991,Rusija
9437,Anastasija,Voločkova,1976,Rusija
9438,Fiona,Ferris,1989,Rusija
9439,Sofja,Makeeva,1973,Sjedinjene Američke Države
9440,Elena,Voron,1979,Rusija
9441,E.,Krjučkova,1995,Francuska
9442,Roman,Artemev,1970,Rusija
9443,Igor,Sergienko,1971,Rusija
9444,Leonid,Naumov,1944,Francuska
9445,Lizi,Harrison,1970,Kanada
9446,Olga,KA,1987,Kanada
9447,Grem,Simsion,1985,Kanada
9448,Dmitrij,Šarij,1966,Ujedinjeno Kraljevstvo
9449,Valerij,Podzolkov,1989,Sjedinjene Američke Države
9450,Denni,Gregori,1983,Rusija
9451,Robert,Hajlbroner,1919,Sjedinjene Američke Države
9452,Viktor,Popov,1995,Rusija
9453,Geri Džon,Bišop,1990,Poljska
9454,Tatjana,Kirillova,1985,Rusija
9455,Aleksandr,Domanin,1971,Ujedinjeno Kraljevstvo
9456,Aleksandr,Malenkov,1965,Ujedinjeno Kraljevstvo
9457,Aleksandr,Šipunov,1969,Rusija
9458,Aleksandr,Validuda,1964,Rusija
9459,Marina,Ozerova,1974,Sjedinjene Američke Države
9460,Karl,Štajner,1963,Kanada
9461,Igor,Rizov,1980,Rusija
9462,Vladimir,Čugunov,1954,Rusija
9463,Aleksej,Munipov,1982,Rusija
9464,Vladimir,Fomin,1953,Italija
9465,Ramil,Menjašev,1968,Poljska
9466,Karina,Nigaj,1971,Rusija
9467,Brendan,Denin,1993,Nemačka
9468,Leonid,Milov,1994,Rusija
9469,Erik,Najt,1897,Sjedinjene Američke Države
9470,Dina,Novotorova,1958,Rusija
9471,Irina,Šabina,1985,Rusija
9472,E.,Mihalev,1988,Nemačka
9473,Valerija,Kosjakova,1987,Rusija
9474,Aleksandr,Molčanov,1974,Poljska
9475,Marija,Galkina,1971,Nemačka
9476,E.,Stivens,1953,Rusija
9477,Elims,Jam,1992,Rusija
9478,Ljudmila,Levina,1956,Kanada
9479,Astrid,Šolte,1977,Kanada
9480,Vjačeslav,Glazičev,1974,Nemačka
9481,Viktorija,Koljagina,1970,Rusija
9482,Mihail,Vostrišev,1982,Ujedinjeno Kraljevstvo
9483,Ekaterina,Inozemceva,1935,Rusija
9484,Olga,Melnikova,1978,Italija
9485,S.,Bačilo,1963,Rusija
9486,N.,Poimceva,1958,Nemačka
9487,Elena,Ljapota,1981,Rusija
9488,Irina,Kaljužnova,1983,Sjedinjene Američke Države
9489,Marija,Anufrieva,1963,Ujedinjeno Kraljevstvo
9490,Alisa,Čudakova,1967,Sjedinjene Američke Države
9491,Nadežda,Mandelštam,1899,Savez Sovjetskih Socijalističkih Republika
9492,Lejla,Slimani,1981,Francuska
9493,Maksim,Sirbu,1976,Japan
9494,Karl fon,Klauzevic,1780,Kraljevina Pruska
9495,Elena,Mihalkevič,1953,Sjedinjene Američke Države
9496,Lita,Marson,1970,Sjedinjene Američke Države
9497,Nadežda,Igamova,1955,Rusija
9498,Ljudmila,Petruševskaja,1938,Rusija
9499,Valentina,Spirina,1934,Rusija
9500,Džejms,Džojs,1882,Republika Irska
9501,Majkl,Murkok,1939,Ujedinjeno Kraljevstvo
9502,Majkl,Suenvik,1950,Sjedinjene Američke Države
9503,Lorens,Blok,1957,Italija
9504,Džonatan,Kerroll,1949,Sjedinjene Američke Države
9505,Elizabet,Hend,1957,Sjedinjene Američke Države
9506,Džin,Vulf,1931,Sjedinjene Američke Države
9507,Ričard,Adams,1960,Rusija
9508,Džojs,Outs,1938,Sjedinjene Američke Države
9509,Uolter,Mosli,1952,Sjedinjene Američke Države
9510,Roddi,Dojl,1958,Republika Irska
9511,Stjuart,O’Nen,1961,Srbija
9512,Džo,Lensdejl,1979,Rusija
9513,Kerolin,Pakherst,1972,Nemačka
9514,Ket,Hovard,1987,Rusija
9515,Kurt,Andersen,1987,Rusija
9516,Aleksandr,Ertel,1855,Ruska Imperija
9517,Grigorij,Služitel,1983,Sjedinjene Američke Države
9518,Svetlana,Žornik,1947,Rusija
9519,Gaj,Dojčer,1969,Izrael
9520,Oleg,Jangulov,1940,Sjedinjene Američke Države
9521,Jakov,Butovič,1986,Italija
9522,Aleksandr,Klimaj,1995,Ujedinjeno Kraljevstvo
9523,Tatjana,Dzuceva,1981,Rusija
9524,Ljudmila,Obrazcova,1955,Rusija
9525,Kira,Sladkova,1988,Sjedinjene Američke Države
9526,Mejster,Ekhart,1935,Ujedinjeno Kraljevstvo
9527,Žora,Mora,1956,Sjedinjene Američke Države
9528,Nataša,Tejt,1967,Rusija
9529,Ričard,Borzov,1989,Rusija
9530,Kaleb,Krisp,1991,Rusija
9531,Andrej,Domanovskij,1979,Rusija
9532,Džonatan,Litem,1979,Sjedinjene Američke Države
9533,Emma,Bjorstoll,1960,Ujedinjeno Kraljevstvo
9534,L. A.,Baz,1966,Italija
9535,Julija,Šlepanova,1966,Rusija
9536,Igor,Vinničenko,1931,Rusija
9537,Vladimir,Skvorcov,1957,Nemačka
9538,Maffeo,Puanso,1986,Italija
9539,Zoja,Golovačeva,1977,Rusija
9540,Julija,Arharova,1958,Sjedinjene Američke Države
9541,Antonina,Delvig,1974,Rusija
9542,Vladimir,Kolomiec,1967,Sjedinjene Američke Države
9543,Tanja,Berr,1989,Ujedinjeno Kraljevstvo
9544,Ljudmila,Golubovskaja,1982,Rusija
9545,Andrej,Nebov,1981,Italija
9546,Nikolaj,Luzan,1968,Rusija
9547,Svetozar,Hobbot,1984,Rusija
9548,Pol,Ekman,1934,Sjedinjene Američke Države
9549,Denis,Solovev,1969,Rusija
9550,Ignas,Gelb,1907,Sjedinjene Američke Države
9551,Kristina,Klajn,1975,Sjedinjene Američke Države
9552,Berli,Doerti,1965,Sjedinjene Američke Države
9553,Katerina,Romanovskaja,1959,Rusija
9554,Nadežda,Prusova,1956,Francuska
9555,Tatjana,Nožkina,1968,Francuska
9556,Sirena,Red,1979,Rusija
9557,Aleksandr,Melihov,1883,Ruska Imperija
9558,Boris,Almazov,1827,Ruska Imperija
9559,Artem,Gumennij,1974,Ujedinjeno Kraljevstvo
9560,Stanislav,Govoruhin,1936,Rusija
9561,Zoi,Griffin,1979,Poljska
9562,Natalja,Haritonova,1988,Francuska
9563,Olga,Rusakovskaja,1976,Rusija
9564,Farit,Safuanov,1963,Sjedinjene Američke Države
9565,Natalja,Ščerbatjuk,1937,Sjedinjene Američke Države
9566,Knut,Gamsun,1859,Norveška
9567,Džejms,Uells,1941,Kanada
9568,Dmitrij,Nelin,1988,Sjedinjene Američke Države
9569,Marija,Kanovskaja,1955,Rusija
9570,Andrej,Nikitin,1974,Rusija
9571,Kris,Riddell,1970,Rusija
9572,Katerina,Loginova,1991,Italija
9573,Liz,Tajner,1984,Rusija
9574,Boris,Florja,1937,Rusija
9575,Elčin,Safarli,1984,Azerbejdžan
9576,Enni,Berrouz,1962,Sjedinjene Američke Države
9577,Meri,Šaffer,1983,Francuska
9578,cvjatitel Tihon,Zadonskij,1951,Sjedinjene Američke Države
9579,Kimberli,Bell,1970,Rusija
9580,Ali,Demirli,1995,Rusija
9581,Irina,Grin,1965,Rusija
9582,Ričard,Denson,1968,Rusija
9583,Lars,Kepler,1954,Ujedinjeno Kraljevstvo
9584,Darja,Raj,1993,Sjedinjene Američke Države
9585,Aleksej,Lumpov,1977,Sjedinjene Američke Države
9586,Andrej,Lumpov,1984,Sjedinjene Američke Države
9587,Alla,Krasko,1949,Rusija
9588,Lana,Briz,1961,Sjedinjene Američke Države
9589,Tatjana,Sjorl,1960,Poljska
9590,Erika,Johansen,1987,Poljska
9591,Sergej,Sakanskij,1984,Ujedinjeno Kraljevstvo
9592,Džon,Gottman,1942,Sjedinjene Američke Države
9593,Džoan,Dekler,1958,Sjedinjene Američke Države
9594,Olga,Terenteva,1988,Ujedinjeno Kraljevstvo
9595,Lidija,Gudkova,1972,Francuska
9596,V.,Zajcev,1968,Rusija
9597,Olga,Skonečnaja,1976,Nemačka
9598,L.,Ebigejl,1933,Ujedinjeno Kraljevstvo
9599,Alek,Epštejn,1975,Izrael
9600,Stanislav,Kožeurov,1969,Sjedinjene Američke Države
9601,Vjačeslav,Stavickij,1973,Rusija
9602,Svetlana,Filatova,1956,Sjedinjene Američke Države
9603,Sindi,Gallop,1930,Ujedinjeno Kraljevstvo
9604,Nina,Osovickaja,1977,Ujedinjeno Kraljevstvo
9605,Dmitrij,Beljakov,1951,Rusija
9606,Gjustav,Flober,1821,Francuska
9607,Mirna,Makkenzi,1982,Sjedinjene Američke Države
9608,Olga,Fem,1984,Rusija
9609,Čad-Men,Tan,1971,Rusija
9610,George Du,Maurier,1982,Rusija
9611,Asja,Kazanceva,1986,Rusija
9612,Aleksej,Gatin,1969,Italija
9613,Natalіja,Lavlєnceva,1971,Francuska
9614,Anastasija,Uglik,1969,Ujedinjeno Kraljevstvo
9615,Brjuno,Žarosson,1987,Francuska
9616,Natalja,Pinčuk,1944,Rusija
9617,Julija,Frolova,1988,Francuska
9618,Morena,Morana,1962,Rusija
9619,Dorin,Tovi,1918,Ujedinjeno Kraljevstvo Velike Britanije i Irske
9620,Julija,Amelkina,1980,Sjedinjene Američke Države
9621,Kolm,Tojbin,1955,Republika Irska
9622,Ivan,Golubev,1875,Savez Sovjetskih Socijalističkih Republika
9623,Džek,Uelč,1935,Sjedinjene Američke Države
9624,Sjuzi,Uelč,1959,Rusija
9625,Emi,Mun,1979,Sjedinjene Američke Države
9626,Kirill,Reznikov,1980,Ujedinjeno Kraljevstvo
9627,Mihail,Ribakov,1966,Sjedinjene Američke Države
9628,Nejll,Džoj,1994,Italija
9629,Ekaterina,Poljanskaja,1967,Rusija
9630,Geomar,Kulikov,1981,Rusija
9631,Aleksej,Kuksin,1977,Rusija
9632,Fransis,Malka,1978,Sjedinjene Američke Države
9633,Timur,Aslanov,1962,Srbija
9634,Mišel,Hodkin,1989,Ujedinjeno Kraljevstvo
9635,Andrej,Jakimovskij,1984,Rusija
9636,Vera,Gračeva,1967,Sjedinjene Američke Države
9637,Svetlana,Križanovskaja,1967,Sjedinjene Američke Države
9638,Sergej,Ratner,1956,Ujedinjeno Kraljevstvo
9639,Dara,Arde,1969,Ujedinjeno Kraljevstvo
9640,Maksim,Gorjačev,1973,Rusija
9641,Vasilij,Gorjačev,1963,Sjedinjene Američke Države
9642,Mihail,Derivedmid,1984,Rusija
9643,Nina,Pusenkova,1981,Sjedinjene Američke Države
9644,Evgenij,Kozionov,1953,Rusija
9645,Majkl,Moric,1965,Nemačka
9646,Aleks,Fergjuson,1941,Ujedinjeno Kraljevstvo
9647,Leonid,Kondratev,1940,Savez Sovjetskih Socijalističkih Republika
9648,Nikita,Melkin,1992,Rusija
9649,Klim,Gorjaev,1993,Rusija
9650,Leonid,Karpov,1982,Rusija
9651,Konstantin,Sorokin,1908,Savez Sovjetskih Socijalističkih Republika
9652,Sofja,Kovaleva,1966,Poljska
9653,Vladislav,Ponamorenko,1966,Italija
9654,Irina,Kajukova,1990,Rusija
9655,Evgenij,Staruhin,1968,Ujedinjeno Kraljevstvo
9656,Šaron,Moalem,1950,Rusija
9657,Per,Bomarše,1732,Francuska
9658,Nail,Akčurin,1965,Rusija
9659,Alina,Kamaleeva,1987,Sjedinjene Američke Države
9660,Marija,Krjuger,1904,Poljska
9661,Galina,Eršova,1950,Rusija
9662,Ina,Goldin,1977,Ujedinjeno Kraljevstvo
9663,Vladimir,Rogač,1970,Rusija
9664,Aleksandra,Rodset,1973,Sjedinjene Američke Države
9665,Arina,Troj,1988,Rusija
9666,Natalja,Korsakova,1791,Italija
9667,Aleksandra,Gutnik,1929,Rusija
9668,Anton,Karelin,1979,Rusija
9669,Naš,Pol,1937,Ujedinjeno Kraljevstvo
9670,Aleksandr,Levitas,1967,Rusija
9671,Brendan,Kili,1981,Rusija
9672,Savako,Arijosi,1931,Japan
9673,Aleks,Grant,1989,Kanada
9674,Marina,Žilcova,1995,Rusija
9675,Vladimir,Kolčin,1962,Rusija
9676,E.,Čirovici,1984,Rusija
9677,Vladislav,Kartavcev,1988,Rusija
9678,Aleksej,Politiko,1984,Rusija
9679,Veronika,Irina-Kogan,1958,Rusija
9680,Jankelika,Suškova-Irina,1955,Rusija
9681,Oleg,Kulagin,1968,Italija
9682,Ekaterina,Kostina,1970,Rusija
9683,Aleks,Mej,1978,Rusija
9684,Dmitrij,Belostockij,1989,Rusija
9685,Dmitrij,Grinberg,1958,Sjedinjene Američke Države
9686,Aleksandr,Levitov,1835,Ruska Imperija
9687,Grigorij,Žadko,1994,Nemačka
9688,Astrid,Holleder,1980,Italija
9689,Vensan,Bokeo,1991,Rusija
9690,Piter,Grin,1924,Sjedinjene Američke Države
9691,Vjačeslav,Degtjarenko,1967,Srbija
9692,Edit,Gamilton,1939,Rusija
9693,Mihail,Deržavin,1988,Rusija
9694,Leonard,Mlodinov,1954,Sjedinjene Američke Države
9695,Stiven,Hoking,1942,Ujedinjeno Kraljevstvo
9696,Aleksandra,Fomina,1980,Litvanija
9697,Oksana,Odrina,1992,Rusija
9698,Evgenij,Cepenjuk,1965,Rusija
9699,Voldemar,Aforističnij,1984,Sjedinjene Američke Države
9700,Maksim,Kitaev,1934,Rusija
9701,Tatjana,Varencova,1943,Rusija
9702,Aleksej,Skurihin,1977,Ujedinjeno Kraljevstvo
9703,Aljona,Popova,1983,Rusija
9704,Irina,Limarenko,1984,Rusija
9705,Ruslan,Mansurov,1982,Rusija
9706,Ljusinda,Rajli,1965,Ujedinjeno Kraljevstvo
9707,Andrej,Larikov,1963,Rusija
9708,Aleksej,Strelcov,1991,Francuska
9709,Petr,Galanjuk,1944,Rusija
9710,Larisa,Romanovskaja,1956,Rusija
9711,Jurij,Tokranov,1954,Italija
9712,Polina,Čeh,1970,Ujedinjeno Kraljevstvo
9713,Pavel,Sudoplatov,1985,Rusija
9714,Viktor,Strašnov,1970,Rusija
9715,Olga,Strašnova,1969,Rusija
9716,A.,Kulagina,1950,Italija
9717,V.,Tolberg,1951,Rusija
9718,Albert,Savin,1947,Rusija
9719,Džo,Vitale,1953,Sjedinjene Američke Države
9720,Valerij,Černjaev,1974,Sjedinjene Američke Države
9721,Januš,Višnevskij,1954,Poljska
9722,V.,Saunina,1981,Italija
9723,Biz,Stoun,1974,Sjedinjene Američke Države
9724,Artjom,Frolov,1991,Rusija
9725,Marija,Šeremet,1966,Francuska
9726,Alberto,Andžela,1962,Italija
9727,Aleksej,Hohlatov,1965,Sjedinjene Američke Države
9728,Pavel,Šamatrin,1976,Sjedinjene Američke Države
9729,Ksenija,Skačkova,1956,Rusija
9730,Maksim,Šarapov,1963,Srbija
9731,Paolo Diacono – Paulus,Diaconus,1993,Rusija
9732,Anatolij,Duničev,1949,Rusija
9733,Eduard,Mustafin,1954,Sjedinjene Američke Države
9734,Nika,Romanova,1986,Rusija
9735,Gennadij,Genev,1970,Poljska
9736,Aleksandr,Stesin,1990,Rusija
9737,Vitalij,Bašun,1967,Rusija
9738,Anton,Petrjakov,1991,Ujedinjeno Kraljevstvo
9739,Artem,Šejnin,1968,Sjedinjene Američke Države
9740,Fedor,Kravcov,1961,Rusija
9741,Kerri,Lonsdejl,1972,Sjedinjene Američke Države
9742,Sara,Pennipaker,1951,Sjedinjene Američke Države
9743,Margaret,Foks,1445,Rusija
9744,El,Mjurid,1992,Sjedinjene Američke Države
9745,Vasilij,Brjuhov,1977,Nemačka
9746,Vasilij,Krisov,1928,Rusija
9747,Garet,Roberts,1968,Ujedinjeno Kraljevstvo
9748,Aleksej,Krasikov,1929,Rusija
9749,Bondo,Dorovskih,1947,Rusija
9750,Sadula,Patahov,1966,Srbija
9751,Vinfrid,Zebald,1944,Nemačka
9752,Vladimir,Kuznecov,1967,Rusija
9753,Dmitrij,Abramov,1961,Srbija
9754,Amalteja,Nova,1976,Sjedinjene Američke Države
9755,Matilda,Kšesinskaja,1872,Francuska
9756,Stanislav,Mjuller,1964,Ujedinjeno Kraljevstvo
9757,Aleksandr,Baliberdin,1945,Rusija
9758,I.,Davidov,1983,Rusija
9759,Enn,Makalister,1957,Rusija
9760,Pavel,Kolesov,1986,Rusija
9761,Vladimir,Ross,1995,Sjedinjene Američke Države
9762,Darja,Černiševa,1963,Ujedinjeno Kraljevstvo
9763,Alisa,Mun,1984,Rusija
9764,Jan,Mortimer,1964,Sjedinjene Američke Države
9765,Eduard,Lobas,1963,Srbija
9766,Ilja,Tjo,1975,Srbija
9767,Aleksej,Semenov,1986,Rusija
9768,Igor,Sidorov,1999,Rusija
9769,Anatolij,Starkov,1946,Savez Sovjetskih Socijalističkih Republika
9770,Sju,Klibold,1949,Sjedinjene Američke Države
9771,Svetozar,Černov,1966,Rusija
9772,Antonina,Taube,1957,Sjedinjene Američke Države
9773,Boris,Vujčič,1976,Rusija
9774,Olesja,Timofeeva,1972,Rusija
9775,Fedor,Dubnevič,1968,Rusija
9776,Takuan,Soho,1574,Japan
9777,Aleksej,Bikov,1896,Savez Sovjetskih Socijalističkih Republika
9778,Elena,Barbaš,1958,Poljska
9779,Ljudmila,Rogaleva,1987,Francuska
9780,Valerij,Malkin,1980,Rusija
9781,Roman,Brjusov,1979,Ujedinjeno Kraljevstvo
9782,Mihail,Kurseev,1980,Rusija
9783,Aleksej,Artjuhin,1964,Sjedinjene Američke Države
9784,Marija,Kevaldžot,1966,Rusija
9785,T.,Pančenko,1982,Rusija
9786,Dmitrij,Mansurov,1960,Rusija
9787,Porfirij,Kavsokalivit,1906,Grčka
9788,Viktor,Gusev,1909,Savez Sovjetskih Socijalističkih Republika
9789,Andrej,Fedorov,1985,Rusija
9790,Elena,Poddubskaja,1964,Rusija
9791,Arina,Ostromina,1972,Sjedinjene Američke Države
9792,Natalja,Saltanova,1965,Kanada
9793,Olga,Fateeva,1975,Nemačka
9794,Timur,Valitov,1995,Rusija
9795,Anna,Skvorcova,1996,Rusija
9796,Tatjana,Kokuseva,1979,Sjedinjene Američke Države
9797,Ekaterina,Tupova,1979,Ujedinjeno Kraljevstvo
9798,Aleksandra,Stepanova,1972,Nemačka
9799,Andrej,Evdokimov,1987,Francuska
9800,Tatjana,Markova,1992,Srbija
9801,Ekaterina,Vladimirova,1985,Nemačka
9802,Pavel,Žuravel,1982,Rusija
9803,Evgenij,Topčiev,1967,Rusija
9804,Dmitrij,Smagin,1974,Rusija
9805,Elena,Kuprijanova,1983,Rusija
9806,Darja,Novakova,1989,Sjedinjene Američke Države
9807,Elena,Šalnova,1981,Rusija
9808,Evgenija,Matikova,1989,Italija
9809,Ksenija,Krušinskaja,1984,Ujedinjeno Kraljevstvo
9810,Margarita,Lemann,1965,Sjedinjene Američke Države
9811,Julija,Geba,1991,Rusija
9812,Andrej,Gurtovenko,1967,Sjedinjene Američke Države
9813,Olga,Derjugina,1988,Rusija
9814,Oleg,Zinovev,1989,Rusija
9815,Ekaterina,Kazankova,1990,Sjedinjene Američke Države
9816,Elena,Kovalevskaja,1964,Rusija
9817,Marija,Manockova,1989,Rusija
9818,Roman,Gusev,1982,Rusija
9819,Inessa,Pleskačevskaja,1984,Rusija
9820,Elena,Krivonosova,1971,Sjedinjene Američke Države
9821,Lada,Ščerbakova,1994,Rusija
9822,Aleksandr,Dimov,1899,Savez Sovjetskih Socijalističkih Republika
9823,Anna,Saveleva,1978,Rusija
9824,Ekaterina,Zadohina,1971,Rusija
9825,Olga,Jarkova,1973,Nemačka
9826,Julija,Orlova,1976,Nemačka
9827,Ekaterina,Davidenko,1973,Sjedinjene Američke Države
9828,Anastasija,Gorlova,1979,Ujedinjeno Kraljevstvo
9829,Olga,Lušnikova,1968,Rusija
9830,Konstantin,Kožuhin,1988,Rusija
9831,Marija,Karajčeva,1981,Srbija
9832,Anastasija,Volkova,1965,Ujedinjeno Kraljevstvo
9833,Marija,Ciruleva,1963,Rusija
9834,Marija,Mandlis,1991,Rusija
9835,Galina,Baburova,1970,Rusija
9836,Elina,Kaplun,1992,Sjedinjene Američke Države
9837,Anna,Tulskaja,1993,Italija
9838,Svetlana,Pereligina,1995,Sjedinjene Američke Države
9839,Sergej,Sedov,1908,Savez Sovjetskih Socijalističkih Republika
9840,Olga,Barinova,1976,Rusija
9841,Tatjana,Mlinčik,1978,Sjedinjene Američke Države
9842,Varvara,Glebova,1987,Nemačka
9843,Dmitrij,Šiškanov,1978,Sjedinjene Američke Države
9844,Margarita,Spiričeva,1977,Sjedinjene Američke Države
9845,Valentina,Kirjanova,1977,Francuska
9846,Pavel,Mironov,1900,Savez Sovjetskih Socijalističkih Republika
9847,Nonna,Gudieva,1970,Rusija
9848,Aleksandra,Bruj,1965,Rusija
9849,Elena,Novoselova,1981,Rusija
9850,Sofja,Steblovskaja,1968,Srbija
9851,Julija,Lisova,1995,Sjedinjene Američke Države
9852,Elena,Antar,1987,Rusija
9853,Evgenija,Ovčinnikova,1985,Rusija
9854,Anna,Birjulina,1975,Nemačka
9855,Veronika,Mai,1980,Rusija
9856,Anna,Šulina,1971,Rusija
9857,Natalija,Maščenko,1972,Ujedinjeno Kraljevstvo
9858,Aleksej,Čmel,1982,Rusija
9859,Elena,Ivčenko,1972,Nemačka
9860,Alan,Uolles,1950,Sjedinjene Američke Države
9861,Iolanta,Prokopenko,1986,Nemačka
9862,Ekaterina,Gladkih,1965,Rusija
9863,Eduard,Bondarev,1956,Rusija
9864,Irina,Slovcova,1976,Ujedinjeno Kraljevstvo
9865,Dagmar,Nojbronner,1960,Rusija
9866,Ida,Rodič,1950,Sjedinjene Američke Države
9867,Evgenij,Nedzelskij,1984,Rusija
9868,Vasilij,Vahterov,1853,Savez Sovjetskih Socijalističkih Republika
9869,Nadežda,Maksimova,1993,Rusija
9870,Maks,Stark,1988,Rusija
9871,Irina,Filippova,1961,Ujedinjeno Kraljevstvo
9872,Tomas,Oberlehner,1939,Rusija
9873,Arčibald,Bruks,1963,Francuska
9874,Rodžer,Falk,1961,Rusija
9875,Meri Lu,Longvort,1973,Nemačka
9876,Albert,Nalčadžjan,1967,Rusija
9877,Aleksandr,Genis,1953,Sjedinjene Američke Države
9878,Mihail,Kipnis,1941,Rusija
9879,Robert,Šekli,1928,Sjedinjene Američke Države
9880,Julija,Bekičeva,1987,Francuska
9881,Bogdan,Kolomіjčuk,1984,Francuska
9882,Margo,Gener,1967,Rusija
9883,Čerstin Lundberg,Han,1979,Italija
9884,Klajv,Kassler,1931,Sjedinjene Američke Države
9885,Rassel,Blejk,1987,Nemačka
9886,Džek,Uinston,1976,Sjedinjene Američke Države
9887,Andre,Breton,1896,Francuska
9888,Irina,Rudičeva,1958,Rusija
9889,Per,Bul,1912,Francuska
9890,Mihail,Solovjov,1966,Ujedinjeno Kraljevstvo
9891,Astafeva,Olegovna,1994,Srbija
9892,Jurij,Habibulin,1975,Italija
9893,Marina,Mogilko,1990,Sjedinjene Američke Države
9894,Evgenij,Gavrilin,1973,Rusija
9895,Berngard,Rogge,1936,Sjedinjene Američke Države
9896,Vasilij,Durasov,1973,Sjedinjene Američke Države
9897,Valentin,Kulčickij,1987,Ujedinjeno Kraljevstvo
9898,Jurij,Solovev,1969,Sjedinjene Američke Države
9899,Šennon,Kjork,1963,Sjedinjene Američke Države
9900,Andrej,Kondrašin,1970,Rusija
9901,Albert,Vandal,1944,Rusija
9902,Dmitrij,Serebrjakov,1979,Rusija
9903,Mons,Kallentoft,1968,Švedska
9904,Marina,Selivanova,1961,Sjedinjene Američke Države
9905,Ričard,Knaak,1961,Sjedinjene Američke Države
9906,Den,Džolli,1972,Rusija
9907,Grejs,Randolf,1969,Sjedinjene Američke Države
9908,Aaron,Sparrou,1988,Rusija
9909,Maksim,Smirnov,1933,Francuska
9910,Roman,Sijdo,1982,Francuska
9911,Aleksej,Rjabov,1980,Francuska
9912,Nikita,Šaripov,1966,Ujedinjeno Kraljevstvo
9913,Anatolij,Levandovskij,1985,Rusija
9914,Aleksej,Fedorov,1994,Rusija
9915,Dmitrij,Rikov,1982,Italija
9916,Marina,Krivšenko,1989,Sjedinjene Američke Države
9917,Igor,Lipin,1951,Nemačka
9918,Lars,Mitting,1968,Norveška
9919,Džej,Papazan,1957,Italija
9920,Geri,Keller,1957,Sjedinjene Američke Države
9921,Oleg,Lapšin,1937,Rusija
9922,Kassija,Sen-Kler,1967,Rusija
9923,Mihail,Gigolašvili,1967,Sjedinjene Američke Države
9924,Natalja,Epifanovskaja,1985,Ujedinjeno Kraljevstvo
9925,Ešli,Djual,1992,Rusija
9926,Denis,Lobkov,1992,Rusija
9927,Roman,Amentius,1966,Italija
9928,Sergej,Udalcov,1977,Rusija
9929,Maksim,Kidruk,1984,Ukrajina
9930,Mikola,Bažan,1951,Sjedinjene Američke Države
9931,Adelaida,Prokter,1825,Ujedinjeno Kraljevstvo Velike Britanije i Irske
9932,Natalja,For,1969,Sjedinjene Američke Države
9933,Marina,Iljuk,1979,Rusija
9934,Vitalij,Skvorec,1984,Rusija
9935,En,Varko,1930,Rusija
9936,Vladimir,Vidžaj,1956,Italija
9937,Olga,Sorokina,1969,Rusija
9938,Gans,Rudel,1947,Poljska
9939,Metju,Sajed,1970,Ujedinjeno Kraljevstvo
9940,Julija,Volkodav,1986,Rusija
9941,Larisa,Slobodjanik,1952,Rusija
9942,Andrey,Tikhomirov,1962,Rusija
9943,Abubakar,Damilare,1935,Sjedinjene Američke Države
9944,Sergey,Smetanin,1942,Rusija
9945,Kupava,Oginskaja,1976,Rusija
9946,Mariša,Kel,1962,Poljska
9947,Denis,Lungu,1992,Sjedinjene Američke Države
9948,Sergej,Bogoljubov,1959,Nemačka
9949,Elena,Minina,1954,Rusija
9950,Džess,Bullington,1976,Rusija
9951,Indi,Gogohija,1995,Nemačka
9952,Entoni,Bejker,1980,Italija
9953,Anton,Orlov,1997,Rusija
9954,Perri,Anderson,1938,Ujedinjeno Kraljevstvo
9955,Elena,Badi,1982,Rusija
9956,Anatolij,Bočarov,1922,Rusija
9957,Ella,Čumakevič,1956,Sjedinjene Američke Države
9958,Sergej,Maslennikov,1961,Rusija
9959,Aleksej,Pohabov,1970,Ujedinjeno Kraljevstvo
9960,Natalja,Alimova,1963,Sjedinjene Američke Države
9961,Aleksandr,Kiktenko,1991,Sjedinjene Američke Države
9962,Aleksej,Šorohov,1965,Sjedinjene Američke Države
9963,Aleksandr,Bulahov,1951,Poljska
9964,Vasilij,Evstratov,1967,Ujedinjeno Kraljevstvo
9965,Vladimir,Ivanov,1946,Kanada
9966,Leonid,Budarin,1970,Sjedinjene Američke Države
9967,Sergej,Neznajuščij,1984,Rusija
9968,Aleksej,Kločkovskij,1974,Sjedinjene Američke Države
9969,Lili,Olma,1992,Ujedinjeno Kraljevstvo
9970,Ekaterina,Sevastjanova,1969,Rusija
9971,Sergej,Nikolajčuk,1946,Sjedinjene Američke Države
9972,Vladimir,Grinevickij,1942,Rusija
9973,Gregor,Samarov,1962,Rusija
9974,Viktorija,Čujkova,1975,Ujedinjeno Kraljevstvo
9975,Ivan,Barkov,1732,Ruska Imperija
9976,Aleksej,Majskij,1949,Rusija
9977,Galina,Poljakova,1986,Srbija
9978,Ilja,Gutman,1947,Sjedinjene Američke Države
9979,Anna,Černičnaja,1987,Italija
9980,Olga,Pavolga,1985,Srbija
9981,Sergej,Gagaev,1977,Sjedinjene Američke Države
9982,Vladimir,Korsun,1958,Poljska
9983,Elena,Korsun,1975,Rusija
9984,Aleks,Poljakov,1963,Rusija
9985,Loran,Lelu,1960,Rusija
9986,Kristina,Lemajte,1958,Srbija
9987,Deni,Atkins,1956,Rusija
9988,Sergej,Agarkov,1990,Rusija
9989,Tatjana,Agarkova,1987,Sjedinjene Američke Države
9990,Rostislav,Beleda,1995,Italija
9991,Gennadij,Derjagin,1941,Rusija
9992,Natalja,Stenjaeva,1980,Rusija
9993,Nikolaj,Olejnikov,1898,Savez Sovjetskih Socijalističkih Republika
9994,Čarlz,Nikoll,1950,Ujedinjeno Kraljevstvo
9995,Roman,Vinilov,1967,Nemačka
9996,Njut,Gingrič,1943,Sjedinjene Američke Države
9997,Skarlet,Uilson,1974,Rusija
9998,Ju.,Korotkova,1986,Rusija
9999,Oleg,Tkačjov,1970,Rusija
10000,Tamara,Želudova,1970,Italija
10001,Feliks,Zalten,1869,Austrija
10002,German,Germanov,1964,Ujedinjeno Kraljevstvo
10003,Vitalevič,Semenov,1972,Sjedinjene Američke Države
10004,Stanislav,Gordeev,1969,Rusija
10005,Aleksandr,Krjukov,1800,Ruska Imperija
10006,Olga,Koval,1963,Sjedinjene Američke Države
10007,Elena,Kutuzova,1978,Rusija
10008,Sergej,Kornev,1935,Srbija
10009,Mihail,Kisličkin,1964,Rusija
10010,Gennadiy,Loginov,1982,Rusija
10011,Valerij,Ševčenko,1940,Rusija
10012,Džulija,Long,1982,Ujedinjeno Kraljevstvo
10013,Vis,Vitalis,1975,Rusija
10014,Larisa,Vorošilova,1949,Rusija
10015,Vladimir,Legojda,1973,Rusija
10016,Maksim,Kabkov,1959,Ujedinjeno Kraljevstvo
10017,Ksenija,Tkačenko,1958,Rusija
10018,Elena,Kobozeva,1975,Francuska
10019,Dmitrij,Šarov,1960,Ujedinjeno Kraljevstvo
10020,E.,Mullajarova,1975,Rusija
10021,Marina,Gračeva,1964,Rusija
10022,Tatjana,Klipina,1982,Poljska
10023,Nikolas,Hammond,1988,Sjedinjene Američke Države
10024,Mila,Vanil,1980,Francuska
10025,Boris,Jarne,1981,Rusija
10026,Lina,Dias,1984,Nemačka
10027,Karlo,Goldoni,1707,Francuska
10028,Boris,Arsenev,1962,Sjedinjene Američke Države
10029,Džanet,Fitč,1955,Sjedinjene Američke Države
10030,Endrju,Robinson,1942,Sjedinjene Američke Države
10031,Marija,Barjatinskaja,1934,Poljska
10032,Ivan,Plotnikov,1977,Nemačka
10033,Vera,Tassan,1960,Poljska
10034,Džejms,Jork,1941,Sjedinjene Američke Države
10035,Marina,Kolesnikova,1953,Sjedinjene Američke Države
10036,Igor,Grinčevskij,1964,Sjedinjene Američke Države
10037,Aleksandr,Butler,1955,Rusija
10038,Grigorij,Zaslavskij,1967,Rusija
10039,Vjačeslav,Popov,1962,Rusija
10040,Igor,Loban,1979,Ujedinjeno Kraljevstvo
10041,Kirill,Haritonov,1993,Rusija
10042,S.,Šahmalova,1974,Rusija
10043,Andrej,Šarij,1975,Ujedinjeno Kraljevstvo
10044,Julija,Ščerbinina,1979,Italija
10045,Jurij,Vidineev,1934,Francuska
10046,Arkadij,Vidineev,1931,Francuska
10047,Diana,Malivani,1978,Sjedinjene Američke Države
10048,Donald,Ingliš,1987,Sjedinjene Američke Države
10049,Emil,Mamedov,1993,Francuska
10050,Luiza,Fuller,1962,Nemačka
10051,Aleksej,Kolik,1982,Italija
10052,Nina,Nesterova,1993,Rusija
10053,Evgenija,Pogudina,1938,Sjedinjene Američke Države
10054,Dmitrij,Divik,1979,Ujedinjeno Kraljevstvo
10055,Konstantin,Suhov,1980,Ujedinjeno Kraljevstvo
10056,Aleksandr,Čakovskij,1944,Rusija
10057,Lada,Bakal,1983,Rusija
10058,Sergej,Dobrunov,1950,Ujedinjeno Kraljevstvo
10059,Genrih,Užegov,1969,Ujedinjeno Kraljevstvo
10060,Darsi,Bell,1981,Sjedinjene Američke Države
10061,Blejk,Snajder,1957,Sjedinjene Američke Države
10062,Džo,Fril,1943,Sjedinjene Američke Države
10063,Stanislav,Logunov,1977,Italija
10064,Lev,Rižkov,1972,Rusija
10065,Vasilij,Pronin,1957,Rusija
10066,Konstantin,Baranov,1968,Ujedinjeno Kraljevstvo
10067,Aleksandrina,Tverskih,1969,Francuska
10068,Elena,Fados,1973,Srbija
10069,Ruslan,Kljauzov,1977,Sjedinjene Američke Države
10070,Katerina,Tarnovskaja,1989,Rusija
10071,Viktor,Tarapata,1979,Rusija
10072,Aleksandr,Kojnov,1968,Sjedinjene Američke Države
10073,Grigor,Elbekjan,1982,Francuska
10074,Elena,Černih,1979,Rusija
10075,Nikolaj,Kun,1877,Savez Sovjetskih Socijalističkih Republika
10076,Džordž Bernard,Šou,1856,Republika Irska
10077,Vladislav,Leonkin,1968,Rusija
10078,Ieronim,Stridonskij,1869,Antički Rim
10079,Laurelin,Makdži,1981,Nemačka
10080,Pavel,Šiškoedov,1988,Ujedinjeno Kraljevstvo
10081,A.,Kuzin,1970,Rusija
10082,P.,Šuškanov,1966,Rusija
10083,Nikolaj,Anciferov,1930,Savez Sovjetskih Socijalističkih Republika
10084,Mihail,Bukanov,1934,Sjedinjene Američke Države
10085,Agata,Goraj,1964,Francuska
10086,Ekaterina,Tjušina,1953,Sjedinjene Američke Države
10087,Veniamin,Hanaev,1934,Rusija
10088,Timofej,Medvedev,1993,Italija
10089,Vik,Džejms,1975,Ujedinjeno Kraljevstvo
10090,svjatitel Ioann,(Maksimovič),1976,Francuska
10091,Keti,Makgerri,1964,Srbija
10092,Toni,Švarc,1952,Sjedinjene Američke Države
10093,Džim,Loer,1949,Rusija
10094,Elena,Ignateva,1961,Srbija
10095,Albert,Stoun,1963,Poljska
10096,Otto,Šjutt,1942,Rusija
10097,Evgenij,Panarin,1968,Rusija
10098,Sergej,Kovalevskij,1988,Rusija
10099,Alfred,Lemann,1858,Kraljevina Danska
10100,Mihail,Parfenov,1988,Rusija
10101,Anna,Kitaeva,1966,Rusija
10102,Najdžel,Kamberlend,1972,Japan
10103,Fedor,Rublev,1944,Rusija
10104,Anton,Nesvetaev,1952,Rusija
10105,Dirk,Guzmann,1983,Sjedinjene Američke Države
10106,Aleksej,Lozovoj,1995,Rusija
10107,Julija,Subbotina,1985,Sjedinjene Američke Države
10108,Irina,Kuznecova,1998,Rusija
10109,Džek,Parker,1981,Poljska
10110,Igor,Moroz,1984,Rusija
10111,Šmiel,Sandler,1930,Rusija
10112,Nikolaj,Abaev,1939,Rusija
10113,Ljudmila,Kinderskaja,1983,Francuska
10114,Šon,Denker,1989,Sjedinjene Američke Države
10115,Ksenija,Vostruhina,1946,Kanada
10116,Devid,Boldačči,1964,Rusija
10117,Ivan,Jaroslavcev,1973,Sjedinjene Američke Države
10118,Aleksandr,Smolin,1924,Savez Sovjetskih Socijalističkih Republika
10119,Aleksandra,Ilina,1986,Francuska
10120,Evgenija,Bogrinceva,1976,Rusija
10121,Marina,Kulešova,1953,Sjedinjene Američke Države
10122,Olga,Smolikova,1965,Srbija
10123,Vladimir,Antonec,1992,Rusija
10124,Lev,Pavlov,1991,Sjedinjene Američke Države
10125,Džon,Krakauer,1954,Sjedinjene Američke Države
10126,Svetlana,Taova,1935,Italija
10127,Melinda di,Lorenco,1991,Rusija
10128,Evgenija,Parizena,1939,Rusija
10129,Andrej,Rakickij,1978,Ujedinjeno Kraljevstvo
10130,Andrej,Ševčenko,1991,Sjedinjene Američke Države
10131,Fedot,Fedotov,1974,Sjedinjene Američke Države
10132,Ekaterina,Martinova,1989,Ujedinjeno Kraljevstvo
10133,Ivan,Treščev,1964,Rusija
10134,S.,Velikanova,1972,Italija
10135,A.,Markova,1955,Nemačka
10136,Grem Makrej,Barnet,1967,Ujedinjeno Kraljevstvo
10137,Marija,Baženova,1906,Nemačka
10138,Ket,Follz,1976,Italija
10139,Ženja,Snežkina,1964,Ujedinjeno Kraljevstvo
10140,Anna,Tereškova,1965,Rusija
10141,Konstantin,Aksakov,1817,Ruska Imperija
10142,Olga,Aleksandrova,1967,Rusija
10143,Ien,Kelli,1966,Ujedinjeno Kraljevstvo
10144,Viven,Vestvud,1941,Ujedinjeno Kraljevstvo
10145,Boris,Borisov,1961,Nemačka
10146,Anton van der,Laak,1977,Japan
10147,Perl,Bak,1892,Sjedinjene Američke Države
10148,Irina,Parfenova,1961,Rusija
10149,Mihail,Leontev,1958,Rusija
10150,Eva,Berger,1989,Rusija
10151,Andrej,Molohov,1986,Rusija
10152,Grant,Karapetjan,1968,Nemačka
10153,Valerian,Albanov,1882,Ruska Imperija
10154,Elena,Rilanina,1969,Rusija
10155,Jurij,Golik,1977,Ukrajina
10156,Leo,Gramm,1955,Rusija
10157,Džovanni,Bokkaččo,1313,Firentinska republika
10158,Diana,Ferdman,1965,Rusija
10159,Aleks,Korb,1988,Poljska
10160,Alen,Gri,1985,Rusija
10161,Harlan,Koben,1962,Sjedinjene Američke Države
10162,Vladimir,Matveev,1989,Rusija
10163,Najdžel,Slejter,1993,Rusija
10164,Tatjana,Kotegova,1988,Srbija
10165,Erin,Lejnvort,1995,Rusija
10166,Aleksandr,Donskoj,1970,Rusija
10167,Arči,Braun,1961,Ujedinjeno Kraljevstvo
10168,Elena,Dovidovič,1971,Francuska
10169,Andrej,Sokolov,1948,Sjedinjene Američke Države
10170,Tatjana,Kazakova,1984,Ujedinjeno Kraljevstvo
10171,Llojd,Aleksander,1924,Sjedinjene Američke Države
10172,Džonatan,Goldštejn,1963,Rusija
10173,Aleksandr,Fedorov,1968,Rusija
10174,Aleksandr,Šahmatov,1828,Ruska Imperija
10175,David,Lagerkranc,1962,Švedska
10176,Nikolaj,Pejčev,1959,Ujedinjeno Kraljevstvo
10177,Andrea,Bolter,1996,Rusija
10178,Oleg,Eršov,1981,Rusija
10179,Igor,Rudenko,1977,Rusija
10180,A.,Štern,1832,Rusija
10181,Anželika,Brnenskaja,1990,Francuska
10182,Čigozi,Obioma,1984,Ujedinjeno Kraljevstvo
10183,Boris,Puškarev,1972,Srbija
10184,Vladimir,Prohoda,1952,Francuska
10185,Georgij,Ved,1977,Rusija
10186,Denis,Kilesov,1992,Rusija
10187,Edvard,Sent-Obin,1960,Ujedinjeno Kraljevstvo
10188,Petr,Ingvin,1986,Rusija
10189,Hempton,Sajdz,1984,Rusija
10190,O.,Efremov,1974,Nemačka
10191,Lourens,Ris,1950,Rusija
10192,Romeo Sarovski (Stran,nuk),1975,Rusija
10193,Aleksej,Trefilov,1971,Francuska
10194,Maks,Dajmont,1943,Rusija
10195,Inna,Kronevald,1939,Nemačka
10196,Vadim,Majorov,1985,Sjedinjene Američke Države
10197,Kennet,Grem,1859,Ujedinjeno Kraljevstvo
10198,Respublika,Armenija,1952,Rusija
10199,Majkl,But,1972,Ujedinjeno Kraljevstvo
10200,Vladimir,Šuljatikov,1872,Ruska Imperija
10201,Rendall,Manro,1989,Rusija
10202,Boris,Romanov,1974,Sjedinjene Američke Države
10203,protoierej Georgij,Orehanov,1970,Nemačka
10204,David,Gvencadze,1964,Francuska
10205,Vasilij,Gavrilenko,1962,Italija
10206,Nikolaj,Pestov,1974,Rusija
10207,Marija,Haustova,1984,Rusija
10208,Erik,Sigal,1937,Sjedinjene Američke Države
10209,Ridžuel,Kallem,1945,Sjedinjene Američke Države
10210,Anna,Efimenko,1979,Ujedinjeno Kraljevstvo
10211,Renat,Bekkin,1979,Rusija
10212,Viktor,Bojko,1973,Sjedinjene Američke Države
10213,Nika,Armani,1981,Rusija
10214,Džek,Entis,1971,Italija
10215,Valerij,Jacenkov,1933,Ujedinjeno Kraljevstvo
10216,Lui,Daniel,1978,Rusija
10217,Mark,Mirskij,1984,Sjedinjene Američke Države
10218,Nikolaj,Bogojavlenskij,1870,Ruska Sovjetska Federativna Socijalistička Republika
10219,Don,Bennett,1992,Sjedinjene Američke Države
10220,Marina,Šermet,1989,Rusija
10221,Nikolaj,Bodrihin,1966,Ujedinjeno Kraljevstvo
10222,Artur,Lojanič,1984,Nemačka
10223,Kerol,Erikson,1990,Nemačka
10224,Anastasija,Kokeeva,1983,Kanada
10225,Karl,Anderson,1961,Francuska
10226,Igor,Ribinskij,1961,Francuska
10227,Aleksej,Bredihin,1995,Rusija
10228,Anatolij,Nagnibeda,1971,Poljska
10229,Julija,Čehonina,1975,Ujedinjeno Kraljevstvo
10230,Evgenija,Monastirskaja,1984,Francuska
10231,Andrej,Safonov,1969,Rusija
10232,Nina,Piz,1994,Sjedinjene Američke Države
10233,Natalja,Regen,1975,Sjedinjene Američke Države
10234,Natalja,Olencova,1976,Ujedinjeno Kraljevstvo
10235,Devid D.,Berns,1942,Sjedinjene Američke Države
10236,Žanna,Ivaškina,1952,Rusija
10237,Galina,Kac,1980,Rusija
10238,Ekaterina,Muhamatulina,1965,Rusija
10239,Nikolas,Epli,1981,Rusija
10240,Olesja,Ananeva,1982,Rusija
10241,Anastasija,Ivahnenko,1934,Rusija
10242,Anvar,Salidžanov,1977,Rusija
10243,Paramahansa,Jogananda,1893,Indija
10244,Valerij,Curkan,1993,Ujedinjeno Kraljevstvo
10245,Šon,Smit,1972,Nemačka
10246,Aleksej,Kudrjašov,1969,Rusija
10247,Tatjana,Mirabilis,1992,Ujedinjeno Kraljevstvo
10248,Gennadij,Garbuzov,1930,Rusija
10249,Džek,Koggins,1982,Rusija
10250,Tatjana,Vega,1995,Rusija
10251,Vladimir,Orlov,1936,Rusija
10252,Ishida,Ryo,1981,Nemačka
10253,Kejt,Brauenn,1978,Rusija
10254,Mark,Izmajlov,1931,Ujedinjeno Kraljevstvo
10255,Ivan,Smirnov,1999,Rusija
10256,Robert,Dugoni,1976,Sjedinjene Američke Države
10257,Tomas,Esbridž,1954,Rusija
10258,Krejg,Maklej,1968,Rusija
10259,Berta,Braun,1971,Sjedinjene Američke Države
10260,Tagir,Kireev,1974,Rusija
10261,Megan,Miranda,1968,Sjedinjene Američke Države
10262,Olesja,Tolščina,1956,Rusija
10263,Bruno,Donat,1964,Rusija
10264,Andrej,Maksimuškin,1958,Japan
10265,Tornton,Uajlder,1897,Sjedinjene Američke Države
10266,Svetlana,Efimova,1985,Poljska
10267,Natalja,Finogeeva,1958,Ujedinjeno Kraljevstvo
10268,Olga,Korbut,1955,Sjedinjene Američke Države
10269,Valerij,Morozov,1994,Rusija
10270,Anastasija,Medvedeva,2000,Rusija
10271,Ekaterina,Ru,1995,Rusija
10272,Anri de,Rene,1864,Francuska
10273,Meri,Koval,1969,Sjedinjene Američke Države
10274,Džon,Skalci,1969,Sjedinjene Američke Države
10275,Ketrin,Valente,1979,Sjedinjene Američke Države
10276,Devid,Levin,1978,Japan
10277,Karl,Šrjoder,1988,Nemačka
10278,Pol,Kornell,1967,Ujedinjeno Kraljevstvo
10279,Tobias S.,Bakell,1982,Francuska
10280,Ken,Lju,1976,Sjedinjene Američke Države
10281,Džejms,Kambias,1976,Rusija
10282,Kori,Doktorou,1971,Kanada
10283,Nil,Ešer,1987,Francuska
10284,Kejdž,Bejker,1952,Sjedinjene Američke Države
10285,Čarlz,Stross,1964,Ujedinjeno Kraljevstvo
10286,Gregori,Deril,1984,Francuska
10287,Ženeveva,Valentajn,1979,Ujedinjeno Kraljevstvo
10288,Meri,Rikert,1959,Rusija
10289,Vandana,Singh,1965,Sjedinjene Američke Države
10290,Hannu,Rajaniemi,1967,Sjedinjene Američke Države
10291,Devid,Moulz,1982,Ujedinjeno Kraljevstvo
10292,Brenda,Kuper,1966,Sjedinjene Američke Države
10293,Toni,Ballantajn,1969,Ujedinjeno Kraljevstvo
10294,Ted,Kosmatka,1973,Sjedinjene Američke Države
10295,Rejčel,Svirski,1972,Sjedinjene Američke Države
10296,Ien,Krizi,1975,Rusija
10297,Medlin,Ešbi,1964,Rusija
10298,Marissa,Lingen,1973,Rusija
10299,Oliver,Morton,1823,Sjedinjene Američke Države
10300,Alajja Don,Džonson,1983,Poljska
10301,Džo,Uolton,1964,Kanada
10302,Jaroslava,Osokina,1987,Ujedinjeno Kraljevstvo
10303,Abraham,Vergeze,1955,Sjedinjene Američke Države
10304,Aleksej,Melija,1991,Rusija
10305,Amanda,Kvik,1943,Rusija
10306,Mihail,Kutuzov,1968,Srbija
10307,Filipp,Sinelnikov,1984,Ruska Imperija
10308,Natalja,Ivanova,1961,Sjedinjene Američke Države
10309,Hideo,Jokojama,1972,Rusija
10310,Natalja,Karpenko,1971,Kanada
10311,Allen,Dalles,1893,Sjedinjene Američke Države
10312,Fatima,Gajtukieva,1954,Nemačka
10313,Džin,Hal,1983,Nemačka
10314,Olga,Sarkisova,1956,Francuska
10315,Natalja,Seljanceva,1970,Sjedinjene Američke Države
10316,Aleksandra,Fromm,1992,Rusija
10317,Evgenij,Vejdenbaum,1865,Ujedinjeno Kraljevstvo
10318,Džekob,Ebbot,1964,Sjedinjene Američke Države
10319,Dmitrij,Demidov,1973,Rusija
10320,Sergej,Golicin,1947,Rusija
10321,Vladimir,Kuleba,1941,Sjedinjene Američke Države
10322,Viktor,Kvašin,1974,Ujedinjeno Kraljevstvo
10323,Evgenij,Černobilskij,1980,Ujedinjeno Kraljevstvo
10324,Marina,Smirnova,1983,Rusija
10325,Endi,Šeferd,1978,Poljska
10326,Petr,Rjabov,1990,Italija
10327,Evgenija,Poljakova,1942,Rusija
10328,Oksana,Barsukova,1990,Rusija
10329,Elena,Gavriš,1993,Rusija
10330,Elena,Pikina,1969,Sjedinjene Američke Države
10331,Svetlana,Homjakova,1977,Sjedinjene Američke Države
10332,Olga,Cimbalova,1993,Rusija
10333,Lafkadio,Hirn,1850,Britanska imperija
10334,Julija,Litvinenko,1965,Francuska
10335,Gennadij,Ananev,1962,Rusija
10336,Elena,Januk,1977,Nemačka
10337,Mett,Raff,1984,Sjedinjene Američke Države
10338,Andrej,Gronskij,1943,Ujedinjeno Kraljevstvo
10339,Ruta,Vanagajte,1955,Litvanija
10340,Efraim,Zuroff,1948,Sjedinjene Američke Države
10341,Valentin,Čingisov,1969,Poljska
10342,Anna,Smetannikova,1991,Rusija
10343,Nina,Uljanina,1983,Nemačka
10344,Piter,Bamm,1969,Sjedinjene Američke Države
10345,Anna,Frank,1929,Nacistička Nemačka
10346,Karina,Kozminih,1967,Rusija
10347,Entoni,Houp,1863,Ujedinjeno Kraljevstvo
10348,Piter,Long,1961,Rusija
10349,Nina,Knjazkova,1969,Rusija
10350,Robert,Stivenson,1980,Rusija
10351,Rebekka,Kantrell,1968,Sjedinjene Američke Države
10352,M.,Oleneva,1982,Sjedinjene Američke Države
10353,Elena,Spirina,1986,Rusija
10354,Lope de,Vega,1562,Španija
10355,A.,Sabilina,1976,Rusija
10356,Jan,Badevskij,1973,Ujedinjeno Kraljevstvo
10357,Kirill,Šatilov,1984,Rusija
10358,Pavel,Zlobin,1969,Rusija
10359,Elena,Milkova,1959,Poljska
10360,Aleks,Najt,1977,Sjedinjene Američke Države
10361,Džim,Bolton,1969,Rusija
10362,Stanislav,Šuljak,1943,Rusija
10363,Ričard,Pajps,1923,Sjedinjene Američke Države
10364,Cezarij,Zbešhovskij,1964,Sjedinjene Američke Države
10365,Pamela,Espeland,1981,Rusija
10366,Geršen,Kaufman,1965,Poljska
10367,Lev,Rafael,1992,Sjedinjene Američke Države
10368,Juka,Jamamoto,1992,Rusija
10369,Aleksej,Volkov,1978,Francuska
10370,Kirill,Kutuzov,1988,Srbija
10371,Evgenij,Panov,1990,Sjedinjene Američke Države
10372,Larisa,Belova,1993,Francuska
10373,Mihail,Kuraev,1977,Sjedinjene Američke Države
10374,Meri Enn,Marlou,1976,Ujedinjeno Kraljevstvo
10375,Semen,Stepanov,1969,Sjedinjene Američke Države
10376,Irina,Osnač,1969,Rusija
10377,Irina,Koš,1968,Kanada
10378,Mihail,Koš,1963,Srbija
10379,Dina,Kazakevič,1989,Rusija
10380,Robert,Massi,1925,Sjedinjene Američke Države
10381,Džudit Hoek van,de,1970,Rusija
10382,Igor,Stanovič,1994,Rusija
10383,Jasmin,Boland,1991,Sjedinjene Američke Države
10384,Harvill,Hendriks,1935,Sjedinjene Američke Države
10385,Helen,Hant,1938,Nemačka
10386,O.,Krohina,1975,Rusija
10387,M.,Polosina,1968,Nemačka
10388,M.,Hanina,1985,Nemačka
10389,A.,Rubel,1957,Francuska
10390,Natalja,Ponomareva,1965,Francuska
10391,Viktor,Kazakov,1984,Rusija
10392,Marina,Černih,1970,Ujedinjeno Kraljevstvo
10393,Gennadij,Kajačev,1965,Rusija
10394,Ljudmila,Kajačeva,1969,Poljska
10395,Sergej,Kropačev,1958,Rusija
10396,Andrej,Troickij,1983,Rusija
10397,Sergej,Šeridan,1978,Rusija
10398,Sergej,Timofeev,1941,Srbija
10399,A.,Potemkina,1987,Sjedinjene Američke Države
10400,Džordžina,Hauell,1961,Italija
10401,Lili,King,1961,Rusija
10402,Charles,King,1935,Francuska
10403,Marija,Sorokina,1995,Rusija
10404,Sofija,Čajka,1956,Rusija
10405,Robert,Tajson,1957,Srbija
10406,Fillis,Tajson,1947,Ujedinjeno Kraljevstvo
10407,Anna,Rassohina,1991,Sjedinjene Američke Države
10408,Amrita,Algoma,1980,Francuska
10409,Deniel,Smit,1977,Sjedinjene Američke Države
10410,Nikolaj,Šeršukov,1935,Ujedinjeno Kraljevstvo
10411,Leonid,Girik,1981,Sjedinjene Američke Države
10412,Igor,Assman,1983,Rusija
10413,Jurij,Medovščikov,1965,Sjedinjene Američke Države
10414,Džeffri,Jang,1963,Rusija
10415,Džanet,Klosko,1969,Italija
10416,Lev,Ždanov,1924,Savez Sovjetskih Socijalističkih Republika
10417,Sjuzen,Fillips,1957,Rusija
10418,Bjanka,Marais,1962,Francuska
10419,Tatjana,Edelvejs,1962,Rusija
10420,Viktor fon,Hagen,1908,Sjedinjene Američke Države
10421,Terens,Uajt,1906,Ujedinjeno Kraljevstvo
10422,Aleksej,Brusilov,1958,Rusija
10423,Vladimir,Isaev,1972,Francuska
10424,S.,Zemskov,1941,Rusija
10425,Marjana,Olejnik,1992,Rusija
10426,Redakcija žurnala,Publish,1992,Poljska
10427,Pabliš,,1975,Rusija
10428,Alesja,Navarro,1986,Rusija
10429,Danilo,Clementoni,1955,Ujedinjeno Kraljevstvo
10430,Marina,Ivanova,1982,Ujedinjeno Kraljevstvo
10431,Mikki,Noks,1921,Sjedinjene Američke Države
10432,Robert,Ressler,1937,Sjedinjene Američke Države
10433,Vladislav,Hefner,1985,Rusija
10434,Emrika,Padus,1961,Rusija
10435,Marina,Klingenberg,1975,Japan
10436,Boris,Štejn,1933,Rusija
10437,Džordž,Kunc,1856,Sjedinjene Američke Države
10438,Sergej,Ohotnikov,1977,Italija
10439,Marija,Parr,1981,Norveška
10440,Lina,Ljuče,1942,Italija
10441,Olga,Beljavskaja,1959,Rusija
10442,Polina,Babinkova,1979,Rusija
10443,Marvin,Karlins,1963,Rusija
10444,Džek,Šafer,1954,Sjedinjene Američke Države
10445,Vadim,Krabov,1955,Rusija
10446,Karen,Moning,1985,Francuska
10447,Ciremžid,Jandanova,1977,Rusija
10448,Konstantin,Zadumkin,1981,Sjedinjene Američke Države
10449,Aleksandr,Suprunov,1974,Rusija
10450,Alina,Rejzelman,1932,Poljska
10451,Aleks,Novak,1972,Rusija
10452,Tatjana,SeTaVa,1973,Sjedinjene Američke Države
10453,Korin,Svit,1975,Italija
10454,Katerina,Lazareva,1971,Srbija
10455,Čarlz,Eddison,1856,Sjedinjene Američke Države
10456,Viktorija,Glasko,1992,Rusija
10457,Valerij,Solomon,1962,Rusija
10458,A.,Berezovčuk,1995,Sjedinjene Američke Države
10459,Nikolaj,Jasinovskij,1961,Sjedinjene Američke Države
10460,Sergej,Dževaga,1966,Rusija
10461,Ingrid,Juhansen,1987,Rusija
10462,Artur,Arapov,1976,Rusija
10463,Anastasija,Knjaževa,1978,Rusija
10464,Margie,Fillin,1936,Kanada
10465,Sergej,Tolkačev,1990,Sjedinjene Američke Države
10466,Vladimir,Kosarev,1986,Sjedinjene Američke Države
10467,Kirill,Benediktov,1989,Rusija
10468,Marija,Černišova,1952,Ujedinjeno Kraljevstvo
10469,Ljuk,Džennings,1953,Sjedinjene Američke Države
10470,Garri,Fridman,1950,Ujedinjeno Kraljevstvo
10471,Viktor,Pesigolovec,1965,Rusija
10472,Vladislav,Zritnev,1982,Rusija
10473,Eten,Ekzolt,1975,Francuska
10474,Stanislav,Hohel,1959,Ujedinjeno Kraljevstvo
10475,Elena,Hohel,1969,Sjedinjene Američke Države
10476,Elena,Fjodorova,1927,Rusija
10477,Darja i Galina,Dmitrievi,1965,Poljska
10478,Natalija,Graždaninova,1985,Rusija
10479,Evgenij,Sutjagin,1989,Ujedinjeno Kraljevstvo
10480,Artur,Mejčen,1863,Ujedinjeno Kraljevstvo
10481,Jana,Morozova,1988,Rusija
10482,Golovanov,Anton,1995,Rusija
10483,Irina,Lomakina,1980,Nemačka
10484,Svetlana,Zamlelova,1950,Rusija
10485,Petr,Nikonov,1946,Sjedinjene Američke Države
10486,Vjačeslav,Musienko,1967,Poljska
10487,Denni,Rejd,1986,Sjedinjene Američke Države
10488,Kazimir,Vališevskij,1849,Francuska
10489,D.,Vedunova,1965,Rusija
10490,N.,Ovsjannikova,1937,Rusija
10491,Rejčel,Uord,1944,Rusija
10492,Darja,Mamontova,1995,Sjedinjene Američke Države
10493,Aleks,BlackBerry,1948,Rusija
10494,Dmitrij,Suslin,1943,Srbija
10495,Valerija,Tišakova,1991,Italija
10496,Angelika,Prenzel,1965,Francuska
10497,Arina,Poljakova,1986,Francuska
10498,Endrju,Ridker,1987,Rusija
10499,Marija,Kolpakova,1963,Nemačka
10500,Andrej,Čerepanov,1978,Ujedinjeno Kraljevstvo
10501,Saša,Olgin,1941,Rusija
10502,Lilija,Agarkova,1976,Rusija
10503,Lasse,Holm,1977,Rusija
10504,Raisa,Tolmačeva,1952,Nemačka
10505,Martin,Pačner,1994,Nemačka
10506,Aleks A.,Almistov,1993,Rusija
10507,Elena,Habarova,1949,Rusija
10508,Ljubov,Polivalina,1980,Sjedinjene Američke Države
10509,Julija,Monakova,1982,Rusija
10510,Boris,Konrad,1959,Ujedinjeno Kraljevstvo
10511,Laura,Rajs,1960,Rusija
10512,El,Rajs,1926,Sjedinjene Američke Države
10513,Tatjana,Lukjanova,1939,Rusija
10514,Denis,Gorelov,1980,Rusija
10515,Alexander,Zhidchenko,1970,Srbija
10516,Dmitrij,Sijanov,1983,Rusija
10517,Džina,Majer,1990,Rusija
10518,Veronika,Bejker,1989,Rusija
10519,Barb,Hen,1975,Poljska
10520,Tomas,Vulf,1900,Sjedinjene Američke Države
10521,Zlata,Tur,1978,Rusija
10522,Vadim,Fjodorov,1969,Rusija
10523,Tatjana,Rudakova,1987,Sjedinjene Američke Države
10524,Aleksej,Marjasov,1966,Rusija
10525,Stanislav,Bilič,1968,Ujedinjeno Kraljevstvo
10526,Olga,Ruzakova,1976,Nemačka
10527,Aleksej,Ruzakov,1980,Sjedinjene Američke Države
10528,Nikolaj,Inodin,1982,Kanada
10529,Anželika,Šepeleva,1974,Sjedinjene Američke Države
10530,Uejn,Gretcki,1961,Kanada
10531,Evgenij,Sintezov,1961,Italija
10532,Petr,Veksler,1983,Rusija
10533,Jurij,Šaliganov,1962,Sjedinjene Američke Države
10534,Nikolaus,Vahsman,1966,Rusija
10535,Nina,Prohorova,1970,Rusija
10536,Ljubov,Kostikova,1960,Ujedinjeno Kraljevstvo
10537,Aleksej,Abramov,2000,Belorusija
10538,Natalja,Rom,1971,Rusija
10539,Sofja,Annina,1977,Sjedinjene Američke Države
10540,Grigorij,Kojfman,1972,Japan
10541,Fineas Tejlor,Barnum,1810,Sjedinjene Američke Države
10542,Verena,Vibek,1976,Srbija
10543,Monik,Rajan,1982,Kanada
10544,Šeri,Uajtfezer,1991,Sjedinjene Američke Države
10545,Alexandra,Zolts,1993,Sjedinjene Američke Države
10546,Jurij,Savin,1954,Ujedinjeno Kraljevstvo
10547,Majja,Bessmertnaja,1989,Sjedinjene Američke Države
10548,Polina,Masaligina,1987,Ujedinjeno Kraljevstvo
10549,Naomi,Rejn,1966,Sjedinjene Američke Države
10550,Olga,Fiks,1965,Rusija
10551,Adolf,Venig,1874,Čehoslovačka
10552,Jurij,Melihov,1937,Rusija
10553,Oleg,Kondratev,1990,Rusija
10554,Dirk,Kassler,1960,Nemačka
10555,Olga,Černienko,1987,Ujedinjeno Kraljevstvo
10556,Anna,Makarova,1989,Rusija
10557,Viktorija,Rošal,1993,Sjedinjene Američke Države
10558,Irina,Krickaja,1962,Srbija
10559,Igor,Djakonov,1915,Rusija
10560,Aleksej,Krasnov,1982,Sjedinjene Američke Države
10561,Boris,Ovčinnikov,1967,Rusija
10562,Tatjana,Djakonova,1966,Rusija
10563,Andrej,Zejgarnik,1942,Rusija
10564,Majkl,Nikson,1990,Rusija
10565,Lju,Cisin,1963,Kina
10566,Darja,Rosnina,1984,Rusija
10567,Inga,Valdins,1956,Rusija
10568,Ilja,Roščin,1936,Rusija
10569,Pavel,Safonenkov,1930,Rusija
10570,Alfred,Assolan,1827,Francuska
10571,Olga,Teplinskaja,1972,Nemačka
10572,Kler,Konnelli,1969,Nemačka
10573,Hamid,Ef,1931,Nemačka
10574,Oleksіj,Mustafіn,1975,Rusija
10575,Genri Liddel,Gart,1970,Rusija
10576,Tomas Lourens,Aravijskij,1871,Rusija
10577,Aleksandr,Kurišin,1985,Rusija
10578,Eduard,Nellin,1973,Rusija
10579,Serž,Brusov,1994,Ujedinjeno Kraljevstvo
10580,Olga,Gotina,1968,Ujedinjeno Kraljevstvo
10581,Anastasija,Vilči,1982,Rusija
10582,Andrej,Petrušin,1960,Rusija
10583,Mihail,Burnašev,1975,Rusija
10584,Robert,Bitti,1990,Sjedinjene Američke Države
10585,Evgenija,Lomanova,1984,Rusija
10586,Uiljam,Paundstoun,1964,Sjedinjene Američke Države
10587,Arkadij,Krumer,1938,Rusija
10588,Tatjana,Ščerbina,1986,Ukrajina
10589,Jurij,Filippov,1977,Rusija
10590,Jurij,Lavrov,1905,Savez Sovjetskih Socijalističkih Republika
10591,Vladimir,Bolšakov,1959,Nemačka
10592,Tomas,Kempbell,1966,Nemačka
10593,M.,Novikova,1967,Sjedinjene Američke Države
10594,Aleksandr,Sokolov,1976,Ujedinjeno Kraljevstvo
10595,Oksana,Vasjunina,1982,Nemačka
10596,Ozzi,Osborn,1948,Ujedinjeno Kraljevstvo
10597,Aleksandr,Bačilo,1979,Rusija
10598,Efim,Gamajunov,1963,Sjedinjene Američke Države
10599,Irina,Serebrova,1987,Rusija
10600,Miko,Mari,1981,Sjedinjene Američke Države
10601,Nazim,Hikmet,1901,Poljska
10602,Valter,Krivickij,1972,Rusija
10603,Endrju,Lumis,1892,Sjedinjene Američke Države
10604,Konstantin,Rokossovskij,1896,Savez Sovjetskih Socijalističkih Republika
10605,Ivan,Konev,1957,Sjedinjene Američke Države
10606,Vasilij,Čujkov,1900,Savez Sovjetskih Socijalističkih Republika
10607,Georgij,Žukov,1979,Rusija
10608,Dmitrij,Leljušenko,1901,Savez Sovjetskih Socijalističkih Republika
10609,Sati,Mata,1973,Poljska
10610,Ekaterina,Okovitaja,1984,Francuska
10611,Nikolaj,Lipnickij,1967,Rusija
10612,Aleksandr,Kalinkin,1943,Rusija
10613,Anton,Šaganov,1955,Rusija
10614,Igor,Gladkih,1965,Francuska
10615,Julija,Berge,1963,Rusija
10616,Lizaveta,Som,1985,Sjedinjene Američke Države
10617,Sergej,Šangin,1995,Rusija
10618,Bella,Frensis,1975,Francuska
10619,Violetta,Roman,1965,Rusija
10620,Denis,Kolesničenko,1955,Francuska
10621,Dmitrij,Lubnin,1992,Sjedinjene Američke Države
10622,Majkl,Uilkok,1993,Ujedinjeno Kraljevstvo
10623,Ken,Uilber,1949,Sjedinjene Američke Države
10624,Terri,Patten,1968,Italija
10625,Adam,Leonard,1958,Ujedinjeno Kraljevstvo
10626,Marko,Morelli,1961,Italija
10627,Samjuel,Hantington,1963,Ujedinjeno Kraljevstvo
10628,Nikolaj,Savuhin,1989,Rusija
10629,Aleksandr,Apraksin,1890,Rusija
10630,Iv,Adamson,1984,Sjedinjene Američke Države
10631,Hejli,Pomroj,1959,Poljska
10632,Vladimir,Alliluev,1964,Poljska
10633,Dmitrij,Sokolov-Mitrič,1975,Rusija
10634,Aleks,Bell,1882,Ujedinjeno Kraljevstvo
10635,Ekaterina,Serova,1955,Rusija
10636,Nikolaj,Zenkovič,1976,Francuska
10637,Alfons,Dode,1840,Francuska
10638,Samuil,Hodorov,1979,Rusija
10639,Sofi,Hanna,1971,Ujedinjeno Kraljevstvo
10640,Valentin,Sarafanov,1960,Rusija
10641,Olga,Zavjalova,1947,Rusija
10642,55,Gudvin,1971,Rusija
10643,Aleksandra,Devil,1951,Ukrajina
10644,Vladimir,Mihanovskij,1916,Rusija
10645,Džordano,Bruno,1548,Napuljsko kraljevstvo
10646,Gerc,Frank,1961,Rusija
10647,Sergio,Felleti,1990,Rusija
10648,Elena,DelnAja,1942,Rusija
10649,Maksim,Kisljakov,1963,Francuska
10650,Grant,Kardon,1958,Sjedinjene Američke Države
10651,Olga,Poljanskaja,1964,Sjedinjene Američke Države
10652,Jaroslav,Gašek,1883,Čehoslovačka
10653,Dmitrij,Dvinin,1971,Rusija
10654,Evgenij,Kravčuk,1956,Rusija
10655,Olga,Novikovskaja,1974,Rusija
10656,Lara,Templ,1964,Rusija
10657,Jurij,Kudrjavcev,1965,Sjedinjene Američke Države
10658,Viktor,Taničev,1970,Sjedinjene Američke Države
10659,Eli,Berg,1993,Rusija
10660,Mišel,Kelus,1968,Rusija
10661,Sofja,Černišova,1994,Nemačka
10662,Mahatma,Kuthumi,1941,Rusija
10663,Maksim,Vjaznikov,1991,Sjedinjene Američke Države
10664,Dmitrij,Ivaščenko,1985,Rusija
10665,Mari,Rossi,1959,Sjedinjene Američke Države
10666,Sergej,Kredov,1957,Nemačka
10667,Lidija,Čukovskaja,1907,Rusija
10668,Mihail,Ljubimov,1978,Francuska
10669,Pavel,Astapov,1992,Japan
10670,Lourens,Levi,2000,Sjedinjene Američke Države
10671,Ilja,Podolskij,1955,Ujedinjeno Kraljevstvo
10672,Alexandre,Lois,1930,Poljska
10673,Mark,Pevzner,1946,Rusija
10674,Natalja,Kaširskaja,1961,Francuska
10675,Svetlana,Matijaščuk,1965,Francuska
10676,Ivan,Isakov,1894,Savez Sovjetskih Socijalističkih Republika
10677,Azat,Usmanov,1973,Rusija
10678,Karlo,Rovelli,1956,Italija
10679,Valentin,Runov,1964,Rusija
10680,Ričard,Portugalskij,1965,Poljska
10681,Vladimir,Pavlov,1929,Ukrajina
10682,Pavel,Šarov,1974,Sjedinjene Američke Države
10683,Andrej,Kočetov,1954,Rusija
10684,Ekaterina,Badeščenkova,1970,Italija
10685,Darja,Ponomareva,1950,Rusija
10686,Irina,Miheeva,1985,Rusija
10687,Olga,Šamšurina,1985,Rusija
10688,Džek,Hajt,1965,Sjedinjene Američke Države
10689,Galina,Judina,1950,Savez Sovjetskih Socijalističkih Republika
10690,Aleksandr,Terentev,1891,Savez Sovjetskih Socijalističkih Republika
10691,Romik «Tross»,Temkin,1972,Ujedinjeno Kraljevstvo
10692,Mihail,Šervud,1979,Sjedinjene Američke Države
10693,Mihail,Ostaševskij,1964,Rusija
10694,Aleksandr,Popov,1978,Nemačka
10695,Igor,Rakovskij,1972,Francuska
10696,Vladimir,Anikeev,1986,Poljska
10697,Maksim,Leonov,1968,Rusija
10698,Aleksandr,Belenkij,1963,Kanada
10699,Andrej,Migačev,1965,Sjedinjene Američke Države
10700,Eliza,Garret,1972,Sjedinjene Američke Države
10701,Ju.,Jakovleva,1971,Sjedinjene Američke Države
10702,Ruslan,Zaharkin,1977,Srbija
10703,Ildar,Gilfanov,1983,Sjedinjene Američke Države
10704,Karl,Aleksandr,1944,Sjedinjene Američke Države
10705,Petr,Gutikov,1959,Ujedinjeno Kraljevstvo
10706,Dmitrij,Zinovev,1822,Ruska Imperija
10707,Elizaveta,Romanova,1956,Rusija
10708,Jurij,Začek,1951,Francuska
10709,Sofi,Lav,1965,Rusija
10710,Sulamif,Messerer,1908,Savez Sovjetskih Socijalističkih Republika
10711,Kir,Neizvesnij,1931,Sjedinjene Američke Države
10712,Ivan,Kočnev,1987,Rusija
10713,Jakov,Mirkin,1975,Rusija
10714,Anatolij,Bezuglov,1959,Sjedinjene Američke Države
10715,Kerri,Praj,1979,Nemačka
10716,Aleksandr,Šaganov,1965,Rusija
10717,Alesja,Grib,1967,Rusija
10718,Doktor,Nonna,1958,Sjedinjene Američke Države
10719,Olga,Lavin,1959,Rusija
10720,Ksenija,Pfanenštil,1975,Ujedinjeno Kraljevstvo
10721,Benedikt,Džeka,1961,Francuska
10722,Dmitrij,Kozlov,1974,Rusija
10723,Polina,Vetrova,1972,Rusija
10724,Lina,Gordiševskaja,1957,Francuska
10725,Sergej,Žogol,1957,Italija
10726,Julija,Danceva,1964,Rusija
10727,Kira,Kalinina,1984,Rusija
10728,Andrej,Ščepetov,1967,Rusija
10729,Natalja,Markelova,1988,Francuska
10730,Mihail,Annenkov,1835,Ruska Imperija
10731,Anton,Mironenko,1988,Rusija
10732,Peter,Nojman,1993,Rusija
10733,Denis,Dragunskij,1950,Rusija
10734,Anatolij,Arsenev,1981,Rusija
10735,Ksenija,Isakova,1989,Rusija
10736,Sergej,Aldonin,1976,Italija
10737,Kim,Arnold,1989,Sjedinjene Američke Države
10738,Čester,Starr,1914,Sjedinjene Američke Države
10739,Aleksej,Grišin,1974,Rusija
10740,Žjuli,Andrie,1953,Rusija
10741,Dmitrij,Ostanin,1973,Rusija
10742,Ouen,King,1977,Sjedinjene Američke Države
10743,Mihail,Zavjalov,1754,Rusija
10744,Tori,Halimendis,1959,Japan
10745,Mihail,Ermakov,1919,Savez Sovjetskih Socijalističkih Republika
10746,I.,Rudenko,1975,Rusija
10747,E.,Petruhina,1979,Sjedinjene Američke Države
10748,Sergej,Lopatin,1939,Rusija
10749,Ernesto,Gevara,1928,Kuba
10750,Bettina,Lemke,1994,Italija
10751,A.,Davidov,1994,Ujedinjeno Kraljevstvo
10752,Olga,Orlovskaja,1990,Rusija
10753,Anatolij,Kondrašov,1967,Ujedinjeno Kraljevstvo
10754,Alina,Magnet,1967,Rusija
10755,Džon,Roberts,1968,Ujedinjeno Kraljevstvo
10756,Odd,Uestad,1966,Sjedinjene Američke Države
10757,Jurij,Tomin,1929,Savez Sovjetskih Socijalističkih Republika
10758,Sergej,Ratkevič,1954,Sjedinjene Američke Države
10759,Grej,Grin,1966,Rusija
10760,Oleg,Kudrin,1968,Rusija
10761,Julija,Makarova,1981,Rusija
10762,N.,Kiseleva,1994,Kanada
10763,Ruben,Gini,1973,Srbija
10764,Petr,Gavrilko,1988,Rusija
10765,Marija,Antonova,1951,Bugarska
10766,Sergej,Semerkin,1983,Sjedinjene Američke Države
10767,Pavel,Šeško,1958,Rusija
10768,A.,Brujlo,1965,Sjedinjene Američke Države
10769,Ed,Radžkovič,1962,Rusija
10770,Natalja,Alekseeva,1972,Rusija
10771,Kosta,Hetagurov,1859,Ruska Imperija
10772,Emili,Fridlund,1950,Sjedinjene Američke Države
10773,Gerc,Davidov,1989,Rusija
10774,Firdausa,Hazipova,1954,Rusija
10775,Holli,Šindler,1958,Ujedinjeno Kraljevstvo
10776,Aleksandr,Bogatirev,1978,Rusija
10777,Ivan,Agapov,1964,Rusija
10778,Evgenij,Nosov,1982,Rusija
10779,Aleksej,Hodorič,1983,Sjedinjene Američke Države
10780,Vadim,Petrovskij,2007,Ujedinjeno Kraljevstvo
10781,Džudit,Deloze,1954,Sjedinjene Američke Države
10782,Anna,Filosjan,1982,Rusija
10783,Boris,Ropšin,1873,Poljska
10784,A.,Ievlev,1980,Rusija
10785,Frenk,Abignejl,1948,Sjedinjene Američke Države
10786,Ekaterina,Šeko,1976,Rusija
10787,Mihail,Suharev,1964,Rusija
10788,Artur,Odincov,1989,Nemačka
10789,Kristi,Makkellen,1983,Sjedinjene Američke Države
10790,Tompson,Dejv,1990,Rusija
10791,Denis,Demin,1979,Rusija
10792,Oleg,Matveev,1970,Ukrajina
10793,Sergej,Brilev,1989,Rusija
10794,Bernard,O'Konnor,1973,Srbija
10795,Evgenij,Rudaševskij,1987,Rusija
10796,Aleksandr,Barenberg,1981,Rusija
10797,Aleksandr,Fedorov-Davidov,1859,Rusija
10798,Efim,Čestnjakov,1933,Sjedinjene Američke Države
10799,N.,Ljubavina,1943,Italija
10800,Pavel,Suhotin,1884,Ruska Imperija
10801,Dmitrij,Savickij,1982,Srbija
10802,Aleksej,Volohov,1976,Ujedinjeno Kraljevstvo
10803,Tatjana,Živova,1986,Rusija
10804,Vladimir,Poceluev,1975,Ujedinjeno Kraljevstvo
10805,Roman,Magžanov,1951,Ujedinjeno Kraljevstvo
10806,Mihail,Kozirev,1967,Rusija
10807,Vjačeslav,Kozirev,1958,Italija
10808,Vitalij,Ermolov,1969,Ujedinjeno Kraljevstvo
10809,Aleksej,Mošin,1870,Ruska Imperija
10810,Mihail,Koroljuk,1990,Rusija
10811,Gaston,Čemberlen,1959,Rusija
10812,Džekob,Konner,1956,Rusija
10813,Andrej,Sviridov,1975,Belorusija
10814,Elena,Uralova,1985,Poljska
10815,O.,Dari,1967,Rusija
10816,Han,Gan,1970,Južna Koreja
10817,Inna,Baškirova,1976,Rusija
10818,Julija,Lanske,1976,Rusija
10819,Maksim,Mejster,1977,Sjedinjene Američke Države
10820,Aleksej,Vinogradov,1957,Rusija
10821,Ljudmila,Zadorožnaja,1972,Ujedinjeno Kraljevstvo
10822,Mari,Sojer,1959,Rusija
10823,Ivan,Aksakov,1823,Ruska Imperija
10824,Olga,Afanaseva,1960,Rusija
10825,Dmitrij,Miropolskij,1959,Ujedinjeno Kraljevstvo
10826,Uma,Blant,1993,Sjedinjene Američke Države
10827,Ju,Nesbo,1973,Francuska
10828,Olga,Zabbarova,1974,Rusija
10829,Tatjana,Višneva,1978,Rusija
10830,Kristofer,Braun,1974,Rusija
10831,Anatolij,Šapovalov,1940,Savez Sovjetskih Socijalističkih Republika
10832,Svetlana,Širjaeva,1978,Rusija
10833,Sergej,Lvov,1982,Italija
10834,Anna,Dubinskaja,1963,Rusija
10835,Elena,Južakova,1981,Sjedinjene Američke Države
10836,Viktorija,Djakonova,1949,Sjedinjene Američke Države
10837,Elvira,Suzdalceva,1969,Ujedinjeno Kraljevstvo
10838,Asja,Bikeeva,1931,Nemačka
10839,Olga,Kaverzneva,1984,Rusija
10840,Dmitrij,Novoselov,1970,Nemačka
10841,Marina,Tarabanko,1939,Nemačka
10842,Lidija,Sičeva,1979,Sjedinjene Američke Države
10843,Džon,Miller,1972,Sjedinjene Američke Države
10844,Donald,Ross,1976,Rusija
10845,HelenKej,Dajmon,1986,Italija
10846,Boris,Monosov,1960,Rusija
10847,Marina,Fiorato,1964,Poljska
10848,Vitalij,Gubarev,1928,Rusija
10849,Tutta,Larsen,1974,Rusija
10850,Anatolij,Matvienko,1953,Ukrajina
10851,Ričard,Jonk,1965,Italija
10852,Helen,Kin,1965,Rusija
10853,Irina,Kovalčuk,1989,Ukrajina
10854,Pavel,Sanaev,1969,Rusija
10855,Mihail,Lisov,1961,Rusija
10856,Emili,Bliker,1986,Srbija
10857,Angelina,Mogilevskaja,1985,Rusija
10858,Vadim,Džameev,1990,Francuska
10859,Erik,Bell,1929,Ujedinjeno Kraljevstvo
10860,Delija,Mor,1995,Ujedinjeno Kraljevstvo
10861,Sofija,Meščerskaja,1967,Sjedinjene Američke Države
10862,Vasilij,Vedeneev,1947,Rusija
10863,Aleksej,Komov,1975,Rusija
10864,Džoan,Helifaks,1946,Nemačka
10865,Artur,Donev,1963,Srbija
10866,Sbornik,aforizmov,1983,Rusija
10867,Ljudmila,Kucapkina,1992,Rusija
10868,Paskal,Gilen,1968,Francuska
10869,Gordon,Njufeld,1946,Kanada
10870,Gabor,Mate,1956,Ujedinjeno Kraljevstvo
10871,Mihail,Krut,1991,Kanada
10872,Galina,Zarafjanc,1979,Rusija
10873,Sergej,Saško,1990,Ujedinjeno Kraljevstvo
10874,Melissa,Makklon,1961,Francuska
10875,Dana,Erik,1949,Rusija
10876,Svetlana,Markova,1958,Ujedinjeno Kraljevstvo
10877,Natali,Žukovec,1964,Rusija
10878,Konrad,Mejer,1963,Sjedinjene Američke Države
10879,Dmitrij,Dubenskij,1963,Rusija
10880,Maks,Šur,1934,Rusija
10881,Nikolaj,Bunin,1869,Nemačka
10882,A.,Bočarnikov,1968,Sjedinjene Američke Države
10883,Kristofer,Holt,1979,Rusija
10884,Nadežda,Žukova,1979,Rusija
10885,Aleksandra,Savčenko,1942,Ukrajina
10886,Marija,Plavnik,1968,Ujedinjeno Kraljevstvo
10887,Sergej,Plavnik,1966,Poljska
10888,Ekaterina,Kurušina,1983,Rusija
10889,Polina,Gerasimova,1976,Sjedinjene Američke Države
10890,Igor,Lopatin,1992,Rusija
10891,Mihail,Ždanov,1964,Rusija
10892,Malkolm,Gladuell,1963,Ujedinjeno Kraljevstvo
10893,Ruben,Ter-Abramjan,1931,Ujedinjeno Kraljevstvo
10894,Egor,Ligačev,1992,Rusija
10895,Sergej,Iosič,1947,Srbija
10896,Ervin,Bartman,1985,Italija
10897,Vladimir,Makanin,1942,Japan
10898,Gans,Špejdel,1945,Sjedinjene Američke Države
10899,Evgenija,Gorškova,1963,Rusija
10900,Hloja,Bendžamin,1961,Rusija
10901,Elena,Hiltunen,1962,Rusija
10902,S.,Filin,1956,Rusija
10903,Karlo,Kollodi,1826,Veliko vojvodstvo Toskana
10904,Mik,Džonson,1939,Sjedinjene Američke Države
10905,Alisa-Natalija,Loginova,1982,Rusija
10906,Abutalib,Gafurov,1981,Sjedinjene Američke Države
10907,Vitold,Ribčinskij,1982,Rusija
10908,Darja,Martinova,1947,Rusija
10909,Božena,Kropka,1977,Rusija
10910,Rem,Vord,1959,Sjedinjene Američke Države
10911,Viktor,Tamberg,1960,Sjedinjene Američke Države
10912,Andrej,Badin,1965,Ujedinjeno Kraljevstvo
10913,Fima,Žiganec,1956,Rusija
10914,Bendžamin,Balint,1968,Nemačka
10915,Vadim,Ilin,1953,Nemačka
10916,Jurij,Pašanin,1947,Nemačka
10917,Alena,Romanova,1980,Francuska
10918,Svatopluk,Čeh,1846,Austrougarska
10919,Igor,Afanasev,1953,Ukrajina
10920,Evgenija,Čepenko,1972,Ujedinjeno Kraljevstvo
10921,Žanna,Abueva,1969,Rusija
10922,Šarl de,Koster,1827,Belgija
10923,Darja,Sahno,1974,Rusija
10924,Egor,Polomošnov,1951,Rusija
10925,Denis,Nazarov,1992,Ujedinjeno Kraljevstvo
10926,Pavel,Troickij,1964,Rusija
10927,Elina,Kalmanovič,1974,Sjedinjene Američke Države
10928,Aljona,Šamraj,1986,Sjedinjene Američke Države
10929,Nikolaj,Lučkov,1972,Srbija
10930,Valerij,Večkanov,1968,Italija
10931,Sara,Allen,1983,Sjedinjene Američke Države
10932,Mihail,Margolis,1970,Rusija
10933,Van,Lin,1975,Sjedinjene Američke Države
10934,Lev,Krugljak,1955,Ujedinjeno Kraljevstvo
10935,Artjom,Alekseev,1962,Rusija
10936,Evgenij,Šepelskij,1964,Nemačka
10937,Vjačeslav,Egorov,1938,Savez Sovjetskih Socijalističkih Republika
10938,Mark,Frost,1962,Ujedinjeno Kraljevstvo
10939,Sergej,Jurčenko,1967,Rusija
10940,Nina,Eperina,1985,Ujedinjeno Kraljevstvo
10941,Marija,Soroka,1951,Rusija
10942,Maks,Nariškin,1979,Sjedinjene Američke Države
10943,Solomon,Nortap,1808,Sjedinjene Američke Države
10944,Vera,Poliščuk,1968,Srbija
10945,Karin,Žibel,1970,Rusija
10946,Piter,Brett,1967,Rusija
10947,Oleg,Belous,1969,Rusija
10948,Isa,Bagirov,1982,Japan
10949,Roman,Sirenko,1971,Rusija
10950,Viktorija,Uolters,1981,Srbija
10951,Aleksandr,Kurnikov,1942,Rusija
10952,Elena,Koževa,1953,Rusija
10953,Kolin,Guver,1974,Sjedinjene Američke Države
10954,Alla,Kuprejčenko,1958,Rusija
10955,Franko,Berardi,1976,Ujedinjeno Kraljevstvo
10956,Elena,Rjabčenko,1978,Poljska
10957,Nikolaj,Zabolockij,1903,Savez Sovjetskih Socijalističkih Republika
10958,Irina,Komarova,1933,Rusija
10959,Vasil,Judov,1953,Ujedinjeno Kraljevstvo
10960,Lіlіja,Nіkolaєnko,1938,Kanada
10961,Elena,Strebeleva,1978,Ujedinjeno Kraljevstvo
10962,Inna,Domašnjaja,1990,Srbija
10963,Tereza,Romejn,1963,Kanada
10964,Aleksandr,Lisjov,1977,Rusija
10965,Vasilij,Sevrjuk,1991,Rusija
10966,Sebastjan,Konrad,1971,Poljska
10967,Galija,Smailova,1971,Ujedinjeno Kraljevstvo
10968,Olga,Varennja,1937,Rusija
10969,Konstantin,Mzareulov,1954,Savez Sovjetskih Socijalističkih Republika
10970,Kirill,Vasilev,1982,Sjedinjene Američke Države
10971,L.,Belova,1988,Rusija
10972,Tatjana,Smirnova,1963,Sjedinjene Američke Države
10973,Aleksandr,Kljušin,1975,Ujedinjeno Kraljevstvo
10974,Jana,Kataeva,1975,Ujedinjeno Kraljevstvo
10975,Tatjana,Gurkalo,1980,Rusija
10976,Tim,Fillips,1964,Rusija
10977,Triš,Kuk,1980,Nemačka
10978,Tatjana,Larina,1969,Rusija
10979,Dmitrij,Beketov,1939,Ujedinjeno Kraljevstvo
10980,Janny,Ostin,1951,Nemačka
10981,Margaret,Tetčer,1925,Ujedinjeno Kraljevstvo
10982,Ronald,Rejgan,1911,Sjedinjene Američke Države
10983,Filipp,Vandenberg,1941,Nemačka
10984,Pavel,Matisov,1964,Poljska
10985,Nadežda,Eršova,1989,Rusija
10986,Tatjana,Nilsen,1971,Sjedinjene Američke Države
10987,Viktor,Kolesnikov,1946,Rusija
10988,Marina,Targakova,1987,Kanada
10989,Ljusi Mod,Montgomeri,1874,Kanada
10990,Valerij,Mokienko,1988,Srbija
10991,Konstantin,Sidorenko,1985,Francuska
10992,Vladimir,Skljar,1991,Italija
10993,Aleksandr,Školnikov,1974,Ujedinjeno Kraljevstvo
10994,O.,Trefilova,1993,Rusija
10995,Aleksandr,More,1868,Francuska
10996,Tatjana,Berdnikova,1984,Rusija
10997,Svetlana,Čojžinimaeva,1975,Sjedinjene Američke Države
10998,Norm,Felps,1955,Rusija
10999,Tatjana,Novoselova,1972,Rusija
11000,Igor,Novoselov,1994,Rusija
11001,Pavel,Grimsbi,1933,Nemačka
11002,Jurij,Sotnik,1958,Rusija
11003,Anatol,Liven,1960,Ujedinjeno Kraljevstvo
11004,Igor,Karpov,1957,Belorusija
11005,Din,Bernett,1991,Rusija
11006,Natalja,Tihonova,1990,Ukrajina
11007,Vitalij,Kovalev,1960,Italija
11008,Anna,Green,1993,Sjedinjene Američke Države
11009,Anastasija,Večerina,1987,Nemačka
11010,Ksenija,Ladonežskaja,1961,Rusija
11011,Anatolij,Šejpak,1967,Rusija
11012,Saša,Čekalov,1965,Kanada
11013,Vladimir,Butromeev,1981,Kanada
11014,Tatjana,Bokova,1982,Sjedinjene Američke Države
11015,Vladimir,Ptašinskij,1976,Rusija
11016,Arina,Holina,1952,Ujedinjeno Kraljevstvo
11017,Akajo,Simidzu,1959,Kanada
11018,Elen,Beze,1978,Srbija
11019,Mari,Foše,1959,Poljska
11020,Fedor,Kapica,1969,Rusija
11021,Vladimir,Grigorev,1955,Sjedinjene Američke Države
11022,Ekaterina,Novikova,1958,Ujedinjeno Kraljevstvo
11023,G.,Dolgova,1980,Rusija
11024,Anastasija,Gorbatova,1975,Rusija
11025,Aleks,Bernhard,1973,Rusija
11026,Irina,Uljanina,1979,Rusija
11027,Aleksandr,Mirošnik,1950,Sjedinjene Američke Države
11028,Katerina,Kovaleva,1986,Rusija
11029,Nina,Soldatkina,1973,Rusija
11030,Andrej,Emdin,1985,Nemačka
11031,Džin,Željazni,1950,Nemačka
11032,Džeff,Grabb,1957,Sjedinjene Američke Države
11033,Mihail,Ševeljov,1970,Francuska
11034,Aleksandra,Houkinz,1978,Srbija
11035,Tatjana,Aržaeva,1987,Rusija
11036,Susan,Jones,1981,Ujedinjeno Kraljevstvo
11037,shiigumen Savva,(Ostapenko),1967,Rusija
11038,Aleksandr,Ivickij,1974,Ujedinjeno Kraljevstvo
11039,Polina,Maticina,1981,Rusija
11040,Valentina,Lagutkina,1977,Sjedinjene Američke Države
11041,Oleg,Carev,1940,Rusija
11042,Džon,Kostello,1944,Sjedinjene Američke Države
11043,Igor,Žukovskij,1930,Ujedinjeno Kraljevstvo
11044,Anetta,Politova,1979,Japan
11045,Bekki,Rapinčuk,1983,Srbija
11046,Fomaida,Kiziridu,1956,Rusija
11047,Egor,Kuzmin,1954,Rusija
11048,Aleksandr,Korčak,1971,Sjedinjene Američke Države
11049,Abulfazl,Hošmaneš,1940,Rusija
11050,Igor,Pereverzev,1956,Rusija
11051,Mihail,Grand,1987,Rusija
11052,Igor,Vostrjakov,1962,Francuska
11053,Vjačeslav,Kamedin,1975,Sjedinjene Američke Države
11054,Ivan,Lukaš,1892,Ruska Imperija
11055,Ara,Bagdasarjan,1962,Rusija
11056,Barbara,Uolles,1962,Srbija
11057,Denis,Čereuho,1962,Sjedinjene Američke Države
11058,Ksenija,Klimenko,1972,Francuska
11059,Natali,Andreeva,1981,Rusija
11060,Gevin,Frensis,1986,Nemačka
11061,O.,Dolganova,1993,Rusija
11062,E.,Šarohina,1953,Sjedinjene Američke Države
11063,O.,Petrova,1970,Italija
11064,Aleksandr,Nemirov,1973,Sjedinjene Američke Države
11065,Olga,Skačkova,1921,Ukrajina
11066,Frensis,Broudi,1967,Francuska
11067,Nataša,Vlaščenko,1992,Rusija
11068,Aleks,Koller,1966,Sjedinjene Američke Države
11069,Elena,Bakanova,1985,Rusija
11070,Oleg,Zaharov,1977,Sjedinjene Američke Države
11071,Din,Delis,1937,Francuska
11072,Kassandra,Fillips,1957,Sjedinjene Američke Države
11073,Igor,Jasnov,1977,Rusija
11074,Martin,Manzer,1987,Sjedinjene Američke Države
11075,Sergej,Hodosevič,1994,Rusija
11076,Marina,Listok,1950,Poljska
11077,Anja,Timofeeva,1966,Ujedinjeno Kraljevstvo
11078,Tatjana,Šerstnjova,1988,Rusija
11079,Olga,Baboškina,1935,Rusija
11080,Natalja,Kolmogorova,1933,Rusija
11081,Elena,Panarina,1975,Sjedinjene Američke Države
11082,Elena,Aniščenko,1975,Ukrajina
11083,Aleksandr,Nesterov,1990,Rusija
11084,Irina,Jusupova,1915,Rusija
11085,Polina,Morfeeva,1971,Nemačka
11086,Jurij,Maksimov,1968,Ukrajina
11087,Marine,Voskanjan,1979,Sjedinjene Američke Države
11088,Andrej,Kobjakov,1974,Rusija
11089,Debora,Maknamara,1993,Srbija
11090,Demjan,Bahrah,1957,Ujedinjeno Kraljevstvo
11091,Džulija,Hiberlin,1977,Kanada
11092,Stiven,Krajz,1991,Italija
11093,Daniella,Laport,1964,Rusija
11094,Olga,Zagajnova,1961,Sjedinjene Američke Države
11095,Evgenija,Beresneva,1961,Rusija
11096,Vsevolod,Lepešov,1941,Nemačka
11097,Vladimir,Kukk,1958,Rusija
11098,Maksim,Efimov,1974,Ukrajina
11099,Marlis,Štajner,1936,Japan
11100,Ekhart,Tolle,1948,Kanada
11101,Svjatoslav,Ščerbinin,1991,Rusija
11102,Džon,Merfi,1985,Nemačka
11103,Dennis,Lengli,1978,Sjedinjene Američke Države
11104,Vadim,Palonin,1949,Rusija
11105,Valeri,Frost,1987,Rusija
11106,Mimi,Spenser,1984,Rusija
11107,Majkl,Mosli,1978,Sjedinjene Američke Države
11108,Ketrin,Arden,1985,Nemačka
11109,Marija,Osorina,1960,Nemačka
11110,Svami,Brahmačari,1983,Sjedinjene Američke Države
11111,Pol-Lu,Sulicer,1946,Francuska
11112,Sergej,Žuravlev,1982,Sjedinjene Američke Države
11113,Andrej,Seljuhov,1968,Rusija
11114,Nikolaj,Gejnce,1852,Ruska Imperija
11115,Vladimir,Lakšin,1968,Sjedinjene Američke Države
11116,Sergej,Vorobjov,1995,Letonija
11117,Anri,Žjul-Bua,1868,Francuska
11118,Irina,Samulevič,1974,Francuska
11119,Aleksandr,Černov,1964,Rusija
11120,Elena,Sažina,1978,Rusija
11121,Nadežda,Lissova,1968,Rusija
11122,Darja Sogrina –,Druk,1972,Francuska
11123,Gennadij,Verin,1990,Nemačka
11124,Viktor,Vlasov,1934,Savez Sovjetskih Socijalističkih Republika
11125,Fedor,Vihrev,1972,Nemačka
11126,Filipp,Džian,1949,Francuska
11127,Gillian,Flinn,1971,Sjedinjene Američke Države
11128,Aleksandr,Vladimirov,1862,Savez Sovjetskih Socijalističkih Republika
11129,Igor,Lukomorin,1989,Rusija
11130,Dmitrij,Veriščagin,1956,Sjedinjene Američke Države
11131,Sajmon,Kričli,1976,Rusija
11132,Dmitrij,Izotov,1953,Ujedinjeno Kraljevstvo
11133,Roman,Pugačenko,1978,Ujedinjeno Kraljevstvo
11134,Elena,Šuvaeva,1962,Ujedinjeno Kraljevstvo
11135,Pavel,Brand,1967,Sjedinjene Američke Države
11136,Anna,Timofeeva,1987,Ujedinjeno Kraljevstvo
11137,Liza,Rogak,1988,Francuska
11138,Džen,Lou,1966,Rusija
11139,Natalja,Sidorova,1948,Srbija
11140,Lestr,Varn,1976,Rusija
11141,Maks,Bajkalov,1974,Ujedinjeno Kraljevstvo
11142,Tom,Pollok,1943,Sjedinjene Američke Države
11143,Dosžan,Tabildi,1972,Ujedinjeno Kraljevstvo
11144,Leonid,Tkačenko,1966,Srbija
11145,Anton,Romanov,1990,Rusija
11146,Julija,Seljutina,1973,Italija
11147,Lilija,Zagrebina,1951,Ujedinjeno Kraljevstvo
11148,Liza,Gromova,1977,Ujedinjeno Kraljevstvo
11149,Takasi,Cukijama,1950,Japan
11150,Rustem,Bulatov,1992,Rusija
11151,Sabir,Osmanov,1973,Rusija
11152,Valentina,Gorčakova,1986,Francuska
11153,Eduard,Šjure,1841,Francuska
11154,Maj,Šjovall,1935,Švedska
11155,Aleksandr,Gubin,1982,Sjedinjene Američke Države
11156,Anri,Piren,1980,Francuska
11157,Elena,Eliseeva,1977,Italija
11158,Darja,Golovanova,1953,Rusija
11159,E.,Ščerbaeva,1986,Francuska
11160,Ivan,Vasilenko,1894,Savez Sovjetskih Socijalističkih Republika
11161,Olga,Verbickaja,1934,Letonija
11162,Andrej,Pisarcov,1960,Srbija
11163,Ozoda,Turmuhamedova,1992,Ujedinjeno Kraljevstvo
11164,Svetlana,Doronina,1935,Ujedinjeno Kraljevstvo
11165,Vitalij,Korolev,1941,Rusija
11166,Sergej,Kutja,1934,Rusija
11167,Tatjana,Sataeva,1935,Poljska
11168,Meri,Pirson,1958,Sjedinjene Američke Države
11169,Svetlana,Varlamova,1947,Ujedinjeno Kraljevstvo
11170,Amy,Marlowe,1936,Rusija
11171,Vladimir,Košaev,1978,Rusija
11172,Valerij,Bardaš,1969,Rusija
11173,Razija,Oganezova,1979,Rusija
11174,Ksenija,Dolgih,1995,Nemačka
11175,Evgenij,Bujanov,1978,Rusija
11176,Boris,Slobcov,1974,Kanada
11177,Afrikan,Bogaevskij,1873,Ruska Imperija
11178,Lena,Slavina,1976,Srbija
11179,Edit,Beer,1914,Austrija
11180,Sjuzan,Dvorkin,1960,Rusija
11181,Olesja,Sergeeva,1968,Srbija
11182,Tamara,Said-Battalova,1991,Ujedinjeno Kraljevstvo
11183,Eži,Tumanovskij,1961,Ujedinjeno Kraljevstvo
11184,Andrej,Ameljanovič,1961,Nemačka
11185,Aleksej A.,Šepeljov,1937,Ujedinjeno Kraljevstvo
11186,Aleksandr,Malaškin,1945,Nemačka
11187,Lord,Kinross,1969,Italija
11188,Avraam,Tverskij,1943,Sjedinjene Američke Države
11189,Svetlana,Klimkevič,1956,Sjedinjene Američke Države
11190,Anastasija,Kobjakova,1983,Nemačka
11191,Natalja,Žurkina,1935,Ujedinjeno Kraljevstvo
11192,Tatjana,Belousova,1979,Italija
11193,Ellendeja,Tisli,1963,Rusija
11194,Mihail,Rotter,1967,Sjedinjene Američke Države
11195,Fen,I,1979,Ujedinjeno Kraljevstvo
11196,Anna,Baskakova,1975,Rusija
11197,Jurij,Trofimov,1984,Rusija
11198,Marina,Žižina,1955,Nemačka
11199,Elena,Mališeva,1961,Rusija
11200,Stanislav,Niksman,1983,Sjedinjene Američke Države
11201,Aleksis,Ving,1995,Rusija
11202,B. E.,Peris,1961,Francuska
11203,Čarlz,Bokser,1917,Rusija
11204,Donald,Rejfild,1942,Ujedinjeno Kraljevstvo
11205,Zinaida,Gromova,1972,Sjedinjene Američke Države
11206,Aleksej,Gromov,1969,Sjedinjene Američke Države
11207,Ljudmila,Getmančuk,1966,Rusija
11208,Džek,Mars,1978,Rusija
11209,Evgenij,Klevcov,1929,Rusija
11210,Elena,Antonenko,1993,Rusija
11211,Oksana,Lavrenteva,1978,Rusija
11212,Brajan,Toluell,1958,Sjedinjene Američke Države
11213,Olga,Lozina,1988,Rusija
11214,Aleksej,Mišagin-Skridlov,1971,Rusija
11215,Andrej,Žuravljov,1974,Sjedinjene Američke Države
11216,Ivan,Plahov,1981,Ujedinjeno Kraljevstvo
11217,Sergej,Motorin,1964,Rusija
11218,Vladimir,Beljakov,1987,Francuska
11219,Vladimir,Rižkov,1966,Rusija
11220,Anastasija,Olševskaja,1988,Francuska
11221,Vladimir,Sergeev,1926,Rusija
11222,Vladimir,Spivak,1957,Rusija
11223,V.,Sidorov,1992,Sjedinjene Američke Države
11224,A.,Sotnikov,1966,Ujedinjeno Kraljevstvo
11225,Andrej,Gogolev,1962,Rusija
11226,Viktor,Vitkovič,1909,Sjedinjene Američke Države
11227,Salli,Kristi,1983,Sjedinjene Američke Države
11228,Georgij,Naumenko,1962,Sjedinjene Američke Države
11229,Alla,Solovjova,1961,Rusija
11230,Sergej,Malozjomov,1979,Rusija
11231,Nikolaj,Kitaev,1951,Ujedinjeno Kraljevstvo
11232,Renard,Fierci,1962,Rusija
11233,Igor,Gradov,1986,Rusija
11234,Ivan,Černih,1970,Rusija
11235,Vasilij,Pankratov,1982,Kanada
11236,Rej,Kurcvejl,1975,Rusija
11237,Vilem,Fljusser,1920,Brazil
11238,Majk,Bellafiore,1971,Francuska
11239,Andrej,Utanik,1983,Rusija
11240,Anna,Marianis,1986,Rusija
11241,Viktorija,Gornina,1957,Francuska
11242,Sergej,Lenin,1975,Rusija
11243,Tom,Šon,1992,Rusija
11244,Ljuis,Keroll,1992,Rusija
11245,Stella,Gibbons,1902,Ujedinjeno Kraljevstvo
11246,Olga,Obskaja,1988,Rusija
11247,Vitalij,Baranov,1964,Sjedinjene Američke Države
11248,Helga,Graff,1971,Sjedinjene Američke Države
11249,Vlad,Voronov,1983,Rusija
11250,Anna,Aleksandrova,1995,Nemačka
11251,Jana,Rozova,1967,Sjedinjene Američke Države
11252,Renat,Asejnov,1986,Rusija
11253,Olga,Vlasova,1950,Rusija
11254,Jurij,Sorokin,1980,Rusija
11255,Aleksandr,Ablesimov,1742,Ruska Imperija
11256,Vladimir,Vičugžanin,1987,Sjedinjene Američke Države
11257,Triša,Klesen,1972,Nemačka
11258,Mihail,Krečmar,1953,Rusija
11259,Viktor,Sigolaev,1992,Rusija
11260,Ljusi,Hoking,1970,Ujedinjeno Kraljevstvo
11261,Kamilla,Lorans,1972,Rusija
11262,Vitalij,Ševčenko,1966,Rusija
11263,Ursula,Džejms,1961,Sjedinjene Američke Države
11264,Roksana,Bondarevskaja,1961,Ujedinjeno Kraljevstvo
11265,Alibek,Smadijar,1975,Rusija
11266,Ilja,Pirogov,1987,Rusija
11267,Bert,Anderson,1972,Sjedinjene Američke Države
11268,Adrien,Burgon,1785,Francuska
11269,Sven,Smit,1986,Sjedinjene Američke Države
11270,Aleksandr,Ivanov,1957,Rusija
11271,Ember,Dast,1982,Italija
11272,Filip,Šaff,1819,Sjedinjene Američke Države
11273,Meri,Kubika,1975,Nemačka
11274,Nikol,Galanina,1948,Rusija
11275,Elison,Roberts,1961,Rusija
11276,Rіčard,Metіson,1960,Nemačka
11277,Čarlz,Ledbiter,1854,Ujedinjeno Kraljevstvo
11278,Jurij,Siloč,1966,Rusija
11279,Daniil,Strogov,1966,Ujedinjeno Kraljevstvo
11280,Aleksandr,Covma,1953,Nemačka
11281,Lora,Šroff,1986,Rusija
11282,Emma,Najt,1975,Ujedinjeno Kraljevstvo
11283,Julija,Kuzmina,1970,Sjedinjene Američke Države
11284,Tatjana,Makeeva,1976,Belorusija
11285,Ros,Per,1989,Nemačka
11286,Adriana,Aleks,1974,Sjedinjene Američke Države
11287,Roman,Zaharov,1960,Rusija
11288,Ekaterina,Šulman,1978,Rusija
11289,Elberd,Gagloev,1959,Ujedinjeno Kraljevstvo
11290,Igor,Kabarete,1992,Sjedinjene Američke Države
11291,Vladimir,Bajkov,1943,Sjedinjene Američke Države
11292,Konstantin,Ivanovskij,1971,Sjedinjene Američke Države
11293,Marina,Savvinih,1981,Rusija
11294,Ši,Sinin,1972,Rusija
11295,Sergej,Rahmaninov,1873,Sjedinjene Američke Države
11296,Papa,Ramdas,1943,Kanada
11297,Džennifer,Braun,1972,Sjedinjene Američke Države
11298,Andrey,Kolyasnikov,1970,Sjedinjene Američke Države
11299,Ekaterina,Avdeeva,1788,Ruska Imperija
11300,Aleksandra,Egurnova,1969,Srbija
11301,Džanet,Norton,1942,Ujedinjeno Kraljevstvo
11302,Frimen,Krofts,1879,Republika Irska
11303,Irina,Lobusova,1976,Sjedinjene Američke Države
11304,Svetlana,Najceva,1971,Rusija
11305,Elena,Bikovskaja,1965,Rusija
11306,Aida,Trošina,1962,Rusija
11307,Muslim,Magomaev,1942,Rusija
11308,Georgij,Nečitajlo,1946,Rusija
11309,Sergej,Makeev,1963,Sjedinjene Američke Države
11310,Ivan,Hvostenko,1995,Nemačka
11311,Džon Devison,Rokfeller,1989,Sjedinjene Američke Države
11312,Bill,Brajson,1951,Sjedinjene Američke Države
11313,Kolin,Makkalou,1937,Australija
11314,Vladimir,Litvinov,1941,Belorusija
11315,Efim,Beršadskij,1962,Rusija
11316,Sara,Perri,1979,Ujedinjeno Kraljevstvo
11317,Valerij,Kononov,1981,Rusija
11318,Lera,Praga,1972,Italija
11319,Svetlana,Haritonova,1932,Rusija
11320,Natalja,Guskova,1966,Ujedinjeno Kraljevstvo
11321,Muza,Solodejnikova,1966,Italija
11322,Ismail,Gasanbejli,1978,Italija
11323,Olga,Voskresenskaja,1958,Srbija
11324,Fransua,Gizo,1787,Francuska
11325,Ivan,Lažečnikov,1792,Ruska Imperija
11326,Aleksej,Ručij,1987,Ujedinjeno Kraljevstvo
11327,Anna,Ink,1936,Rusija
11328,Marta,Sirs,1973,Rusija
11329,Uiljam,Sirs,1939,Sjedinjene Američke Države
11330,Artjom,Morozov,1983,Rusija
11331,Natalja,Perelovič,1989,Italija
11332,Elena,Timošina,1984,Srbija
11333,Andrej,Poljakov,1955,Sjedinjene Američke Države
11334,Igor,Caler,1954,Rusija
11335,Saša,Kim,1967,Rusija
11336,Aleksandr,Bondarenko,1979,Rusija
11337,Nikolaj,Efimov,1961,Ruska Imperija
11338,Džerri,Toner,1970,Rusija
11339,Mark,Falks,1983,Nemačka
11340,Aleksej,Voronov,1977,Rusija
11341,Erik,Emkin,1940,Rusija
11342,Tatjana,Bruks,1958,Ujedinjeno Kraljevstvo
11343,Armine,Pogosjan,1967,Rusija
11344,Žamila,Leonteva,1953,Ujedinjeno Kraljevstvo
11345,Alla,Kuznecova,1953,Rusija
11346,Roman,Dolja,1961,Rusija
11347,Isaak,Dojčer,1907,Poljska
11348,Toni,Kliff,1917,Ujedinjeno Kraljevstvo
11349,Piko,Ajer,1957,Ujedinjeno Kraljevstvo
11350,Daniil,Spivakovskij,1969,Rusija
11351,Andrej,Merzlikin,1973,Rusija
11352,Ilja,Ljubimov,1977,Rusija
11353,Nikolaj,Valuev,1973,Rusija
11354,Andre,Ruje,1948,Francuska
11355,Gen,Tarasov,1961,Rusija
11356,Venedikt,Erofeev,1912,Rusija
11357,Darja,Berjozko,1976,Rusija
11358,Olli,Vinget,1980,Rusija
11359,Evgenij,Barancevič,1965,Ujedinjeno Kraljevstvo
11360,Žorži,Amadu,1912,Brazil
11361,Anna,Berezovskaja,1974,Državna zajednica Poljske i Litvanije
11362,Aleksej,Nalepin,1970,Nemačka
11363,Igor,Rjabov,1942,Ujedinjeno Kraljevstvo
11364,Tatjana,Kolčerina,1992,Ujedinjeno Kraljevstvo
11365,Maksim,Horišev,1982,Srbija
11366,Jurij,Blagov,1937,Rusija
11367,Aleksandr,Stroganov,1984,Rusija
11368,Vladimir,Gubarev,1984,Poljska
11369,Kris,Manbi,1946,Rusija
11370,Viktor,Bondarčuk,1950,Rusija
11371,Andrej,Negin,1965,Rusija
11372,Zoja,Eliseeva,1989,Sjedinjene Američke Države
11373,Petr,Podgorodeckij,1991,Rusija
11374,Irina,Kajles,1969,Sjedinjene Američke Države
11375,Maksim,Gurinov,1932,Sjedinjene Američke Države
11376,Lorrejn,Daston,1951,Sjedinjene Američke Države
11377,Piter,Galison,1955,Sjedinjene Američke Države
11378,Bob,Bodenhamer,1971,Rusija
11379,L. Majkl,Holl,1972,Italija
11380,Lija,Ašton,1968,Rusija
11381,Vladimir,Čurinov,1969,Nemačka
11382,Evgenij,Lazarev,1963,Rusija
11383,Viktorija,Skljar,1966,Sjedinjene Američke Države
11384,Viktorija,Bliževskaja,1979,Nemačka
11385,Oleg,Kuznecov,1970,Italija
11386,Vladimir,Lebedev,1971,Italija
11387,ŠaMaŠ,BraMiN,1986,Rusija
11388,Feliks,Krivin,1962,Sjedinjene Američke Države
11389,Aleksandr,Nevskij,1971,Sjedinjene Američke Države
11390,Foma,Kempijskij,1379,Sjedinjene Američke Države
11391,Kira,Kaulic,1988,Rusija
11392,Aleks,Roulings,1978,Rusija
11393,Dmitrij,Berdišev,1962,Kanada
11394,Džošua,Praver,1976,Italija
11395,Rudolf,Hačaturov,1970,Rusija
11396,Marina,Šalagina,1932,Ujedinjeno Kraljevstvo
11397,Stallka,Smolls,1989,Sjedinjene Američke Države
11398,Džejn,Fonda,1937,Sjedinjene Američke Države
11399,Ekaterina,Levčenko,1959,Sjedinjene Američke Države
11400,Kemeron,Dias,1977,Srbija
11401,Sandra,Bark,1986,Ujedinjeno Kraljevstvo
11402,Aleksej,Osipov,1971,Rusija
11403,Gleb,Šulpjakov,1986,Poljska
11404,Igor,Karde,1975,Nemačka
11405,Marina,Levanova,1965,Rusija
11406,Margarita,Serron,1969,Rusija
11407,Marina,Krumina,1981,Rusija
11408,Mitrofan,Vistovskij,1978,Rusija
11409,Silantij,Sever,1987,Rusija
11410,Maša,Martirosjan,1988,Sjedinjene Američke Države
11411,Entoni,Dorr,1973,Sjedinjene Američke Države
11412,Berni,Klark,1963,Sjedinjene Američke Države
11413,Aljona,Novak,1965,Nemačka
11414,Ivan,Zorin,1959,Rusija
11415,Anna,Vemmer,1983,Nemačka
11416,Maksim,Dinin,1966,Sjedinjene Američke Države
11417,Melissa,Albert,1962,Sjedinjene Američke Države
11418,Aleksej,Štejn,1995,Italija
11419,Sergej,Koroljov,1989,Nemačka
11420,Vadim,Volkov,1965,Rusija
11421,Roman,Davidov,1913,Savez Sovjetskih Socijalističkih Republika
11422,Emma,Lajvli,1986,Francuska
11423,Luiza,Džensen,1967,Rusija
11424,Oksana,Severnaja,1970,Francuska
11425,Nestor,Kukolnik,1809,Ruska Imperija
11426,Evgenij,Čertovskih,1953,Sjedinjene Američke Države
11427,Irina,Tarasova,1939,Rusija
11428,Jurij,Studenikin,1947,Sjedinjene Američke Države
11429,Džordž,Manro,1967,Italija
11430,Maksim,Slavinskij,1883,Rusija
11431,Lilija,Gejst,1983,Rusija
11432,Majkl,Smit,1960,Srbija
11433,Ekaterina,Maksimova,1975,Rusija
11434,Anna,Čulkova,1934,Rusija
11435,Maksim,Zavražnih,1970,Sjedinjene Američke Države
11436,Mihail,Surov,1993,Rusija
11437,Konstantin,Bunin,1912,Savez Sovjetskih Socijalističkih Republika
11438,Viktor,Merežko,1937,Rusija
11439,Tatjana,Makurova,1971,Rusija
11440,Alena,Rudnickaja,1969,Italija
11441,Vera,Mosova,1950,Kanada
11442,Erik,Vallen,1979,Italija
11443,Mikola,Gogol,1970,Rusija
11444,Kristi,Golden,1963,Sjedinjene Američke Države
11445,Polina,Melnik,1985,Sjedinjene Američke Države
11446,Nikita,Žukov,1995,Ukrajina
11447,Majja,Sanevskaja,1992,Rusija
11448,Tatjana,Lang,1994,Francuska
11449,Kristina,Harvi,1970,Rusija
11450,Aleksandr,Lekomcev,1975,Francuska
11451,Albert,Krajnjukov,1953,Sjedinjene Američke Države
11452,Kapitan,Mnemo,1970,Ujedinjeno Kraljevstvo
11453,Sergej,Diborskij,1965,Sjedinjene Američke Države
11454,Evelina,Smirnova,1954,Ujedinjeno Kraljevstvo
11455,Kristin,Uoker,1963,Rusija
11456,Stiven,Moffat,1961,Ujedinjeno Kraljevstvo
11457,Džennifer,Donnelli,1964,Italija
11458,Svetlana,Pilčena,1969,Ujedinjeno Kraljevstvo
11459,Anžela,Lukina,1974,Nemačka
11460,Lev,Voževatov,1977,Ujedinjeno Kraljevstvo
11461,Olga,Pahomova,1970,Rusija
11462,Vladimir,Zobern,1995,Italija
11463,Klavdija,Lukaševič,1852,Ujedinjeno Kraljevstvo
11464,Sergej,Mazurkevič,1964,Srbija
11465,Igor,Filatov,1932,Sjedinjene Američke Države
11466,Andrej,Šilov,1959,Ujedinjeno Kraljevstvo
11467,Aleksandr,Slesarev,1967,Rusija
11468,Harriet,Lerner,1984,Rusija
11469,Aki,Ueda,1990,Kanada
11470,Igor,Vozgrin,1970,Rusija
11471,Ljudmila,Salnikova,1975,Italija
11472,Oliver,Burkeman,1975,Ujedinjeno Kraljevstvo
11473,Vladimir,Kernerman,1941,Rusija
11474,Elena,Grib,1968,Sjedinjene Američke Države
11475,Mihail,Bredis,1987,Rusija
11476,Irina,Krilova,1962,Rusija
11477,Devid,Vudvord,1931,Rusija
11478,Mihail,Rodionov,1915,Savez Sovjetskih Socijalističkih Republika
11479,Viktor,Ledenev,1931,Rusija
11480,Zaur,Zugumov,1947,Rusija
11481,Vladimir,Teljatnikov,1969,Nemačka
11482,Marta,Obolenskaja,1978,Rusija
11483,Elena,Svitko,1986,Rusija
11484,Aleksandr,Kvačenjuk-Boreckij,1979,Ujedinjeno Kraljevstvo
11485,Džon,Kutzee,1940,Južnoafrička Republika
11486,K.,Ioutsen,1989,Rusija
11487,Svetlana,Borisova,1982,Rusija
11488,Mattias,Navrat,1975,Sjedinjene Američke Države
11489,Mihail,Šiškin,1961,Švajcarska
11490,Jurij,Krivencev,1970,Rusija
11491,Elena,Morozova,1973,Ujedinjeno Kraljevstvo
11492,Natalja,Šejko,1983,Rusija
11493,Jaroslav,Piterskij,1971,Rusija
11494,Hose,Silva,1914,Sjedinjene Američke Države
11495,Ed,Bernd,1982,Rusija
11496,Anna,Mar,1887,Ruska Imperija
11497,Aleksandr,Baurov,1975,Sjedinjene Američke Države
11498,Ivan,Židkov,1977,Ujedinjeno Kraljevstvo
11499,Milla,Genrih,1936,Kanada
11500,Sergej,Sljusarenko,1988,Sjedinjene Američke Države
11501,Elvira,Krasnova,1982,Rusija
11502,Veronika,Tkačjova,1952,Rusija
11503,Irina,Soloduhina,1979,Rusija
11504,K. Robert,Kargill,1975,Sjedinjene Američke Države
11505,Pavel,Mihnenko,1976,Sjedinjene Američke Države
11506,Aleksandr,Drondin,1972,Ujedinjeno Kraljevstvo
11507,Andrej,Vegera,1965,Rusija
11508,Veniamin,Jakovlev,1932,Rusija
11509,Anna,Ivahnenko,1943,Nemačka
11510,Ilja,Barabanov,1985,Rusija
11511,Kleopatra,Kolontaj,1962,Rusija
11512,Aleksandr,Aleksandrov,1959,Ujedinjeno Kraljevstvo
11513,Džerri,Butler,1962,Rusija
11514,Inna,Kopičnikova,1994,Nemačka
11515,Dmitrij,Šidlovskij,1787,Rusija
11516,Natalja,Če,1995,Italija
11517,Marija,Visockaja,1993,Ujedinjeno Kraljevstvo
11518,N.,Pavlova,1960,Rusija
11519,Julius,Vellhauzen,1982,Ujedinjeno Kraljevstvo
11520,Paolo,Sorrentino,1970,Italija
11521,Grigorij,Krilov,1977,Ujedinjeno Kraljevstvo
11522,Arsenij,Zamostjanov,1983,Sjedinjene Američke Države
11523,Guru,Madhavan,1958,Rusija
11524,Vladislav,Petrov,1950,Rusija
11525,Sju,Stokdejl,1980,Rusija
11526,Klajv,Stiper,1980,Poljska
11527,Aleksandr,Sosnovskij,1980,Rusija
11528,Evgenij,Kunin,1956,Sjedinjene Američke Države
11529,Ardžuna,Ardah,1983,Rusija
11530,Mihail,Barklaj-de-Tolli,1761,Ruska Imperija
11531,Ekaterina,Velikina,1965,Sjedinjene Američke Države
11532,Darja,Docuk,1977,Rusija
11533,Lora,Persell,1965,Srbija
11534,Aleksandr,Mahnjov,1953,Rusija
11535,Džulianna,Maklin,1967,Rusija
11536,Dejl,Bredesen,1981,Ujedinjeno Kraljevstvo
11537,Anton,Kačur,1961,Rusija
11538,Edvard,Hellovell,1979,Rusija
11539,Filip Džordž,Zimbardo,1933,Sjedinjene Američke Države
11540,Larri,Tven,1981,Rusija
11541,Andrej,Salikov,1958,Rusija
11542,Deni,Didro,1713,Kraljevstvo Francuska
11543,Aleksandr,Trus,1987,Sjedinjene Američke Države
11544,Lana,Černaja,1963,Rusija
11545,Džeff,Smart,1971,Rusija
11546,Rendi,Strit,1951,Rusija
11547,Jakov,Abramov,1858,Ruska Imperija
11548,Darja,Osipova,1966,Rusija
11549,Viktor,Pavlov,1954,Ujedinjeno Kraljevstvo
11550,Oksana,Ortic,1974,Rusija
11551,Čarli,Morli,1985,Rusija
11552,Danil,Vlasov,1995,Japan
11553,Evgenija,Petročenko,1965,Italija
11554,Šarl,Barle,1856,Italija
11555,Sergej,Nefedov,1963,Rusija
11556,Vasilij,Ždanov,1963,Ukrajina
11557,Oleg,Šmeljov,1924,Savez Sovjetskih Socijalističkih Republika
11558,Aleksej,Jadov,1977,Sjedinjene Američke Države
11559,Albina,Komissarova,1972,Srbija
11560,Natalija,Poljakova,1968,Sjedinjene Američke Države
11561,Anna,Višnevskaja,1778,Ujedinjeno Kraljevstvo
11562,Julija,Terehova,1972,Rusija
11563,Aleksandr,Gumerov,1970,Rusija
11564,Tvajla,Tarp,1941,Sjedinjene Američke Države
11565,Lui,Zamperini,1917,Sjedinjene Američke Države
11566,Devid,Rensin,1977,Sjedinjene Američke Države
11567,Andrej,Sagalaev,1968,Rusija
11568,K.,Kapustin,1964,Sjedinjene Američke Države
11569,D.,Orlov,1934,Sjedinjene Američke Države
11570,Alter,Drakonis,1985,Ujedinjeno Kraljevstvo
11571,Sergej,Semipjadnij,1934,Rusija
11572,Ja.,Jakovlev,1965,Sjedinjene Američke Države
11573,Fil,Grovik,1963,Ujedinjeno Kraljevstvo
11574,Maj,Bogačihin,1950,Rusija
11575,Lora,Mjagkova,1964,Italija
11576,Natalja,Anneeva,1932,Rusija
11577,Garet,Ljuis,1973,Ujedinjeno Kraljevstvo
11578,Stefano,Mankuzo,1965,Italija
11579,Alessandra,Viola,1957,Rusija
11580,Sergej,Gusev,1967,Ukrajina
11581,Georg,Enrih,1965,Rusija
11582,Elena,Sjomina,1971,Rusija
11583,Elena,Glinskih,1954,Ujedinjeno Kraljevstvo
11584,O.,Zeleneva,1977,Italija
11585,Igor,Kuk,1940,Poljska
11586,Ervin,Šredinger,1960,Rusija
11587,Taisija,Levkina,1955,Sjedinjene Američke Države
11588,Vjačeslav,Mjagkij,1988,Ujedinjeno Kraljevstvo
11589,Dennis,Bakke,1978,Rusija
11590,Elena,Sčastnaja,1983,Rusija
11591,Traleg Kjabgon,Rinpoče,1981,Francuska
11592,Galina,Nikulina,1979,Ujedinjeno Kraljevstvo
11593,Irina,Nikulina,1975,Srbija
11594,L.,Fomičeva,1959,Sjedinjene Američke Države
11595,E.,Zamašnjuk,1967,Sjedinjene Američke Države
11596,E.,Bikova,1988,Rusija
11597,Hose,Ortega-i-Gasset,1883,Španija
11598,Serž,Tauri,1962,Kanada
11599,Mišel,Mirse,1981,Francuska
11600,Nadežda,Lapina,1971,Sjedinjene Američke Države
11601,Nigina,Ajvi,1991,Nemačka
11602,Stiv,Bastin,1960,Rusija
11603,Kir,Ulanov,1979,Ujedinjeno Kraljevstvo
11604,Irina,Vasilenko,1959,Rusija
11605,L.,Harčeva,1985,Sjedinjene Američke Države
11606,Karla,Kessidi,1963,Rusija
11607,Natalja,Emeljanova,1994,Rusija
11608,Marija,Gerus,1933,Rusija
11609,Andrej,Blinov,1869,Ruska Imperija
11610,Natalja,Ugrjumova,1963,Srbija
11611,Ričard,Allen,1921,Sjedinjene Američke Države
11612,Aleksandr,Bolvačev,1959,Nemačka
11613,Igor,Podoprigora,1969,Sjedinjene Američke Države
11614,Igor,Vačkov,1977,Nemačka
11615,Anastasija,Leven,1932,Rusija
11616,Tatjana,Alfjorova,1988,Rusija
11617,Vadim,Tihomirov,1986,Rusija
11618,Kirill,Macera,1981,Sjedinjene Američke Države
11619,Kara,Delevin,1992,Ujedinjeno Kraljevstvo
11620,Aleksandr,Cinger,1903,Rusija
11621,Galina,Savčenko,1994,Sjedinjene Američke Države
11622,Gennadij,Adamovič,1968,Rusija
11623,Olga,Martines,1969,Rusija
11624,Irina,Aseeva,1960,Nemačka
11625,Jair,Lapid,1963,Izrael
11626,Andrej,Medvedev,1963,Rusija
11627,Ferdinand,Finger,1973,Sjedinjene Američke Države
11628,E.,Bačilo,1938,Rusija
11629,Mihail,Kazmin,1987,Srbija
11630,Vladimir,Žukov,1933,Rusija
11631,Oleg,Ardatov,1955,Ujedinjeno Kraljevstvo
11632,Anastasija,Masjagina,1990,Sjedinjene Američke Države
11633,Anastasija,Gubina,1965,Rusija
11634,Opra,Uinfri,1954,Sjedinjene Američke Države
11635,Sergej,Tambovskij,1971,Italija
11636,Igor,Astrovskij,1966,Rusija
11637,Elena,Černjavskaja,1987,Rusija
11638,Ketrin,Bu,1989,Rusija
11639,Sergej,Povaljaev,1978,Sjedinjene Američke Države
11640,Dmitrij,Grigorenko,1971,Srbija
11641,Stiv,Miller,1950,Sjedinjene Američke Države
11642,Aleksej,Karpov,1960,Rusija
11643,Gordon,Bruk-Šeferd,1966,Sjedinjene Američke Države
11644,Egor,Gožuljan,1978,Ujedinjeno Kraljevstvo
11645,Margarita,Gagarina,1978,Sjedinjene Američke Države
11646,Viktor,Burcev,1971,Ujedinjeno Kraljevstvo
11647,Veronika,Jagušinskaja,1992,Sjedinjene Američke Države
11648,Olga,Gromova,1956,Nemačka
11649,Marina,Kondratenko,1961,Sjedinjene Američke Države
11650,Svetlana,Galceva,1957,Ujedinjeno Kraljevstvo
11651,Antuan,Loren,1956,Rusija
11652,Ilja,Bulgakov,1936,Rusija
11653,Viktorija,Žukova,1983,Sjedinjene Američke Države
11654,Marina,Kižina,1969,Sjedinjene Američke Države
11655,Tarrin,Fišer,1984,Sjedinjene Američke Države
11656,Loretta,Brojning,1953,Sjedinjene Američke Države
11657,Elena,Safronova,1954,Francuska
11658,Jurij,Kazakov,1940,Italija
11659,Jann,Martel,1963,Kanada
11660,Aleksandr,Muravev,1961,Rusija
11661,Radik,Temirgaliev,1978,Sjedinjene Američke Države
11662,Uljan,Garnij,1961,Rusija
11663,Donald,Norman,1935,Sjedinjene Američke Države
11664,Nikolaj,Sokolov,1974,Kanada
11665,Anastasija,Andrianova,1984,Ujedinjeno Kraljevstvo
11666,Nikolaj,Jaroslavcev,1990,Ujedinjeno Kraljevstvo
11667,Umberto,Notari,1878,Italija
11668,Sergej,Židkov,1941,Sjedinjene Američke Države
11669,Tomas,Kun,1922,Sjedinjene Američke Države
11670,Olga,Migel,1970,Rusija
11671,Aljona,Aleksina,1969,Rusija
11672,Anna,Efimkina,1967,Rusija
11673,Marička,Vada,1955,Rusija
11674,Igor,Valeriev,1967,Rusija
11675,Tal M.,Kljajn,1969,Rusija
11676,Marija,Kušel,1991,Ujedinjeno Kraljevstvo
11677,Murad,Ataev,1983,Ujedinjeno Kraljevstvo
11678,Ouejn,Servis,1976,Francuska
11679,Rori,Gallaher,1948,Republika Irska
11680,Igor,Naumov,1958,Srbija
11681,Evgenij,Tiščenko,1957,Rusija
11682,Viktor,Liskovič,1987,Rusija
11683,Robert,Časnojt,1978,Nemačka
11684,Džess,Rajder,1988,Ujedinjeno Kraljevstvo
11685,Anastasija,Tretjakova,1980,Rusija
11686,Aleksandr,Golikov,1931,Rusija
11687,Sergej,Serdjuk,1985,Rusija
11688,Marija,Akimova,1979,Sjedinjene Američke Države
11689,Tatjana,Tihonova,1975,Ujedinjeno Kraljevstvo
11690,Oleg,Mušinskij,1963,Sjedinjene Američke Države
11691,Ekaterina,Fedorčuk,1994,Rusija
11692,Olga,Obrazcova,1902,Savez Sovjetskih Socijalističkih Republika
11693,Irina,Rodionova,1974,Rusija
11694,Vlad,Kruš,1962,Ujedinjeno Kraljevstvo
11695,Roman,Demidov,1984,Srbija
11696,Elena,Laevskaja,1973,Sjedinjene Američke Države
11697,Erih,Kestner,1899,Nemačka
11698,Vadim,Čekunov,1954,Francuska
11699,Ole,Nidal,1941,Kraljevina Danska
11700,Nikolaj,Malcev,1982,Ujedinjeno Kraljevstvo
11701,Ester i Džerri,Hiks,1948,Sjedinjene Američke Države
11702,Erik,Šmidt,1925,Estonija
11703,Džonatan,Rozenberg,1985,Sjedinjene Američke Države
11704,Alan,Igl,1974,Rusija
11705,Petrovič,Petrovič,1979,Srbija
11706,Dmitrij,Fedorov,1999,Rusija
11707,Arkadij,Milčin,1975,Rusija
11708,Ljudmila,Čelcova,1964,Nemačka
11709,Eva,Melodi,1977,Italija
11710,Tatjana,Aleksandrova,1975,Poljska
11711,Nik,Karter,1976,Japan
11712,Olga,Šestova,1980,Nemačka
11713,Marina,Darman,1987,Rusija
11714,Ekaterina,Gusejnova,1976,Rusija
11715,Vladimir,Vareca,1988,Francuska
11716,Džennifer,Linč,1968,Sjedinjene Američke Države
11717,Sara,Najt,1978,Sjedinjene Američke Države
11718,Džoann,Grinberg,1974,Rusija
11719,Anton,Krasnov,1956,Sjedinjene Američke Države
11720,Majk,Moreno,1989,Rusija
11721,Ross,Makkammon,1975,Rusija
11722,Oksana,Dobrikova,1962,Srbija
11723,Marina,Kamennih,1986,Kanada
11724,Feliks,Medvedev,1958,Rusija
11725,Sergej,Lisenko,1982,Rusija
11726,Aleksandra,David-Neel,1868,Francuska
11727,Kira,Filippova,1958,Rusija
11728,Šon,Kovi,1964,Ujedinjeno Kraljevstvo
11729,Olesja,Oleničeva,1979,Rusija
11730,Marija,Šakun,1934,Francuska
11731,Aleksej,Čelnokov,1963,Sjedinjene Američke Države
11732,Nikolaj,Molčanov,1980,Rusija
11733,Natalja,Dunaevskaja,1972,Rusija
11734,Tata,Nikiforova,1976,Ujedinjeno Kraljevstvo
11735,Terri,Gudkajnd,1948,Sjedinjene Američke Države
11736,Evgenij,Klejmenov,1976,Ujedinjeno Kraljevstvo
11737,Ričard,Šeridan,1751,Kraljevstvo Irska
11738,Tatjana,Ling,1983,Francuska
11739,Elena,Gundorova,1979,Rusija
11740,Tom,Fletčer,1985,Ujedinjeno Kraljevstvo
11741,Olga,Lazoreva,1973,Sjedinjene Američke Države
11742,Aj,Rin,1978,Rusija
11743,Donald,Makkejg,1940,Sjedinjene Američke Države
11744,Kurtis,Fejs,1982,Rusija
11745,Indija,Grej,1952,Sjedinjene Američke Države
11746,Villi,Brandt,1944,Srbija
11747,Evgenija,Valjagina-Maljutina,1986,Rusija
11748,Ron,Fraj,1937,Ujedinjeno Kraljevstvo
11749,Natalja,Kasjanova,1985,Rusija
11750,Marten,Mejer,1954,Japan
11751,Artem,Korsun,1965,Sjedinjene Američke Države
11752,Natalja,Lavrinenko,1958,Rusija
11753,Natalja,Šreder,1978,Poljska
11754,Jurij,Švam,1961,Nemačka
11755,Valentin,Ponomarenko,1954,Rusija
11756,Maksimilian,Rain,1985,Ujedinjeno Kraljevstvo
11757,Vadim,Tušin,1975,Poljska
11758,Paul,Gerhard,1949,Francuska
11759,Gaj Gevriel,Kej,1954,Kanada
11760,Viktor,Stepakov,1960,Ujedinjeno Kraljevstvo
11761,Mihail,Francuz,1974,Italija
11762,Diana,Čemberlen,1950,Sjedinjene Američke Države
11763,Kerri,Fišer,1956,Sjedinjene Američke Države
11764,Karlos,Safon,1964,Španija
11765,Dmitrij,Kuklenko,1978,Rusija
11766,Iogann Genrih,Pestalocci,1746,Švajcarska
11767,Viktor,Margerit,1866,Francuska
11768,Olga,Filina,1961,Sjedinjene Američke Države
11769,Fransuaza,Sagan,1935,Francuska
11770,Christian,Bernard,1990,Sjedinjene Američke Države
11771,Olga,Korobkova,1972,Rusija
11772,Mjuriel,Barberi,1969,Francuska
11773,Aleksej,Korepanov,1953,Rusija
11774,Vladimir,Krivonogov,1990,Francuska
11775,Darja,Krivonogova,1983,Rusija
11776,Erl,Biggers,1884,Sjedinjene Američke Države
11777,Anna,Radklif,1764,Kraljevstvo Velika Britanija
11778,Nikolaj,Vlasik,1896,Ruska Imperija
11779,Aleksej,Ribin,1962,Sjedinjene Američke Države
11780,Tatjana,Czin,1959,Francuska
11781,Tatjana,Filatova,1984,Italija
11782,Majkl,Šejbon,1963,Sjedinjene Američke Države
11783,Oleg,Solomonov,1962,Rusija
11784,Taiska,Kirova,1962,Rusija
11785,Lidija,Serova,1964,Sjedinjene Američke Države
11786,Raisa,Terehina,1958,Rusija
11787,Svjatoslav,Sekunda,1993,Sjedinjene Američke Države
11788,Karla,Valentajn,1974,Rusija
11789,Vitalij,Aksenov,1973,Ujedinjeno Kraljevstvo
11790,Marija,Petrovih,1940,Rusija
11791,Andrej,Ždanov,1775,Sjedinjene Američke Države
11792,Vjačeslav,Molotov,1890,Savez Sovjetskih Socijalističkih Republika
11793,Timofej,Kalašnikov,1976,Rusija
11794,Fredrik,Braun,1904,Sjedinjene Američke Države
11795,Faina,Gileva,1980,Ujedinjeno Kraljevstvo
11796,Pavel,Danilin,1948,Ujedinjeno Kraljevstvo
11797,Ljudmila,Ann,1949,Rusija
11798,Anna,Čebotareva,1949,Rusija
11799,Sergej,Jakuceni,1960,Ujedinjeno Kraljevstvo
11800,Džulija,Levi,1961,Ujedinjeno Kraljevstvo
11801,Sergej,Zaharcev,1965,Ujedinjeno Kraljevstvo
11802,Valentin,Holmogorov,1977,Savez Sovjetskih Socijalističkih Republika
11803,Vladimir,Kolotenko,1964,Francuska
11804,Artem,Alekseev,1960,Italija
11805,Džerard,Kelli,1953,Ujedinjeno Kraljevstvo
11806,protoierej Grigorij,Djačenko,1962,Rusija
11807,Julija,Ejč,1962,Rusija
11808,Ivan,Meščerskij,1955,Rusija
11809,Valerij,Stecenko,1983,Rusija
11810,Lukas,Delgado,1933,Rusija
11811,Dmitrij,Nenadovič,1979,Sjedinjene Američke Države
11812,Oksana,Gerasimova,1939,Rusija
11813,Artjom,Zinčenko,1986,Ujedinjeno Kraljevstvo
11814,Ramita,Navai,1978,Sjedinjene Američke Države
11815,Dmitrij,Gordon,1965,Nemačka
11816,Taras,Asačjov,1977,Rusija
11817,Egor,Klopenko,1990,Ujedinjeno Kraljevstvo
11818,Evgenij,Šestovskij,1980,Rusija
11819,Genri,Kattner,1915,Sjedinjene Američke Države
11820,Oksana,Meljakina,1989,Francuska
11821,Roman,Duškin,1974,Ujedinjeno Kraljevstvo
11822,Evgenija,Malinkina,1965,Poljska
11823,Leonid,Vehov,1957,Rusija
11824,Nadežda,Mihajlova,1970,Srbija
11825,Elena,Šatova,1878,Rusija
11826,Ljudmila,Bezusova,1975,Rusija
11827,Aleksej,Šljaev,1971,Rusija
11828,Adam,Brever,1963,Sjedinjene Američke Države
11829,Kris,Kolambus,1958,Sjedinjene Američke Države
11830,Ned,Vizzini,1981,Sjedinjene Američke Države
11831,Tatjana,Grigoreva,1975,Australija
11832,Enni,Djuk,1965,Sjedinjene Američke Države
11833,Tatjana,Glinskaja,1968,Rusija
11834,Tessa,Redli,1973,Srbija
11835,Nikolaj,Petrov,1976,Rusija
11836,Aleksandr,Lepehin,1974,Rusija
11837,Oleg,Donskoj,1977,Sjedinjene Američke Države
11838,Alla,Nesterova,1973,Poljska
11839,"Nikon Optinskij,",Prepodobnij,1980,Ujedinjeno Kraljevstvo
11840,Entoni,Holms,1966,Sjedinjene Američke Države
11841,Ekaterina,Švarc,1977,Kanada
11842,Aleksej,Šihan,1948,Sjedinjene Američke Države
11843,Loretta,Čejz,1949,Sjedinjene Američke Države
11844,Akajo,Takahasi,1977,Francuska
11845,Olga,Valle,1989,Francuska
11846,Olga,Sovrikova,1991,Sjedinjene Američke Države
11847,Boris,Zemcov,1967,Rusija
11848,Aleksandr,Rej,1953,Kanada
11849,Natalija,Kovaleva,1971,Francuska
11850,Grigorij,Čhartišvili,1971,Francuska
11851,Filipp,Kašket,1950,Poljska
11852,Mark,Kotljarskij,1956,Izrael
11853,Natalja,Limonova,1946,Rusija
11854,Žanna,Enikeeva,1973,Francuska
11855,Ben,Makintajr,1963,Ujedinjeno Kraljevstvo
11856,Mihail,Avdeev,1913,Savez Sovjetskih Socijalističkih Republika
11857,M.,Gardanov,1995,Sjedinjene Američke Države
11858,Natalja,Terenteva,1941,Rusija
11859,Igor,Suhin,1966,Rusija
11860,natAša,Škot,1970,Sjedinjene Američke Države
11861,I.,Gennis,1961,Sjedinjene Američke Države
11862,Nikita,Arišin,1949,Ujedinjeno Kraljevstvo
11863,Boris,Berlin,1907,Kanada
11864,Natalja,Kolokolova,1984,Rusija
11865,Gennadij,Lipkin-Divinskij,1973,Francuska
11866,Vadim,Makišvili,1981,Italija
11867,Olga,Aristova,1995,Ujedinjeno Kraljevstvo
11868,Marija,Tomarjova,1975,Sjedinjene Američke Države
11869,Artjom,Nagumanov,1987,Rusija
11870,Andrej,Merkulov,1973,Sjedinjene Američke Države
11871,Konstantin,Savohin,1964,Sjedinjene Američke Države
11872,Katja,Lorenc,1984,Rusija
11873,Enn,Lamott,1954,Sjedinjene Američke Države
11874,Jurij,Gurin,1973,Rusija
11875,Svetlana,Volkova,1933,Sjedinjene Američke Države
11876,Sergej,Večnij,1936,Ujedinjeno Kraljevstvo
11877,M.,Kružkova,1982,Francuska
11878,Timoti,Golvi,1938,Sjedinjene Američke Države
11879,Edd,Hanzelik,1985,Ujedinjeno Kraljevstvo
11880,Džon,Horton,1963,Rusija
11881,Evgenij,Bouden,1975,Rusija
11882,Estanislao,Bahrah,1968,Rusija
11883,Uiljam,Arntc,1977,Rusija
11884,Betsi,Čejs,1955,Rusija
11885,Mark,Visente,1965,Južnoafrička Republika
11886,Ekaterina,Rusina,1960,Italija
11887,Svami,Džotirmajjananda,1950,Francuska
11888,Olga,Guceva,1967,Srbija
11889,Marianna,Uiljamson,1972,Srbija
11890,Franc,Vertfollen,1943,Srbija
11891,Mihail,Curanov,1960,Nemačka
11892,Elena,Grossman,1960,Nemačka
11893,Valerij,Piljavskij,1956,Italija
11894,Anna,Palo,1963,Srbija
11895,Svetlana,Rožkova,1986,Savez Sovjetskih Socijalističkih Republika
11896,Anton,Ponizovskij,1960,Ujedinjeno Kraljevstvo
11897,Valerij,Vasiljov,1987,Sjedinjene Američke Države
11898,Aleksandr,Kotlobovskij,1962,Sjedinjene Američke Države
11899,Grigorij,Mihajlov,1982,Rusija
11900,Petr,Šelest,1992,Sjedinjene Američke Države
11901,Ibiraj,Altinsarin,1954,Sjedinjene Američke Države
11902,Vladimir,Knjazev,1954,Rusija
11903,Annabel,Pitčer,1978,Rusija
11904,Vendi,Hilling,1962,Italija
11905,Litagent,Alfa-kniga,1986,Srbija
11906,Aleksis,Sojer,1989,Sjedinjene Američke Države
11907,Konstantin,Stanjukovič,1843,Ruska Imperija
11908,Mattias,Edvardsson,1966,Ujedinjeno Kraljevstvo
11909,Anna,Utte,1968,Rusija
11910,Aleksandr,Žukovskij,1820,Ruska Imperija
11911,Elena,Vostrikova,1941,Ujedinjeno Kraljevstvo
11912,Natali,Ejniš,1945,Ujedinjeno Kraljevstvo
11913,Avraam,Norov,1814,Rusija
11914,Marina,Li,1983,Rusija
11915,Taisija,Olejnikova,1982,Sjedinjene Američke Države
11916,Pavel,Sjutkin,1965,Japan
11917,Olga,Sjutkina,1956,Rusija
11918,Elizaveta,Domina,1986,Francuska
11919,Vsevolod,Lihačev,1976,Japan
11920,Čulpan,Hamatova,1975,Rusija
11921,Katerina,Gordeeva,1977,Rusija
11922,Džoanna,Lajt,1974,Nemačka
11923,Rabindranat,Tagor,1861,Britanska Indija
11924,Meredit,Smoll,1948,Nemačka
11925,Lev,Voroscov,1965,Poljska
11926,Don,Borrzini,1972,Rusija
11927,Erazm,Rotterdamskij,1466,Rusija
11928,Evgenij,Ščukin,1966,Ujedinjeno Kraljevstvo
11929,Andrej,Kamenskij,1843,Ruska Imperija
11930,Irina,Golaeva,1990,Sjedinjene Američke Države
11931,Irina,Nikolskaja,1956,Srbija
11932,Oleg,Kurguzov,1959,Rusija
11933,El,Patterson,1953,Poljska
11934,Mihael,Tsokos,1966,Srbija
11935,Robert,Voznjak,1939,Sjedinjene Američke Države
11936,Anna,Pušakova,1982,Francuska
11937,Mila,Menka,1990,Rusija
11938,Šri,Muruganar,1980,Srbija
11939,Leonid,Kanašin,1951,Francuska
11940,Žaklin,Kennedi,1929,Sjedinjene Američke Države
11941,Igor,Kovalskij,1978,Ujedinjeno Kraljevstvo
11942,Mihail,Perlin,1985,Ujedinjeno Kraljevstvo
11943,Tatjana,Kvetačka,1973,Rusija
11944,Gordon,Olport,1897,Sjedinjene Američke Države
11945,Lytton,Strachey,1941,Italija
11946,Helena,Valdes,1984,Japan
11947,Lilija,Ponosova,1961,Rusija
11948,Mihail,Asmus,1986,Francuska
11949,Rassel,Braun,1965,Kanada
11950,Albert,Čjorčvard,1869,Rusija
11951,Edrian,Besli,1967,Italija
11952,Tom,Stendejdž,1949,Francuska
11953,Kris,Frit,1942,Ujedinjeno Kraljevstvo
11954,Igor,Sahnovskij,1958,Rusija
11955,Katja,Kapovič,1960,Sjedinjene Američke Države
11956,Sergej,Gandlevskij,1973,Rusija
11957,Lev,Oborin,1967,Rusija
11958,Polina,Barskova,1976,Rusija
11959,Jaroslava,Pulinovič,1987,Rusija
11960,Jana,Vagner,1973,Rusija
11961,Aleksandra,Ševeljova,1968,Rusija
11962,Evgenija,Nekrasova,1977,Rusija
11963,Marina,Višneveckaja,1955,Rusija
11964,Matvej,Bulavin,1977,Rusija
11965,Ekaterina,Zlatorunskaja,1992,Ujedinjeno Kraljevstvo
11966,Evgenija,Kostinskaja,1962,Francuska
11967,Endrju,Roberts,1949,Sjedinjene Američke Države
11968,Elena,Čumakova,1984,Rusija
11969,Malka,Lorenc,1976,Rusija
11970,Kelli,Golden,1971,Rusija
11971,Sergej,Miluškin,1987,Rusija
11972,Natali,Melori,1930,Rusija
11973,Vladimir,Suhodeev,1977,Rusija
11974,Natalja,Berjazeva,1958,Ujedinjeno Kraljevstvo
11975,Majk,Norris,1949,Rusija
11976,Kristofer,Sib,1982,Rusija
11977,Esper,Juul,1955,Sjedinjene Američke Države
11978,Aleksandra,Korončik,1990,Poljska
11979,Boris,Lemberg,1983,Ujedinjeno Kraljevstvo
11980,Tatjana,Ogneva-Salvoni,1957,Japan
11981,Brendon,Snid,1963,Srbija
11982,Vadim,Mihejkin,1970,Ujedinjeno Kraljevstvo
11983,Šihabudin,Mikailov,1968,Sjedinjene Američke Države
11984,Halil,Musaev,1958,Nemačka
11985,Aleksandr,Strižankov,1981,Rusija
11986,Jagoda,Kutkovska,1940,Nemačka
11987,Šafidula,Saitov,1968,Sjedinjene Američke Države
11988,Arhimandrit,Feofan,1972,Rusija
11989,Andrej,Levin,1982,Rusija
11990,Gracija,Deledda,1871,Kraljevina Italija
11991,Viktor,Stecura,1960,Nemačka
11992,Dina,Rogovskaja,1960,Rusija
11993,Natalja,Ivko,1972,Rusija
11994,Nikolaj,Čukovskij,1904,Savez Sovjetskih Socijalističkih Republika
11995,Ada,Raj,1940,Ujedinjeno Kraljevstvo
11996,Sergej,Kovalčuk,1987,Ujedinjeno Kraljevstvo
11997,Megan,Miller,1985,Sjedinjene Američke Države
11998,Morin,Gu,1984,Ujedinjeno Kraljevstvo
11999,Teodor,Mommzen,1817,Vojvodstvo Šlezvig
12000,Vladimir,Ribakov,1969,Savez Sovjetskih Socijalističkih Republika
12001,Pavel,Ev,1949,Nemačka
12002,Sahar,Delidžani,1983,Sjedinjene Američke Države
12003,Denis,Ščelkunov,1976,Nemačka
12004,Olga,Cibina,1940,Rusija
12005,Sandrone,Dacieri,1965,Sjedinjene Američke Države
12006,Aleksandr,Uljanin,1956,Rusija
12007,Fedor,Bulgakov,1861,Rusija
12008,Julija,Guseva,1982,Ujedinjeno Kraljevstvo
12009,Julija,Iva,1987,Rusija
12010,Oleg,Pustovoj,1961,Srbija
12011,Andrej,Zorin,1977,Sjedinjene Američke Države
12012,Veronika,Stepanova,1978,Rusija
12013,Džin,Šarp,1928,Sjedinjene Američke Države
12014,Nika,Zaharova,1980,Italija
12015,Vladimir,Vinogradov,1963,Sjedinjene Američke Države
12016,V.,Lipin,1967,Sjedinjene Američke Države
12017,Marjana,Kadnikova,1977,Nemačka
12018,Mihail,Špoljanskij,1985,Italija
12019,Aleksej,Fomin,1980,Rusija
12020,Vladimir,Kožuhar,1969,Rusija
12021,Natalja,Musnikova,1948,Ujedinjeno Kraljevstvo
12022,Allan,Nevins,1890,Sjedinjene Američke Države
12023,Artem,Tihomirov,1977,Ujedinjeno Kraljevstvo
12024,Roman,Papsuev,1959,Ujedinjeno Kraljevstvo
12025,Anna,Voropaeva,1971,Kanada
12026,Sergej,Asanov,1985,Francuska
12027,Evgenij,Ilin,1972,Ujedinjeno Kraljevstvo
12028,Viktor,Kandinskij,1849,Ruska Imperija
12029,Otto,Skorceni,1908,Austrija
12030,Maksim,Lavrentev,1975,Rusija
12031,Anna,Hrustaleva,1976,Rusija
12032,Elena,Isaeva,1966,Savez Sovjetskih Socijalističkih Republika
12033,Stella,Prjudon,1967,Sjedinjene Američke Države
12034,Anna,Fjodorova,1912,Savez Sovjetskih Socijalističkih Republika
12035,Olga,Smurova,1970,Rusija
12036,Denis,Varjušenkov,1981,Nemačka
12037,Džordž,Džonson,1952,Sjedinjene Američke Države
12038,Andrej,Bat,1965,Srbija
12039,Svetlana,Lanas,1975,Ujedinjeno Kraljevstvo
12040,Anna,Bariševa,1953,Rusija
12041,N.,Trojanskaja,1957,Srbija
12042,Grigorij,Čuhraj,1921,Rusija
12043,Larisa,Gončarova,1966,Rusija
12044,Sergej,Grigorev,1992,Kazahstan
12045,Nikolas,Dimitrov,1975,Rusija
12046,Dmitrij,Slavin,1936,Rusija
12047,Elena,Krjuček,1963,Ujedinjeno Kraljevstvo
12048,Irina,Viner-Usmanova,1948,Rusija
12049,E.,Medvedeva,1978,Rusija
12050,Natalja,Malinovskaja,1946,Rusija
12051,Nataša,Kolesnikova,1970,Italija
12052,Natalja,Zorina,1946,Rusija
12053,Sam,Ad,1976,Italija
12054,Pol,D'Ivua,1855,Sjedinjene Američke Države
12055,Maksim,Bužanskij,1973,Nemačka
12056,Roman,Važinskij,1952,Rusija
12057,Anton,Rjabičenko,1981,Sjedinjene Američke Države
12058,Marija,Ščerbak,1973,Sjedinjene Američke Države
12059,Tatjana,Molčanova,1980,Francuska
12060,Andžej,Kačorovskij,1952,Sjedinjene Američke Države
12061,Matvej,Morgun,1965,Sjedinjene Američke Države
12062,Platon,Krasnov,1866,Savez Sovjetskih Socijalističkih Republika
12063,Pavel,Čečulin,1995,Rusija
12064,Katja,Abel,1952,Rusija
12065,Tatjana,Barlas,1947,Rusija
12066,Marina,Ilinskaja,1999,Ukrajina
12067,Alena,Muravljanskaja,1939,Rusija
12068,Džoel,Norris,1961,Rusija
12069,Aleks,Kerr,1964,Rusija
12070,Jael,Adler,1973,Nemačka
12071,Irina,Karacuba,1960,Rusija
12072,Nikita,Sokolov,1998,Kazahstan
12073,Aleksandr,Daniel,1951,Rusija
12074,Ekaterina,Ostrovskaja-Gureva,1981,Nemačka
12075,Karol-Ann,Aškenazi,1988,Ujedinjeno Kraljevstvo
12076,Kim,Kijosaki,1957,Sjedinjene Američke Države
12077,Devid,Olson,1974,Rusija
12078,Saskija,Uoker,1965,Rusija
12079,Leo,Babauta,1982,Sjedinjene Američke Države
12080,Anastasija,Milberg,1969,Sjedinjene Američke Države
12081,Viktorija,Pervocvetova,1972,Rusija
12082,Aleksej,Puškov,1972,Rusija
12083,Liza,Moka,1964,Srbija
12084,Irina,Nemčinova,1963,Italija
12085,Mihail,Pazin,1989,Ujedinjeno Kraljevstvo
12086,Andrej,Grigorev,1985,Nemačka
12087,Andrej,Koljasnikov,1968,Sjedinjene Američke Države
12088,Maksim,Čerepanov,1976,Rusija
12089,Vitalij,Kaplan,1977,Italija
12090,Aljona,Anisimova,1992,Rusija
12091,Veronika,Livanova,1988,Nemačka
12092,Roman,Suržikov,1931,Francuska
12093,Bernar,Klerljajn,1977,Rusija
12094,Žan,Kempf,1976,Ujedinjeno Kraljevstvo
12095,Žoffrua,Rib,1979,Rusija
12096,Ljusen,Danner,1989,Ujedinjeno Kraljevstvo
12097,Leonid,Pronenko,1969,Sjedinjene Američke Države
12098,Saša,Fraj,1982,Francuska
12099,Aleksandr,Engelgardt,1832,Ruska Imperija
12100,Lora,Florand,1981,Sjedinjene Američke Države
12101,Vera,Amosova,1973,Italija
12102,Galina,Gukasjan,1980,Rusija
12103,Aleksandr,Namgaladze,1985,Francuska
12104,Leonid,Rabičev,1954,Rusija
12105,Sajfulla,Mamaev,1970,Sjedinjene Američke Države
12106,Svetlana,Deniženko,1976,Ujedinjeno Kraljevstvo
12107,Vladislav,Karpjuk,1953,Ujedinjeno Kraljevstvo
12108,Tomas,Kliri,1958,Sjedinjene Američke Države
12109,Rin,Seridzava,1975,Rusija
12110,Elena,Verevkina,1971,Nemačka
12111,Tatjana,Markinova,1979,Rusija
12112,Valerij,Roščin,1983,Ujedinjeno Kraljevstvo
12113,Mihail,Poltoranin,1939,Rusija
12114,Džo,Uotson,1969,Rusija
12115,Maksim,Gluhmanjuk,1985,Rusija
12116,Sergej,Jasnodum,1930,Rusija
12117,Džanluidži,Buffon,1978,Italija
12118,Roberto,Perrone,1968,Francuska
12119,Konstantin,Balmont,1867,Francuska
12120,Ekaterina,Matjuškina,1724,Rusija
12121,Hanna,Kent,1985,Australija
12122,Dejv,Hatčinson,1991,Rusija
12123,Džon,Uajt,1924,Kanada
12124,Larisa,Černogorec,1975,Ujedinjeno Kraljevstvo
12125,Devid,Ebehard,1977,Rusija
12126,Aleksandr,Svet,1942,Rusija
12127,Nadežda,Alekseeva,1957,Japan
12128,Igor,Smit,1972,Rusija
12129,V.,Bulavina,1956,Rusija
12130,Marija,Lidis,1989,Sjedinjene Američke Države
12131,Sergej,Lunin,1979,Ukrajina
12132,Mihaj,Čiksentmihaji,1934,Mađarska
12133,Filip,Latter,1973,Ujedinjeno Kraljevstvo
12134,Kristin,Duranso,1987,Sjedinjene Američke Države
12135,Dmitrij,Ašaev,1966,Sjedinjene Američke Države
12136,Kanni,Mjoller,1966,Ujedinjeno Kraljevstvo
12137,Vjačeslav,Špakovskij,1963,Rusija
12138,Šaa,Vasmund,1991,Rusija
12139,Ekaterina,Gorbunova,1908,Rusija
12140,Seslavija,Severella,1988,Rusija
12141,Aleksandr,Vladimirskij,1975,Rusija
12142,Marvin,Maršall,1958,Nemačka
12143,V.,Sviščeva,1976,Rusija
12144,P.,Hižnjak,1950,Sjedinjene Američke Države
12145,I.,Moiseeva,1969,Rusija
12146,Marija,Hajnc,1965,Rusija
12147,Andrej,Kirillovih,1953,Nemačka
12148,Evgenija,Gulieva,1970,Sjedinjene Američke Države
12149,Aleksandr,Molotnikov,1969,Rusija
12150,Metju,Kirbi,1966,Italija
12151,Viktor,Grošev,1992,Rusija
12152,Knut,Rasmussen,1902,Rusija
12153,Volfgang,Hekl,1980,Rusija
12154,Anna,Zubkova,1980,Kazahstan
12155,Mihail,Fedorenko,1941,Rusija
12156,Dmitrij,Lohmatov,1961,Italija
12157,Olga,Čugina,1968,Rusija
12158,Demien,Ljuis,2000,Ujedinjeno Kraljevstvo
12159,A.,Dugin,1975,Rusija
12160,Nikolja,Barro,1988,Rusija
12161,Petr,Bibikov,1817,Ujedinjeno Kraljevstvo
12162,Adam,Ho,1974,Singapur
12163,Keon,Či,1962,Rusija
12164,Vladimir,Silkin,1990,Rusija
12165,Elena,Lisavčuk,1961,Sjedinjene Američke Države
12166,Jurij,Barišev,1964,Rusija
12167,Ella,Savickaja,1993,Rusija
12168,Andre,Džiordan,1989,Kanada
12169,Anastasija,Dragomirova,1993,Rusija
12170,Kania,Kan,1972,Sjedinjene Američke Države
12171,Den,Roem,1983,Ujedinjeno Kraljevstvo
12172,Aleksej Pisatel,1986,1979,Rusija
12173,Alisa,Vitti,1990,Sjedinjene Američke Države
12174,Julija,Terehina,1955,Srbija
12175,Ajvan,Pastin,1962,Sjedinjene Američke Države
12176,Tuvana,Pastin,1969,Nemačka
12177,Loran,Tirar,1967,Francuska
12178,Konstantin,Korovin,1861,Francuska
12179,Sergej,Buntovskij,1975,Ujedinjeno Kraljevstvo
12180,Ljudmila,Gorbačenko,1985,Sjedinjene Američke Države
12181,Džeremi,Paksman,1970,Italija
12182,Aljonka,Jolka,1992,Rusija
12183,Pol,Stjuart,1955,Ujedinjeno Kraljevstvo
12184,Aleksandr,Holodov,1988,Rusija
12185,Tomas Old,Hjuvelt,1975,Srbija
12186,Nadežda,Šehovcova,1994,Rusija
12187,Jurij,Volščukov,1974,Ujedinjeno Kraljevstvo
12188,Els,Bejrten,1978,Sjedinjene Američke Države
12189,Genri,Morgentau,1917,Sjedinjene Američke Države
12190,Anatolij,Jakimov,1986,Poljska
12191,Li,Čen,1965,Rusija
12192,Marija,Gerasimova,1965,Rusija
12193,Elena,Ponomareva,1990,Rusija
12194,Ha-Džun,Čang,1957,Srbija
12195,Tiana,Sevastjanova,1981,Sjedinjene Američke Države
12196,Vitalij,Polikarpov,1980,Italija
12197,Elena,Polikarpova,1961,Rusija
12198,Sju,Hedfild,1974,Sjedinjene Američke Države
12199,Džill,Hesson,1982,Sjedinjene Američke Države
12200,Frenk,Tellis,1988,Rusija
12201,Kris,Kolfer,1990,Sjedinjene Američke Države
12202,Rut,Ozeki,1956,Kanada
12203,Jen,Makdonald,1990,Ujedinjeno Kraljevstvo
12204,Mihail,Zagrebelnij,1975,Italija
12205,Adrienna,Basso,1970,Nemačka
12206,Žaklin de,Gjo,1960,Sjedinjene Američke Države
12207,Vuk,Zadunajskij,1979,Ujedinjeno Kraljevstvo
12208,Vladimir,Leščenko,1939,Rusija
12209,Dana,Delon,1994,Rusija
12210,Barbara,Pahl-Eberhart,1982,Francuska
12211,Aleksandr,Ermakov,1975,Nemačka
12212,Deniel,Kiz,1927,Sjedinjene Američke Države
12213,Natalja,Simonova,1959,Rusija
12214,Oleg,Oka,1964,Rusija
12215,Dmitrij,Jazov,1924,Rusija
12216,Sjuzen,Ljuis,1976,Sjedinjene Američke Države
12217,Piter,Grej,1988,Ujedinjeno Kraljevstvo
12218,Galina,Šipkova,1985,Italija
12219,Kristin,Hanna,1960,Sjedinjene Američke Države
12220,Elena,Tur,1950,Nemačka
12221,Eduard,Estivil,1987,Rusija
12222,Christabel,Coleridge,1932,Rusija
12223,Jurij,Lisjanskij,1773,Ruska Imperija
12224,Nikolaj,Trublaini,1941,Italija
12225,Džoan,Tjorni,1982,Ujedinjeno Kraljevstvo
12226,Džon,Dorr,1955,Kanada
12227,Šon,Blek,1953,Sjedinjene Američke Države
12228,Andrej,Pilaev,1970,Sjedinjene Američke Države
12229,Sergej,Coj,1969,Ujedinjeno Kraljevstvo
12230,Jurij,Salnikov,1950,Francuska
12231,Elena,Saratovceva,1951,Rusija
12232,Aleksej,Semencov,1984,Rusija
12233,Paša,Uralskij,1968,Italija
12234,Gavriil,Troepolskij,1979,Rusija
12235,Sjuzan,Petik,1978,Francuska
12236,Džon,Hollins,1946,Ujedinjeno Kraljevstvo
12237,Diana,Kirsanova,1976,Rusija
12238,Mark,Tigelaar,1966,Belgija
12239,Aleksandr,Danilin,1961,Rusija
12240,Vladimir,Tomašov,1986,Rusija
12241,Majja,Malinovskaja,1946,Rusija
12242,Svetlana,Firsova,1995,Ujedinjeno Kraljevstvo
12243,Olga,Žukovskaja,1963,Ukrajina
12244,Edvard,Kanterjan,1984,Japan
12245,Piter,Marvel,1983,Rusija
12246,Mihail,Baranovskij,1865,Ruska Imperija
12247,Šivanandana,Vašikaran,1961,Rusija
12248,Damir,Berheev,1976,Sjedinjene Američke Države
12249,Vladimir,Snežkin,1973,Rusija
12250,Ben,Fogl,1965,Poljska
12251,One,Direction,1961,Poljska
12252,Gudrun,Mebs,1944,Nemačka
12253,Aleksandr,Zahvatov,1946,Nemačka
12254,Džon,Lis,1969,Italija
12255,Oleg,Petuhov,1971,Italija
12256,Igor,Paleev,1984,Sjedinjene Američke Države
12257,Džon,Sibruk,1957,Ujedinjeno Kraljevstvo
12258,Aleks,Gradov,1974,Rusija
12259,Petr,Vajl,1971,Rusija
12260,Vitalij,Sertakov,1971,Francuska
12261,Makarij,Optinskij,1788,Ruska Imperija
12262,Grigorij,Kanovič,1929,Izrael
12263,Albert,Podell,1989,Rusija
12264,Dmitrij,Veresov,1957,Ujedinjeno Kraljevstvo
12265,Tali,Šarot,1991,Izrael
12266,Elena,Vallask,1963,Ujedinjeno Kraljevstvo
12267,Rut,Uejr,1977,Ujedinjeno Kraljevstvo
12268,Elizaveta,Batmaz,1964,Ujedinjeno Kraljevstvo
12269,Majja,Lunde,1975,Norveška
12270,Ruslan,Nadtoka,1966,Francuska
12271,Ksenija,Smirnova,1966,Srbija
12272,Andrej,Maksimov,1981,Sjedinjene Američke Države
12273,Aleks,Garlend,1970,Ujedinjeno Kraljevstvo
12274,Svetlana,Gin,1972,Ujedinjeno Kraljevstvo
12275,Vener,Mavletov,1946,Rusija
12276,Frenk,Perehrjukin-Zalomaj,1977,Francuska
12277,Andrej,Klepakov,1994,Rusija
12278,Irina,Sevrjugina,1949,Nemačka
12279,Glorija,Mu,1973,Savez Sovjetskih Socijalističkih Republika
12280,Olga,Guskova,1954,Italija
12281,Dmitrij,Dobrovolskij,1930,Rusija
12282,Vjačeslav,Hvatov,1984,Rusija
12283,Artem,Mičurin,1976,Srbija
12284,Nikolaj,Smetanin,1988,Rusija
12285,Julija,Belobrova,1930,Sjedinjene Američke Države
12286,Kel,Njuport,1982,Sjedinjene Američke Države
12287,Natalja,Kolpakova,1963,Rusija
12288,Vilgelm,Buš,1827,Rusija
12289,Džeff,Nun,1957,Ujedinjeno Kraljevstvo
12290,Valerij,Sisoev,1976,Sjedinjene Američke Države
12291,Mihail,Belozjorov,1966,Rusija
12292,Marta,Staut,1953,Ujedinjeno Kraljevstvo
12293,Anna,Pasternak,1969,Rusija
12294,Penelopa,Uord,1914,Ujedinjeno Kraljevstvo
12295,Svetlana,Aleksievič,1948,Belorusija
12296,Devid,Bišof,1951,Sjedinjene Američke Države
12297,Elena,Tolstaja,1772,Ruska Imperija
12298,M.,Uehara,1952,Sjedinjene Američke Države
12299,Aleksandr,Buškovskij,1970,Sjedinjene Američke Države
12300,Fjodor,Sokolovskij,1982,Francuska
12301,Ričard,Čess,1966,Rusija
12302,Rati,Ošun,1984,Rusija
12303,Natalja,Lopašenko,1978,Rusija
12304,Džillian,Uiller,1970,Rusija
12305,Dmitrij,Venger,1995,Rusija
12306,Mitčel,Reznik,1956,Sjedinjene Američke Države
12307,Robert,Slejter,1943,Sjedinjene Američke Države
12308,Karl,Goldsan,1991,Japan
12309,Nikolaj,Plavinskij,1984,Rusija
12310,Muhammad,Isfahani,1960,Italija
12311,Patricija,Hajsmit,1921,Sjedinjene Američke Države
12312,Žorž,Blon,1906,Francuska
12313,R.,Kiriček,1937,Ujedinjeno Kraljevstvo
12314,Evgenij,Koronov,1987,Rusija
12315,Gennadij,Novikov,1973,Rusija
12316,Tamaz,Mčedlidze,1950,Rusija
12317,Ljudmila,Motorina,1964,Rusija
12318,M. Oldfild,Gouvej,1947,Sjedinjene Američke Države
12319,Ketrin,Senter,1961,Rusija
12320,Vlastelina,Bogatova,1976,Rusija
12321,Mark,Fajnberštejn,1934,Rusija
12322,Konstantin,Butejko,1923,Rusija
12323,Oksana,Belova,1931,Rusija
12324,Julija,Gorošnikova,1982,Sjedinjene Američke Države
12325,Alfred de,Mjusse,1810,Francuska
12326,Vladimir,Kalmikov,1927,Rusija
12327,Nikolaj,Starinščikov,1985,Nemačka
12328,Irina,Kuščenko,1968,Rusija
12329,Prepodobnij Amvrosij,Optinskij,1976,Italija
12330,Vladimir,Lukašenko,1931,Rusija
12331,Stjuart,Tjorton,1980,Ujedinjeno Kraljevstvo
12332,Majkl,Garrison,1975,Sjedinjene Američke Države
12333,Nadežda,Krupskaja,1869,Ruska Sovjetska Federativna Socijalistička Republika
12334,Tatjana,Vorobjova,1996,Estonija
12335,Juliana,Azarova,1967,Ujedinjeno Kraljevstvo
12336,Džin,Vebster,1876,Sjedinjene Američke Države
12337,Tom,Virlirli,1986,Sjedinjene Američke Države
12338,Irina,Kniš,1982,Nemačka
12339,Jurij,Kolesničenko,1978,Ujedinjeno Kraljevstvo
12340,Sergej,Plačinda,1967,Sjedinjene Američke Države
12341,Nikolaj,Lazorskij,1963,Rusija
12342,Džim,Šepard,1956,Sjedinjene Američke Države
12343,Anatolij,Kolcov,1978,Rusija
12344,Ljudmila,Romanova,1967,Rusija
12345,Ilja,Žegulev,1979,Sjedinjene Američke Države
12346,Džoj,Ellis,1970,Sjedinjene Američke Države
12347,Galina,Krivošeina,1939,Rusija
12348,Mihail,Segal,1974,Rusija
12349,Emine,Helvadži,1967,Rusija
12350,Olga,Ljubomudrova,1959,Rusija
12351,Vlad,Kolčin,1987,Rusija
12352,Evgenij,Trubicin,1984,Rusija
12353,Jurij,Navruzov,1978,Sjedinjene Američke Države
12354,Natalja,Fadeeva,1968,Sjedinjene Američke Države
12355,Svjatoslav,Milovanov,1964,Francuska
12356,Konstantin,Zakutaev,1970,Srbija
12357,Marina,Novoselova,1945,Rusija
12358,Oleg,Ladiženskij,1963,Ukrajina
12359,Nikolaj,Kaliničenko,1985,Rusija
12360,Andrej,Ščerbak-Žukov,1969,Rusija
12361,Vladimir,Danihnov,1987,Ujedinjeno Kraljevstvo
12362,Irina,Skidnevskaja,1981,Rusija
12363,Eduard,Ivanov,1969,Sjedinjene Američke Države
12364,Mišel,Brodi,1991,Sjedinjene Američke Države
12365,Eduard,Boguš,1954,Sjedinjene Američke Države
12366,Mihael,Fuks-Gambjok,1983,Sjedinjene Američke Države
12367,Torsten,Šac,1965,Sjedinjene Američke Države
12368,Robin,LaFever,1959,Francuska
12369,Vladimir,Železnjak,1988,Francuska
12370,Dmitrij,Snisar,1990,Francuska
12371,Vladimir,Guriev,1975,Rusija
12372,Aleksandr,Sivinskih,1958,Sjedinjene Američke Države
12373,Rohit,Bhargava,1990,Nemačka
12374,M.,Ernik,1946,Srbija
12375,Viktorija,Denisova,1962,Rusija
12376,Gleb,Buvanenko,1945,Rusija
12377,Aleksandr,Kozlov,1952,Rusija
12378,Mišel,Moran,1977,Rusija
12379,Vladimir,Fiskalov,1979,Rusija
12380,Vitalij,Čerkašin,1992,Sjedinjene Američke Države
12381,Alina,Petrova,1981,Rusija
12382,Tatjana,Gureva,1963,Ujedinjeno Kraljevstvo
12383,Anatolij,Vilinovič,1944,Rusija
12384,Lena,Swann,1941,Rusija
12385,Marina,Rabinovič,1995,Rusija
12386,Jara,Gorina,1980,Francuska
12387,Anatolij,Demin,1945,Rusija
12388,Eka,Kozlova,1992,Rusija
12389,Sofija,Segjur,1833,Rusija
12390,Julija,Sagadatova,1953,Ujedinjeno Kraljevstvo
12391,Kirill,Lunjov,1985,Rusija
12392,Tatjana,Šiškina,1972,Francuska
12393,Sergej,Grišin,1991,Francuska
12394,Irina,Markova,1923,Savez Sovjetskih Socijalističkih Republika
12395,Lidija,Berezkina,1984,Rusija
12396,Venedikt,Kljauzze,1957,Sjedinjene Američke Države
12397,Olga,Grebennikova,1983,Srbija
12398,Tatjana,Milohova,1937,Rusija
12399,Sergej,Tušev,1970,Ujedinjeno Kraljevstvo
12400,Igor,Sergeev,1969,Kirgistan
12401,Anna Smirnova de,Murilo,1953,Rusija
12402,Elenika,Lis,1987,Sjedinjene Američke Države
12403,Viktorija,Holmogorova,1960,Sjedinjene Američke Države
12404,Elena,Smirnova,1987,Estonija
12405,Devid,Greber,1968,Srbija
12406,Vitaly,Kozuba,1973,Sjedinjene Američke Države
12407,Džon,Djui,1859,Sjedinjene Američke Države
12408,Gerbert,Spenser,1820,Ujedinjeno Kraljevstvo Velike Britanije i Irske
12409,Aleksandr,Nill,1883,Ujedinjeno Kraljevstvo
12410,Ellen,Kej,1849,Švedska
12411,Genrih,Šarrelman.,1967,Rusija
12412,Jurij,Magaj,1984,Francuska
12413,Grigorij,Starikovskij,1962,Rusija
12414,Slava,Poliščuk,1978,Nemačka
12415,Jurij,Neretin,1946,Rusija
12416,Aleksandr,Ognev,1962,Rusija
12417,Kara,Kosinski,1964,Nemačka
12418,Aleksandr,Makov,1974,Italija
12419,Viktorija,Šafarostova,1975,Rusija
12420,Ekaterina,Levkova,1967,Rusija
12421,Katja,Zazovka,1979,Sjedinjene Američke Države
12422,Oleg,Pavlov,1990,Savez Sovjetskih Socijalističkih Republika
12423,Elena,Morileva,1935,Ujedinjeno Kraljevstvo
12424,Mihail,Tuhačevskij,1893,Ruska Sovjetska Federativna Socijalistička Republika
12425,Sergej,Tkačev,1960,Rusija
12426,Ell,Džejms,1964,Nemačka
12427,Natalja,Stvolinskaja,1971,Rusija
12428,Stiven,Erikson,1959,Kanada
12429,Ivan,Balabanov,1945,Poljska
12430,Viktor,Balabanov,1952,Rusija
12431,Vasilij,Pugačjov,1948,Ujedinjeno Kraljevstvo
12432,Din,Radin,1982,Rusija
12433,Anna,Dubčak,1938,Rusija
12434,Arnold,Mindell,1940,Sjedinjene Američke Države
12435,Mihail,Ilinskij,1986,Savez Sovjetskih Socijalističkih Republika
12436,Kristina,Aleksandrova,1974,Ujedinjeno Kraljevstvo
12437,Vernon,Li,1856,Ujedinjeno Kraljevstvo
12438,Roza,Malholland,1975,Francuska
12439,Džon,Bangz,1986,Sjedinjene Američke Države
12440,Rodžer,Pater,1987,Rusija
12441,Perseval,Lendon,1974,Francuska
12442,Džon,Bakan,1945,Ujedinjeno Kraljevstvo
12443,Uiljam,Harvi,1958,Rusija
12444,Sebin,Bering-Guld,1966,Rusija
12445,Džejms Brander,Metjuz,1929,Južnoafrička Republika
12446,Čarlz Uebster,Ledbeter,1971,Rusija
12447,Sergej,Haritonov,1988,Rusija
12448,Šamil,Ahmadullin,1965,Rusija
12449,Viktorija,Lajt,1934,Ujedinjeno Kraljevstvo
12450,Aleksandr,Grigorev,1992,Rusija
12451,Nelja,Bulgakova,1973,Ujedinjeno Kraljevstvo
12452,Nadežda,Sotnikova,1934,Rusija
12453,Natalija,Efremova,1986,Rusija
12454,Sergej,Servankos,1969,Rusija
12455,Antonina,Spicina,1986,Sjedinjene Američke Države
12456,Maksim,Blant,1957,Rusija
12457,Stasia,Mio,1961,Rusija
12458,Ada,Tagilceva,1987,Sjedinjene Američke Države
12459,Ketrin,Bejtman,1980,Italija
12460,Nikolaj,Belov-Amanik,1951,Rusija
12461,Uolter,Mišel,1970,Rusija
12462,Artjom,Urjanskij,1984,Sjedinjene Američke Države
12463,Nadežda,Sinelnikova,1986,Ujedinjeno Kraljevstvo
12464,Leonid,Vasilev,1877,Ruska Imperija
12465,Sergej,Minakov,1980,Rusija
12466,Ljudvig,Vitgenštejn,1889,Austrija
12467,Vadim,Černoveckij,1983,Ujedinjeno Kraljevstvo
12468,Roman,Fedosov,1950,Francuska
12469,Darja,Fedosova,1980,Rusija
12470,Julija,Bočkarjova,1944,Rusija
12471,Andrej,Babožen,1986,Srbija
12472,Olga,Vakulinskaja,1983,Japan
12473,Olga,Holodova,1966,Ujedinjeno Kraljevstvo
12474,Maja,Šalavic,1964,Sjedinjene Američke Države
12475,Darja,Kazimirova,1974,Rusija
12476,Vladislav,Gruzdev,1977,Italija
12477,Uiljam,Grejvs,1865,Sjedinjene Američke Države
12478,Nataniel,Filbrik,1975,Rusija
12479,Valerij,Medvedev,1947,Francuska
12480,Kristina,Stajn,1969,Rusija
12481,Žaklin,Simpson,1932,Srbija
12482,Viktor,Taki,1981,Ujedinjeno Kraljevstvo
12483,Tatjana,Gladilina,1990,Sjedinjene Američke Države
12484,Nikolaj,Čepurin,1950,Rusija
12485,Anton,Seljanin,1965,Nemačka
12486,Salli,Helgesen,1995,Rusija
12487,Patrik,Modiano,1945,Francuska
12488,Filip,Miele,1934,Sjedinjene Američke Države
12489,Anatol,Frans,1844,Francuska
12490,Elena,Piglicina,1976,Sjedinjene Američke Države
12491,Dmitrij,Dragilev,1947,Rusija
12492,Dauren,Bajmišev,1988,Francuska
12493,Andrej,Loskutov,1967,Rusija
12494,Andrej,Potapov,1976,Nemačka
12495,Snežana,Zamalieva,1944,Sjedinjene Američke Države
12496,Nikolaj,Rožkov,1868,Savez Sovjetskih Socijalističkih Republika
12497,Artem,Tolokonin,1990,Nemačka
12498,Šon,Isli,1976,Sjedinjene Američke Države
12499,Anna,Bogarne,1979,Rusija
12500,Aleksej,Tulin,1989,Rusija
12501,Ljudmila,Klemjat,1978,Kanada
12502,Eduard,Deljuž,1993,Rusija
12503,Aleksandra,Sedih,1978,Rusija
12504,Laura,Tonjan,1973,Rusija
12505,Sergej,Prihodko,1957,Rusija
12506,Patrisija,Tejer,1978,Srbija
12507,Andrej,Sizov,1968,Ujedinjeno Kraljevstvo
12508,Marija,Ledjaeva,1990,Sjedinjene Američke Države
12509,Irina,Karpova,1939,Francuska
12510,Artjom,Pervušin,1932,Rusija
12511,G.,Mišo,1989,Kanada
12512,Jurij,Bukovskij,1957,Rusija
12513,Oktav,Fere,1815,Francuska
12514,Artemij,Lebedev,1975,Rusija
12515,Serik,Kulambaev,1985,Sjedinjene Američke Države
12516,Greg,Mortenson,1957,Sjedinjene Američke Države
12517,Devid,Relin,1979,Italija
12518,Julija,Jureva,1963,Sjedinjene Američke Države
12519,Nikola,Tesla,1856,Sjedinjene Američke Države
12520,Sandra,Sisneros,1955,Italija
12521,Kondrat,Sobakin,1976,Rusija
12522,Nikolaj,Jaremenko,1975,Italija
12523,Genrih,Gofman,1809,Nemačka
12524,Vladimir Iličev,(Skver),1986,Sjedinjene Američke Države
12525,Artur,Gazarov,1955,Rusija
12526,Iraida,Troščenkova,1972,Rusija
12527,Aleksandr,Cimbalistov,1977,Srbija
12528,Roman,Sadikov,1984,Rusija
12529,Oksana,Pihur,1977,Rusija
12530,Bob,Proktor,1949,Australija
12531,Mišel,Blad,1981,Rusija
12532,Džejson,Bark,1987,Sjedinjene Američke Države
12533,Valerij,Podoroga,1985,Rusija
12534,Gennadij,Gudkov,1956,Rusija
12535,Boris,Nemcov,1959,Rusija
12536,Oleg,Šein,1972,Rusija
12537,Vladimir,Tor,1968,Rusija
12538,Aleksej,Gaskarov,1969,Italija
12539,Izabel,Magkoeva,1991,Rusija
12540,Ilja,Jašin,1983,Rusija
12541,Sergej,Parhomenko,1964,Rusija
12542,Robin,Sloun,1979,Sjedinjene Američke Države
12543,Aleksandr,Solovev,1986,Rusija
12544,Valerija,Baškirova,1954,Italija
12545,Andrej,Merkin,1969,Srbija
12546,Alla,Bobrova,1976,Ujedinjeno Kraljevstvo
12547,Dmitrij,Selin,1957,Rusija
12548,Lev,Žakov,1955,Rusija
12549,Džulian,Fellouz,1949,Ujedinjeno Kraljevstvo
12550,Pavel,Šafranskij,1978,Sjedinjene Američke Države
12551,Rihard,Kraft-Ebing,1840,Austrougarska
12552,Karen,Horn,1966,Nemačka
12553,Uiljam,Makaskill,1993,Sjedinjene Američke Države
12554,Mark,Slonim,1978,Rusija
12555,Nika,Mej,1973,Sjedinjene Američke Države
12556,Leonid,Anisimov,1973,Rusija
12557,Ketrin,Hajd,1955,Sjedinjene Američke Države
12558,Aleksej,Šebaršin,1977,Sjedinjene Američke Države
12559,Roza,Volkova,1982,Rusija
12560,Evgenij,Basistij,1932,Ujedinjeno Kraljevstvo
12561,Merilin,Robinson,1952,Rusija
12562,Zoi,Stejdž,1978,Francuska
12563,Milica,Mate,1941,Rusija
12564,Alina,Volku,1971,Rusija
12565,Gothold,Lessing,1729,Izborna kneževina Saksonija
12566,Timoti,Zan,1951,Sjedinjene Američke Države
12567,Fric,Lejber,1910,Sjedinjene Američke Države
12568,Mihail,Kamaleev,1984,Rusija
12569,Gennadij,Perminov,1993,Rusija
12570,Anna Marija,Rou,1978,Sjedinjene Američke Države
12571,Isidor,Annenskij,1906,Savez Sovjetskih Socijalističkih Republika
12572,Fors,Mažorov,1961,Rusija
12573,Igor,Šinkarenko,1981,Rusija
12574,Boleslav,Prus,1847,Poljska
12575,Ron,Garan,1980,Italija
12576,Deniel,Robinson,1938,Sjedinjene Američke Države
12577,Pavel,Čuk,1977,Rusija
12578,Saša,Filipenko,1984,Belorusija
12579,Aleksandr,Borovskij,1951,Belorusija
12580,Joav,Ben-Dov,1960,Sjedinjene Američke Države
12581,Arnold,Zisserman,1853,Rusija
12582,Šeril,Ričardson,1963,Francuska
12583,Jakov,Butkov,1820,Ruska Imperija
12584,Asja,Kuzmina,1989,Sjedinjene Američke Države
12585,Elena,Merzljakova,1956,Sjedinjene Američke Države
12586,Svetlana,Klaas,1984,Ujedinjeno Kraljevstvo
12587,Anton,Olejnikov,1979,Rusija
12588,Aleksandr,Bauer,1974,Ujedinjeno Kraljevstvo
12589,Anna,Tolstaja,1968,Ujedinjeno Kraljevstvo
12590,Natalja,Carenko,1961,Rusija
12591,Džill,Smokler,1980,Sjedinjene Američke Države
12592,Kamilla,Lekberg,1974,Švedska
12593,Elena,Bjurger,1974,Rusija
12594,Vladimir,Nikitin,1964,Rusija
12595,Irina,Bjørnø,1951,Rusija
12596,Apollon,Majkov,1973,Rusija
12597,Viktor,Kuročkin,1923,Savez Sovjetskih Socijalističkih Republika
12598,Valentina,Moskalenko,1966,Sjedinjene Američke Države
12599,Goldi,Houn,1945,Sjedinjene Američke Države
12600,Elison Metjus,Dejvid,1977,Nemačka
12601,Olli,Ver,1962,Sjedinjene Američke Države
12602,Valerij,Aniškin,1954,Francuska
12603,Ljudmila,Šmaneva,1984,Sjedinjene Američke Države
12604,Anatolij,Skripko,1952,Belorusija
12605,Andrej,Daj,1979,Nemačka
12606,Mrs.,Molesworth,1976,Ujedinjeno Kraljevstvo
12607,Nikolaj,Talberg,1877,Srbija
12608,I.,Kulkina,1974,Ujedinjeno Kraljevstvo
12609,N.,Toropčin,1977,Nemačka
12610,Ju.,Bondarenko,1984,Nemačka
12611,O.,Lauta,1967,Rusija
12612,Piter,Volt,1989,Ujedinjeno Kraljevstvo
12613,Anna,Egorova,1998,Rusija
12614,Vitalij,Kalgin,1981,Rusija
12615,Andrej,Kovalev,1973,Sjedinjene Američke Države
12616,Aleksej,Gorbilev,1971,Francuska
12617,M.,Tetjuškin,1975,Rusija
12618,Dmitrij,Kuškin,1980,Rusija
12619,Kris,Bauers,1989,Sjedinjene Američke Države
12620,Margarita,Manuškina,1978,Rusija
12621,Fjodor,Noskov,1984,Sjedinjene Američke Države
12622,Viktorija,Šeršneva,1958,Rusija
12623,Evgenij,Karnovič,1823,Ruska Imperija
12624,Anes,Ledig,1972,Francuska
12625,Marisa,Pir,1979,Nemačka
12626,Natalja,Nusinova,1955,Rusija
12627,Vladimir,Semibratov,1939,Poljska
12628,Šivarudra,Balajogi,1971,Italija
12629,Ljudmila,Terehova,1956,Sjedinjene Američke Države
12630,Andrej,Fedoseev,1981,Ujedinjeno Kraljevstvo
12631,Irina,Andreeva,1982,Rusija
12632,Tamriko,Šoli,1968,Rusija
12633,Aleksandr,Kramor,1962,Japan
12634,Dina,Sabitova,1959,Rusija
12635,V.,Volk-Karačevskij,1987,Sjedinjene Američke Države
12636,Anatolij,Grešnevikov,1956,Rusija
12637,B.,Romanov,1973,Japan
12638,Nika,Janvarjova,1947,Rusija
12639,Evgenij,Dodolev,1989,Kanada
12640,Andrej,Ostalskij,1966,Francuska
12641,Haruki,Nakamura,1986,Sjedinjene Američke Države
12642,Valentin,Pavlov,1961,Narodna Republika Bugarska
12643,Boris,Olejnik,1934,Ukrajina
12644,Nikolaj,Rižkov,1972,Rusija
12645,Nikita,Kričevskij,1966,Sjedinjene Američke Države
12646,Antti,Tuomajnen,1971,Ujedinjeno Kraljevstvo
12647,Olga,Žemčužnaja,1970,Rusija
12648,Džejms,Nelson,1985,Ujedinjeno Kraljevstvo
12649,Stiven,Čboski,1970,Sjedinjene Američke Države
12650,Oleg,Volkov,1900,Rusija
12651,Andrej,Loburec,1994,Francuska
12652,Ernest,Klajn,1972,Sjedinjene Američke Države
12653,Julija,Aktrisa,1986,Rusija
12654,Ekaterina,Šuvalova,1970,Kanada
12655,Sajmon,Dansten,1970,Italija
12656,Džerard,Uiljams,1961,Rusija
12657,Julja,Atojan,1993,Sjedinjene Američke Države
12658,Vitalij,Bogdanovič,1974,Rusija
12659,Julija,Semenova,1966,Rusija
12660,Aleksandra,Junko,1984,Rusija
12661,Irina,Ejr,1975,Rusija
12662,Nadežda,Pelevina,1966,Rusija
12663,Džessika,Cimerman,1991,Sjedinjene Američke Države
12664,Serjal,Mote,1988,Nemačka
12665,Bin,Čžun,1971,Sjedinjene Američke Države
12666,Devid Kemeron,Džikandi,1949,Ujedinjeno Kraljevstvo
12667,Amir,Atigaev,1961,Rusija
12668,Alfija,Zusik,1951,Sjedinjene Američke Države
12669,Egor,Serebrjanskij,1996,Rusija
12670,Rafis,Ahmedov,1993,Rusija
12671,Ivan,Kotovskij,1966,Rusija
12672,Mihail,Katjuričev,1972,Rusija
12673,Aleksandr,Vaskin,1967,Sjedinjene Američke Države
12674,Vadim,Telicin,1966,Rusija
12675,Georgij,Dimitriadi,1963,Poljska
12676,Filip,Huk,1980,Srbija
12677,Aleksandr,Bondarev,1985,Kanada
12678,Vadim,Veksler,1970,Rusija
12679,Nacuo,Kirino,1951,Japan
12680,Vladimir,Janočkin,1970,Nemačka
12681,Daniel,Šjonpflug,1989,Rusija
12682,Sergej,Rižkov,1980,Sjedinjene Američke Države
12683,Reza,Aslan,1972,Iran
12684,Aleksandr,Solovej,1938,Sjedinjene Američke Države
12685,Antonina,Gluščaj,1968,Sjedinjene Američke Države
12686,Julija,Šurova,1980,Italija
12687,Lilija,Ahmetzjanova,1962,Rusija
12688,Anna,Kuzina,1980,Ukrajina
12689,Oksana,Solodovnikova,1964,Rusija
12690,Marija,Grigorenko,1982,Ujedinjeno Kraljevstvo
12691,Avgust,Kubiček,1888,Austrija
12692,Anna,Dejneka,1977,Rusija
12693,V.,Zlobin,1961,Rusija
12694,Jun,Lun,1982,Poljska
12695,Jujfen,Cen,1960,Japan
12696,Aleksandr,Starovojtov,1963,Savez Sovjetskih Socijalističkih Republika
12697,Aleksandr,Dianin-Havard,1984,Poljska
12698,Emil,Sioran,1976,Rusija
12699,Dana,Reinhardt,1987,Italija
12700,Ana,Šerri,1995,Ujedinjeno Kraljevstvo
12701,Antuan Fransua,Prevo,1697,Francuska
12702,Vanda,Drill,1962,Italija
12703,Semjon,Kaminskij,1954,Sjedinjene Američke Države
12704,Leonid,Šifman,1947,Rusija
12705,Jurij,Nesterenko,1972,Sjedinjene Američke Države
12706,Jurij,Lopoteckij,1937,Rusija
12707,Leonid,Šusterman,1940,Italija
12708,Mara,Budovskaja,1968,Sjedinjene Američke Države
12709,Izja,Šlosberg,1955,Sjedinjene Američke Države
12710,Eduard,Zolotarevskij,1971,Rusija
12711,Daniel,Vasilev,1981,Ujedinjeno Kraljevstvo
12712,Julija,Gofri,1971,Rusija
12713,Igor,Kuras,1995,Rusija
12714,Irina,Kadin,1947,Rusija
12715,Pavel,Parfin,1962,Rusija
12716,Svjatitel Simeon,Solunskij,1977,Nemačka
12717,Leonid,Žuhovickij,1988,Francuska
12718,Gleb,Eliseev,1985,Rusija
12719,Elena,Vasileva,1928,Ukrajina
12720,Andrej,Stepanov,1999,Rusija
12721,Vasilij,Razguljaev,1967,Rusija
12722,Roman,Poluektov,1933,Rusija
12723,V.,Jusupov,1968,Italija
12724,Džim,Rivera,1986,Rusija
12725,Aleksej,Samočjotov,1994,Rusija
12726,Nikola,Kornik,1978,Rusija
12727,Sergej,Stepanenko,1954,Ukrajina
12728,Sergej,Hohlačev,1972,Sjedinjene Američke Države
12729,Aleksandr,Dugin,1962,Rusija
12730,Evgenij,Čuhmanov,1955,Rusija
12731,Naina,Ilina,1987,Srbija
12732,Valerij,Dolganovskij,1992,Rusija
12733,Aleksandr,Leonov,1943,Sjedinjene Američke Države
12734,Irina,Levontina,1963,Rusija
12735,Aaron,Kemmer,1972,Nemačka
12736,Stanislav,Sirovatko,1935,Rusija
12737,Martin,Rivz,1971,Rusija
12738,Haanes,Knut,1980,Rusija
12739,Sinha,Džanmedžaja,1972,Rusija
12740,Maks,Gallo,1932,Francuska
12741,Sergej,Kručinin,1957,Savez Sovjetskih Socijalističkih Republika
12742,Kamil,Višnevskij,1963,Nemačka
12743,Ivan,Alekseev,1709,Ruska Imperija
12744,Roman,Kolganov,1989,Rusija
12745,Elina,Solmanskaja,1969,Kanada
12746,Hezer,Dimitrios,1972,Rusija
12747,Denis,Škljarenko,1982,Srbija
12748,Ljubov,Voronkova,1906,Savez Sovjetskih Socijalističkih Republika
12749,Natalja,Dvorkina,1990,Rusija
12750,Don,Silvija-Stasievič,1968,Rusija
12751,Larri,Kej,1962,Rusija
12752,Alan,Klark,1957,Rusija
12753,Mihail,Serdjukov,1951,Rusija
12754,Rouz,Makgouen,1973,Sjedinjene Američke Države
12755,Jenni,Jegerfeld,1974,Švedska
12756,Vladimir,Benediktov,1807,Ruska Imperija
12757,Anton,Beljakov,1972,Rusija
12758,Oleg,Ladonežskij,1978,Francuska
12759,Valerij,Kulikov,1996,Ujedinjeno Kraljevstvo
12760,Sara,Pejnter,1985,Rusija
12761,Aleksandr,Vojlošnikov,1938,Sjedinjene Američke Države
12762,Pavel,Lazarev,1974,Poljska
12763,Marija,Aleksandrova,1985,Francuska
12764,Anton,Rudokvas,1984,Rusija
12765,Andrej,Ribalov,1975,Rusija
12766,Edvin,Lefevr,1871,Sjedinjene Američke Države
12767,Vilen,Ivanov,1986,Ujedinjeno Kraljevstvo
12768,Olga,Dobrosovestnaja,1984,Rusija
12769,Evgenij,Agnin,1983,Francuska
12770,Alisa,Metelina,1982,Sjedinjene Američke Države
12771,Tatjana,Pomisova,1949,Ujedinjeno Kraljevstvo
12772,Džordžiana,Zolomon,1969,Sjedinjene Američke Države
12773,Natalija,Subbotovskaja,1978,Rusija
12774,Ekaterina,Birman,1972,Ujedinjeno Kraljevstvo
12775,Dmitrij,Fomičev,1966,Rusija
12776,Elena,Fomičeva,1986,Ujedinjeno Kraljevstvo
12777,Nikolaj,Bojkov,1964,Francuska
12778,Govard,Dakota,1933,Ujedinjeno Kraljevstvo
12779,Irina,Bessonova,1963,Rusija
12780,Olga,Kniš,1973,Sjedinjene Američke Države
12781,Žoris,Gjuismans,1848,Francuska
12782,Elan,Mestaj,1974,Kanada
12783,Dmitrij,Osincev,1977,Rusija
12784,Jurij,Šipicin,1976,Rusija
12785,Anastasija,Šipicina,1965,Francuska
12786,Aleks,Brik,1977,Ujedinjeno Kraljevstvo
12787,Nikolaj,Linde,1962,Sjedinjene Američke Države
12788,Valentin,Žukov,1959,Nemačka
12789,Evgenij,Čazov,1929,Rusija
12790,Džej,Ešer,1975,Sjedinjene Američke Države
12791,Tatjana,Senina,1971,Kanada
12792,Vlad,Emir,1939,Srbija
12793,Andrej,Artamonov,1965,Rusija
12794,Karl,Maj,1946,Sjedinjene Američke Države
12795,Elena,Lopuhina,1925,Italija
12796,P.,Starikov,1970,Ujedinjeno Kraljevstvo
12797,Tatjana,Buckaja,1966,Srbija
12798,Marti,Njumejer,1947,Sjedinjene Američke Države
12799,Katrina,Kadmor,1977,Ujedinjeno Kraljevstvo
12800,Vladimir,Gorbačjov,1950,Rusija
12801,Sergej,Krasilnikov,1963,Srbija
12802,Vita,Morris,1935,Francuska
12803,Pavel,Krusanov,1976,Rusija
12804,Oleg,Zobern,1973,Poljska
12805,Jurij,Čurbanov,1969,Rusija
12806,Aleksej,Ivančev,1967,Nemačka
12807,Čarlz,Dann,1974,Ujedinjeno Kraljevstvo
12808,Džon,Kejns,1964,Nemačka
12809,Caj Ci,Žun,1970,Rusija
12810,Fred,Kofman,1956,Rusija
12811,Maks,Brod,1884,Izrael
12812,Jurij,Medvedev,1996,Češka
12813,Alla,Matveeva,1984,Francuska
12814,Džon,Kotling,1975,Italija
12815,Valeri,Sanvoli,1976,Rusija
12816,Jakov,Brjus,1948,Rusija
12817,Aleksej,Purusov,1980,Nemačka
12818,Tatjana,Doronova,1982,Rusija
12819,Džejkob,Liberman,1962,Sjedinjene Američke Države
12820,Džon,Fleming,1785,Ujedinjeno Kraljevstvo Velike Britanije i Irske
12821,Andrej,Kapustin,1978,Rusija
12822,Aleksandra,Arno,1982,Rusija
12823,Alla,Sokolova,1936,Ukrajina
12824,Natalija,Stepanova,1943,Nemačka
12825,Georgij,Branihin,1973,Rusija
12826,Nil,Klejd,1962,Sjedinjene Američke Države
12827,Helen,Tvorkov,1986,Francuska
12828,Grigorij,Dondin,1989,Rusija
12829,Aleksandr,Jusupov,1982,Sjedinjene Američke Države
12830,Serafima,Orlova,1963,Rusija
12831,Denis,Lukaševič,1985,Rusija
12832,Oleg,Gajduk,1986,Nemačka
12833,Filipp,Li,1980,Rusija
12834,Dinara,Kasmasova,1991,Ujedinjeno Kraljevstvo
12835,Ketrin,Grej,1964,Rusija
12836,Aleksej,Kurilko,1947,Rusija
12837,Valentin,Lavrov,1944,Poljska
12838,Aleksej,Gorjajnov,1794,Rusija
12839,Aleksandr,Lapin,1964,Rusija
12840,G.,Samsigina,1971,Sjedinjene Američke Države
12841,Aleksej,Čapigin,1908,Francuska
12842,Lev,Prigunov,1939,Rusija
12843,arhiepiskop Juvenalij,(Kilin),1873,Ujedinjeno Kraljevstvo
12844,Šejn,Douson,1988,Sjedinjene Američke Države
12845,Andrej,Bilžo,1953,Rusija
12846,Anatolij,Utkin,1975,Ujedinjeno Kraljevstvo
12847,Ilja,Ivanov,1949,Francuska
12848,Oleg,Stenjaev,1964,Sjedinjene Američke Države
12849,Ivan,Kalašnikov,1975,Rusija
12850,Vladimir,Safonov,1935,Rusija
12851,Stanislav,Grabovskij,1975,Francuska
12852,Julija,Beljaninova,1955,Japan
12853,Ežen,Sju,1804,Francuska
12854,Martin,Hajdegger,1889,Nemačka
12855,Rodžer,Sajp,1972,Sjedinjene Američke Države
12856,Irina,Vinokurova,1995,Rusija
12857,Hizer,Džons,1961,Italija
12858,Ričard,Brotigan,1935,Sjedinjene Američke Države
12859,Klara,Remjuza,1950,Ujedinjeno Kraljevstvo
12860,Viktor,Baženov,1946,Rusija
12861,Elena,Selestin,1979,Rusija
12862,Aleksandr,Sidorenkov,1981,Rusija
12863,Džon,Kristofer,1922,Ujedinjeno Kraljevstvo
12864,Rihard,Pišel,1849,Kraljevina Pruska
12865,Nadežda,Nadeždina,1905,Savez Sovjetskih Socijalističkih Republika
12866,Natalja,Zemljanika,1981,Ujedinjeno Kraljevstvo
12867,Dmitrij,Spiridonov,1953,Ujedinjeno Kraljevstvo
12868,Svetlana,Serebrjakova,1967,Rusija
12869,Kristofer,Stjuart,1963,Srbija
12870,Mihail,Gumbin,1964,Rusija
12871,N.,Kočetkova,1984,Rusija
12872,Artem,Kozlov,1969,Rusija
12873,Igor,Poljakov,1984,Ujedinjeno Kraljevstvo
12874,Maksvell,Džonson,1932,Sjedinjene Američke Države
12875,Linda,Holms,1959,Sjedinjene Američke Države
12876,Igor,Šafarevič,1923,Rusija
12877,Sergej,Polotovskij,1981,Rusija
12878,Roman,Kozak,1984,Sjedinjene Američke Države
12879,Anna,Grem,1963,Rusija
12880,Endi,Uorhol,1928,Sjedinjene Američke Države
12881,Svetlana,Avdjukova,1964,Rusija
12882,Vitalij,Zabirko,1969,Rusija
12883,Natalija,Sokolovskaja,1960,Sjedinjene Američke Države
12884,Mišel,Pasturo,1947,Francuska
12885,Denіel,Pіnk,1953,Kanada
12886,Vjačeslav,Žerebjatnikov,1947,Kanada
12887,Džejms,Braun,1957,Sjedinjene Američke Države
12888,Ljudmila,Maleckaja,1958,Poljska
12889,Robert,Holden,1958,Italija
12890,Sofija,Velardi,1965,Ujedinjeno Kraljevstvo
12891,Pavel,Jork,1986,Srbija
12892,P.,Bunin,1887,Poljska
12893,Viktor,Grišin,1914,Savez Sovjetskih Socijalističkih Republika
12894,Oleg,Telemskij,1990,Sjedinjene Američke Države
12895,Nikolas,Gudrik-Klark,1953,Ujedinjeno Kraljevstvo
12896,Julija,Maskaeva,1963,Rusija
12897,Viljam A.,Ingling,1975,Ujedinjeno Kraljevstvo
12898,Žan,Žene,1910,Francuska
12899,Julija,Saveleva,1969,Rusija
12900,Aleksej,Levin,1978,Rusija
12901,Elen,Miller,1958,Rusija
12902,Džejn,Korri,1976,Rusija
12903,Olga,Dergačeva,1958,Francuska
12904,Evgenija,Poljanina,1992,Ujedinjeno Kraljevstvo
12905,Julija,Bekenskaja,1986,Ujedinjeno Kraljevstvo
12906,Evgenij,Žigilij,1961,Francuska
12907,Natalja,Semenova,1978,Sjedinjene Američke Države
12908,Anastasija,Poljanina,1969,Italija
12909,Valentina,Gradovič,1928,Rusija
12910,Ljudmila,Cehanovič,1977,Francuska
12911,Robert,Makkenzi,1983,Francuska
12912,Nikolaj,Taratuhin,1995,Rusija
12913,Nadežda,Majskaja,1958,Sjedinjene Američke Države
12914,Bendžamin,Spoll,1961,Rusija
12915,Majkl,Ksander,1989,Rusija
12916,Džejms,Herriot,1916,Ujedinjeno Kraljevstvo
12917,Galina,Lazareva,1930,Rusija
12918,S.,Sizikumova,1961,Ujedinjeno Kraljevstvo
12919,O.,Anaškina,1974,Nemačka
12920,G.,Trofimova,1960,Francuska
12921,Jakob,Burkhard,1994,Rusija
12922,Dmitrij,Samohin,1978,Rusija
12923,Mihail,Šejtelman,1982,Rusija
12924,Sergej,Beljakov,1976,Rusija
12925,Karina,Sarsenova,1975,Rusija
12926,Alisa,Belova,1958,Rusija
12927,Svetlana,Kovalevskaja,1929,Savez Sovjetskih Socijalističkih Republika
12928,Sergej,Zamjatin,1982,Rusija
12929,V.,Kozlova,1985,Francuska
12930,Eka,Kurniavan,1975,Indonezija
12931,Krista La,Tormenta,1953,Sjedinjene Američke Države
12932,Amita,Trasi,1973,Sjedinjene Američke Države
12933,Sergej,Fateev,1973,Francuska
12934,Natalja,Efremova,1961,Francuska
12935,Renat,Šagabutdinov,1995,Rusija
12936,Anna,Berestova,1936,Ujedinjeno Kraljevstvo
12937,Pavel,Močalov,1960,Rusija
12938,Evgenija,Levitan,1996,Ujedinjeno Kraljevstvo
12939,Ljuis,Kori,1979,Rusija
12940,Oleg,Taraban,1974,Francuska
12941,Vitalij,Jurev,1973,Sjedinjene Američke Države
12942,Debora,Kennedi,2000,Australija
12943,Olga,Bojanova,1987,Ujedinjeno Kraljevstvo
12944,Georgij,Kanenas,1951,Rusija
12945,Anna,Nikonova,1982,Sjedinjene Američke Države
12946,Katerina,Fedotova,1983,Sjedinjene Američke Države
12947,Džiddu,Krišnamurti,1895,Indija
12948,Valentin,Gurži,1979,Poljska
12949,Džulija,Lendon,1977,Ujedinjeno Kraljevstvo
12950,Džejn,Fejzer,1968,Francuska
12951,Sabrina,Džeffris,1984,Italija
12952,Ulugbek,Ersaliev,1958,Ujedinjeno Kraljevstvo
12953,Maksim,Kuznecov,1981,Rusija
12954,Igor,Simdjanov,1962,Rusija
12955,Uolter,Ajzekson,1952,Sjedinjene Američke Države
12956,Zinaida,Soks,1992,Francuska
12957,Elena,Rahmanova,1970,Sjedinjene Američke Države
12958,Boris,Georgiev,1982,Bugarska
12959,Aron,Šemajer,1972,Rusija
12960,Jakov,Budnickij,1970,Ujedinjeno Kraljevstvo
12961,Julianna,Pliskina,1986,Ujedinjeno Kraljevstvo
12962,Svetlana,Snegova,1946,Rusija
12963,A.,Erohin,1931,Francuska
12964,Natalja,Detskaja,1937,Rusija
12965,Cet,Ctivens-Davidovic,1989,Rusija
12966,Sasha,Lirej,1987,Rusija
12967,Evgenij,Stasenko,1977,Ujedinjeno Kraljevstvo
12968,Viljam,Šekspir,1946,Rusija
12969,L.,Mihno,1967,Ujedinjeno Kraljevstvo
12970,I.,Levšin,1981,Rusija
12971,A.,Polikarpočkin,1968,Ujedinjeno Kraljevstvo
12972,D.,Elistratov,1985,Ujedinjeno Kraljevstvo
12973,S.,Aškinazi,1970,Ujedinjeno Kraljevstvo
12974,Mihail,Kazakov,1931,Sjedinjene Američke Države
12975,Fedor,Plevako,1989,Ujedinjeno Kraljevstvo
12976,Julija,Tregubova,1965,Rusija
12977,Aleksej,Fedotov,1976,Rusija
12978,Salavat,Vahitov,1963,Rusija
12979,Endless,Rejn,1964,Sjedinjene Američke Države
12980,Ljubov,Nevskaja,1980,Sjedinjene Američke Države
12981,Nikolaj,Ignatkov,1975,Rusija
12982,Alina,Sičjova,1955,Rusija
12983,Kejtlin Bitner,Rot,1985,Sjedinjene Američke Države
12984,Aleksandr,Stražnij,1965,Ujedinjeno Kraljevstvo
12985,Boris,Poluhin,1963,Ujedinjeno Kraljevstvo
12986,Natalja,Viktorova,1976,Sjedinjene Američke Države
12987,Jul,Valerin,1980,Nemačka
12988,Nejtan,Hill,1975,Sjedinjene Američke Države
12989,Nadežda,Filatova,1982,Sjedinjene Američke Države
12990,Nastasja,Dobrova,1974,Ujedinjeno Kraljevstvo
12991,Vladimir,Littauer,1953,Francuska
12992,Mihail,Lomonosov,1711,Ruska Imperija
12993,Martin,Emis,1949,Ujedinjeno Kraljevstvo
12994,Igor,Zjabnev,1978,Japan
12995,Larisa,Maksimova,1943,Rusija
12996,Georg fon,Konrat,1936,Francuska
12997,Nikolaj,Postovoj,1980,Francuska
12998,Pol,Sjuard,1988,Srbija
12999,Piter,Frederik,1967,Ujedinjeno Kraljevstvo
13000,Stas,Milan,1930,Nemačka
13001,Roman,Stepanenko,1985,Rusija
13002,Anna,Kotenjova,1968,Rusija
13003,Aleksandr,Nikišov,1960,Poljska
13004,Ekaterina,Kozina,1980,Ujedinjeno Kraljevstvo
13005,Artem,BO,1987,Sjedinjene Američke Države
13006,Viktor,Savčenko,1978,Poljska
13007,Karena,Ros,1974,Ujedinjeno Kraljevstvo
13008,Mihail,Nikolaev,1937,Rusija
13009,Tatjana,Andreeva,1950,Ukrajina
13010,Mihail,Grebenjuk,1982,Rusija
13011,Mjurrej,Stajn,1943,Sjedinjene Američke Države
13012,Marija,Večkanova,1993,Ujedinjeno Kraljevstvo
13013,Vladislav,Belic,1981,Rusija
13014,Zalina,Maršenkulova,1986,Rusija
13015,Boris,Glebov,1980,Rusija
13016,Ivan,Ščukin,1965,Rusija
13017,Margarita,Žarkih,1976,Nemačka
13018,Tomas,Morris,1977,Ujedinjeno Kraljevstvo
13019,Elizabet,Messi,1953,Sjedinjene Američke Države
13020,Aleksej,Pleščeev,1825,Ruska Imperija
13021,Sergej,Baburin,1959,Rusija
13022,Alina,Lanskaja,1993,Rusija
13023,Aleksandr,Vavilov,1976,Nemačka
13024,Den,Kennedi,1954,Rusija
13025,Dmitrij,Karasjuk,1935,Rusija
13026,Irina,Puškareva,1961,Francuska
13027,Marina,Vnukova,1974,Rusija
13028,Stiven,Kincer,1963,Sjedinjene Američke Države
13029,Alina,Komarova,1938,Ukrajina
13030,Hemmond,Innes,1913,Ujedinjeno Kraljevstvo
13031,Vladimir,Mau,1959,Rusija
13032,Marina,Krasnova,1942,Rusija
13033,Elena,Beljanskaja,1942,Ujedinjeno Kraljevstvo
13034,Marianna,Bor-Pazdnikova,1978,Rusija
13035,Evgenij,Francev,1982,Sjedinjene Američke Države
13036,Julija,Malceva,1971,Rusija
13037,Marija,Bellonči,1936,Rusija
13038,A.,Šavin,1961,Francuska
13039,Majkl,Sims,1958,Sjedinjene Američke Države
13040,Sergej,Izugrafov,1972,Sjedinjene Američke Države
13041,Elina,Fajzullina,1987,Rusija
13042,Evgenija,Moreva,1973,Nemačka
13043,Mihail,Širokij,1966,Italija
13044,Sofi,Korinnaja,1967,Sjedinjene Američke Države
13045,Lemoni,Sniket,1933,Italija
13046,Natalja,Baklina,1946,Rusija
13047,Aleksandr,Ivin,1955,Rusija
13048,Ivan,Goldenberg,1934,Rusija
13049,Lora,Gurk,1965,Ujedinjeno Kraljevstvo
13050,Erik,Sund,1962,Italija
13051,Alfred,Adler,1870,Austrija
13052,Aleksandr,Džejms,1901,Ujedinjeno Kraljevstvo
13053,Olga,Slavina,1980,Rusija
13054,Džejson,Gudvin,1975,Sjedinjene Američke Države
13055,Artur,Alehin,1947,Rusija
13056,Natalja,Minskaja,1980,Nemačka
13057,Simon,Solovejčik,1936,Rusija
13058,Šeron,Maksvell-Magnus,1970,Rusija
13059,Elena,Kovičeva,1986,Rusija
13060,Bob,Fjusel,1941,Poljska
13061,Džim,Viš,1967,Ujedinjeno Kraljevstvo
13062,Elena,Galliadi,1951,Rusija
13063,Nikolaj,Pastuhov,1923,Rusija
13064,Kortni,Hartford,1979,Ujedinjeno Kraljevstvo
13065,Dmitrij,Nikulin,1970,Rusija
13066,M.,Bigeeva,1963,Sjedinjene Američke Države
13067,S.,Gluščenko,1972,Francuska
13068,B.,Lamihov,1969,Rusija
13069,E.,Matikina,1975,Nemačka
13070,Allan,Fromm,1962,Rusija
13071,Džoan,Dežan,1960,Ujedinjeno Kraljevstvo
13072,Maksim,Aleksašin,1992,Rusija
13073,Daniil,Andreev,1906,Savez Sovjetskih Socijalističkih Republika
13074,Ekaterina,Gureeva,1968,Sjedinjene Američke Države
13075,Oksana,Maks,1980,Rusija
13076,Rahamim,Emanuilov,1982,Sjedinjene Američke Države
13077,Andrej,Jašlavskij,1961,Rusija
13078,Andrej,Larionov,1987,Sjedinjene Američke Države
13079,Irina,Grigoreva,1975,Rusija
13080,Andrej,Telegin,1947,Francuska
13081,Oleg,Vajnberg,1993,Rusija
13082,Lana,Kaplan,1976,Italija
13083,Marija,Savina,1955,Rusija
13084,Sofi,Džekson,1996,Ujedinjeno Kraljevstvo
13085,Mariz,Konde,1934,Francuska
13086,Ekaterina,Verhova,1992,Rusija
13087,Nikolaj,Betenekov,1995,Sjedinjene Američke Države
13088,Jurij,Belojvan,1974,Rusija
13089,Elena,Kolpakova,1955,Ukrajina
13090,Grigorij,Kuznecov,1982,Italija
13091,Petr,Efimičev,1966,Poljska
13092,Sergej,Efimičev,1955,Nemačka
13093,Petr,Vanicin,1948,Rusija
13094,Luis,Suares,1954,Brazil
13095,Andrej,Tungusov,1967,Sjedinjene Američke Države
13096,Sergej,Jurčik,1991,Rusija
13097,Nil,Šusterman,1962,Sjedinjene Američke Države
13098,Dmitrij,Bojko,1980,Ujedinjeno Kraljevstvo
13099,Ljudvig,Pavelčik,1964,Rusija
13100,Sekst,Propercij,1964,Antički Rim
13101,Evelina,Mhitarjanc,1993,Srbija
13102,Boris,Levandovskij,1964,Rusija
13103,Julija,Lihačeva,1990,Rusija
13104,Roman,Tretjakov,1979,Rusija
13105,Igor,Čubaha,1972,Sjedinjene Američke Države
13106,Dian,Djukre,1982,Francuska
13107,Frančeska,Zappia,1975,Ujedinjeno Kraljevstvo
13108,Jacek,Komuda,1979,Sjedinjene Američke Države
13109,Andrej,Sinelnikov,1961,Poljska
13110,Stanislav,Drobiševskij,1983,Sjedinjene Američke Države
13111,Ivan,Lebedenko,1960,Rusija
13112,Dmitrij,Hazanov,1954,Rusija
13113,Nikolaj,Gluharev,1974,Rusija
13114,Vasilij,Emeljanenko,1951,Sjedinjene Američke Države
13115,Alla,Lagutina,1977,Srbija
13116,Marija,Dubinina,1911,Sjedinjene Američke Države
13117,Sora,Naumova,1993,Sjedinjene Američke Države
13118,Apollon,Kuzmin,1968,Francuska
13119,Petr,Blek,1989,Rusija
13120,Boris,Černjatev,1981,Italija
13121,Elena,Radkovskaja,1974,Rusija
13122,Olga,Ljubimaja,1961,Sjedinjene Američke Države
13123,Dora,Štramm,1992,Rusija
13124,Alisa,Odincova,1974,Ujedinjeno Kraljevstvo
13125,Galina,Himičeva,1991,Francuska
13126,Anaben,Rič,1974,Rusija
13127,Vsevolod,Osminkin,1938,Rusija
13128,Aleksej,Kapranov,1993,Rusija
13129,Džon,Perkins,1971,Rusija
13130,Sjuzen,Lindauer,1969,Nemačka
13131,Stiv,Piters,1985,Rusija
13132,Sergofan,Prokudin,1936,Ujedinjeno Kraljevstvo
13133,Džudit,Herrin,1942,Ujedinjeno Kraljevstvo
13134,Inna,Bucikina,1933,Ujedinjeno Kraljevstvo
13135,Dmitrij,Vološin,1979,Rusija
13136,Dmitrij,Moskalenko,1937,Rusija
13137,Aleksandr,Kazakevič,1986,Litvanija
13138,Nikolaj,Omelin,1976,Nemačka
13139,Aleksandr Kalinin –,Rusakov,1993,Rusija
13140,Peter,Keler,1989,Sjedinjene Američke Države
13141,Viktorija,Karelova,1976,Ujedinjeno Kraljevstvo
13142,Luiza,Džordž,1988,Srbija
13143,Ksenija,Kaspari,1977,Srbija
13144,Alina,Smirnova,1972,Rusija
13145,Grigorij,Borzenko,1987,Rusija
13146,Mett,Ridli,1958,Ujedinjeno Kraljevstvo
13147,Džon,Grešem,1992,Rusija
13148,Pavel,Sapunov,1976,Nemačka
13149,Diana,Grimm,1940,Nemačka
13150,Sergej i Dina,Volsini,1954,Kanada
13151,Svetlana,Nesterova,1945,Rusija
13152,Julija,Kolesnikova,1921,Rusija
13153,Pavel,Sjomin,1970,Rusija
13154,Vladimir,Čirkov,1958,Rusija
13155,Viktor,Korjačkin,1981,Ujedinjeno Kraljevstvo
13156,E.,Volkova,1954,Nemačka
13157,Vinni,Li,1948,Sjedinjene Američke Države
13158,Piter,Kelder,1966,Rusija
13159,Marija,Sakritina,1977,Italija
13160,Nadežda,Kalinina,1982,Rusija
13161,Aleksandr,Žuravlev,1977,Rusija
13162,Karl,Levitin,1980,Rusija
13163,Nikolaj,Tarabukin,1895,Rusija
13164,Anna,Popova,1986,Rusija
13165,Virhinija,Valeho,1949,Kolumbija
13166,Andreas,Vajgend,1968,Ujedinjeno Kraljevstvo
13167,Džon,Ejkaff,1901,Sjedinjene Američke Države
13168,Pavel,Gorbačev,1931,Rusija
13169,Sergej,Bešljaga,1984,Rusija
13170,Olga,Vasina,1976,Rusija
13171,Julija,Nikolaeva,1986,Rusija
13172,Eva,Baš,1988,Rusija
13173,Rene,Gosinni,1926,Francuska
13174,Alisa,Radina,1947,Rusija
13175,Valerij,Rižkov,1969,Srbija
13176,Galina,Vdovičenko,1966,Rusija
13177,Sjuzen,Jang,1956,Kanada
13178,Marina,Darkevič,1973,Rusija
13179,Denis,Ivašin,1979,Belorusija
13180,Sergej,Želonkin,1972,Sjedinjene Američke Države
13181,Oleg,Leontev,1963,Sjedinjene Američke Države
13182,Svjatoslav,Plavinskij,1960,Poljska
13183,Anna,Barinova,1982,Nemačka
13184,Viktorija,Savina,1957,Rusija
13185,Dmitrij,Viter,1957,Ujedinjeno Kraljevstvo
13186,Vladislav,Ženevskij,1984,Rusija
13187,Igor,Kremencov,1979,Rusija
13188,Dmitrij,Mordas,1935,Italija
13189,Aleksej,Provotorov,1958,Ujedinjeno Kraljevstvo
13190,Aleksandr,Kamradov,1982,Rusija
13191,Gleb,Alekseev,1871,Rusija
13192,Valerij,Bronnikov,1975,Italija
13193,Viktorija,Butenko,1964,Rusija
13194,Uiljam,Bejts,1970,Sjedinjene Američke Države
13195,E.,Kozlova,1988,Sjedinjene Američke Države
13196,Natalja,Kurbatova,1981,Ujedinjeno Kraljevstvo
13197,Torsten,Gavener,1963,Sjedinjene Američke Države
13198,Denis,Novikov,2000,Rusija
13199,Linda,Hau,1959,Rusija
13200,Aleksej,Poljarinov,1987,Rusija
13201,Evgenij,Čitinskij,1986,Rusija
13202,Igor,Funt,1968,Sjedinjene Američke Države
13203,Julija,Poterjanko,1973,Rusija
13204,Deniel,Harper,1955,Sjedinjene Američke Države
13205,Čaes,Šbust,1981,Sjedinjene Američke Države
13206,Aleskender,Ramazanov,1963,Poljska
13207,Elrida,Morozova,1960,Rusija
13208,Denis,Emeljanov,1937,Rusija
13209,Jurij,Kurik,1980,Rusija
13210,Rozalin,Majlz,1943,Ujedinjeno Kraljevstvo
13211,Olga,Agdasi,1969,Nemačka
13212,Natalja,Arabadži,1957,Sjedinjene Američke Države
13213,Blažennij,Avgustin,1963,Srbija
13214,Rita,Naver,1979,Italija
13215,Franc,Bengtsson,1894,Švedska
13216,Maksvell,Braun,1982,Ujedinjeno Kraljevstvo
13217,Deniel,Sigel,1973,Sjedinjene Američke Države
13218,Tina,Brajson,1966,Ujedinjeno Kraljevstvo
13219,Anastasija,Sičjova,1963,Rusija
13220,Majja,Benks,1984,Rusija
13221,Anatolij,Levenčuk,1989,Sjedinjene Američke Države
13222,Aleksandr,Čašin,1971,Rusija
13223,Vladislav,Šurigin,1975,Italija
13224,Leonid,Ivašov,1979,Srbija
13225,Ališer,Abdaliev,1987,Rusija
13226,Galina,Gordienko,1970,Rusija
13227,Kazimir,Malevič,1879,Savez Sovjetskih Socijalističkih Republika
13228,Erik de,Kermel,1984,Rusija
13229,Irina,Pugina,1965,Nemačka
13230,Klara,Grimm,1967,Sjedinjene Američke Države
13231,Matvej,Severjanin,1976,Rusija
13232,Vjačeslav,Koževnikov,1930,Rusija
13233,Aleksandr,Balašov,1938,Nemačka
13234,Anna,Ivženko,1960,Sjedinjene Američke Države
13235,Anna,Švedova,1987,Francuska
13236,Orlov,Rodogoj,1966,Nemačka
13237,Debra,Kouen,1980,Rusija
13238,Julia,Ch,1979,Ujedinjeno Kraljevstvo
13239,Bernadett,Mjorfi,1975,Rusija
13240,Elison,Gudman,1966,Australija
13241,Andrej,Sergeevcev,1988,Rusija
13242,Vladimir,Losev,1961,Rusija
13243,Sofja,Čariševa,1975,Rusija
13244,Maksim,Redko,1986,Rusija
13245,Mikael,Lone,1969,Rusija
13246,Svetlana,Silanteva,1966,Srbija
13247,Katerina,Soljanik,1981,Italija
13248,Anatolij,Beljakov,1992,Rusija
13249,Ivan,Urgant,1978,Rusija
13250,Brajan,Kan,1976,Rusija
13251,Genri,Longfello,1807,Sjedinjene Američke Države
13252,Tatjana,Koškina,1994,Italija
13253,Natalija,Černikova,1989,Ujedinjeno Kraljevstvo
13254,Andrej,Sivakov,1974,Rusija
13255,Aja,Soulen,1969,Sjedinjene Američke Države
13256,Dmitrij,Rjabih,1957,Sjedinjene Američke Države
13257,Vilgelm,Kejtel,1882,Nemačka
13258,Aleksandr,Pronin,1968,Francuska
13259,Serafima,Mira,1970,Sjedinjene Američke Države
13260,Fued,Gafaiti-Oranskij,1972,Italija
13261,Ksenija,Pominova,1980,Ujedinjeno Kraljevstvo
13262,Aleksej,Popov,1974,Rusija
13263,Anastasija,Klejman,1995,Ujedinjeno Kraljevstvo
13264,Anton,Hritankov,1931,Nemačka
13265,Valentin,Poležaev,1966,Poljska
13266,Andrej,Andrianov,1917,Savez Sovjetskih Socijalističkih Republika
13267,Elina,Fleš,1983,Rusija
13268,Avram,Devidson,1984,Nemačka
13269,Piter,Bigl,1939,Sjedinjene Američke Države
13270,Semjuel,Dileni,1982,Sjedinjene Američke Države
13271,Marija,Hedli,1964,Ujedinjeno Kraljevstvo
13272,Nnedi,Okorafor,1974,Sjedinjene Američke Države
13273,Entoni,Bučer,1911,Sjedinjene Američke Države
13274,Gaan,Uilson,1963,Sjedinjene Američke Države
13275,Frenk,Stokton,1958,Srbija
13276,Megan,Kerašigej,1974,Poljska
13277,Nalo,Hopkinson,1960,Kanada
13278,Valentina,Kazakova,1973,Sjedinjene Američke Države
13279,Tomas,Evans,1840,Francuska
13280,Robert,Hofrihter,1962,Rusija
13281,Julija,Asoskova,1982,Francuska
13282,Eten,Lamondua,1949,Nemačka
13283,Haruki,Kanagava,1987,Rusija
13284,Lili,Blejk,1978,Sjedinjene Američke Države
13285,Vladimir,Šehov,1967,Rusija
13286,Laura,Džekson,1979,Rusija
13287,Igor,Stenli,1989,Sjedinjene Američke Države
13288,Pola,Lillard,1956,Rusija
13289,Linn,Džessen,1964,Rusija
13290,Tjoma,Šumov,1987,Ujedinjeno Kraljevstvo
13291,Nina,Stožkova,1968,Rusija
13292,T.,Eker,1954,Kanada
13293,Natalja,Gorbačeva,1956,Rusija
13294,Julija,Efimova,1982,Rusija
13295,Šarlott,Armstrong,1982,Italija
13296,Džadson,Filips,1903,Sjedinjene Američke Države
13297,Hju,Pentekost,1937,Sjedinjene Američke Države
13298,Ervin,Stavinskij,1972,Srbija
13299,Martin,Ingvar,1983,Rusija
13300,Gunilla,Eld,1962,Rusija
13301,Patrik,Gardiner,1922,Ujedinjeno Kraljevstvo
13302,Natalja,Manuhina,1975,Sjedinjene Američke Države
13303,Vladimir,Kantor,1960,Italija
13304,Konstantin,Štolc,1968,Rusija
13305,Oleg,Ribakov,1962,Poljska
13306,Sajmon Van,Boj,1974,Rusija
13307,Majkl,Finkel,1979,Rusija
13308,Akajo,Vatanabe,1944,Poljska
13309,Sergej,Gorbonos,1970,Rusija
13310,Aljona,Vodonaeva,1982,Rusija
13311,Askar,Ermagambetov,1980,Srbija
13312,M.,Vačagaev,1971,Rusija
13313,AnnA,Tukina,1987,Rusija
13314,Elison Rouz,Svič,1977,Italija
13315,Džuli,Miller,1956,Sjedinjene Američke Države
13316,Sergej,Fadeev,1958,Srbija
13317,Valerij,Melentev,1951,Sjedinjene Američke Države
13318,Džozef,Konrad,1857,Poljska
13319,Irina,Malceva,1987,Rusija
13320,Lana,Mamberger,1951,Francuska
13321,Konstantin,Tupikin,1995,Rusija
13322,Žanna,Lebedeva,1975,Rusija
13323,S.,Zaharova,1934,Rusija
13324,N.,Somenkova,1944,Ujedinjeno Kraljevstvo
13325,Natalja,Vediščeva,1991,Rusija
13326,Aleksandr,Ševjakin,1979,Srbija
13327,Nelli,Kopejkina,1984,Rusija
13328,Kerol,Brant,1956,Rusija
13329,Elena,Mejsak,1933,Italija
13330,Pajper,Kerman,1969,Sjedinjene Američke Države
13331,Nika,Šmeljova,1931,Rusija
13332,Vitalij,Romanov,1931,Savez Sovjetskih Socijalističkih Republika
13333,Maksim,Temčenko,1960,Francuska
13334,Julija,Rahaeva,1944,Francuska
13335,Viktor,Trostnikov,1974,Rusija
13336,Gennadij,Šimanov,1976,Rusija
13337,Ruud,Gullit,1962,Kraljevina Holandija
13338,Sergej,Mihaljov,1932,Rusija
13339,Natalie,Esenina,1934,Sjedinjene Američke Države
13340,Petra,Hammesfar,1951,Nemačka
13341,Igor,Šipovskih,1965,Japan
13342,Margarita,Šilovskaja,1932,Poljska
13343,Svetlana,Orlova,1930,Rusija
13344,Andrej,Tarasov,1989,Ujedinjeno Kraljevstvo
13345,Kurban,Omarov,1993,Srbija
13346,Aleks,Git,1967,Ujedinjeno Kraljevstvo
13347,Lilija,Iljušina,1991,Kanada
13348,Molli,Evans,1978,Ujedinjeno Kraljevstvo
13349,Tatjana,Makarova,1958,Rusija
13350,Šeri,Oberlin,1940,Rusija
13351,Rudolf,Balandin,1976,Nemačka
13352,Olga,Alifanova,1994,Nemačka
13353,Džejms,Berns,1971,Ujedinjeno Kraljevstvo
13354,Marina,Vladimirova,1964,Rusija
13355,Aleksandr,Filičkin,1980,Rusija
13356,Ekaterina,Frolova,1956,Sjedinjene Američke Države
13357,Konstantin,Čangmajskij,1989,Sjedinjene Američke Države
13358,Julija,Čangmajskaja,1964,Rusija
13359,Anatolij,Malovičko,1959,Sjedinjene Američke Države
13360,Ejlin,Levi,1980,Nemačka
13361,Robin,Norvud,1945,Sjedinjene Američke Države
13362,Aleksej,Minčenkov,1971,Rusija
13363,Roman,Solovev,1965,Rusija
13364,Marija,Rotter,1970,Italija
13365,Vlad,Valov,1943,Poljska
13366,Irina,Ostroveckaja,1935,Francuska
13367,Nellja,Lisenko,1967,Rusija
13368,Aleksandra,Nikolaenko,1996,Rusija
13369,Alisa,Bird,1959,Rusija
13370,Jurij,Šurupov,1960,Rusija
13371,Aleksej,Burdaev,1966,Rusija
13372,Loren,Čajld,1986,Rusija
13373,Valerij,Atamaškin,1995,Rusija
13374,Aleksej,Multin,1972,Francuska
13375,Igor,Pivovar,1957,Rusija
13376,Nil,Uajt,1966,Kanada
13377,Vasilij,Dolinko,1974,Rusija
13378,Džejms,Barri,1741,Ujedinjeno Kraljevstvo Velike Britanije i Irske
13379,Tatjana 100,Roževa,1986,Rusija
13380,Valerij,Ovečkin,1978,Rusija
13381,Lilija,Šelmina,1963,Rusija
13382,Nikolaj,Balašov,1971,Rusija
13383,Andrej,Žukov,1969,Rusija
13384,Anatolij,Vlasov,1929,Rusija
13385,Tatjana,Guščina,1981,Sjedinjene Američke Države
13386,Ekaterina,Rečickaja,1962,Italija
13387,Džuzeppe,Boffa,1923,Italija
13388,Aleksandra,Krjučkova,1984,Nemačka
13389,Prohor,Frodov,1971,Rusija
13390,Vlad,Titov,1972,Italija
13391,Kondratij,Rileev,1795,Ruska Imperija
13392,Timoti,Ričards,1975,Rusija
13393,Žan-Per,Ganon,1980,Sjedinjene Američke Države
13394,Sergiuš,Manžievskij,1935,Rusija
13395,Natalija,Aleksandrovskaja,1939,Ujedinjeno Kraljevstvo
13396,Tom,Smit,1946,Rusija
13397,Tatjana,Zinkevič-Evstigneeva,1985,Sjedinjene Američke Države
13398,Alla,Denisenko,1948,Rusija
13399,Teri,Ežova,1976,Rusija
13400,Rajner,Rilke,1875,Austrija
13401,Irina,Kritskaja,1978,Rusija
13402,Valerija,Žakar,1977,Rusija
13403,Vadim,Demčog,1963,Rusija
13404,Zoi,Sagg,1990,Ujedinjeno Kraljevstvo
13405,Kristof,Galfar,1979,Rusija
13406,A.,Evdokimova,1958,Rusija
13407,I.,Paškina,1953,Rusija
13408,Irina,Tumanova,1983,Italija
13409,Svetlana,Danilenko,1954,Italija
13410,Marija,Komissarova,1972,Rusija
13411,Aleksandr,Zubkov,1901,Luksemburg
13412,Mihail,Epštejn,1950,Rusija
13413,Alena,Narinjani,1962,Rusija
13414,Alesja,Dovlatova,1964,Francuska
13415,Frederik,Kemp,1974,Rusija
13416,Anna,Pejčeva,1992,Rusija
13417,Aleksej,Čerkasov,1933,Rusija
13418,Taisija,Nedzveckaja,1972,Ujedinjeno Kraljevstvo
13419,Džek,Finnej,1914,Italija
13420,Serge,Orloff,1985,Rusija
13421,Aleks,Kejn,1986,Rusija
13422,Ljudmila,Šepeleva,1991,Kanada
13423,Sergej,Glezerov,1988,Rusija
13424,Deniel,Koul,1967,Srbija
13425,Dmitrij,Rudica,1975,Sjedinjene Američke Države
13426,Sergej,Kolpakov,1961,Sjedinjene Američke Države
13427,Ljudmila,Miloslavec,1935,Rusija
13428,Marsel,Dan,1970,Srbija
13429,Manuel,Oliva,1991,Ujedinjeno Kraljevstvo
13430,K.,Volkova,1954,Sjedinjene Američke Države
13431,Svetlana Strokolis,(Kovalskaja),1949,Rusija
13432,Anna,Rezničenko,1968,Ujedinjeno Kraljevstvo
13433,Samat,Galiev,1982,Rusija
13434,Sergej,Uvarov,1932,Rusija
13435,Oleg,Kotelnikov,1934,Rusija
13436,Jurij,Gavrjučenkov,1958,Francuska
13437,Mihail,Majzuls,1994,Francuska
13438,Sergej,Zotov,1905,Savez Sovjetskih Socijalističkih Republika
13439,Dilšat,Harman,1968,Sjedinjene Američke Države
13440,Tammara,Vebber,1989,Rusija
13441,Aleksandra,Puškina,1935,Sjedinjene Američke Države
13442,Elizaveta,Keller,1957,Sjedinjene Američke Države
13443,Elizabet,Rollz,1981,Ujedinjeno Kraljevstvo
13444,Tatjana,Trunova,1973,Sjedinjene Američke Države
13445,Artur,Šigapov,1957,Ujedinjeno Kraljevstvo
13446,Olga,Čeredničenko,1980,Kanada
13447,Aleksandr,Ponkratov,1942,Sjedinjene Američke Države
13448,Kevin,Anderson,1958,Srbija
13449,Brajan,Gerbert,1947,Sjedinjene Američke Države
13450,Kutuzova,Elena,1987,Francuska
13451,Nikita,Poljakov,1979,Ujedinjeno Kraljevstvo
13452,Iogann,Geffken,1884,Rusija
13453,Viktorija,Bakunina,1988,Ujedinjeno Kraljevstvo
13454,Valerij,Larčenko,1968,Ujedinjeno Kraljevstvo
13455,Aleksandra,Annenskaja,1840,Ruska Imperija
13456,Boris,Artemov,1991,Japan
13457,Viržini,Grimaldi,1984,Rusija
13458,Irina,Volčkova,1982,Rusija
13459,Aleksandr,Eliseev,1839,Ruska Imperija
13460,Lilija,Ličagina,1962,Rusija
13461,Julija,Podoprigora,1960,Rusija
13462,Evgenija,Ufimceva,1967,Sjedinjene Američke Države
13463,Nikolaj,Šadejko,1980,Rusija
13464,Aleksej,Seliverstov,1987,Sjedinjene Američke Države
13465,I.,Guljaeva,1986,Rusija
13466,Konstantin,Kropotkin,1964,Ujedinjeno Kraljevstvo
13467,Rik,Mofina,1971,Sjedinjene Američke Države
13468,Ilja,Tvirov,1978,Ujedinjeno Kraljevstvo
13469,Pavel,Bersnev,1966,Italija
13470,Uljana,Pozolotina,1976,Ujedinjeno Kraljevstvo
13471,Gart,Kallahan,1983,Rusija
13472,Gleb,Arhangelskij,1979,Rusija
13473,Nina,Cirkun,1947,Rusija
13474,A.,Zaharov,1976,Ujedinjeno Kraljevstvo
13475,Aleksandr,Orišev,1980,Italija
13476,Vladimir,Sedov,1939,Savez Sovjetskih Socijalističkih Republika
13477,Sergej,Čoban,1962,Nemačka
13478,Aaron,Uolter,1981,Nemačka
13479,Eliot,Stoks,1959,Sjedinjene Američke Države
13480,Pol,Boug,1973,Nemačka
13481,Rejčel,Endrju,1973,Sjedinjene Američke Države
13482,Ben,Švarc,1981,Sjedinjene Američke Države
13483,Devid,Stori,1933,Ujedinjeno Kraljevstvo
13484,Li,Veru,1967,Nemačka
13485,Kristian,Hejlmann,1989,Nemačka
13486,Dmitrij,Fadeev,1988,Rusija
13487,Mark,Edvards,1967,Ujedinjeno Kraljevstvo
13488,Arel,Balkan,1966,Sjedinjene Američke Države
13489,Stiven,Hej,1989,Rusija
13490,Endi,Klark,1963,Sjedinjene Američke Države
13491,Nika,Soboleva,1975,Rusija
13492,Olga,Dija,1954,Rusija
13493,Bernadett,Fajzers,1972,Sjedinjene Američke Države
13494,Ivan,Černišov,1946,Kanada
13495,Marat,Fajzullin,1982,Rusija
13496,Aleksandr,Subbotin,1973,Sjedinjene Američke Države
13497,Amadeuš,Vujcik,1939,Sjedinjene Američke Države
13498,Aljona,Belavežskaja,1946,Nemačka
13499,Anton,Trubajčuk,1960,Sjedinjene Američke Države
13500,Sonja,Aleksandrova,1984,Rusija
13501,Grigorij,Zinger,1974,Sjedinjene Američke Države
13502,Stefanija,Danilova,1994,Rusija
13503,Natalja,Muščinkina,1934,Srbija
13504,Efrosinija,Kapustina,1945,Poljska
13505,Ljuba,Jagdanova,1985,Italija
13506,Evgenij,Djakonov,1948,Rusija
13507,Tatjana,Skarinkina,1942,Rusija
13508,Igor,Karaulov,1990,Rusija
13509,Sergej,Kruglov,1942,Rusija
13510,Vladimir,Gandelsman,1959,Kanada
13511,Olesja,Pervušina,1952,Rusija
13512,Ivan,Poltorackij,1716,Kanada
13513,Andrej,Čemodanov,1969,Rusija
13514,Liza,Neklessa,1952,Rusija
13515,Grigorij,Gornov,1994,Rusija
13516,Leonid,Belskij,1855,Ruska Imperija
13517,Sveta,List,1979,Nemačka
13518,Aleksandr,Barkalev,1968,Rusija
13519,Akulina,Parfenova,1954,Francuska
13520,Mihail,Orskij,1975,Rusija
13521,Aleksej,Lis,1985,Italija
13522,Galija,Zlačevskaja,1962,Ujedinjeno Kraljevstvo
13523,Galina,Kolb,1961,Italija
13524,Luka,D'Andrea,1969,Francuska
13525,Anželika,Ross,1980,Sjedinjene Američke Države
13526,Anna,Podolina,1974,Srbija
13527,Tatjana,Abramova,1984,Rusija
13528,Vladimir,Rorschach,1963,Italija
13529,Natalja,Smirnova,1979,Rusija
13530,Denis,Baušev,1945,Rusija
13531,Sergіj,Oratovskij,1960,Poljska
13532,Jurij,Stoljarov,1938,Nemačka
13533,Vasilij,Putennij,1967,Sjedinjene Američke Države
13534,Amara,Kej,1988,Rusija
13535,Irina,Fedorovskaja,1958,Rusija
13536,Anna,Brons,1960,Ujedinjeno Kraljevstvo
13537,Ilja,Arhipov,1973,Rusija
13538,Žak de,Plansi,1794,Francuska
13539,Larisa,Elizarova,1980,Rusija
13540,Aleksej,Patrašov,1975,Ujedinjeno Kraljevstvo
13541,Johan,Krojff,1971,Ujedinjeno Kraljevstvo
13542,Olga,Kalačikova,1970,Rusija
13543,Artem,Seljutin,1971,Francuska
13544,Renata,Roz,1981,Rusija
13545,Olga,Makarova,1990,Rusija
13546,Viktorija,Dangen,1994,Sjedinjene Američke Države
13547,Ekaterina,Zorina,1924,Rusija
13548,Olga,Slauckaja,1993,Ujedinjeno Kraljevstvo
13549,Gajane,Macejčik,1959,Nemačka
13550,Viktor,Zorin,1967,Sjedinjene Američke Države
13551,Olga,Lisenkova,1985,Rusija
13552,Linda,Stejsi,1967,Ujedinjeno Kraljevstvo
13553,Nikolaj,Golovanov,1868,Sjedinjene Američke Države
13554,Leonidas,Marantidis,1985,Sjedinjene Američke Države
13555,Karolina,Setterval,1993,Nemačka
13556,Sara,Blanden,1963,Ujedinjeno Kraljevstvo
13557,Endži,Uillkoks,1992,Ujedinjeno Kraljevstvo
13558,Karl,Činn,1983,Rusija
13559,Vasilij,Travin,1967,Ujedinjeno Kraljevstvo
13560,Aleksej,Berezin,1990,Rusija
13561,Tatjana,Ogorodnikova,1930,Rusija
13562,Vjačeslav,Litvinskij,1931,Italija
13563,Olga,Šapran,1966,Rusija
13564,Andrej,Gusarov,1967,Ujedinjeno Kraljevstvo
13565,Aj,Riš,1975,Sjedinjene Američke Države
13566,Elena,Gurnakova,1979,Ujedinjeno Kraljevstvo
13567,G.,Levina,1948,Rusija
13568,T.,Vasileva,1942,Rusija
13569,Vladimir,Žabotinskij,1880,Ruska Imperija
13570,Marija,Budaj,1971,Rusija
13571,Ričard,Russo,1949,Sjedinjene Američke Države
13572,Galina,Šljahova,1956,Ujedinjeno Kraljevstvo
13573,Ilja,Sagan,1966,Nemačka
13574,Aleksandr,Gruzdev,1908,Savez Sovjetskih Socijalističkih Republika
13575,Elvira,Bondarenko,1947,Ujedinjeno Kraljevstvo
13576,Rejčel,Kejn,1961,Rusija
13577,Robert,Leki,1920,Sjedinjene Američke Države
13578,Aleksandr,Djuma-sin,1824,Francuska
13579,Olga,Strogova,1984,Rusija
13580,Anželina,Karaseva,1940,Poljska
13581,Eduard,Koridorov,1983,Ujedinjeno Kraljevstvo
13582,Dmitrij,Bazanov,1941,Sjedinjene Američke Države
13583,Aleksandr,Petelin,1936,Rusija
13584,Vadim,Levitin,1984,Nemačka
13585,Percy,Brebner,1948,Rusija
13586,Alevtina,Bartova,1956,Sjedinjene Američke Države
13587,Aleksandra,Iskvarina,1979,Japan
13588,Evgenija,Bugaro-Karpenter,1943,Nemačka
13589,Aleksandra,Glazkina,1955,Rusija
13590,Anastasija,Kolpakova,1967,Rusija
13591,Hanna,Orenstejn,1987,Ujedinjeno Kraljevstvo
13592,Kurt,Tuholskij,1890,Nemačka
13593,Sofija,Fedorova,1990,Sjedinjene Američke Države
13594,Irina,Hromčenkova,1974,Nemačka
13595,Tatjana,Kozljukova,1966,Italija
13596,Denis,Davidov,1784,Ruska Imperija
13597,Vilgelm,Kjuhelbeker,1797,Ruska Imperija
13598,Pjotr,Pletnjov,1935,Poljska
13599,Anton,Delvig,1798,Ruska Imperija
13600,Lukjan,Jakubovič,1805,Ruska Imperija
13601,Julija,Hasanova,1936,Nemačka
13602,Aleks,Stjuart,1964,Sjedinjene Američke Države
13603,Denis,Uilkoks,1964,Francuska
13604,Uorren,Agi,1970,Ujedinjeno Kraljevstvo
13605,Glen,Kemeron,1964,Ujedinjeno Kraljevstvo
13606,Filip,Olt,1951,Poljska
13607,Džejms,Patterson,1947,Sjedinjene Američke Države
13608,Bill,Klinton,1946,Sjedinjene Američke Države
13609,Valentina,Movillo,1935,Poljska
13610,Anna,Kodt,1990,Rusija
13611,Artjom,Golikov,1952,Ujedinjeno Kraljevstvo
13612,Varvara,Kosova,1964,Poljska
13613,Oleg,Pankov,1967,Ukrajina
13614,Vitalij,Kandalincev,1991,Sjedinjene Američke Države
13615,Mihail,Lebedjanskij,1960,Rusija
13616,Julija K.,Štajn,1967,Rusija
13617,Elina,Slobodjanjuk,1991,Nemačka
13618,Andrej,Alekseev,1974,Sjedinjene Američke Države
13619,Leonid,Mazurik,1967,Rusija
13620,Vadim,Medžitov,1971,Rusija
13621,Pavel,Petrovskij,1975,Rusija
13622,Nikolaj,Ljubeckij,1959,Francuska
13623,Marija,Kutuzova,1978,Francuska
13624,Elen,Barker,1967,Poljska
13625,Andrej,Teslinov,1960,Srbija
13626,Rina,Cerus,1973,Rusija
13627,Olga,Ščerbakova,1959,Francuska
13628,Andrej,Verbickij,1975,Rusija
13629,Gelij,Vasilkov,1990,Rusija
13630,Konstantin,Sumnitelnij,1961,Rusija
13631,Tatjana,Afanaseva,1876,Kraljevina Holandija
13632,Leonid,Grebennikov,1966,Nemačka
13633,Julija,Drobiševskaja,1978,Rusija
13634,Viktor,Eremin,1970,Francuska
13635,Violetta,Loseva,1986,Italija
13636,Danielle,Graf,1980,Nemačka
13637,Katja,Zajde,1986,Rusija
13638,Valerij,Molčanov,1967,Srbija
13639,Tim,Sajmonds,1983,Nemačka
13640,Jurij,Savinskij,1980,Italija
13641,Domini,Skorrz,1967,Rusija
13642,Nina,Dmitrieva,1974,Rusija
13643,Džek,Stjuart,1980,Rusija
13644,Natalja,Pronina,1961,Francuska
13645,Boris,Polikarpov,1984,Rusija
13646,Majkl,Uotkins,1956,Italija
13647,Sajmon,Tojn,1973,Ujedinjeno Kraljevstvo
13648,Gabdulla,Tukaj,1886,Ruska Imperija
13649,Uill,Bouen,1957,Rusija
13650,Olga,Vologodskaja,1969,Rusija
13651,Vladimir,Cipin,1955,Sjedinjene Američke Države
13652,Evgenija,Ljubko,1988,Nemačka
13653,Donna,Tartt,1963,Sjedinjene Američke Države
13654,Emi,Purdi,1971,Rusija
13655,Mišel,Bjorford,1968,Rusija
13656,Nadija,Murad,1993,Irak
13657,Mihail,Čehov,1865,Ruska Sovjetska Federativna Socijalistička Republika
13658,Viki,Hjofl,1975,Rusija
13659,Valerija,Pikkola,1968,Ujedinjeno Kraljevstvo
13660,Aleksandr,Skalv,1965,Rusija
13661,Viktorija,Hislop,1959,Grčka
13662,Mihail,Libintov,1987,Sjedinjene Američke Države
13663,Kirill,Černov,1978,Poljska
13664,Kajla,Olson,1967,Rusija
13665,Roman,Smeklof,1976,Srbija
13666,Gardner,Dozua,1947,Sjedinjene Američke Države
13667,Ketlin,Kirnan,1964,Sjedinjene Američke Države
13668,Andžela,Sletter,1984,Rusija
13669,Džejn,Jolen,1952,Rusija
13670,Margo,Lanagan,1988,Rusija
13671,Karen,Fauler,1950,Sjedinjene Američke Države
13672,Teodora,Goss,1968,Sjedinjene Američke Države
13673,Ričard,Bous,1977,Rusija
13674,Stiv,Daffi,1990,Kanada
13675,Prijja,Šarma,1953,Rusija
13676,Švita,Takrar,1946,Sjedinjene Američke Države
13677,Oktavija,Kejd,1957,Ujedinjeno Kraljevstvo
13678,Veronika,Šanoes,1979,Rusija
13679,Kirstin,Makdermott,1953,Rusija
13680,Sergej,Razuvaev,1986,Rusija
13681,Anna,Pečerkina,1985,Rusija
13682,Artur,Golden,1956,Sjedinjene Američke Države
13683,Timofej,Veronin,1964,Italija
13684,Rimma,Aldonina,1976,Rusija
13685,Julija,Simbirskaja,1970,Rusija
13686,Vera,Rudinskaja,1966,Nemačka
13687,Julija,Kamiševa,1966,Rusija
13688,Marina,Zarubina,1984,Sjedinjene Američke Države
13689,Mila,Jurina,1967,Italija
13690,Karolina,Eriksson,1975,Francuska
13691,Li,Viksen,1977,Italija
13692,Tatjana,Djačenko,1946,Rusija
13693,Julija,Ščedrova,1974,Poljska
13694,Aleksandr,Kolosov,1913,Savez Sovjetskih Socijalističkih Republika
13695,Irina,Čoluškina,1951,Sjedinjene Američke Države
13696,Valerij,Krasnikov,1987,Rusija
13697,Reks,Miller,1939,Sjedinjene Američke Države
13698,Glenn,Bejker,1979,Ujedinjeno Kraljevstvo
13699,Konstantin,Macan,1968,Poljska
13700,Tatjana,Koževnikova,1967,Sjedinjene Američke Države
13701,Marina,Višnevskaja,1939,Sjedinjene Američke Države
13702,Sergej,Krjukov,1986,Nemačka
13703,Dmitrij,Sergeev,1976,Rusija
13704,Elizaveta,Hundaeva,1944,Rusija
13705,Marsija,Andes,1986,Rusija
13706,Vadim,Lapšičev,1985,Rusija
13707,Kirill,Berendeev,1959,Sjedinjene Američke Države
13708,Džon,Berger,1929,Rusija
13709,Valentin,Vasilev,1985,Sjedinjene Američke Države
13710,Elena,Los,1982,Rusija
13711,Nadežda,Kaljagina,1961,Sjedinjene Američke Države
13712,Marija,Bril,1970,Rusija
13713,Sergej,Korostelev,1977,Rusija
13714,Ekaterina,Kononova,1981,Rusija
13715,Ajn,Rend,1905,Sjedinjene Američke Države
13716,Ruslan,Homenko,1979,Nemačka
13717,Maksim,Antonovič,1835,Ruska Imperija
13718,Vladimir,Primorskij,1935,Rusija
13719,Ljubov,Kulagina,1984,Ujedinjeno Kraljevstvo
13720,Nikolaj,Timofeev,1969,Rusija
13721,Mohammad-Ali,Mohammad,1981,Rusija
13722,Sejed,Hosejnizade,1938,Rusija
13723,Sergej,Igumnov,1960,Rusija
13724,Valentin,Kondrašenko,1971,Rusija
13725,Dmitrij,Donskoj,1974,Rusija
13726,Olga,Slavnikova,1976,Rusija
13727,Olga,Pogodina-Kuzmina,1969,Rusija
13728,Marija,Pankevič,1992,Rusija
13729,Platon,Besedin,1985,Rusija
13730,Gleb,Didenko,1983,Rusija
13731,Valerij,Bočkov,1961,Rusija
13732,Ergali,Ger,1974,Rusija
13733,Anton,Sekisov,1971,Nemačka
13734,Jurij,Vasilev,1951,Rusija
13735,Galina,Minovickaja,1953,Francuska
13736,Žorž,Pavlov,1969,Sjedinjene Američke Države
13737,Mila,Božovič,1938,Rusija
13738,Marija,Šuruhina,1963,Sjedinjene Američke Države
13739,Evgenij,Ždan,1966,Ujedinjeno Kraljevstvo
13740,Jurij,Petuhov,1984,Poljska
13741,Mark,Tunis,1953,Rusija
13742,Konstantin,Skuratov,1967,Japan
13743,Emil,Djurkgejm,1858,Francuska
13744,Elis,Fini,1984,Sjedinjene Američke Države
13745,Kaj-fu,Li,1987,Rusija
13746,Vera,Otter,1950,Sjedinjene Američke Države
13747,Andrej,Zimin,1954,Rusija
13748,Kirill,Eskov,1963,Rusija
13749,Džon,Farndon,1990,Francuska
13750,Olga,Meščerskaja,1958,Rusija
13751,Gennadij,Egorov,1950,Rusija
13752,Erik,Romanidis,1983,Rusija
13753,Andrej,Bitov,1937,Rusija
13754,Oleg,Čistov,1970,Rusija
13755,Aleksandr,Konfisahor,1967,Francuska
13756,Grant,Makmaster,1967,Japan
13757,Fred,Rajheld,1952,Sjedinjene Američke Države
13758,Rob,Marki,1958,Rusija
13759,Alisa,Danšoh,1965,Sjedinjene Američke Države
13760,Fridrih fon,Hajek,1899,Austrija
13761,Ljubov,Želtovskaja,1965,Kanada
13762,Olga,Kalinina,1956,Sjedinjene Američke Države
13763,Valerij,Dubin,1987,Rusija
13764,Elena,Romanova,1961,Francuska
13765,Semen,Hanin,1953,Ujedinjeno Kraljevstvo
13766,Anna,Hanina,1931,Rusija
13767,Irina,Spivak,1969,Rusija
13768,Mihail,Gasparov,1935,Rusija
13769,Natalja,Bogdanova,1986,Rusija
13770,Evgenij,Strigin,1958,Rusija
13771,Aleksandr,Haralgin,1994,Francuska
13772,Ivan,Popov,1973,Nemačka
13773,Irina,Riman,1974,Ujedinjeno Kraljevstvo
13774,Sergej,Erofeev,1957,Nemačka
13775,Olečka,Mironova,1962,Sjedinjene Američke Države
13776,Erika,Han,1976,Sjedinjene Američke Države
13777,Valerij,Gruzin,1982,Rusija
13778,Tatjana,Voroncova,1954,Sjedinjene Američke Države
13779,Roman,Ponomarenko,1962,Nemačka
13780,Alisa,Boumen,1970,Sjedinjene Američke Države
13781,Egor,Sedov,1968,Rusija
13782,Vad,Makej,1976,Srbija
13783,Savelij,Barger,1962,Rusija
13784,Natalja,Budjanskaja,1985,Nemačka
13785,Pavel,Surkov,1962,Rusija
13786,Kaj,Majer,1969,Nemačka
13787,Robert,Kincl,1991,Sjedinjene Američke Države
13788,Maani,Pejvan,1989,Rusija
13789,Jana,Trojnič,1958,Sjedinjene Američke Države
13790,Marina,Trojnič,1967,Rusija
13791,Gustavus,Miller,1947,Poljska
13792,O.,Filimonov,1969,Nemačka
13793,Ernst,Junger,1895,Nemačka
13794,Elena,Sokovenina,1988,Sjedinjene Američke Države
13795,Eva,Li,1986,Sjedinjene Američke Države
13796,Andrej,Kuznecov,1976,Sjedinjene Američke Države
13797,Gleb,Bobrov,1964,Rusija
13798,Dmitrij,Stešin,1972,Rusija
13799,Al,Aluston,1930,Rusija
13800,Vitalij,Darenskij,1962,Italija
13801,Ivan,Doneckij,1985,Rusija
13802,Vladimir,Kazmin,1981,Rusija
13803,Varvara,Melehova,1995,Rusija
13804,Mihail,Nadežin,1963,Rusija
13805,Sergej,Prasolov,1918,Rusija
13806,Aleksej,Polubota,1942,Sjedinjene Američke Države
13807,Larisa,Mosenko,1979,Ujedinjeno Kraljevstvo
13808,Julija,Sergeeva,1944,Rusija
13809,Altana,Šojžilova,1982,Rusija
13810,Aleksandr,Ščipkov,1957,Rusija
13811,Marina,Snežnaja,1980,Rusija
13812,Vladislav,Ščerbak,1978,Nemačka
13813,Julija,Komolceva,1971,Rusija
13814,Rizo Dovari,Ardakani,1937,Poljska
13815,Elena,Fomina,1979,Rusija
13816,Vladlen,Nemec,1966,Rusija
13817,Arip,Pira,1969,Nemačka
13818,Sofja,Moreva,1981,Rusija
13819,Vasilisa,Piterskaja,1960,Rusija
13820,Tatjana,Bočarova,1973,Ujedinjeno Kraljevstvo
13821,Anastasija,Kalmikova,1967,Ujedinjeno Kraljevstvo
13822,Mihail,Bolle,1981,Sjedinjene Američke Države
13823,Kevin,Kelli,1952,Sjedinjene Američke Države
13824,Devid,Linden,1991,Ujedinjeno Kraljevstvo
13825,Fedor,Buslaev,1826,Rusija
13826,Viktor,Koljužnjak,1962,Rusija
13827,Julija,Černih,1993,Ujedinjeno Kraljevstvo
13828,Tatjana,Romanova,1975,Rusija
13829,Denis,Ovsjanik,1987,Sjedinjene Američke Države
13830,Aleksandr,Fomin,1957,Rusija
13831,Eduard,Vlasov,1948,Rusija
13832,Ogjust,Eskofe,1846,Francuska
13833,Maikl,Sosnin,1964,Rusija
13834,Anna,Muraško,1969,Rusija
13835,Kamin,Mohammadi,1978,Rusija
13836,Merion,Bredli,1930,Sjedinjene Američke Države
13837,Mihail,Katukov,1900,Savez Sovjetskih Socijalističkih Republika
13838,Endrju,Miller,1964,Nemačka
13839,Aleksej,Novikov-Priboj,1877,Savez Sovjetskih Socijalističkih Republika
13840,Vladimir,Mamin,1969,Sjedinjene Američke Države
13841,Mettju,Džokers,1979,Sjedinjene Američke Države
13842,Džodi,Arčer,1980,Rusija
13843,Andrej,Grecov,1959,Nemačka
13844,Anastasija,Azbel,1978,Sjedinjene Američke Države
13845,Aleksandr,Kuvšinov,1994,Francuska
13846,Džon,Makdugall,1958,Rusija
13847,Meri,Makdugall,1969,Rusija
13848,Lada,Kutuzova,1977,Sjedinjene Američke Države
13849,Kristin,Barnett,1966,Rusija
13850,Aleks,Šerer,1959,Rusija
13851,Anton,Farutin,1954,Japan
13852,Irina,Kalganova,1992,Rusija
13853,Igor,Mosjagin,1985,Rusija
13854,Evgenij,Nikitin,1965,Francuska
13855,Mihail,Roskostov,1961,Sjedinjene Američke Države
13856,Pavel,Rupasov,1932,Ujedinjeno Kraljevstvo
13857,Vadim,Bakaušin,1961,Rusija
13858,Anna,Andreeva,1915,Rusija
13859,Mihail,Balašov,1964,Ujedinjeno Kraljevstvo
13860,Konstantin,Klovov,1961,Ujedinjeno Kraljevstvo
13861,Vasilij,Popov,1930,Sjedinjene Američke Države
13862,Sergej,Porohov,1931,Srbija
13863,Irina,Repina,1976,Rusija
13864,Gleb,Samburov,1934,Rusija
13865,Vladimir,Solomonov,1954,Rusija
13866,Oleg,Filatov,1926,Savez Sovjetskih Socijalističkih Republika
13867,Alla,Edžiofor,1982,Srbija
13868,Anton,Lobutinskij,1979,Rusija
13869,Elena,Nelunova,1990,Srbija
13870,Ivan,Artemev,1968,Ujedinjeno Kraljevstvo
13871,Nikolaj,Feoktistov,1967,Italija
13872,Helen,Sprakling,1959,Rusija
13873,Pola,Hokins,1972,Ujedinjeno Kraljevstvo
13874,Ulf,Ekman,1950,Švedska
13875,Emili,Nagoski,1977,Sjedinjene Američke Države
13876,Natalja,Lučnikova,1991,Nemačka
13877,Elena,Černikova,1962,Francuska
13878,Odile,Fernandes,1968,Sjedinjene Američke Države
13879,Czin Chon,Li,1960,Rusija
13880,Nika,Solniškina,1981,Francuska
13881,Adriana,Trižiani,1986,Rusija
13882,Maksim,Solodkij,1990,Kanada
13883,Mihail,Loginov,1975,Rusija
13884,Natalja,Bespalova,1948,Francuska
13885,Jurij,Bespalov,1947,Sjedinjene Američke Države
13886,Džodi,Anderson,1957,Sjedinjene Američke Države
13887,Valerij,Gubin,1980,Poljska
13888,Boris,Emeljanov,1965,Italija
13889,Mihail,Ganopolskij,1967,Rusija
13890,Margarita,Malinina,1972,Sjedinjene Američke Države
13891,Robert,Gamerling,1830,Rusija
13892,Vladimir,Grinspon,1995,Poljska
13893,L.,Žuglja,1979,Rusija
13894,Romantičnij,Dominant,1979,Sjedinjene Američke Države
13895,Irina,Ferova,1990,Ujedinjeno Kraljevstvo
13896,Irina,Jankina,1984,Rusija
13897,Herbjorg,Vassmu,1942,Norveška
13898,Valentina,Moiseeva,1966,Rusija
13899,Žjuli,Koška,1983,Rusija
13900,Olga,Jakovleva,1961,Rusija
13901,Aleksej,Ponedelčenko,1972,Sjedinjene Američke Države
13902,Dmitrij,Sokolov,1988,Rusija
13903,Debora,Grejs,1982,Rusija
13904,Anne,Astileros,1976,Sjedinjene Američke Države
13905,Pavel,Šabarin,1969,Rusija
13906,Marina,Stekolnikova,1985,Ujedinjeno Kraljevstvo
13907,Egor,Lisicin,1970,Italija
13908,Hezer,Morris,1975,Nemačka
13909,Dmitrij,Gudkov,1980,Rusija
13910,Tatjana,Fomina,1954,Estonija
13911,Džej,Hejnriks,1960,Rusija
13912,Timofej,Dobičin,1937,Italija
13913,Vladislav,Stebel,1953,Rusija
13914,N.,Lang,1981,Francuska
13915,Evgenij,Vedeneev,1964,Ujedinjeno Kraljevstvo
13916,Robert,Kvinta,1974,Sjedinjene Američke Države
13917,Aleksandr,Relder,1994,Francuska
13918,Valerija,Malevannaja,1965,Rusija
13919,Elena,Svetova,1940,Rusija
13920,Anton,Truhanov,1966,Rusija
13921,Svetlana,Poljakova,1978,Rusija
13922,Emili,Lokhart,1953,Rusija
13923,Zoja,Aleksandrova,1917,Savez Sovjetskih Socijalističkih Republika
13924,Svetlana,Kondrateva,1970,Francuska
13925,Mihail,Škarovskij,1991,Ujedinjeno Kraljevstvo
13926,Iren,Burg,1957,Rusija
13927,Džozef,Gaer,1962,Francuska
13928,Marina,Rjabočenko,1948,Nemačka
13929,Andrej,Bičkov,1945,Nemačka
13930,Elena,Grossman,1982,Italija
13931,Les,Giblin,1914,Nemačka
13932,Timur,Gareev,1988,Sjedinjene Američke Države
13933,Aleksandr,Varakin,1975,Italija
13934,Pavel,Fedorov,1986,Nemačka
13935,Mihail,Solncev,1993,Rusija
13936,Aleksandr,Poljarnij,1993,Nemačka
13937,Nikol,Štaudinger,1962,Italija
13938,Dejv,Zobel,1973,Sjedinjene Američke Države
13939,Vitalij,Grigorovskij,1968,Sjedinjene Američke Države
13940,Mihail,Perlovskij,1964,Rusija
13941,Aleksej,Golovlev,1973,Kanada
13942,Mihail,Ščerbačenko,1978,Rusija
13943,Ivan,Varovin,1994,Sjedinjene Američke Države
13944,Lourens,Stejnberg,1982,Italija
13945,Olga,Šestak,1963,Ujedinjeno Kraljevstvo
13946,Ljudmila,Levčenko,1950,Ukrajina
13947,O.,Dudčenko,1963,Italija
13948,Insun,Kim,1970,Srbija
13949,Sebasten,Falletti,1982,Italija
13950,Aleksandr,Amurčik,1930,Francuska
13951,Marija,Novikova,1895,Ruska Imperija
13952,Grigorij,Nasibjan,1976,Italija
13953,Sergej,Karpov,1961,Rusija
13954,Maksim,Maskal,1966,Sjedinjene Američke Države
13955,Role,Elodi,1969,Rusija
13956,Selin,Darno,1958,Rusija
13957,Aleksandr,Zabusov,1970,Francuska
13958,Valerij,Maslov,1981,Rusija
13959,Valentina,Čebotkova,1973,Italija
13960,Vladimir,Žolobov,1971,Francuska
13961,Nikolaj,Solovev,1951,Rusija
13962,Marija,Gavrilova,1896,Ukrajina
13963,Lejsan,Sabitova,1953,Rusija
13964,Miroslav,Kruc,1987,Ujedinjeno Kraljevstvo
13965,Džin,Tvendž,1971,Sjedinjene Američke Države
13966,Aleksandr,Zinovev,1961,Ukrajina
13967,Nikita,Bičurin,1808,Sjedinjene Američke Države
13968,Miša,Pevzner,1987,Nemačka
13969,Angelika,DeGare,1995,Sjedinjene Američke Države
13970,Aldar,Kose,1986,Rusija
13971,Klark,Braun,1972,Sjedinjene Američke Države
13972,Džin,Pendzivol,1992,Nemačka
13973,Marina,Bagrova,1945,Sjedinjene Američke Države
13974,Tomas,Braun,1605,Ujedinjeno Kraljevstvo
13975,Elin,Sjoberg,1981,Kanada
13976,David,Hajat,1960,Rusija
13977,M.,Bennett,1963,Ujedinjeno Kraljevstvo
13978,Solomon,Volkov,1944,Sjedinjene Američke Države
13979,Olga,Dzjuba,1981,Rusija
13980,Alvin,Almazov,1989,Rusija
13981,HizerAš,Amara,1965,Rusija
13982,Nina,Demina,1977,Ujedinjeno Kraljevstvo
13983,Valerij,Šnurenko,1992,Sjedinjene Američke Države
13984,Darja,Gontar,1977,Rusija
13985,Sergej,Kravčenko,1977,Rusija
13986,Diana,Rejdo,1966,Rusija
13987,Tatjana,Ross,1985,Rusija
13988,Jana,Agarunova,1976,Nemačka
13989,Anuška,Riz,1993,Ujedinjeno Kraljevstvo
13990,Irina,Vackovskaja,1973,Sjedinjene Američke Države
13991,Elena,Ušakovskaja,1978,Sjedinjene Američke Države
13992,Ženja,Dekina,1985,Rusija
13993,Olga,Trjuhan,1984,Srbija
13994,Vladimir,Hrustalev,1949,Poljska
13995,Vera,Kaspari,1899,Sjedinjene Američke Države
13996,Anna,Čarova,1986,Sjedinjene Američke Države
13997,Robin,Noks-Džonston,1983,Sjedinjene Američke Države
13998,Platon,Vozdviženskij,1970,Poljska
13999,Sergej,Stavinskij,1983,Sjedinjene Američke Države
14000,Vladimir,Kolesnikov,1935,Savez Sovjetskih Socijalističkih Republika
14001,Petr,Bograd,1948,Ujedinjeno Kraljevstvo
14002,Anna,Vasileva,1991,Rusija
14003,Nadežda,Durova,1783,Ruska Imperija
14004,Olga,Čistjakova,1957,Sjedinjene Američke Države
14005,Petr,Gannuškin,1982,Francuska
14006,Viktor,Rohlin,1970,Sjedinjene Američke Države
14007,Anna,Mulen,1961,Rusija
14008,Jurij,Švec,1953,Rusija
14009,Hizer,Šumejker,1972,Rusija
14010,Eduard,Snitko,1934,Sjedinjene Američke Države
14011,Leon,Bakst,1866,Francuska
14012,Entoni,Bivor,1946,Ujedinjeno Kraljevstvo
14013,Abdel,Sellu,1987,Sjedinjene Američke Države
14014,Julija,Kuklina,1970,Ujedinjeno Kraljevstvo
14015,Elena,Almalibre,1966,Francuska
14016,Ketlin,Adams,1950,Sjedinjene Američke Države
14017,Elena,Rezanova,1970,Rusija
14018,Aleksandr,Georgievskij,1945,Poljska
14019,Elena,Ruš,1933,Poljska
14020,Mihail,Djomin,1926,Savez Sovjetskih Socijalističkih Republika
14021,Marina,Bojko,1996,Ukrajina
14022,Aleksandra,Monro,1987,Japan
14023,Artem,Sitdikov,1971,Srbija
14024,Andrej,Minčenko,1946,Sjedinjene Američke Države
14025,Elena,Laktionova,1986,Rusija
14026,Igor,Sorkin,1979,Rusija
14027,Viktor,Gončar,1970,Rusija
14028,Aleksandr,Šišonin,1978,Rusija
14029,Oleg,Nesterov,1961,Rusija
14030,Vladimir,Popondopulo,1960,Srbija
14031,Elena,Slepčenko,1949,Rusija
14032,Albert,Sisoev,1950,Rusija
14033,Lilija,Migaro,1968,Ujedinjeno Kraljevstvo
14034,Ekaterina,Makarova,1992,Sjedinjene Američke Države
14035,Arcun,Akopjan,1974,Sjedinjene Američke Države
14036,Evgenij,Harikin,1966,Ujedinjeno Kraljevstvo
14037,Gennadij,Sokolov,1977,Rusija
14038,Viktorija,Kalemina,1980,Srbija
14039,Mihail,Belousov,1975,Sjedinjene Američke Države
14040,Anna,Kempbell,1594,Rusija
14041,Sergej,Pančenko,1972,Italija
14042,Natalija,Mjasnikova,1993,Sjedinjene Američke Države
14043,Nikolaj,Rakov,1908,Savez Sovjetskih Socijalističkih Republika
14044,Meri,Blejni,1821,Sjedinjene Američke Države
14045,Rut,Lengan,1964,Srbija
14046,Patricija,Gefni,1953,Rusija
14047,Dmitrij,Sanin,1970,Francuska
14048,Milena,Zagorskaja,1988,Ujedinjeno Kraljevstvo
14049,Olga,Jarošinskaja,1973,Sjedinjene Američke Države
14050,Saru,Brierli,1984,Nemačka
14051,Helen,Bjančin,1959,Ujedinjeno Kraljevstvo
14052,Ksenija,Ueda,1978,Srbija
14053,Aleksandr,Gromilin,1975,Rusija
14054,Ben,Hjuitt,1953,Sjedinjene Američke Države
14055,Natalja,Panina,1958,Sjedinjene Američke Države
14056,Tatjana,Gudima,1972,Sjedinjene Američke Države
14057,Uiljam,Engdal,1972,Japan
14058,S.,Grouv,1975,Italija
14059,Oleg,Šmakov,1973,Rusija
14060,S.,Malinovski,1990,Rusija
14061,Malin,Rjudal,1981,Poljska
14062,Ekaterina,Krongauz,1984,Rusija
14063,Mihail,Bajkov,1925,Rusija
14064,Valerij,Pikulev,1974,Sjedinjene Američke Države
14065,Klavdija,Hohbrun,1981,Rusija
14066,Olga,Tjuleneva,1985,Francuska
14067,Han,Fej-czi,1979,Rusija
14068,Gleb,Kaščeev,1970,Ujedinjeno Kraljevstvo
14069,Semen,Vasjukov,1860,Ujedinjeno Kraljevstvo
14070,Aleksandr,Zaslavskij,1550,Državna zajednica Poljske i Litvanije
14071,Majkl,Menson,1945,Srbija
14072,Raušan,Salihov,1974,Italija
14073,Iren,Randeler,1949,Nemačka
14074,Pedro,Domingos,2000,Portugalija
14075,P.,Nikonovič,1939,Rusija
14076,Aleksandr,Malcev,1879,Savez Sovjetskih Socijalističkih Republika
14077,Aleksandr,Pankratov-Čjornij,1949,Rusija
14078,Viktor,Severskij,1964,Rusija
14079,Džoan,Druett,1963,Ujedinjeno Kraljevstvo
14080,Miroslav,Odinak,1985,Francuska
14081,Sergej,Živolupov,1969,Rusija
14082,Viktor,Kagan,1963,Francuska
14083,Vladislav,Uhov,1988,Rusija
14084,Elizabet,Frimantl,1964,Rusija
14085,Devid,Levi,1961,Rusija
14086,Džoel,Kilpatrik,1964,Rusija
14087,Tatjana,Semenistaja,1985,Ujedinjeno Kraljevstvo
14088,Mihail,Ginzburg,1974,Sjedinjene Američke Države
14089,Aleksandra,Arsenteva,1959,Rusija
14090,Nadežda,Kozimaeva,1990,Italija
14091,Dmitrij,Zaharov,1991,Sjedinjene Američke Države
14092,Leonid,Gurčenko,1957,Rusija
14093,Alisa,Samburskaja,1983,Srbija
14094,Džin,Grivz,1972,Rusija
14095,Trevis,Bredberri,1961,Poljska
14096,Irina,Lesina,1971,Rusija
14097,Vladimir,Erošin,1993,Ujedinjeno Kraljevstvo
14098,Svetlana,Guseva,1954,Italija
14099,Georgij,Lerner,1987,Italija
14100,Irina,Lobačjova,1973,Rusija
14101,O.,Druz,1989,Nemačka
14102,A.,Napreenko,1973,Poljska
14103,N.,Petrina,1976,Ujedinjeno Kraljevstvo
14104,Nadežda,Makatrova,1983,Japan
14105,SatoJa,sama,1988,Rusija
14106,Galina,Klimova,1942,Rusija
14107,Valerij,Zimin,1931,Rusija
14108,Irina,Karpuhina,1980,Rusija
14109,Aleksej,Mefokirov,1987,Rusija
14110,Genrih,Štoll,1814,Sjedinjene Američke Države
14111,Jana,Anohina,1975,Rusija
14112,Gaj,Butbi,1930,Ujedinjeno Kraljevstvo
14113,Bertram,Robinson,1939,Poljska
14114,Žak,Fatrell,1875,Sjedinjene Američke Države
14115,Džozef,Fletčer,1920,Sjedinjene Američke Države
14116,Ričard,Marš,1945,Rusija
14117,Genri Seton,Merrimen,1978,Rusija
14118,Gregori,Skvajrz,1987,Rusija
14119,Ernest Uiljam,Hornung,1866,Ujedinjeno Kraljevstvo Velike Britanije i Irske
14120,Igor,Lipsic,1975,Rusija
14121,K,Mazet,1970,Rusija
14122,L.,Bing,1970,Italija
14123,Anja,Ivanovič,1972,Sjedinjene Američke Države
14124,Bob,Batčelor,1965,Rusija
14125,The Ksenechka,Davidson,1930,Sjedinjene Američke Države
14126,Zulejka,Douson,1952,Rusija
14127,Matvej,Grečko,1966,Rusija
14128,Anastasija,Borisova,1986,Italija
14129,Olga,Sviridenkova,1956,Srbija
14130,Svetlana,Himič,1931,Ujedinjeno Kraljevstvo
14131,Evgenij,Ponasenkov,1982,Rusija
14132,Marina,Solomčenko,1978,Sjedinjene Američke Države
14133,Olga,Gorbačeva,1966,Sjedinjene Američke Države
14134,Nadežda,Serebrennikova,1979,Francuska
14135,Andrej,Černov,1966,Rusija
14136,Aleksandr,Bubnov,1983,Nemačka
14137,Evgenija,Majer,1988,Sjedinjene Američke Države
14138,Ljudmila,Barišnikova,1944,Rusija
14139,Larisa,Malmigina,1946,Italija
14140,Ričard,Šeperd,1990,Poljska
14141,Toru,Ville,1973,Sjedinjene Američke Države
14142,Vladislav,Hodasevič,1886,Francuska
14143,Uiljam,Džekobs,1863,Ujedinjeno Kraljevstvo
14144,Tomas,Balfinč,1831,Nemačka
14145,Džon,Graaf,1993,Rusija
14146,Devid,Vann,1990,Poljska
14147,Tomas,Nejlor,1971,Ujedinjeno Kraljevstvo
14148,Viktorija,Žilina,1949,Sjedinjene Američke Države
14149,Aleksandr,Adamčik,1959,Poljska
14150,Sara,Pekkanen,1964,Sjedinjene Američke Države
14151,Grir,Hendriks,1985,Sjedinjene Američke Države
14152,Edit,Uorton,1862,Sjedinjene Američke Države
14153,P.,Vasileva,1957,Ujedinjeno Kraljevstvo
14154,D.,Kačurovskaja,1941,Sjedinjene Američke Države
14155,A.,Mihajlova,1989,Rusija
14156,S.,Feoktisova,1994,Rusija
14157,Aleksandr,Borodulin,1988,Poljska
14158,Sergej,Serenev,1964,Nemačka
14159,Džon,Norvič,1929,Ujedinjeno Kraljevstvo
14160,Dina,Brodskaja,1906,Sjedinjene Američke Države
14161,Valerij,Zamorjonov,1965,Rusija
14162,Vladlen,Sirotkin,1961,Rusija
14163,Natalja,Grejs,1974,Rusija
14164,Konstantin,Rostaš,1963,Sjedinjene Američke Države
14165,Aelita,Kowarska,1933,Nemačka
14166,Kirill,Evstigneev,1917,Savez Sovjetskih Socijalističkih Republika
14167,Jozef,Rot,1894,Austrija
14168,Marija,Ternova,1979,Rusija
14169,Vladimir,Veličko,1884,Ruska Imperija
14170,Aleksandr,Ledovskoj,1980,Sjedinjene Američke Države
14171,Ekaterina,Daškova,1778,Italija
14172,Denis,Vlasov,2001,Srbija
14173,Meri,Šelli,1974,Francuska
14174,Dik,Frensis,1943,Rusija
14175,Nikolaj,Batin,1978,Nemačka
14176,Ilja,Tihonov,1987,Rusija
14177,Ann,Bakjus,1983,Rusija
14178,Nikolaj,Koldirkaev,1981,Ujedinjeno Kraljevstvo
14179,Darja,Teplova,1961,Ujedinjeno Kraljevstvo
14180,Irina,Antonova,1971,Rusija
14181,Oksana,Išanina,1976,Srbija
14182,Dmitrij,Uglev,1975,Rusija
14183,Greg,Gifjun,1975,Nemačka
14184,Kirana,Li,1984,Sjedinjene Američke Države
14185,Li,Gallaher,1981,Sjedinjene Američke Države
14186,Aleksandr,Romanov,1955,Nemačka
14187,Konstantin,Mislovskij,1973,Rusija
14188,Viktor,Francev,1996,Francuska
14189,Konstantin,Sibikeev,1990,Rusija
14190,Sergej,Majdukov,1987,Poljska
14191,Vadim,Suhačevskij,1977,Nemačka
14192,Džeff,Sazerlend,1941,Sjedinjene Američke Države
14193,Georgij,Bovt,1960,Rusija
14194,Toni,Morrison,1931,Sjedinjene Američke Države
14195,Stiven,Kallahen,1952,Sjedinjene Američke Države
14196,Adam,Markel,1990,Sjedinjene Američke Države
14197,Sjuzen,MakKlajn,1993,Sjedinjene Američke Države
14198,Anastasija,Verner,1983,Rusija
14199,Brajan,Oldiss,1937,Rusija
14200,Džulija,Karlson,1988,Rusija
14201,Margo,Guralnik,1989,Ujedinjeno Kraljevstvo
14202,Andrej,Muhomorov,1950,Nemačka
14203,Odri,Hepbern,1956,Rusija
14204,Koko,Šanel,1883,Francuska
14205,Karl,Jung,1852,Nemačka
14206,Nadežda,Žarkova,1904,Sjedinjene Američke Države
14207,Anri,Barbjus,1873,Francuska
14208,Olga,Arsid,1989,Ujedinjeno Kraljevstvo
14209,Ljudmila,Jurilina,1967,Rusija
14210,Aleksandr,Volk,1992,Rusija
14211,Marija,Korčagina,1900,Savez Sovjetskih Socijalističkih Republika
14212,Vadim,Hačikov,1987,Rusija
14213,Vjačeslav,Menšikov,1975,Rusija
14214,Aleksandr,Musihin,1971,Nemačka
14215,Filipp,Majer,1962,Rusija
14216,Vadim,Prjahin,1980,Rusija
14217,Aleksandr,Ivanickij,1937,Rusija
14218,Mihail,Rožkov,1974,Rusija
14219,Ekaterina,Djužakova,1977,Rusija
14220,Zafira,Lajter,1962,Ujedinjeno Kraljevstvo
14221,Pija,Edberg,1987,Ujedinjeno Kraljevstvo
14222,Vasilij,Karasev,1938,Rusija
14223,Dobri,Čintulov,1822,Bugarska
14224,Konstantin,Ščeglov,1978,Sjedinjene Američke Države
14225,Nikolaj,Bespalov,1921,Rusija
14226,Valentina,Šebeko,1971,Rusija
14227,Nikolaj,Ursul,1986,Rusija
14228,Soslan,Pliev,1992,Nemačka
14229,Marija,Homjakova,1973,Rusija
14230,Natalja,Obrazcova,1972,Ujedinjeno Kraljevstvo
14231,Ekaterina,Kouti,1962,Italija
14232,Kerri,Grinberg,1982,Nemačka
14233,Dmitrij,Arkov,1985,Rusija
14234,Henson,Bolduin,1903,Sjedinjene Američke Države
14235,Andrej,Rjabokon,1964,Sjedinjene Američke Države
14236,Noj,Houli,1967,Sjedinjene Američke Države
14237,Lili,Black,1966,Sjedinjene Američke Države
14238,Anna,Titovskaja,1980,Sjedinjene Američke Države
14239,Viktorija,Širing,1969,Sjedinjene Američke Države
14240,Dmitrij,Leontev,1987,Kanada
14241,Viktor,Proklov,1907,Savez Sovjetskih Socijalističkih Republika
14242,Valerij,Korovin,1991,Rusija
14243,Šinejd,Ficgibbon,1959,Italija
14244,Vsevolod,Kukuškin,1942,Rusija
14245,Tatjana,Musihina,1969,Sjedinjene Američke Države
14246,Olga,Kiseleva,1961,Rusija
14247,Anna,Černih,1965,Rusija
14248,Volf,Messing,1993,Rusija
14249,Ed,Miller,1955,Sjedinjene Američke Države
14250,Sanni,Meta,1954,Srbija
14251,Mett,Flinn,1968,Rusija
14252,Elena,Moiseeva,1971,Rusija
14253,Vitalij,Čerenkov,1964,Ujedinjeno Kraljevstvo
14254,Ksenija,Korol,1969,Ujedinjeno Kraljevstvo
14255,Sergej,Žarkovskij,1987,Rusija
14256,Og,Mandino,1923,Sjedinjene Američke Države
14257,Galina,Mišarina,1939,Rusija
14258,Dmitrij,Ilovajskij,1803,Poljska
14259,Dina,Ilina,1985,Nemačka
14260,Anastasija,Elberg,1937,Ujedinjeno Kraljevstvo
14261,Oksana,Manojlo,1964,Rusija
14262,Hans,Encensberger,1987,Rusija
14263,Vukan,Vučik,1935,Sjedinjene Američke Države
14264,Aleksandr,Vitkovskij,1983,Srbija
14265,Aleksej,Mosalov,1976,Rusija
14266,Ivan,Šarapov,1948,Sjedinjene Američke Države
14267,Valerij,Alekseev,1960,Rusija
14268,Ivan,Zjuzjukin,1986,Rusija
14269,Jurij,Kozlov,1957,Rusija
14270,Irina,Poljanskaja,1952,Rusija
14271,Nina,Orlova,1971,Rusija
14272,Evgenij,Tuinov,1971,Rusija
14273,Natalja,Laskina,1980,Francuska
14274,Zoja,Sokol,1976,Sjedinjene Američke Države
14275,Sergej,Sinelnikov,1962,Sjedinjene Američke Države
14276,Ksenija,Zubareva,1964,Sjedinjene Američke Države
14277,Elena,Lebedeva,1977,Uzbekistan
14278,Romena,Avgustova,1973,Rusija
14279,Nikolaj,Angolenko,1966,Sjedinjene Američke Države
14280,Vjačeslav,Vjuga,1947,Rusija
14281,Marina,Voronina,1988,Ujedinjeno Kraljevstvo
14282,Robert,Guld,1955,Rusija
14283,Uiljam,Gilder,1838,Sjedinjene Američke Države
14284,A.,Akulova,1988,Sjedinjene Američke Države
14285,T.,Kovelina,1968,Nemačka
14286,S.,Samojlov,1988,Ujedinjeno Kraljevstvo
14287,V.,Šalin,1990,Francuska
14288,Čarlz,Uilan,1966,Sjedinjene Američke Države
14289,Pavel,Grudinin,1960,Rusija
14290,Karel,Čapek,1890,Čehoslovačka
14291,Marija,Strelova,1981,Rusija
14292,Elena,Ditsar,1974,Nemačka
14293,Džek,Majer,1970,Sjedinjene Američke Države
14294,Valentin,Kolesov,1931,Rusija
14295,Mihail,Kazancev,1927,Savez Sovjetskih Socijalističkih Republika
14296,Aleksandra,Derbenjova,1955,Sjedinjene Američke Države
14297,Kit,Ričards,1943,Ujedinjeno Kraljevstvo
14298,Kakudzo,Okakura,1977,Rusija
14299,Aleksandr,Režabek,1971,Japan
14300,N.,Burdikina,1846,Rusija
14301,Mihail,Savinov,1982,Rusija
14302,Margarita,Emelina,1966,Rusija
14303,Pavel,Filin,1964,Sjedinjene Američke Države
14304,Aleksandr,Bolnih,1977,Rusija
14305,Tatjana,Bespalova,1964,Rusija
14306,Anna,Vetlugina,1965,Rusija
14307,Sergej,Sizarev,1982,Italija
14308,Aleksandr,Muzafarov,1981,Sjedinjene Američke Države
14309,Dmitrij,Maksimenko,1993,Francuska
14310,Ljudmila,Rosoha,1984,Rusija
14311,Dmitrij,Rosoha,1973,Poljska
14312,Eben,Aleksander,1955,Nemačka
14313,Aljona,Holmirzaeva,1990,Rusija
14314,Larisa,Bortnikova,1968,Rusija
14315,Evgenij,Holmuratov,1996,Italija
14316,Nekto,Ljuboj,1977,Ujedinjeno Kraljevstvo
14317,Vladimir,Daragan,1940,Sjedinjene Američke Države
14318,Lev,Veršinin,1955,Sjedinjene Američke Države
14319,Piter,Frankopan,1971,Ujedinjeno Kraljevstvo
14320,Irina,Kalistratova,1943,Sjedinjene Američke Države
14321,Natalja,Morgunova,1941,Sjedinjene Američke Države
14322,Vladimir,Stolnij,1961,Rusija
14323,Natalija,Pomelnikova,1975,Rusija
14324,mitropolit Veniamin,(Fedčenkov),1931,Sjedinjene Američke Države
14325,Anna,Litvinjuk,1974,Francuska
14326,Tatjana,Salvoni,1984,Ujedinjeno Kraljevstvo
14327,Nikolaj,Zlobin,1931,Savez Sovjetskih Socijalističkih Republika
14328,Dmitrij,Kiseljov,1978,Rusija
14329,Edgar,Doktorou,1931,Sjedinjene Američke Države
14330,Bill,Braun,1954,Rusija
14331,Sonja,Ambris,1962,Srbija
14332,Svetlana,Koroleva,1985,Ujedinjeno Kraljevstvo
14333,Vladimir,Graboveckij,1928,Ukrajina
14334,Sergej,Djačenko,1945,Sjedinjene Američke Države
14335,Vika,Kisimjaka,1970,Rusija
14336,Semen,Panov,1940,Rusija
14337,Išmael,Bih,1980,Sijera Leone
14338,Anton,Monin,1965,Rusija
14339,Irina,Lakoto,1992,Ujedinjeno Kraljevstvo
14340,Džeremi,Jork,1963,Francuska
14341,Ruslan,Ošarov,1954,Rusija
14342,Evgenija,Bes,1975,Nemačka
14343,Maksimilian,Šah,1967,Italija
14344,Daniil,Aksenov,1991,Rusija
14345,Nikolaj,Dobronravov,1928,Rusija
14346,Julija,Poljuško,1964,Ujedinjeno Kraljevstvo
14347,Vita,Han-Magomedova,1934,Rusija
14348,Aleksandr,Čudakov,1968,Rusija
14349,Maks,Veber,1968,Rusija
14350,Avril,Tremejn,1959,Ujedinjeno Kraljevstvo
14351,Hajnc,Felfe,1918,Nemačka
14352,Vladimir,Djukov,1981,Rusija
14353,Marija,Aksjonova,1969,Rusija
14354,Elena,Starkova,1977,Srbija
14355,Andrej,Denisov,1674,Sjedinjene Američke Države
14356,Tanit,Lo,1966,Rusija
14357,Ihaliakala,Lin,1953,Nemačka
14358,Ales,Adamovič,1927,Beloruska Sovjetska Socijalistička Republika
14359,Alina,Boloto,1961,Rusija
14360,Viktor,Uglov,1951,Ujedinjeno Kraljevstvo
14361,Antonina,Ivanova,1971,Nemačka
14362,Ekaterina,Breško-Breškovskaja,1877,Rusija
14363,Aleksandr,Gratovski,1976,Rusija
14364,Nikol,Gratovski,1973,Ujedinjeno Kraljevstvo
14365,Stefan,Gijanej,1980,Nemačka
14366,Kris,Atkinson,1979,Australija
14367,Nora,Frejss,1985,Sjedinjene Američke Države
14368,Irina,Panina,1977,Rusija
14369,Gennadij,Daničkin,1993,Rusija
14370,Den,Kon-Šerbok,1953,Rusija
14371,Džordž,Krissajds,1959,Japan
14372,Davud,El-Alami,1935,Srbija
14373,Anna,Gajtur,1969,Rusija
14374,Irina,Erblang-Rotaru,1985,Italija
14375,Emmanuel,Fress,1987,Ujedinjeno Kraljevstvo
14376,Aleksandr,Mišlen,1972,Rusija
14377,Timur,ŠIPOV,1937,Ujedinjeno Kraljevstvo
14378,Kira,Marčenkova,1995,Nemačka
14379,Grigorij,Lugovskij,1953,Italija
14380,Andrej,Radzievskij,1946,Poljska
14381,Pavel,Kotov,1933,Francuska
14382,Anastasija,Kiprina-Konjahina,1980,Rusija
14383,Vanda,Zaher-Mazoh,1845,Rusija
14384,Pavel,Poljan,1995,Rusija
14385,Aleksej,Gatapov,1989,Rusija
14386,Govard,Goldštejn,1943,Francuska
14387,Mišel,Maandag,1972,Sjedinjene Američke Države
14388,Liisa,Puolakka,1973,Rusija
14389,Erik,Kandel,1980,Kanada
14390,Maks,Bruks,1972,Sjedinjene Američke Države
14391,Saša,Sim,1972,Japan
14392,Natalja,Burhanova,1932,Nemačka
14393,Boris,Minaev,1974,Rusija
14394,Julija,Durimanova,1995,Sjedinjene Američke Države
14395,Paolo,Konetti,1961,Sjedinjene Američke Države
14396,N.,Džemisin,1972,Sjedinjene Američke Države
14397,Džon,Širli,1971,Rusija
14398,Kit,Rid,1946,Ujedinjeno Kraljevstvo
14399,Daniel Hose,Older,1977,Nemačka
14400,Karl,Bunker,1966,Srbija
14401,Julija,Leontovič,1949,Rusija
14402,Olesja,Runova,1976,Ujedinjeno Kraljevstvo
14403,Margaret,Mitčell,1906,Sjedinjene Američke Države
14404,Aleksandr,Vojkin,1966,Ujedinjeno Kraljevstvo
14405,Mihail,Coj,1979,Rusija
14406,Galina,Šestakova,1968,Rusija
14407,Linda,Gudnajt,1960,Sjedinjene Američke Države
14408,Grigorij,Ganzburg,1969,Kanada
14409,Dik,Ler,1955,Rusija
14410,Džerard,O`Nil,1960,Sjedinjene Američke Države
14411,Derek,Lin,1976,Ujedinjeno Kraljevstvo
14412,Irina,Nasonova,1962,Rusija
14413,Igor,Lehner,1970,Sjedinjene Američke Države
14414,Brendi,Engler,1958,Srbija
14415,Tomas,Lukas,1994,Srbija
14416,Veronika,Odincova,1964,Francuska
14417,Dana,Namdi,1978,Nemačka
14418,Idris,Šah,1924,Ujedinjeno Kraljevstvo
14419,Dmitrij,Ribkin,1956,Sjedinjene Američke Države
14420,Mark,Majuords,1939,Nemačka
14421,Zinaida,Makarova,1967,Srbija
14422,Georg,Ebers,1837,Kraljevina Pruska
14423,Olga,Strižickaja,1967,Francuska
14424,Dina,Rid,1969,Rusija
14425,Boris,Grebenščikov,1953,Ujedinjeno Kraljevstvo
14426,Dmitrij,Beleško,1984,Rusija
14427,Marija,Batluk,1995,Rusija
14428,Dmitrij,Djukov,1969,Nemačka
14429,Toni,Šej,1973,Sjedinjene Američke Države
14430,Maks,Lajt,1992,Sjedinjene Američke Države
14431,Erbol,Salimov,1941,Rusija
14432,Nikolaj,Šeleg,1967,Rusija
14433,Jurij,Enin,1983,Rusija
14434,Evgenij,Sokolov,1989,Poljska
14435,Igor,Afonin,1968,Savez Sovjetskih Socijalističkih Republika
14436,Darja,Hadueva,1963,Rusija
14437,Aleksej,Serebrennikov,1981,Nemačka
14438,Grigorij,Punegov,1966,Rusija
14439,Darja,Ščedrina,1982,Rusija
14440,Vladimir,Hmelevskij,1969,Rusija
14441,Sjuzan,Devid,1970,Ujedinjeno Kraljevstvo
14442,Anatolij,Čerepanov,1964,Ujedinjeno Kraljevstvo
14443,Dmitrij,Medvedev,1976,Rusija
14444,Vladimir,Barabanov,1918,Rusija
14445,Igor,Nikolaev,1960,Rusija
14446,Boris,Rožkov,1937,Savez Sovjetskih Socijalističkih Republika
14447,Elena,Šaparenko,1967,Ujedinjeno Kraljevstvo
14448,Gennadij,Falkovskij,1986,Rusija
14449,Zedi,Smit,1975,Ujedinjeno Kraljevstvo
14450,Ruslan,Rajanov,1981,Ujedinjeno Kraljevstvo
14451,Diego Don,Valensija,2000,Čile
14452,Viktor,Semenov,1943,Rusija
14453,Aleksandr,Nikolaev,1960,Rusija
14454,Ava,Dellajra,1989,Nemačka
14455,Korinn,Dajvis,1966,Italija
14456,Valerij,Esenkov,1955,Rusija
14457,Uiljam,Tomas,1884,Poljska
14458,Kejt,Pavitt,1898,Rusija
14459,Liza,Tatl,1960,Poljska
14460,Remsi,Kempbell,1946,Ujedinjeno Kraljevstvo
14461,Kristofer,Fauler,1953,Ujedinjeno Kraljevstvo
14462,Stiven,Holl,1975,Ujedinjeno Kraljevstvo
14463,Elison,Mur,1971,Ujedinjeno Kraljevstvo
14464,Kler,Din,1975,Rusija
14465,Endrju,Lejn,1991,Sjedinjene Američke Države
14466,Mjuriel,Grej,1961,Rusija
14467,Nina,Allan,1988,Rusija
14468,Nikolas,Rojl,1961,Nemačka
14469,Kirsten,Kesčok,1966,Rusija
14470,Tom,Henks,1956,Sjedinjene Američke Države
14471,Luiza,Mjulbah,1814,Nemačka
14472,Sajmon,Bekett,1960,Ujedinjeno Kraljevstvo
14473,Eduard,Deremov,1964,Ujedinjeno Kraljevstvo
14474,L.,Lordkipanidze,1942,Italija
14475,Ruslan,Naruševič,1960,Italija
14476,Aleksandr,Belikov,1962,Rusija
14477,Anton,Voronjuk,1974,Rusija
14478,Aleksandr,Poliščuk,1988,Sjedinjene Američke Države
14479,Mustafa,Akijol,1966,Francuska
14480,T.,Ljubimova,1984,Sjedinjene Američke Države
14481,Rozamund,Lapton,1964,Ujedinjeno Kraljevstvo
14482,Rjotaro,Siba,1923,Japan
14483,Feliks,Ikonomakis,1982,Francuska
14484,Andrej,Zubov,1899,Savez Sovjetskih Socijalističkih Republika
14485,Galina,Vervejko,1970,Rusija
14486,Mihail,Semenov,1894,Ruska Imperija
14487,Laura,Libbey,1989,Rusija
14488,Sergej,Aleksejčikov,1962,Sjedinjene Američke Države
14489,Galina,Kamenskaja,1979,Italija
14490,Triša,Vulfri,1993,Nemačka
14491,Valerij,Stolipin,1989,Rusija
14492,Sergej,Tuzik,1994,Rusija
14493,Noel,Morris,1969,Ujedinjeno Kraljevstvo
14494,Aleksej,Petrov,1981,Sjedinjene Američke Države
14495,Gottlob,Biderman,1963,Rusija
14496,Aleksandr,Černickij,1958,Rusija
14497,Elena,Marinina,1960,Italija
14498,Varfolomej,Sobejkis,1983,Sjedinjene Američke Države
14499,Ladislas,Farago,1906,Mađarska
14500,Mats,Billmark,1972,Rusija
14501,Sjuzan,Billmark,1981,Sjedinjene Američke Države
14502,Zoltan,Yaster,1982,Italija
14503,Ešli Prentis,Norton,1960,Rusija
14504,Mihail,Boltunov,1991,Rusija
14505,Aleksandr,Šiškovčuk,1967,Sjedinjene Američke Države
14506,Helen,Makdonald,1970,Ujedinjeno Kraljevstvo
14507,Evgenij,Bessonov,1936,Poljska
14508,Hu,Jun,1984,Rusija
14509,Hao,Jačžou,1987,Sjedinjene Američke Države
14510,Aleksandr,Mironov,1984,Rusija
14511,Igor,Semenov,1990,Rusija
14512,Igor,Grjadunov,1987,Nemačka
14513,Konstantin,Grjadunov,1989,Rusija
14514,Konstantin,Romanov,1882,Ruska Imperija
14515,Svetlana,Petrova,1955,Rusija
14516,Eduard,Kanevskij,1972,Nemačka
14517,Ekaterina,Bogomolova,1949,Rusija
14518,Dmitrij,Usenkov,1970,Francuska
14519,A.,Melnikov,1982,Nemačka
14520,Sergej,Maksimov,1970,Poljska
14521,Barbara,Minto,1934,Sjedinjene Američke Države
14522,Denis,Andrašov,1930,Rusija
14523,Barbara,Lenkvist,1986,Nemačka
14524,Natalja,Irtenina,1990,Rusija
14525,Eduard,Gevorkjan,1966,Rusija
14526,Pjotr,Gavrilin,1986,Srbija
14527,Žanna,Levina-Martirosjan,1975,Sjedinjene Američke Države
14528,Aleksej,Nounejm,1970,Francuska
14529,Sergej,Slobodčikov,1954,Nemačka
14530,Natalja,Djomina,1992,Francuska
14531,Tigrinja,Tigrinja,1992,Francuska
14532,Svetlana,Baranova,1956,Sjedinjene Američke Države
14533,Sergej,Carev,1981,Rusija
14534,Marija,Zalevskaja,1988,Sjedinjene Američke Države
14535,Maksim,Trudoljubov,1970,Rusija
14536,Ernest Genri,Šeklton,1860,Rusija
14537,Matvej,Popov,1989,Sjedinjene Američke Države
14538,Džuli,Litkott-Hejms,1972,Ujedinjeno Kraljevstvo
14539,Andrej,Lisikov,1969,Rusija
14540,O.,Holod,1959,Ujedinjeno Kraljevstvo
14541,Vitalij,Šurigin,1938,Rusija
14542,Aleksandr,Skrjagin,1957,Rusija
14543,Charles,Williamson,1950,Rusija
14544,Alice,Williamson,1951,Srbija
14545,Viktor,Tornbol,1883,Sjedinjene Američke Države
14546,I.,Filippova,1976,Francuska
14547,I.,Jamskih,1990,Francuska
14548,Anna,Gvidiči,1989,Rusija
14549,Sergej,Korobkov,1960,Rusija
14550,Natalja,Novikova,1980,Rusija
14551,Irina,Poljakova,1965,Rusija
14552,Evgenij,Balakin,1960,Rusija
14553,arhimandrit Amvrosij,(Jurasov),1965,Sjedinjene Američke Države
14554,Ljudmila,Sotnikova,1987,Francuska
14555,Gleb,Pivovarov,1982,Rusija
14556,Madlen,Levo-Fernandez,1977,Rusija
14557,Pavan,Vora,1964,Rusija
14558,Lixta,Crack,1985,Rusija
14559,Alina,Ivanova,1988,Srbija
14560,Marija,Gippenrejter,1959,Sjedinjene Američke Države
14561,Darja,Voroškevič,1979,Nemačka
14562,Darija,Kazannikova,1986,Rusija
14563,Evgenij,Bannikov,1977,Ujedinjeno Kraljevstvo
14564,Bertran,Badre,1968,Rusija
14565,Leonid,Sidorov,1968,Francuska
14566,Adolf,Knigge,1752,Nemačka
14567,Petr,Metuzal,1937,Sjedinjene Američke Države
14568,Denis,Celih,1993,Sjedinjene Američke Države
14569,Oleg,Romancev,1954,Rusija
14570,Huan Rejnaldo,Sančes,1962,Rusija
14571,Aksel,Gilden,1985,Rusija
14572,Majkl,Breus,1959,Rusija
14573,Tatjana,Svoboda,1979,Nemačka
14574,Aleksandr,Etoev,1985,Nemačka
14575,Marina,Muraveva,1959,Ujedinjeno Kraljevstvo
14576,Marija,Ksaver,1934,Sjedinjene Američke Države
14577,Šarlotta,Barberi,1986,Ujedinjeno Kraljevstvo
14578,Dženni,Daunhem,1964,Ujedinjeno Kraljevstvo
14579,Vladimir,Babenko,1985,Rusija
14580,Aleks,Grark,1956,Rusija
14581,Samarij,Velikovskij,1931,Savez Sovjetskih Socijalističkih Republika
14582,Uiljam,Allen,1784,Sjedinjene Američke Države
14583,Kristina,Simpson,1949,Sjedinjene Američke Države
14584,Madeline,Brandeis,1943,Ujedinjeno Kraljevstvo
14585,Elena,Malahova,1969,Ujedinjeno Kraljevstvo
14586,Olga,Andris,1959,Francuska
14587,Lidija,Malceva,1952,Rusija
14588,Sergej,Ribakov,1867,Ruska Imperija
14589,Hamfri,Hanter,1957,Rusija
14590,Irina,Virodova,1963,Sjedinjene Američke Države
14591,Svetlana,Tepljuk,1985,Rusija
14592,Marija,Zacepina,1973,Ujedinjeno Kraljevstvo
14593,Julija,Razenkova,1975,Rusija
14594,Eduard,Majninger,1994,Sjedinjene Američke Države
14595,Rafael,Halilullov,1961,Savez Sovjetskih Socijalističkih Republika
14596,Aleksandr (Mišogu),Juškin,1987,Rusija
14597,Gennadij,Sobolev,1935,Rusija
14598,Eliza,Koh,1969,Rusija
14599,Nadežda,Pičugina,1979,Rusija
14600,Svetlana,Assaulova,1977,Ujedinjeno Kraljevstvo
14601,Konstantin,Zlobin,1779,Rusija
14602,Anastasija Tasi,Džikija,1994,Rusija
14603,T.,Ivanova,1980,Sjedinjene Američke Države
14604,Karin,Boje,1900,Švedska
14605,Igor,Molodan,1963,Rusija
14606,Anna,Šiškina,1963,Srbija
14607,Aleksandr,Očeret,1986,Sjedinjene Američke Države
14608,Jan,Beker,1975,Nemačka
14609,Inna,Gerasimova,1981,Rusija
14610,Valerij,Batalov,1953,Rusija
14611,Oksana,Kamenskaja,1969,Sjedinjene Američke Države
14612,Anna,Turusina,1957,Sjedinjene Američke Države
14613,Andrej,Karpov,1948,Rusija
14614,Fedor,Kolobov,1962,Rusija
14615,Valter,Gjorlic,1959,Ujedinjeno Kraljevstvo
14616,Uiljam,Uestkott,1984,Sjedinjene Američke Države
14617,Aleks,Dubas,1971,Rusija
14618,Mihail,Kononov,1948,Rusija
14619,Svetlana,Baš,1943,Rusija
14620,Vladimir,Ušakov,1978,Sjedinjene Američke Države
14621,Danila,Kuznecov,1974,Rusija
14622,Alina,Titova,1977,Rusija
14623,Aleksej,Alnašev,1969,Sjedinjene Američke Države
14624,Zigfrid,Krakauer,1889,Francuska
14625,Boris,Sluckij,1994,Rusija
14626,Jana,Pantueva,1975,Sjedinjene Američke Države
14627,Enn,Kessidi,1975,Nemačka
14628,Maksim,Jurčenko,1967,Nemačka
14629,Evgenij,Malinin,1986,Kirgistan
14630,Elena,Emeljanova,1971,Rusija
14631,Žil,Legardine,1965,Francuska
14632,Karina,Davtjan,1935,Rusija
14633,Lorren,Fuše,1993,Rusija
14634,Endrju,Štajn,1967,Rusija
14635,Adam,Tuz,1967,Ujedinjeno Kraljevstvo
14636,Olga,Manko,1972,Rusija
14637,Aleks,Janovskij,1964,Sjedinjene Američke Države
14638,Tatjana,Vojnič,1974,Rusija
14639,Jonas,Lesser,1944,Japan
14640,Ben,Linč,1990,Sjedinjene Američke Države
14641,Hedlend,Devis,1981,Sjedinjene Američke Države
14642,Kirill,Loginov,1982,Rusija
14643,Ilja,Sokolov,1890,Savez Sovjetskih Socijalističkih Republika
14644,Darina,Kalijaeva,1979,Poljska
14645,Enn,Fajn,1947,Ujedinjeno Kraljevstvo
14646,Albert,Safin,1966,Poljska
14647,Jurij,Žitorčuk,1985,Francuska
14648,Marko,Borhes,1980,Rusija
14649,Gennadij,Golovko,1990,Ujedinjeno Kraljevstvo
14650,Otto,Kifer,1976,Ujedinjeno Kraljevstvo
14651,Rostislav,Ribakov,1938,Rusija
14652,Meg,Džej,1969,Rusija
14653,Hajdi Grant,Helvorson,1969,Rusija
14654,Alisija,Iton,1985,Sjedinjene Američke Države
14655,Elena,Savinkina,1973,Ujedinjeno Kraljevstvo
14656,Galina,Loginova,1950,Sjedinjene Američke Države
14657,Anastasija,Kordjukova,1969,Rusija
14658,Aleksandr,Nazarkin,1970,Sjedinjene Američke Države
14659,Vladimir,Reznik,1994,Sjedinjene Američke Države
14660,Marina,Gusakova,1991,Nemačka
14661,Elena,Pervuhina,1954,Rusija
14662,E.,Konigsburg,1935,Srbija
14663,Emma,Moss,1985,Francuska
14664,Ljubov,Čabina,1986,Ujedinjeno Kraljevstvo
14665,Adel,Hairov,1991,Rusija
14666,Elena,Mironova,1921,Rusija
14667,Marvin,Grossvit,1970,Sjedinjene Američke Države
14668,Osinskaja,Rašidovna,1971,Sjedinjene Američke Države
14669,Azamat,Rahimov,1970,Poljska
14670,Robert,Ringer,1984,Rusija
14671,Igor,Višneveckij,1989,Ujedinjeno Kraljevstvo
14672,Džejn,Bartoš,1974,Rusija
14673,Tatjana,Legasova,1979,Italija
14674,Aleksej,Matveičev,1962,Nemačka
14675,Pavel,Gavrilov,1954,Savez Sovjetskih Socijalističkih Republika
14676,Darja,Glusko,1962,Rusija
14677,Jurij,Fedosjuk,1955,Rusija
14678,Uiljam,Mitčell,1811,Ujedinjeno Kraljevstvo Velike Britanije i Irske
14679,Olga,Beketova,1940,Rusija
14680,Vladimir,Najdenkov,1965,Rusija
14681,Aleksandr,Predkov,1975,Srbija
14682,Alena,Nekrasova,1967,Nemačka
14683,Kristina,Vibornova,1965,Rusija
14684,Jurij,Bezeljanskij,1960,Rusija
14685,Andrej,Milov,1969,Rusija
14686,Žan,Ledloff,1967,Rusija
14687,M.,Rajan,1952,Rusija
14688,Pavel,Alekseev,1991,Estonija
14689,Lola,Ekerstrjom,1985,Ujedinjeno Kraljevstvo
14690,Bekki,Čambers,1982,Sjedinjene Američke Države
14691,Džozef Šeridan Le,Fanju,1951,Sjedinjene Američke Države
14692,Aleksandr,Perevezencev,1993,Japan
14693,Dmitrij,Frolov,1980,Ujedinjeno Kraljevstvo
14694,Ekaterina,Protasova,1965,Nemačka
14695,Natalja,Rodina,1952,Rusija
14696,Dmitrij,Leuškin,1974,Ujedinjeno Kraljevstvo
14697,Aleksandr,Efremov,1957,Rusija
14698,Vladimir,Kulakov,1977,Poljska
14699,Elena,Kaširina,1978,Rusija
14700,Olga,Kaširina,1971,Rusija
14701,Sofja,Bogatireva,1977,Ujedinjeno Kraljevstvo
14702,Galina,Dmitrieva,1951,Ukrajina
14703,Oksana,Zaščirinskaja,1971,Rusija
14704,Marina,Borodickaja,1969,Rusija
14705,Margarita,Poljakova,1988,Rusija
14706,Sergey,Pilyugin,1993,Rusija
14707,Fedor,Metlickij,1876,Belorusija
14708,Gennadij,Levickij,1992,Italija
14709,Pavel,Motin,1969,Nemačka
14710,Stiven,Rouli,1977,Rusija
14711,Patrikej,Bobun-Boroda,1955,Francuska
14712,Art,Gasparov,1973,Sjedinjene Američke Države
14713,Šri Čandra Svami,Udasin,1959,Rusija
14714,Džeff,Uoker,1989,Francuska
14715,Konstantin,Kolontaev,1984,Rusija
14716,Aleksandr,Staroverov,1958,Rusija
14717,Igor,Savelev,1968,Belorusija
14718,Sergej,Litvinov,1994,Nemačka
14719,Marija,Sadlovskaja,1993,Sjedinjene Američke Države
14720,Lev,Trahtenberg,1972,Rusija
14721,Viktor,Kožajkin,1989,Sjedinjene Američke Države
14722,Galina,Salmova,1961,Rusija
14723,Aleksandr,Voroncov,1976,Ujedinjeno Kraljevstvo
14724,Igor,Noks,1968,Rusija
14725,Diana,Volz,1985,Sjedinjene Američke Države
14726,Elizabet,Nurebek,1989,Sjedinjene Američke Države
14727,Dmitrij,Rostovskij,1992,Ujedinjeno Kraljevstvo
14728,Ivonna,Rut,1981,Sjedinjene Američke Države
14729,Dmitrij,Ljubčenko,1962,Kanada
14730,Rodogoj,Orlov,1988,Sjedinjene Američke Države
14731,Evgenij,Kolesov,1985,Italija
14732,Vanessa,Diffenbah,1957,Italija
14733,Roman,Kazimirskij,1992,Sjedinjene Američke Države
14734,Mihail,Tarasov,1981,Uzbekistan
14735,Viktor,Baranec,1946,Rusija
14736,Georgij,Ginžu,1981,Ujedinjeno Kraljevstvo
14737,Ljubov,Arzamasceva,1987,Rusija
14738,Roman,Udarcev,1968,Sjedinjene Američke Države
14739,Vjugar,Kerimov,1982,Sjedinjene Američke Države
14740,Erih fon,Korr,1980,Sjedinjene Američke Države
14741,Aleksej,Leonov,1934,Rusija
14742,Elizaveta,Sučkova,1983,Sjedinjene Američke Države
14743,Elena,Vladi,1952,Sjedinjene Američke Države
14744,Ketrin,Fišer,1957,Ujedinjeno Kraljevstvo
14745,Kira,Maj,1974,Rusija
14746,Eduard,Nordman,1972,Sjedinjene Američke Države
14747,Meri,Dirborn,1979,Ujedinjeno Kraljevstvo
14748,E.,Kločkova,1978,Nemačka
14749,Pavel,Katašov,1957,Francuska
14750,Boris,Mihajlov,1989,Italija
14751,Marina,Ermolaeva,1957,Rusija
14752,Tadeuš,Dolenga-Mostovič,1898,Druga poljska republika
14753,Enn,Ross,1940,Nemačka
14754,Elena,Litvinenko,1990,Sjedinjene Američke Države
14755,Ljudmila,Krilova-Lopačenko,1980,Ujedinjeno Kraljevstvo
14756,Frenk,Gerbert,1925,Poljska
14757,Dmitrij,Lukjanov,1993,Kazahstan
14758,Gart,Gilmor,1939,Francuska
14759,Artur,Lidjard,1917,Novi Zeland
14760,Žan,Darovskij,1991,Rusija
14761,Vera,Šartašskaja,1967,Italija
14762,I.,Golovleva,1985,Rusija
14763,Ram,Kadir,1963,Rusija
14764,Sergej,Esin,1957,Rusija
14765,Enni,Džoj,1978,Sjedinjene Američke Države
14766,Svetlana,Reznik,1982,Rusija
14767,Dmitrij,Grišin,1956,Rusija
14768,Tatjana,Osipova,1957,Ujedinjeno Kraljevstvo
14769,Olga,Tatarnikova,1987,Rusija
14770,Arkadij,Plotnikov,1941,Rusija
14771,Jurij,Lavrenov,1971,Rusija
14772,Aleksij,Novikov,1961,Rusija
14773,Tatjana,Šišova,1978,Francuska
14774,Darja,Ratnikova,1981,Francuska
14775,Anastasija,Korzun,1986,Sjedinjene Američke Države
14776,Svetlana,Dolgova,1961,Rusija
14777,Stepan,Makarov,1987,Rusija
14778,Sara,Roberts,1901,Australija
14779,Džozef,Dilejni,1945,Ujedinjeno Kraljevstvo
14780,Enni,Pru,1935,Sjedinjene Američke Države
14781,Andrej,Melnikov,1965,Belorusija
14782,Sergej,Surin,1971,Rusija
14783,Aleksandr,Thostov,1952,Sjedinjene Američke Države
14784,Majsem,Al-Džanabi,1964,Sjedinjene Američke Države
14785,Elena,Burunova,1977,Rusija
14786,Lina,Franceva,1979,Sjedinjene Američke Države
14787,Nadežda,Kudaškina,1944,Rusija
14788,Evgenija,Zih,1973,Rusija
14789,Vera,Kireeva,1986,Rusija
14790,Andrej,Cirulnik,1949,Rusija
14791,Tatjana,Kutašjova,1970,Ujedinjeno Kraljevstvo
14792,Alisa,Šelihova,1938,Ujedinjeno Kraljevstvo
14793,Raisa,Rjabuha,1988,Italija
14794,Armanuš,Markarjan,1980,Italija
14795,Marija,Eršova,1967,Rusija
14796,Vladimir,Kjahrenov,1968,Rusija
14797,Frančesko,Gverracci,1804,Kraljevina Italija
14798,Reza,Širazi,1965,Rusija
14799,Georgij,Agabekov,1992,Sjedinjene Američke Države
14800,Dmitrij,Vidineev,1966,Poljska
14801,Kerri,Maniskalko,1982,Sjedinjene Američke Države
14802,Kosjun,Takami,1969,Japan
14803,Kirsten,Fuks,1987,Rusija
14804,Viktor,Vald,1961,Ukrajina
14805,Kris,Vuding,1977,Ujedinjeno Kraljevstvo
14806,Elena,Sarafanova,1972,Japan
14807,Ljudmila,Ternova,1983,Rusija
14808,Ekaterina,Kalikinskaja,1969,Rusija
14809,Džuli,Koen,1974,Rusija
14810,Galina,Lipskaja,1993,Poljska
14811,Pol,Sassman,1982,Nemačka
14812,Ien,Renkin,1960,Ujedinjeno Kraljevstvo
14813,Tomas,Perri,1969,Kanada
14814,Džejms,Grejdi,1976,Ujedinjeno Kraljevstvo
14815,Frensis,Vilson,1973,Ujedinjeno Kraljevstvo
14816,Kerolin,Hart,1936,Sjedinjene Američke Države
14817,Džejms,Holl,1951,Srbija
14818,Megan,Ebbott,1971,Sjedinjene Američke Države
14819,Deniz,Mina,1966,Ujedinjeno Kraljevstvo
14820,Denis,Neždanov,1984,Rusija
14821,Elena,Kussa,1974,Sjedinjene Američke Države
14822,Alena,Karimova,1959,Rusija
14823,Anastasija,Černova,1993,Ukrajina
14824,Ien,Makjuen,1948,Ujedinjeno Kraljevstvo
14825,Janina,Beresneva,1976,Rusija
14826,Ataša,Fajf,1984,Nemačka
14827,Prepodobnij Feodor,Studit,1946,Francuska
14828,Vladislav,Gajdukevič,1979,Ujedinjeno Kraljevstvo
14829,Ket,Nebomanka,1953,Nemačka
14830,Julija,Menšikova,1972,Rusija
14831,Sergej,Vajenrud,1984,Srbija
14832,Albert,Alcherbad,1967,Rusija
14833,Vladimir,Romanov,1977,Ujedinjeno Kraljevstvo
14834,Stanislav,Lindover,1996,Sjedinjene Američke Države
14835,Neonilla,Veresova,1971,Sjedinjene Američke Države
14836,Maxim,Cutia,1973,Sjedinjene Američke Države
14837,Anatolij,Stekolnikov,1953,Rusija
14838,Regula,Betšart-Volfensberger,1984,Ujedinjeno Kraljevstvo
14839,Vladimir,Gomelskij,1953,Rusija
14840,Leonid,Kolb,1985,Rusija
14841,Ivan,Jaromič,1968,Rusija
14842,Elena,Kallaur,1972,Rusija
14843,Sajmon,Messingem,1965,Rusija
14844,Alla,Markova,1987,Rusija
14845,Julija,Zajceva,1985,Srbija
14846,Andrej,Pugovkin,1977,Srbija
14847,Vadim,Evlahov,1986,Rusija
14848,Tamara,Rudakova,1981,Rusija
14849,Larisa,Šalkovskaja,1985,Rusija
14850,Sved,Norveg,1940,Italija
14851,Natalja,Sejner,1963,Srbija
14852,Sara,Bledel,1986,Sjedinjene Američke Države
14853,Petr,Vorobev,1984,Rusija
14854,Bet,Evans,1965,Sjedinjene Američke Države
14855,Dmitrij,Ničej,1982,Kanada
14856,Jurij,Alenko,1957,Rusija
14857,Robert,Rajan,1963,Rusija
14858,Natalija,Valentejn,1975,Ujedinjeno Kraljevstvo
14859,Tatjana,Turbina,1989,Rusija
14860,Natalja,Milovickaja,1991,Ujedinjeno Kraljevstvo
14861,Aleksej,Andrienko,1989,Ujedinjeno Kraljevstvo
14862,Roman,Volikov,1975,Ujedinjeno Kraljevstvo
14863,Galina,Kapitonova,1980,Kanada
14864,Evgenij,Tkačenko,1984,Turkmenistan
14865,Ilja,Erenburg,1891,Savez Sovjetskih Socijalističkih Republika
14866,Nadežda,Semenova,1969,Ujedinjeno Kraljevstvo
14867,Helen,Andelin,1920,Sjedinjene Američke Države
14868,Džon,Tul,1937,Sjedinjene Američke Države
14869,Galina,Susloparova,1980,Rusija
14870,Tatjana,Litvinova,1918,Savez Sovjetskih Socijalističkih Republika
14871,Natalja,Eremič,1980,Rusija
14872,Džonatan,Konlin,1957,Rusija
14873,Igor,Kulikov,1975,Nemačka
14874,Robert,Kigan,1972,Nemačka
14875,Lajza,Lejhi,1968,Ujedinjeno Kraljevstvo
14876,Irina,Aleksandrova,1989,Kanada
14877,Tom,Hoffmann,1988,Srbija
14878,Viktor,Dubček,1987,Rusija
14879,Julija,Smoljakova,1981,Sjedinjene Američke Države
14880,Širli,Džekson,1946,Sjedinjene Američke Države
14881,Pedro Antonio de,Alarkon,1833,Španija
14882,Ken,Mogi,1971,Rusija
14883,Artur,Lazarev,1965,Sjedinjene Američke Države
14884,Leonid,Venger,1980,Srbija
14885,Jurij,Rahimov,1971,Francuska
14886,Vladimir,Burov,1937,Nemačka
14887,Mark,Helprin,1951,Kanada
14888,Ruslana,Vizbor,1930,Ujedinjeno Kraljevstvo
14889,Rufina,Razzakova,1991,Rusija
14890,Oleg,Medinov,1980,Sjedinjene Američke Države
14891,Andrej,Jašnik,1980,Rusija
14892,Dmitrij,Žvanija,1976,Rusija
14893,A.,Usovič,1946,Rusija
14894,Džeffri,Evgenidis,1960,Sjedinjene Američke Države
14895,Simona,Lefevr,1983,Rusija
14896,Toni,Bjuden,1945,Sjedinjene Američke Države
14897,Andrej,Dubrovskij,1947,Francuska
14898,Leonid,Ulanovskij,1952,Poljska
14899,Alisa,Orlova-Vjazovskaja,1961,Rusija
14900,Aleksandr,Vorobev,1958,Francuska
14901,Kristin,Henkok,1931,Francuska
14902,Dmitrij,Cimbaljuk,1952,Sjedinjene Američke Države
14903,Luiza,Avtandilova,1981,Nemačka
14904,Kevin,Kun,1998,Švajcarska
14905,Ella,Markina,1992,Rusija
14906,Rejčel,Rassel,1986,Francuska
14907,Kristian «Flake»,Lorenc,1966,Nemačka
14908,Svetlana,Ivanova,1981,Rusija
14909,Gledis,Mitčell,1901,Ujedinjeno Kraljevstvo
14910,Anna,Bogatireva,1973,Srbija
14911,Ilja,Bogatirev,1958,Kanada
14912,Oleg,Kučenev,1983,Sjedinjene Američke Države
14913,Kristina,Kuželeva,1989,Rusija
14914,Elena,Krasnoselskaja,1976,Rusija
14915,Arina,Svoboda,1985,Ujedinjeno Kraljevstvo
14916,Anna,Mihalevskaja,1973,Rusija
14917,Valentina,Orlova,1974,Rusija
14918,Pavel,Tokarenko,1969,Japan
14919,Stanislav,Šulga,1971,Ujedinjeno Kraljevstvo
14920,Pavel,Serebrjannikov,1970,Sjedinjene Američke Države
14921,Vadim,Časov,1986,Sjedinjene Američke Države
14922,Natalja,Rer,1957,Rusija
14923,Nikolaj,Kosenkov,1994,Srbija
14924,Andrej,Trenogov,1961,Rusija
14925,Vladimir,Morgunov,1985,Rusija
14926,Mihail,Turkin,1962,Nemačka
14927,Natalja,Jakobson,1992,Rusija
14928,Alisa,Požidaeva,1990,Ujedinjeno Kraljevstvo
14929,Ksenija,Kušnir,1953,Nemačka
14930,Alevtina,Lugovskaja,1964,Rusija
14931,Džejn,Smajli,1949,Sjedinjene Američke Države
14932,Diana,Vejs,1979,Rusija
14933,Kristina,Dodd,1967,Poljska
14934,Albert,Tjutin,1965,Sjedinjene Američke Države
14935,Georg,Ebers,1994,Ujedinjeno Kraljevstvo
14936,Elizabet,Mičels,1993,Rusija
14937,Aleksandr,Hartman,1993,Australija
14938,Aleksandr,Samohvalov,1894,Ruska Sovjetska Federativna Socijalistička Republika
14939,Vladimir,Lešan,1990,Nemačka
14940,Vladislav,Južnij,1972,Italija
14941,Viktor,Livšic,1974,Italija
14942,Vladimir,Kumanin,1962,Ujedinjeno Kraljevstvo
14943,Olga,Kuznecova,1995,Ujedinjeno Kraljevstvo
14944,Hallie,Rives,1946,Rusija
14945,Asja,Vanjakina,1991,Francuska
14946,Nensi,Atkinson,1973,Sjedinjene Američke Države
14947,Blažennij Ioann,Mosh,1968,Francuska
14948,Aleksandr,Gordienko,1992,Rusija
14949,Ričard,Koh,1950,Ujedinjeno Kraljevstvo
14950,Tatjana,Bricun,1951,Ujedinjeno Kraljevstvo
14951,Pol,Džoanidis,1966,Nemačka
14952,Aleksej,Sadov,1962,Ujedinjeno Kraljevstvo
14953,Boris,Lipoveckij,1978,Rusija
14954,Oleg,Pernaj,1966,Sjedinjene Američke Države
14955,Aleksandr,Savin,1958,Francuska
14956,Andrej,Kurcev,1956,Rusija
14957,Aleksandr,Omeljanjuk,1964,Belorusija
14958,Irina,Grit,1979,Nemačka
14959,Aleksej,Motorov,1968,Nemačka
14960,Aleksej,Stepanov,1954,Ujedinjeno Kraljevstvo
14961,Nele,Nojhaus,1966,Francuska
14962,Oksana,Geppert,1930,Sjedinjene Američke Države
14963,Irina,Muravskaja,1934,Srbija
14964,Svetlana,Gutova,1993,Italija
14965,Anton,Pajkes,1948,Rusija
14966,Robert,Demidov,1975,Rusija
14967,Pol,O'Nil,1988,Rusija
14968,Vadim,Černišev,1953,Rusija
14969,Sergej,Zmeev,1963,Sjedinjene Američke Države
14970,Gordon,Dogerti,1980,Rusija
14971,Emi,Čžan,1967,Kina
14972,Marija,Jalovič-Simon,1972,Rusija
14973,Sadig,Mamedov,1989,Rusija
14974,Vadim,Filonenko,1982,Sjedinjene Američke Države
14975,Mihail,Muhin,1889,Savez Sovjetskih Socijalističkih Republika
14976,Roman,Melnikov,1984,Ujedinjeno Kraljevstvo
14977,Aleksej,Lagutenkov,1964,Sjedinjene Američke Države
14978,Margarita,Mikrjukova,1959,Rusija
14979,Svjatoslav,Maksimov,1964,Francuska
14980,Ksenija,Sigaeva,1976,Italija
14981,Naina,Vladimirova,1959,Poljska
14982,Emi,Šer,1992,Rusija
14983,Tatjana,Disko,1930,Nemačka
14984,Katerina,Berezina,1961,Rusija
14985,Maksim,Voznjak,1957,Rusija
14986,Georgij,Čerdancev,1971,Rusija
14987,Julija,Hodbina,1965,Sjedinjene Američke Države
14988,Egor,Melšin,1989,Rusija
14989,Valerij,Larionov,1989,Italija
14990,Kika,Salvi,1982,Ujedinjeno Kraljevstvo
14991,N.,Kononenko,1942,Rusija
14992,A.,Novikova,1969,Rusija
14993,E.,Petrušanskaja,1956,Ujedinjeno Kraljevstvo
14994,V.,Evalljo,1944,Rusija
14995,E.,Salnikova,1975,Rusija
14996,Ju.,Bogomolov,1987,Sjedinjene Američke Države
14997,Frederika,Grjujer,1977,Rusija
14998,Aleksandr,Družinin,1824,Ruska Imperija
14999,Gennadij,Golubin,1970,Rusija
15000,Stefani,Majer,1973,Sjedinjene Američke Države
15001,Anna,Levčenko,1963,Ukrajina
15002,Olga,Zabaznova,1971,Rusija
15003,Elizaveta,Killer,1934,Rusija
15004,Sergej,Samsoško,1978,Sjedinjene Američke Države
15005,Anastasija,Bubnova,1962,Ujedinjeno Kraljevstvo
15006,Rjunoske,Akutaґava,1969,Francuska
15007,A.,Gončaruk,1984,Francuska
15008,K.-A.,Taker,1956,Italija
15009,Lev,Šilnikov,1975,Rusija
15010,Elvira,Plotnikova,1970,Sjedinjene Američke Države
15011,Andrej,Raputo,1970,Rusija
15012,Olga,Gavrilenko,1990,Japan
15013,Galina,Anohina,1967,Rusija
15014,Evgenij,Poliščuk,1963,Sjedinjene Američke Države
15015,Dmitrij,Šitikov,1969,Rusija
15016,A.,Šarikov,1976,Sjedinjene Američke Države
15017,T.,Makarova,1959,Sjedinjene Američke Države
15018,V.,Alpatov,1979,Rusija
15019,Navi,Radžu,1970,Indija
15020,Džajdip,Prabhu,1989,Rusija
15021,Anatolij,Estrin,1985,Italija
15022,Natalja,Vorobeva,1962,Rusija
15023,Irina,Kozel,1984,Rusija
15024,Saša,Longo,1991,Francuska
15025,Anna,Ščeglova,2004,Sjedinjene Američke Države
15026,Darja,Petrova,2004,Rusija
15027,Pavel,Birjukov,1864,Francuska
15028,Jurij,Možginskij,1962,Rusija
15029,Valerij,Žiglov,1941,Nemačka
15030,Mihail,Hodorkovskij,1963,Rusija
15031,Nikolaj,Dodonov,1960,Rusija
15032,Konstantin,Bulanov,1993,Kanada
15033,Sergej,Maksimovič,1847,Poljska
15034,Aleksej,Uhtomskij,1786,Rusija
15035,Anna,Fukson,1981,Rusija
15036,Maksim,Peškin,1942,Rusija
15037,Deniel,Liberman,1965,Rusija
15038,Dmitrij,Leonenko,1977,Rusija
15039,Džessi,Icler,1976,Rusija
15040,Leonard,Malevin,1978,Rusija
15041,Evgenij,Ežukov,1982,Rusija
15042,Kilan Patrik,Berk,1955,Sjedinjene Američke Države
15043,Natalja,Demidenko,1978,Sjedinjene Američke Države
15044,Dmitrij,Karpilovskij,1981,Poljska
15045,Boris,Žuk,1995,Srbija
15046,Rene,Moborn,1952,Ujedinjeno Kraljevstvo
15047,V. Čan,Kim,1951,Južna Koreja
15048,Ksenija,Mohort,1979,Rusija
15049,Rustam,Grinberg,1970,Rusija
15050,Natalja,Fofanova,1954,Sjedinjene Američke Države
15051,Vjačeslav,Čeban,1982,Rusija
15052,Alfred,Sloun,1875,Sjedinjene Američke Države
15053,Nikolaj,Stekolnikov,1977,Sjedinjene Američke Države
15054,Erec,Ejden,1986,Nemačka
15055,Žan-Batist,Mišel,1966,Rusija
15056,Mari,Rejn,1889,Francuska
15057,Idriss,Aberkan,1966,Sjedinjene Američke Države
15058,Gilda,Uiljams,1961,Rusija
15059,Amanda,Douglas,1988,Srbija
15060,Irina,Pelevina,1982,Rusija
15061,Aleksej,Milovanov,1969,Rusija
15062,Aleksandr,Vereščagin,1885,Ruska Imperija
15063,Valerij,Magov,1990,Japan
15064,Aleksej,Verhovodko,1963,Sjedinjene Američke Države
15065,Rozalija,Rupova,1970,Rusija
15066,Leonid,Kireev,1968,Rusija
15067,Aleksej,Šepeljov,1973,Nemačka
15068,Sergej,Drobotenko,1969,Rusija
15069,A.,Cinis,1962,Rusija
15070,Larisa,Kučerova,1979,Sjedinjene Američke Države
15071,Galina,Boltramun,1936,Italija
15072,Čen,Czjanven,1968,Sjedinjene Američke Države
15073,Hua,Fen,1965,Rusija
15074,Juan Moisés De La,Serna,1933,Francuska
15075,Lika,Verh,1975,Italija
15076,Roman,Neumoev,1940,Rusija
15077,Antonio,Fogaccaro,1842,Kraljevina Italija
15078,Vladimir,Bubencov,1976,Sjedinjene Američke Države
15079,Avraam,Seredinskij,1974,Rusija
15080,Pirmin,Majer,1955,Rusija
15081,Artem,Fedorov,1972,Rusija
15082,Kristof,Karre,1969,Rusija
15083,Majkl,Volf,1967,Rusija
15084,Daniil,Toporskij,1972,Rusija
15085,Julija,Mihajlovskaja,1961,Rusija
15086,Sergej,Majorkin,1938,Rusija
15087,Vasilij,Stalin,1921,Savez Sovjetskih Socijalističkih Republika
15088,Natalja,Borjakova,1956,Sjedinjene Američke Države
15089,Anatolij,Černov,1968,Ujedinjeno Kraljevstvo
15090,Maksim,Udinskij,1962,Rusija
15091,Ronald,Kouz,1910,Ujedinjeno Kraljevstvo
15092,Nin,Van,1958,Rusija
15093,Lija,Alp,1954,Sjedinjene Američke Države
15094,Lev,Šestov,1866,Švajcarska
15095,Olga,Sosnauskene,1965,Rusija
15096,Ljudmila,Terenteva,1862,Ruska Imperija
15097,Leonid,Levin,1966,Rusija
15098,Valerij,Muroh,1965,Nemačka
15099,starec Efrem,Filofejskij,1966,Rusija
15100,Vjačeslav,Obrazcov,1982,Kanada
15101,Grigorij,Loliš,1982,Ujedinjeno Kraljevstvo
15102,Aleksandra,Tovma,1978,Srbija
15103,Klejton,Kristensen,1952,Sjedinjene Američke Države
15104,Natan,Ferr,1971,Nemačka
15105,Džeff,Daer,1954,Rusija
15106,Roman,Soul,1975,Rusija
15107,Denija,Kobba,1965,Sjedinjene Američke Države
15108,Rohan,Ganatilejk,1964,Rusija
15109,Aleksandra,Važenina,1931,Rusija
15110,Tom,Uejnrajt,1983,Srbija
15111,Kirill,Nazarenko,1971,Rusija
15112,Marina,Tihonova,1990,Nemačka
15113,Diana,Maš,1979,Rusija
15114,Evgenij,Kolotilov,1966,Rusija
15115,Otto,Karius,1922,Nemačka
15116,Gennadij,Kondratev,1834,Ruska Imperija
15117,Aleksej,Salnikov,1978,Rusija
15118,Olga,Vinogradova,1837,Ruska Imperija
15119,Džošua,Bekker,1974,Sjedinjene Američke Države
15120,Timofej,Baženov,1976,Rusija
15121,Valerij,Iličev,1963,Sjedinjene Američke Države
15122,Ilja,Nojabrjov,1947,Ukrajina
15123,Diana,Akerman,1948,Sjedinjene Američke Države
15124,Gacci,Tegaev,1968,Sjedinjene Američke Države
15125,Viktor,Petelin,1929,Rusija
15126,Elena,Samsonova,1964,Italija
15127,Greg,Uajt,1969,Italija
15128,Mak,Uolters,1964,Italija
15129,Judžin,Kernerman,1985,Rusija
15130,Elena,Rej,1969,Srbija
15131,Viktorija,Galjaškina,1992,Sjedinjene Američke Države
15132,Meri Elizabet,Dodž,1826,Ujedinjeno Kraljevstvo
15133,Natalja,Kladova,1960,Nemačka
15134,Valerij,Fursa,1961,Francuska
15135,Inessa,Raskina,1974,Sjedinjene Američke Države
15136,Sergej,Lobur,1986,Ujedinjeno Kraljevstvo
15137,Konstantin,Leontev,1831,Ruska Imperija
15138,Evgenij,Karasjuk,1983,Sjedinjene Američke Države
15139,Konrad,Gejden,1901,Sjedinjene Američke Države
15140,Alfred,Bjorn,1972,Sjedinjene Američke Države
15141,Viktorija,Paksevatkina,1989,Italija
15142,Deni,Erton,1959,Sjedinjene Američke Države
15143,Jurij,Čebotarev,1944,Sjedinjene Američke Države
15144,Valerij,Čudinov,1978,Italija
15145,Natalija,Tjapugina,1966,Sjedinjene Američke Države
15146,Irina,Trofimova,1984,Italija
15147,Vjačeslav,Mizgulin,1969,Rusija
15148,Ekaterina,Slinkina,1935,Rusija
15149,Viktorija,Rožkova,1963,Rusija
15150,Boris,Dementeev,1964,Rusija
15151,Majkl,Mettjus,1984,Poljska
15152,Rašit,Halilullin,1974,Sjedinjene Američke Države
15153,Dmitrij-SG,Sinicin,1972,Rusija
15154,Valerij,Elmanov,1981,Rusija
15155,Ju.,Morozjuk,1986,Nemačka
15156,Vladimir,Raček,1931,Francuska
15157,Aleksandr,Skabičevskij,1838,Ruska Imperija
15158,Aleksej,Koljada,1995,Kanada
15159,Ruslan,Akst,1941,Poljska
15160,Karl Uve,Knausgor,1968,Norveška
15161,Doržieva,Majja,1985,Rusija
15162,Dmitrij,Zikin,1961,Rusija
15163,Nikolaj,Danilevskij,1822,Ruska Imperija
15164,Anna,Sotnikova,1986,Rusija
15165,Kristofer,Rajs,1978,Sjedinjene Američke Države
15166,Ksenija,Levkovič,1984,Rusija
15167,Marina,Bobileva,1967,Kanada
15168,Oksana,Zaharova,1977,Rusija
15169,Ilja,Vasilev,1990,Rusija
15170,Dov,Bahir,1958,Sjedinjene Američke Države
15171,Uppaluri,Krišnamurti,1945,Sjedinjene Američke Države
15172,Julij,Šans,1960,Sjedinjene Američke Države
15173,E.,Arhangelskaja,1945,Sjedinjene Američke Države
15174,Piter,Kamp,1937,Sjedinjene Američke Države
15175,Anna,Čižova,1978,Kanada
15176,N.,Kopilova,1959,Rusija
15177,Mihail,Efimov,1978,Rusija
15178,Li,LeFever,1963,Francuska
15179,Alla,Sorokina,1960,Francuska
15180,Konstantin,Guzanov,1991,Ujedinjeno Kraljevstvo
15181,Džejms,Frezer,1860,Rusija
15182,Džejms Djui,Uotson,1968,Rusija
15183,Ljudmila,Savina,1964,Rusija
15184,Aleksandr,Tušev,1965,Rusija
15185,Natalja,Vologžina,1972,Srbija
15186,Olga,Isaenko,1959,Sjedinjene Američke Države
15187,Irina,Kolozinskaja,1965,Rusija
15188,Robert,Galsamin,1989,Rusija
15189,Vjačeslav,Seleznev,1992,Poljska
15190,Irina,Andronati,1970,Sjedinjene Američke Države
15191,Pavel,Nikolaev,1956,Rusija
15192,Arkadij,Pasman,1941,Rusija
15193,Darja,Krupkina,1978,Sjedinjene Američke Države
15194,Valerij,Kuzjuberdin,1988,Italija
15195,Dmitrij,Klikman,1990,Ujedinjeno Kraljevstvo
15196,Evgenij,Obabkov,1962,Sjedinjene Američke Države
15197,Aleksandr,Nenašev,1971,Sjedinjene Američke Države
15198,Aleksej,Karelin,1988,Poljska
15199,Maks,Letov,1958,Poljska
15200,Jana,Rejnar,1966,Rusija
15201,Anastasija,Taka,1966,Rusija
15202,Maksim,Nedjakin,1965,Ujedinjeno Kraljevstvo
15203,Elena,Aladiševa,1968,Rusija
15204,Aleksej,Korabljov,1976,Ujedinjeno Kraljevstvo
15205,Džejmi,Bartlett,1966,Južnoafrička Republika
15206,Genrih,Haape,1993,Francuska
15207,Evgenij,Matveev,1988,Francuska
15208,Vanessa,Rubio-Barro,1965,Poljska
15209,Aleks,Keršou,1966,Ujedinjeno Kraljevstvo
15210,Elena,Aksenova,1967,Nemačka
15211,Tatjana,Zaharova,1984,Rusija
15212,Ljudmila,Kirikova,1968,Sjedinjene Američke Države
15213,Boris,Kirikov,1948,Rusija
15214,Margarita,Hemlin,1982,Srbija
15215,Rafaella,Džordano,1964,Rusija
15216,Aleksandr,Sevostjanov,1954,Nemačka
15217,Elena,Glikina,1978,Italija
15218,Aleksej,Ševčenko,1922,Savez Sovjetskih Socijalističkih Republika
15219,Daniil,Svetskij,1972,Rusija
15220,Irina,Svetskaja,1966,Rusija
15221,Olga,Lodiženskaja,1988,Francuska
15222,Sanija,Salihova,1993,Nemačka
15223,Vadim,Belov,1940,Kanada
15224,Alina,Siničkina,1971,Sjedinjene Američke Države
15225,Marina,Zagorodskaja,1969,Sjedinjene Američke Države
15226,Aleksej,Djudjukin,1972,Sjedinjene Američke Države
15227,Oksana,Bojkova,1940,Rusija
15228,Oksana,Bagomedova,1969,Rusija
15229,A.,Luhmanova,1969,Rusija
15230,V.,Levadnij,1985,Srbija
15231,Marat,Bagavov,1952,Ujedinjeno Kraljevstvo
15232,Vladimir,Mahnač,1992,Rusija
15233,Veronika,Tutenko,1967,Rusija
15234,Ernest,Medzabott,1948,Rusija
15235,Sergej,Bagnenko,1986,Rusija
15236,Aleksej,Ljadov,1958,Nemačka
15237,Irlan,Iskakov,1956,Sjedinjene Američke Države
15238,Viktorija,Kanela,1982,Sjedinjene Američke Države
15239,Sergej,Belošapkin,1938,Rusija
15240,Stanislav,Averkov,1982,Rusija
15241,Saša,Versal,1952,Rusija
15242,Džerri,Porras,1949,Ujedinjeno Kraljevstvo
15243,Aleksandr,Libin,1953,Rusija
15244,Viktor,Libin,1972,Rusija
15245,Sofi,Morgan,1960,Rusija
15246,Muammar,Al-Kaddafi,1987,Francuska
15247,Nurbej,Gulia,1939,Rusija
15248,Karina,Vran,1962,Francuska
15249,Žuliu,Ribejru,1861,Rusija
15250,Aleksandr,Sekackij,1966,Francuska
15251,Kristina,Higer,1976,Sjedinjene Američke Države
15252,Daniel,Pajsner,1972,Francuska
15253,Oksana,Kirsanova,1972,Nemačka
15254,Aleksandr,Šerel,1937,Rusija
15255,Dmitrij,Džulius,1942,Rusija
15256,Jurij,Lužkov,1936,Rusija
15257,Sergej,Sjursin,1936,Rusija
15258,Olesja,Koritko,1972,Kanada
15259,Olesja,Firsova,1977,Rusija
15260,Dmitrij,Ganin,1968,Ujedinjeno Kraljevstvo
15261,Elena,Gajvoronskaja,1974,Rusija
15262,Julija,Filina,1967,Rusija
15263,Evgenija,Mišina,1986,Francuska
15264,Anton,Antonov,1986,Rusija
15265,Galina,Ovdienko,1977,Rusija
15266,Grigorij,Belonučkin,1973,Sjedinjene Američke Države
15267,Alla,Hemlin,1967,Ujedinjeno Kraljevstvo
15268,Oleg,Gladkih,1977,Rusija
15269,Oksana,Gor,1953,Italija
15270,Vadim,Stupnickij,1954,Sjedinjene Američke Države
15271,Viktor,Stepanov,1980,Rusija
15272,Elmira,Bataeva,1971,Sjedinjene Američke Države
15273,Tatjana,Vasilevskaja,1964,Sjedinjene Američke Države
15274,Tina,Lukjanova,1969,Nemačka
15275,Jurij,Berjozkin,1960,Rusija
15276,Stiven,Pirs,1975,Sjedinjene Američke Države
15277,Dmitrij,Karmanov,1970,Rusija
15278,Olga,Esaulkova,1992,Sjedinjene Američke Države
15279,Alisa,Juridan,1974,Rusija
15280,Eva,Sever,1978,Rusija
15281,Alisa,Helstrom,1984,Rusija
15282,Lidija,Koroljova,1994,Francuska
15283,Natalja,Sposobina,1972,Srbija
15284,Julija,Mamiševa,1976,Sjedinjene Američke Države
15285,Ljubov,Barinova,1970,Rusija
15286,Ivan,Beskrovnij,1969,Japan
15287,Tatjana,Nikitina,1945,Rusija
15288,Vladimir,Orestov,1966,Sjedinjene Američke Države
15289,Natalija,Liron,1967,Sjedinjene Američke Države
15290,Dmitrij,Pečnikov,1982,Sjedinjene Američke Države
15291,Semjon,Semjonov,1986,Rusija
15292,Kejt Andersen,Brauer,1960,Italija
15293,Leonid,Pastušenkov,1971,Sjedinjene Američke Države
15294,Aleksandr,Pastušenkov,1989,Rusija
15295,Vladimir,Pastušenkov,1982,Rusija
15296,Mahatma,Gandi,1869,Indija
15297,Evelina,Nagornaja,1985,Rusija
15298,Margarita,Djuževa,1971,Rusija
15299,Martin,Sej,1992,Kanada
15300,Jurij,Kosolapov,1949,Sjedinjene Američke Države
15301,Džon,Šemjakin,1969,Rusija
15302,Grigorij,Kružkov,1945,Rusija
15303,Roman,Korneev,1995,Rusija
15304,Bi,Uilson,1960,Ujedinjeno Kraljevstvo
15305,Larisa,Čistilina,1964,Francuska
15306,Olga,Boyko,1979,Sjedinjene Američke Države
15307,Iryna,Shcherbyna,1964,Rusija
15308,Julija,Ellison,1962,Rusija
15309,Aladdin,Sčastlivij,1975,Rusija
15310,Saša,Ščipin,1977,Rusija
15311,Gennadij,Grinjov,1976,Ujedinjeno Kraljevstvo
15312,Julija,Drjomova,1963,Ujedinjeno Kraljevstvo
15313,Zinaida,Panova,1966,Ujedinjeno Kraljevstvo
15314,Aleksej,Blagirev,1983,Sjedinjene Američke Države
15315,Natalja,Hapaeva,1966,Rusija
15316,Irina,Blohina,1979,Srbija
15317,Alena,Bogdanova,1975,Sjedinjene Američke Države
15318,Galina,Kuzmenko,1976,Kanada
15319,Šarlotta,Rogan,1953,Sjedinjene Američke Države
15320,Marija,Hesse,1962,Italija
15321,Elena,Soboleva,1982,Rusija
15322,Anastasija,Sarapulceva,1994,Rusija
15323,Boris,Maksimenko,1971,Rusija
15324,Vladimir,Demčenko,1972,Rusija
15325,Sjuzanna,Zubok,1983,Italija
15326,Natalja,Gorjačeva,1992,Sjedinjene Američke Države
15327,Elena,Klimenko,1943,Rusija
15328,Vitalij,Grinberg,1930,Nemačka
15329,I.,Kould,1976,Sjedinjene Američke Države
15330,Ted,Uiljams,1957,Sjedinjene Američke Države
15331,Stjuart,Mur,1950,Sjedinjene Američke Države
15332,Dinara,Samatova,1981,Rusija
15333,Boris,Sudaruškin,1967,Rusija
15334,Pol,Lajnbardžer,1896,Ujedinjeno Kraljevstvo
15335,Katull,Mendes,1973,Rusija
15336,Lord,Danseni,1972,Francuska
15337,Fitc Džejms,O'Brajen,1982,Sjedinjene Američke Države
15338,Irvin,Kobb,1876,Sjedinjene Američke Države
15339,Iogann Georg Teodor,Gresse,1946,Francuska
15340,Elinor,Tisajd,1962,Rusija
15341,Robert,Čembers,1802,Ujedinjeno Kraljevstvo Velike Britanije i Irske
15342,Boris,Vian,1920,Francuska
15343,Aleksandr,Razumov,1977,Francuska
15344,Aleksej,Pavlov,1985,Ujedinjeno Kraljevstvo
15345,Tamara,Muravickaja,1975,Sjedinjene Američke Države
15346,Lori,Ljuter,1966,Ujedinjeno Kraljevstvo
15347,Li,Fonda,1977,Rusija
15348,Oleg,Huhlaev,1958,Rusija
15349,Anna,Karavaeva,1994,Srbija
15350,Nikolas,Koro,1984,Italija
15351,Igor,Kozulja,1968,Sjedinjene Američke Države
15352,A.,Jakovleva,1942,Rusija
15353,Sergej,Parastaev,1976,Nemačka
15354,Hejli,Pomroj,1982,Sjedinjene Američke Države
15355,Uiljam,Mogajar,1970,Rusija
15356,Vatsjajana,Mallanaga,1984,Gupta carstvo
15357,Viktor,Savinih,1940,Rusija
15358,Sergej,Žigarev,1985,Sjedinjene Američke Države
15359,Vladimir,Soldatenkov,1967,Srbija
15360,Elena,Marčenko,1960,Ukrajina
15361,Terni,Daff,1982,Ujedinjeno Kraljevstvo
15362,Irina,Lakina,1980,Rusija
15363,Daniil,Zavrin,1987,Sjedinjene Američke Države
15364,Fric,Tissen,1873,Nemačka
15365,Julija,Tkačeva,1961,Nemačka
15366,Ekaterina,Perčenkova,1984,Francuska
15367,Natalija,Recca,1992,Poljska
15368,Marija,Stankevič,1908,Belorusija
15369,Vera,Kuzmickaja,1982,Kanada
15370,Aleksej,Matveev,1986,Ujedinjeno Kraljevstvo
15371,Rebekka,Kuang,1996,Sjedinjene Američke Države
15372,Dmitrij,Salnikov,1984,Srbija
15373,Tanja,Valko,1980,Sjedinjene Američke Države
15374,Palmer,Koks,1840,Kanada
15375,Diana,Korableva,1965,Francuska
15376,Stanislav,Ivlev,1979,Poljska
15377,Gaj,Stending,1986,Sjedinjene Američke Države
15378,Viktor,Kožemjako,1952,Francuska
15379,Mira,Štorm,1976,Rusija
15380,Elena,Orlova,1980,Rusija
15381,Svetlana,Bagderina,1952,Rusija
15382,Stella,Sokolova,1982,Sjedinjene Američke Države
15383,Vladimir,Žuravlev,1960,Sjedinjene Američke Države
15384,Jurij,Kodžaspirov,1982,Srbija
15385,Margaret,Etvud,1939,Kanada
15386,Robert,Džonson,1982,Rusija
15387,Aleksej,Vilenskij,1972,Srbija
15388,Džejson,Šrejer,1987,Sjedinjene Američke Države
15389,Elina,Kamiren,1976,Rusija
15390,Aleksandr,Maslov,1976,Rusija
15391,Irina,Volkova,1961,Rusija
15392,Katrin,Briks,1972,Sjedinjene Američke Države
15393,Roman,Bubnov,1961,Italija
15394,Igor,Maznin,1974,Francuska
15395,Viktor,Mamontov,1938,Rusija
15396,Aleks,Kerri,1948,Ujedinjeno Kraljevstvo
15397,Svetlana,Lavrova,1956,Nemačka
15398,Čampion Kurt,Tojč,1969,Sjedinjene Američke Države
15399,Ruslan,Žukovec,1989,Italija
15400,Kelli,Makgonigal,1988,Italija
15401,Oleg,Radmirov,1940,Francuska
15402,Amajak,Ter-Abramjanc,1971,Sjedinjene Američke Države
15403,Idris,Laor,1976,Francuska
15404,Emma,Tiloh,1985,Rusija
15405,Ennea Tess,Griffit,1955,Ujedinjeno Kraljevstvo
15406,Haim,Ginott,1959,Rusija
15407,Anna,Netreba,1930,Sjedinjene Američke Države
15408,Vladimir,Kolganov,1969,Sjedinjene Američke Države
15409,Jasja,Belaja,1993,Srbija
15410,Vladimir,Erkovič,1973,Poljska
15411,Rebekka,Donovan,1977,Rusija
15412,Maksim,Udovičenko,1965,Nemačka
15413,Irina,Gorbačeva,1961,Rusija
15414,Nataša,Apreleva,1994,Rusija
15415,Karine,Arutjunova,1963,Ukrajina
15416,Larisa,Bau,1988,Rusija
15417,Anastasija,Manakova,1964,Rusija
15418,Lora,Radzievskaja,1981,Ujedinjeno Kraljevstvo
15419,Valerija,Ivanova,1972,Rusija
15420,Elena,Miglazova,1966,Nemačka
15421,Lena,Čarlin,1983,Francuska
15422,Julija,Barkagan,1974,Rusija
15423,Darja,Alavidze,1968,Rusija
15424,Natalja,Andreenko,1952,Sjedinjene Američke Države
15425,Genrih,Laube,1806,Kraljevina Pruska
15426,Maksim,Grekov,1977,Nemačka
15427,Kristofer,Sensom,1952,Ujedinjeno Kraljevstvo
15428,Polina,Lugovaja,1950,Ujedinjeno Kraljevstvo
15429,Devid,Ogilvi,1911,Ujedinjeno Kraljevstvo
15430,Eduard,Beresnev,1949,Rusija
15431,Darja,Čapigina,1968,Rusija
15432,Igor,Sribnij,1977,Rusija
15433,Vladislav,Strelkov,1975,Nemačka
15434,Džon,Baken,1864,Srbija
15435,Vladimir,Kačan,1947,Rusija
15436,Marija,Veselovskaja,1874,Ujedinjeno Kraljevstvo
15437,Viktor,Kabaškin,1960,Sjedinjene Američke Države
15438,Jurij,Klarov,1936,Rusija
15439,Anna,Kulik,1877,Ukrajina
15440,Mihail,Mostovjuk,1975,Rusija
15441,Evgenija,Guseva,1967,Rusija
15442,Dejv,Alred,1949,Rusija
15443,Sergej,Žinkin,1974,Sjedinjene Američke Države
15444,Leonid,Belenickij,1934,Rusija
15445,Vitalij,Kozmodemjanov,1959,Kanada
15446,Aleksandr,Povolockij,1987,Kanada
15447,Maksim,Lebskij,1965,Rusija
15448,Silvija,Ljoken,1964,Sjedinjene Američke Države
15449,Ildar,Gilfan,1938,Rusija
15450,Rustam,Nazipov,1977,Rusija
15451,A.,Popova,1961,Italija
15452,Mona,Šulc,1974,Sjedinjene Američke Države
15453,Grant,Vjorče,1967,Francuska
15454,Melissa,Vjorče,1979,Rusija
15455,Dž.,Konrat,1973,Rusija
15456,Melissa,Džejms,1976,Srbija
15457,Kirill,Koškin,1943,Rusija
15458,Ruslan,Magomedov,1986,Rusija
15459,Olga,Koškina,1939,Ujedinjeno Kraljevstvo
15460,Elena,Godo,1955,Rusija
15461,Elena,Golovina,1957,Poljska
15462,Elena,Gorbač,1945,Sjedinjene Američke Države
15463,Anna,Dejanova,1986,Nemačka
15464,Tatjana,Isakova,1952,Rusija
15465,Aleksej,Hidojatov,1939,Ujedinjeno Kraljevstvo
15466,Oksana,Ljubickaja,1974,Nemačka
15467,Natalja,Maljukevič,1943,Rusija
15468,Oksana,Rogiznaja,1950,Sjedinjene Američke Države
15469,Anton,Kravčenko,1967,Rusija
15470,Džeff,Ribbens,1973,Sjedinjene Američke Države
15471,Svetlana,Sergeeva,1978,Rusija
15472,Grigorij,Skovoroda,1722,Ukrajina
15473,Lev,Igelnik,1968,Sjedinjene Američke Države
15474,Elena,Kornilova,1935,Nemačka
15475,Natalija,Kozlovskaja,1965,Francuska
15476,Irina,Kogan,1961,Italija
15477,Andrej,Šargorodskij,1958,Rusija
15478,Jacek,Dukaj,1974,Poljska
15479,Jana,Gojlo,1945,Rusija
15480,Ivan,Zadvorev,1965,Sjedinjene Američke Države
15481,Vitalij,Kirillov,1992,Ujedinjeno Kraljevstvo
15482,Aleksej,Smagin,1829,Rusija
15483,Irina,Pojarkova,1965,Sjedinjene Američke Države
15484,Elena,Maslova,1976,Rusija
15485,Murtaza,Mutahhari,1985,Poljska
15486,Natalja,Bondareva,1987,Srbija
15487,Anatolij,Fedoruk,1966,Rusija
15488,Irina,Šuvalova,1936,Francuska
15489,Ahat,Husainov,1994,Rusija
15490,Aleksandr,Černih,1985,Rusija
15491,Mihail,Kamenskih,1982,Rusija
15492,Pol,Brajan,1935,Sjedinjene Američke Države
15493,Sofija,Antonopulu,1938,Rusija
15494,Anna,Klimenko,1978,Italija
15495,Pavel,Lem,1953,Rusija
15496,Marina,Boldova,1959,Rusija
15497,Lidija,Nudnenko,1972,Rusija
15498,Muhammad Džamal,Džalilijan,1955,Rusija
15499,Govard,Zinn,1922,Sjedinjene Američke Države
15500,Roberto,Savjano,1982,Francuska
15501,Rejčel,Roj,1965,Rusija
15502,Ruben David Gonsales,Galego,1951,Rusija
15503,Tatjana,Pirogova,1957,Rusija
15504,Loren,Lahav,1974,Rusija
15505,Aleksandr,Evdokimov,1980,Rusija
15506,Lora,Vanderkam,1978,Japan
15507,Iman Valerija,Porohova,1975,Rusija
15508,Evgenij,Tatarnikov,1978,Rusija
15509,Vasilij,Černišenko,1958,Sjedinjene Američke Države
15510,Eduard,Makarevič,1982,Rusija
15511,Andrej,Solovjov,2007,Belorusija
15512,Sergej,Nikiforov,1993,Rusija
15513,Fransuaza,Malle-Žoris,1935,Kanada
15514,Džennifer,Rej,1970,Kanada
15515,Aleksandr,Karasjov,1913,Rusija
15516,Anatolij,Maklakov,1976,Rusija
15517,Evgenij,Kudinov,1996,Sjedinjene Američke Države
15518,Aleks,Raterford,1974,Sjedinjene Američke Države
15519,Valentina,Ahmetzjanova,1969,Sjedinjene Američke Države
15520,Iren,Bennani,1977,Rusija
15521,Natalja,Poljarnaja,1972,Rusija
15522,Natalja,Kaledina,1941,Sjedinjene Američke Države
15523,Sergej,Malajkin,1970,Rusija
15524,Aše,Garrido,1980,Nemačka
15525,Aleksej,Kartašov,1971,Rusija
15526,Oksana,Sanžarova,1967,Nemačka
15527,Julija,Siromolot,1979,Sjedinjene Američke Države
15528,Sergej,Minskevič,1958,Rusija
15529,Ekaterina Semina-Mak,Farlan,1963,Poljska
15530,Brjus,Sterling,1954,Sjedinjene Američke Države
15531,Natig,Rasulzade,1939,Nemačka
15532,Vladimir,Abramov,1965,Francuska
15533,Nina,Ovčinnikova,1994,Nemačka
15534,Viktorija,Parker,1984,Ujedinjeno Kraljevstvo
15535,Jakov,Minčenkov,1898,Rusija
15536,Natalija,Gorodnjuk,1982,Srbija
15537,Allan,Kardek,1804,Francuska
15538,Ross,King,1962,Kanada
15539,Lajza,Dženova,1976,Sjedinjene Američke Države
15540,Sergej,Abramov,1993,Rusija
15541,Akajo,Sudzuki,1943,Rusija
15542,Marina,Judenič,1959,Rusija
15543,Aleksej,Kondratenko,1945,Rusija
15544,Ljuk,Ollnatt,1993,Francuska
15545,Mihail,Zjablov,1981,Ujedinjeno Kraljevstvo
15546,Andrej,Dikan,1991,Rusija
15547,Oksenija,Burlaka,1977,Srbija
15548,Aleksandra,Lazarevskaja,1978,Ujedinjeno Kraljevstvo
15549,Irina,Šterk,1931,Poljska
15550,Oleg,Abramov,1952,Ujedinjeno Kraljevstvo
15551,Anna,Sojttu,1948,Sjedinjene Američke Države
15552,Aleksej,Kolesnikov,1974,Rusija
15553,Enn,Letbridž,1962,Rusija
15554,Natalja,Serova,1986,Rusija
15555,Leonid,Gerzon,1991,Rusija
15556,Olga,Homič-Žuravljova,1952,Francuska
15557,Irina,Lopatkova,1968,Sjedinjene Američke Države
15558,Adam,Uilson,1814,Kanada
15559,Lerd,Barron,1985,Srbija
15560,Konstantin,Saharov,1980,Rusija
15561,O.,Kostikova,1936,Srbija
15562,M.,Ivanova,1968,Rusija
15563,Svetlana,Lisenko,1953,Rusija
15564,Ekaterina,Samojlik,1963,Sjedinjene Američke Države
15565,Nastja,Ribka,1990,Belorusija
15566,Anna,Prokopeva,1972,Rusija
15567,Aleksandr,Dubovoj,1934,Sjedinjene Američke Države
15568,Marina,Zueva,1992,Belorusija
15569,Ketrin,Krouford,1908,Sjedinjene Američke Države
15570,Natalija,Najdenskaja,1982,Srbija
15571,Inessa,Trubeckova,1980,Sjedinjene Američke Države
15572,Jurij,Grevcov,1971,Rusija
15573,Edvard,Ljuttvak,1942,Sjedinjene Američke Države
15574,Elena,Borzova,1964,Sjedinjene Američke Države
15575,Irina,Burdukova,1984,Srbija
15576,Mihail,Pavlik,1853,Austrougarska
15577,Žak,Rossi,1909,Poljska
15578,Mišel,Sard,1974,Srbija
15579,Rami,Krupnik,1964,Sjedinjene Američke Države
15580,Dmitrij,Černišev,1966,Poljska
15581,Vadim,Gluhov,1985,Rusija
15582,V.,Ivanuškina,1967,Srbija
15583,Natalija,Trifonova,1964,Nemačka
15584,V.,Majorov,1959,Ujedinjeno Kraljevstvo
15585,Petr,Vereščagin,1948,Italija
15586,Marina,Kalugina,1967,Rusija
15587,Natali,Gold,1976,Sjedinjene Američke Države
15588,Ljubov,Kremer,1965,Italija
15589,Viktor,Merzljakov,1968,Rusija
15590,Grem,Hanter,1982,Francuska
15591,Džejms,Doti,1992,Italija
15592,Ella,Bertu,1970,Italija
15593,Sjuzen,Elderkin,1956,Rusija
15594,Aleksej,Ignatov,1993,Sjedinjene Američke Države
15595,Tamara,Medvedeva,1957,Ujedinjeno Kraljevstvo
15596,Jurij,Slovobludov,1983,Rusija
15597,Džonatan,Kott,1984,Rusija
15598,Oleg,Kolmakov,1936,Ujedinjeno Kraljevstvo
15599,Protoierej Pavel,Matveevskij,1854,Ujedinjeno Kraljevstvo
15600,Vladimir,Vlasov,1962,Rusija
15601,Evgenija,Važničaja,1940,Francuska
15602,Sejid,Nasr,1933,Iran
15603,Marija,Birjuza,1983,Nemačka
15604,Genrih,Korn,1934,Rusija
15605,Ksenija,Korn,1967,Rusija
15606,Entonі de,Mello,1990,Francuska
15607,Arnold,Eret,1866,Nemačka
15608,Valerij,Grikjan,1984,Rusija
15609,M.,Šišov,1973,Sjedinjene Američke Države
15610,Artem,Senatorov,1987,Sjedinjene Američke Države
15611,Sergej,Kazancev,1955,Rusija
15612,A.,Kuznecov,1961,Sjedinjene Američke Države
15613,Vladimir,Litvinenko,1955,Rusija
15614,Gi,Mettan,1956,Švajcarska
15615,Jurij,Erikalin,1968,Ujedinjeno Kraljevstvo
15616,George,Fenn,1959,Rusija
15617,Olga,Dolbiševa,1941,Kanada
15618,Lev,Suhanov,1981,Ujedinjeno Kraljevstvo
15619,Džulija,Tot,1969,Ujedinjeno Kraljevstvo
15620,Elena,Džonson,1985,Ujedinjeno Kraljevstvo
15621,Ruslan,Džamirze,1992,Sjedinjene Američke Države
15622,Pavel,Bulanže,1872,Ujedinjeno Kraljevstvo
15623,Olga,Pambuhčijanc,1985,Rusija
15624,Leonid,Daškov,1988,Rusija
15625,Valerij,Pambuhčijanc,1980,Francuska
15626,Oleg,Strokatij,1993,Ujedinjeno Kraljevstvo
15627,Irina,Pozdnjakova,1989,Italija
15628,Olga,Černogaeva,1980,Francuska
15629,Lidija,Hnik,1945,Sjedinjene Američke Države
15630,Piter,Uotson,1943,Ujedinjeno Kraljevstvo
15631,Aleha,Jušaeva,1983,Sjedinjene Američke Države
15632,Jurij,Porinec,1953,Sjedinjene Američke Države
15633,Anna,Starobinec,1994,Sjedinjene Američke Države
15634,Vladimir,Katasonov,1968,Rusija
15635,Adam,Kristofer,1992,Sjedinjene Američke Države
15636,Anastasija,Hajme,1942,Nemačka
15637,Anne,Warner,1956,Ujedinjeno Kraljevstvo
15638,Bela,Golovina,1961,Rusija
15639,Evgenij,Gončarov,1957,Rusija
15640,Svetlana,Prokopčik,1974,Rusija
15641,Pavel,Šmidt,1956,Švajcarska
15642,Olgerta,Haritonova,1983,Kanada
15643,Nikolaj,Bašilov,1979,Srbija
15644,Larisa,Križanovskaja,1978,Rusija
15645,Meri,Gabriel,1955,Nemačka
15646,Saša,Sokolov,1943,Kanada
15647,Sergej,Mirnij,1974,Ujedinjeno Kraljevstvo
15648,Džanel,Moreno,1990,Rusija
15649,Sergej,Mosin,1849,Ruska Imperija
15650,Viktorija,Fejn,1960,Ujedinjeno Kraljevstvo
15651,Džulija,Val,1961,Nemačka
15652,Ljubov,Turčak,1940,Sjedinjene Američke Države
15653,Samanta,Šveblin,1978,Argentina
15654,Džordž,Vit-Melvill,1937,Kanada
15655,Andrej,Nekrasov,1907,Savez Sovjetskih Socijalističkih Republika
15656,Ivan,Putilin,1893,Savez Sovjetskih Socijalističkih Republika
15657,Jurij,Tavrovskij,1978,Rusija
15658,Vladimir,Vinnikov,1974,Ujedinjeno Kraljevstvo
15659,Aleksandr,Nagornij,1982,Rusija
15660,Sergej,Černjahovskij,1988,Rusija
15661,Sergej,Batčikov,1975,Francuska
15662,Šamil,Sultanov,1972,Sjedinjene Američke Države
15663,Tatjana,Tango,1974,Rusija
15664,Irina,Emeljanova,1963,Rusija
15665,Olga,Ivinskaja,1973,Rusija
15666,Natalja,Kodakova,1991,Rusija
15667,Keller,Isterling,1961,Rusija
15668,Filipp,Horvat,1962,Nemačka
15669,Nadežda,Aruseva,1979,Ujedinjeno Kraljevstvo
15670,Karma,Rinpoče,1980,Rusija
15671,Nikolaj,Belov,1945,Rusija
15672,Ivan,Egorov,1900,Rusija
15673,Elen,Vitanova,1960,Italija
15674,Petr,Čaadaev,1992,Sjedinjene Američke Države
15675,Sergej,Demjanov,1987,Rusija
15676,Inna,Kartaševskaja,1971,Italija
15677,Julija,Morozova,1972,Sjedinjene Američke Države
15678,Veronika,Dolina,1956,Rusija
15679,Vladimir,Šarov,1946,Kazahstan
15680,Jurij,Arabov,1956,Kanada
15681,Olga,Trifonova,1938,Rusija
15682,Aleksandr,Minkin,1946,Rusija
15683,Dmitrij,Danilov,1975,Belorusija
15684,Marija,Golovanivskaja,1964,Rusija
15685,Oleg,Fočkin,1970,Poljska
15686,Jurij,Gavrilov,1953,Rusija
15687,Ivan,Cibin,1970,Kanada
15688,Magda,Alekseeva,1987,Sjedinjene Američke Države
15689,Olga,Velčinskaja,1992,Sjedinjene Američke Države
15690,Vitalij,Volf,1993,Japan
15691,Rolan,Bikov,1929,Rusija
15692,Elena,Dergiljova,1984,Francuska
15693,Nikolaj,Besčastnov,1973,Rusija
15694,M.,Kroun,1840,Rusija
15695,Kendari,Blejk,1964,Srbija
15696,Ženja,Granži,1984,Sjedinjene Američke Države
15697,Oksana,Olejničenko,1974,Francuska
15698,Malik,Gazaliev,1969,Italija
15699,Vladimir,Osipov,1979,Rusija
15700,Lija,Feodoseva,1969,Sjedinjene Američke Države
15701,Liza,Barrett,1985,Sjedinjene Američke Države
15702,Robert,Sapolski,1957,Sjedinjene Američke Države
15703,Elena,Kalamackaja,1962,Ujedinjeno Kraljevstvo
15704,Šarlotta,Fizerstoun,1970,Rusija
15705,Arkadij,Ejzler,1967,Francuska
15706,Sergej,Kuc,1955,Rusija
15707,Kara Elvill,Lejba,1973,Rusija
15708,Jog,Ramčarakaka,1936,Sjedinjene Američke Države
15709,Igor,Sudorgin,1977,Rusija
15710,Džulian,Gatri,2000,Sjedinjene Američke Države
15711,Kristof,Kromke,1966,Rusija
15712,Ari,Kiev,1970,Rusija
15713,Dženifer,Baumgartner,1969,Ujedinjeno Kraljevstvo
15714,Diana,Odincova,1976,Rusija
15715,Sveta,Skazka,1973,Sjedinjene Američke Države
15716,Natalja,Ključarjova,1964,Sjedinjene Američke Države
15717,Valerij,Dudakov,1981,Sjedinjene Američke Države
15718,Galina,Šeremeteva,1980,Srbija
15719,Andrej,Sukonkin,1988,Ujedinjeno Kraljevstvo
15720,Donna,Mabri,1979,Kanada
15721,Letti Kottin,Pogrebin,1963,Sjedinjene Američke Države
15722,Gennadij,Razumov,1964,Francuska
15723,Elona,Demidova,1968,Kanada
15724,Lilija,Gurjanova,1979,Rusija
15725,Vera,Egorova,1980,Rusija
15726,Oleg,Zapevalin,1974,Francuska
15727,Gerhard,Boldt,1918,Nemačka
15728,Andrej,Matalin,1979,Rusija
15729,Piter,Guber,1942,Sjedinjene Američke Države
15730,Endi,Robin,1974,Sjedinjene Američke Države
15731,Kavet,Gregg,1985,Nemačka
15732,Dan,Kac,1973,Sjedinjene Američke Države
15733,Aleksandra,Petrova,1977,Ruska Imperija
15734,Ljuba,Pravda,1953,Sjedinjene Američke Države
15735,Protoierej Aleksandr,Sokolov,1980,Sjedinjene Američke Države
15736,Alisa,Tišinova,1969,Rusija
15737,Aleksej,Rešetun,1995,Srbija
15738,Viktorija,Manukjan,1987,Rusija
15739,Irina,Dermanova,1993,Ujedinjeno Kraljevstvo
15740,Anna Krouli,Redding,1965,Srbija
15741,Gennadij,Glazov,1954,Sjedinjene Američke Države
15742,Sergej,Volčok,1994,Sjedinjene Američke Države
15743,Ivan,Kolupaev,1952,Francuska
15744,Aleksandra,Sedegova,1972,Francuska
15745,Ahlea,Hadro,1982,Ujedinjeno Kraljevstvo
15746,Hizer,Dejns,1965,Rusija
15747,Evgenij,Kutuzov,1974,Italija
15748,Rob,Istavej,1991,Sjedinjene Američke Države
15749,Sabin,Djuran,1970,Francuska
15750,Vladimir,Konev,1981,Sjedinjene Američke Države
15751,Katerina,Kočeva,1995,Rusija
15752,Elizaveta,Dementeva,1928,Rusija
15753,Aleksej,Rižkov,1908,Savez Sovjetskih Socijalističkih Republika
15754,Gila,Manolson,1982,Rusija
15755,Igor,Azerin,1985,Rusija
15756,Džejms,Hous,1970,Sjedinjene Američke Države
15757,Irina,Rubačeva,1993,Rusija
15758,Vladimir,Morjakov,1966,Rusija
15759,Stenli,Braun,1983,Ujedinjeno Kraljevstvo
15760,Semen,Briliant,1864,Francuska
15761,Elena,Dembickaja,1995,Rusija
15762,Sergej,Savelov,1983,Sjedinjene Američke Države
15763,Dmitrij,Silkan,1968,Japan
15764,Oleg,Stadnik,1956,Rusija
15765,Nikol,Galland,1966,Rusija
15766,Makiko,Nakamuro,1969,Francuska
15767,Majkl,Pollan,1955,Sjedinjene Američke Države
15768,Elizabet,Beverli,1969,Rusija
15769,Raisa,Kamanina,1987,Italija
15770,Anna,Hohrina,1976,Ujedinjeno Kraljevstvo
15771,Anastasija,Veselova,1957,Poljska
15772,Olga,Vaksa,1975,Sjedinjene Američke Države
15773,Deniel,Tjudor,1981,Rusija
15774,Džejms,Pirson,1959,Ujedinjeno Kraljevstvo
15775,Žanna,Rževskaja,1966,Francuska
15776,Margarita,Sosnickaja,1986,Rusija
15777,Angelina,Raduga,1931,Rusija
15778,Ljudvig,Tik,1773,Kraljevina Pruska
15779,Artem,Kazankin,1987,Ujedinjeno Kraljevstvo
15780,Ksenija,Efremkina,1958,Sjedinjene Američke Države
15781,Evgenij,Konstantinov,1988,Ukrajina
15782,Aleksej,Štern,1978,Srbija
15783,Reza,Amir-Hani,1959,Ujedinjeno Kraljevstvo
15784,Natalja,Ozerskaja,1982,Francuska
15785,Elena,Ostrovskaja,1984,Ujedinjeno Kraljevstvo
15786,Olesja,Ahetova,1939,Rusija
15787,Litagent Russkij šahmatnij,dom,1959,Rusija
15788,Marlen,Ditrih,1901,Sjedinjene Američke Države
15789,Nikolaj,Raevskij,1957,Francuska
15790,Hedvig,Montgomeri,1964,Sjedinjene Američke Države
15791,Viktor,Rudnev,1982,Rusija
15792,Nikolaj,Erin,1953,Francuska
15793,R.,Fedotova,1976,Rusija
15794,Andrej,Paloget,1982,Kanada
15795,Vladimir,Ljaporov,1952,Srbija
15796,Dmitrij,Levinskij,1963,Rusija
15797,Pol,Bejti,1982,Rusija
15798,Lidija,Budrik,1975,Francuska
15799,V.,Koreškov,1951,Ujedinjeno Kraljevstvo
15800,Mihail,Tumšis,1983,Sjedinjene Američke Države
15801,Natalja,Leng,1982,Sjedinjene Američke Države
15802,Ilvir,Zajnullin,1977,Ujedinjeno Kraljevstvo
15803,Polina,Nema,1950,Rusija
15804,Mari,Forleo,1975,Sjedinjene Američke Države
15805,Svetlana,Kubiškina,1971,Francuska
15806,Aldo,Rossi,1954,Rusija
15807,Lada,Kurovskaja,1987,Sjedinjene Američke Države
15808,Vladislav,Šejčenko,1968,Rusija
15809,Luiza,Erdrič,1954,Sjedinjene Američke Države
15810,Svetlana,Rjabova-Šatunova,1982,Sjedinjene Američke Države
15811,Melissa de la,Kruz,1976,Rusija
15812,Lele,Pons,1996,Sjedinjene Američke Države
15813,Marina,Armentejro,1964,Francuska
15814,Anna,Rajnova,1946,Rusija
15815,Olga,Tolkunova,1984,Ujedinjeno Kraljevstvo
15816,Elena,Zubkova,1959,Savez Sovjetskih Socijalističkih Republika
15817,Valentin,Bogdanov,1916,Savez Sovjetskih Socijalističkih Republika
15818,Taira,Rezcova,1973,Sjedinjene Američke Države
15819,Aleksandr,Vojnov,1953,Rusija
15820,Aleksej,Ivakin,1966,Srbija
15821,Ingela,Korsel,1989,Srbija
15822,Konstantin,Ganin,1978,Poljska
15823,Erin,Datton,1957,Rusija
15824,Ketrіn,Stokett,1962,Rusija
15825,Julija,Polivjana,1953,Rusija
15826,Sergej,Skljarov,1969,Rusija
15827,Aleksandr,Jarga,1933,Sjedinjene Američke Države
15828,Vladimir,Vdovin,1937,Rusija
15829,Ivan,Krastev,1965,Bugarska
15830,Šivan,Viven,1959,Sjedinjene Američke Države
15831,Sergej,Ejzenštejn,1898,Savez Sovjetskih Socijalističkih Republika
15832,Tatjana,Avrova,1946,Rusija
15833,Aleks,Uajt,1966,Rusija
15834,Brajen,Lejn,1990,Francuska
15835,Sergej,Cvetkov,1988,Moldavija
15836,Roman,Paramonov,1982,Nemačka
15837,Amiran,Urušadze,1985,Srbija
15838,Alisa,Dorn,1964,Sjedinjene Američke Države
15839,Edison,Maršall,1894,Sjedinjene Američke Države
15840,Pol,Offit,1989,Rusija
15841,Viktor,Bondarenko,1987,Rusija
15842,Rәdif,Sәgdi,1988,Rusija
15843,Meri,Braht,1966,Rusija
15844,Džon,Gribbin,1946,Ujedinjeno Kraljevstvo
15845,Majkl,Uajt,1959,Ujedinjeno Kraljevstvo
15846,Teo,Causidis,1991,Nemačka
15847,Viktor,Peršikov,1971,Ujedinjeno Kraljevstvo
15848,Nelli,Voskobojnik,1951,Rusija
15849,Aleksej,Gorodilov,1972,Sjedinjene Američke Države
15850,Šota,Rustaveli,1172,Kraljevstvo Gruzija
15851,Aleksandr,Kopirovskij,1963,Sjedinjene Američke Države
15852,Julja,Lemeš,1964,Rusija
15853,Tur,Hejerdal,1914,Norveška
15854,Marko,Pakori,1968,Francuska
15855,Lana,Artman,1963,Rusija
15856,Vjačeslav,Staveckij,1988,Ujedinjeno Kraljevstvo
15857,Hose,Somoza,1957,Ujedinjeno Kraljevstvo
15858,Irina,Tkačenko,1948,Sjedinjene Američke Države
15859,Džordž,Mosse,1961,Rusija
15860,Mihail,Androsov,1967,Rusija
15861,Džiovanni,Karpini,1946,Italija
15862,Gilom,Rubruk,1210,Kraljevstvo Francuska
15863,Stenli,Len-Pul,1984,Kanada
15864,Margarita,Zavorotnjaja,1993,Rusija
15865,Olesja,Pokusaeva,1984,Rusija
15866,Timur,Jadgarov,1984,Sjedinjene Američke Države
15867,Anželo,Ripellino,1942,Rusija
15868,Uiljam Tajler,Olkott,1798,Sjedinjene Američke Države
15869,Andrej,Abinskij,1940,Italija
15870,Moris,Drjuon,1918,Francuska
15871,Tatjana,Leonteva,1978,Rusija
15872,Althessa,Oldoak,1935,Francuska
15873,Uiljam,Morris,1946,Nemačka
15874,Džon fon,Nejman,1903,Mađarska
15875,Alan,Tjuring,1912,Ujedinjeno Kraljevstvo
15876,Viktorija,Železnova,1977,Nemačka
15877,Mitčel,Gejnor,1981,Rusija
15878,Oleg,Rudnev,1919,Savez Sovjetskih Socijalističkih Republika
15879,Julija,Kravčenko,1960,Sjedinjene Američke Države
15880,Vitalij,Krivobokov,1994,Rusija
15881,Kolin,Kempbell,1676,Kraljevina Škotska
15882,Igor,Afonskij,1964,Francuska
15883,Aleksandr,Bravozu,1987,Rusija
15884,Denni,Perekalski,1990,Italija
15885,Žanna,Stolbinskaja,1965,Rusija
15886,Sem,Harris,1967,Sjedinjene Američke Države
15887,Irina,Nikolaenko,1981,Rusija
15888,Vasilij,Petrov,1979,Francuska
15889,Nikolaj,Tolkač,1967,Francuska
15890,Ivan,Jatusevič,1975,Srbija
15891,Lev,Kolodnij,1932,Rusija
15892,Aleksandr,Mileant,1985,Rusija
15893,Hulio,Kortasar,1914,Francuska
15894,Kristi,Zejn,1951,Rusija
15895,Aleksandr,Lopuhin,1852,Ruska Imperija
15896,Bella,Krejnina,1950,Rusija
15897,Anatolij,Jakovlev,1983,Francuska
15898,Anna,Zolotarjova,1972,Ujedinjeno Kraljevstvo
15899,Stanislav,Šatalov,1959,Rusija
15900,Gera,Fotič,1968,Italija
15901,Deniel,Abraham,1969,Sjedinjene Američke Države
15902,Uolter,Uiljams,1992,Rusija
15903,Erik,Larson,1954,Sjedinjene Američke Države
15904,K.,Parker,1965,Rusija
15905,Sesilija,Holland,1987,Italija
15906,Kerolajn,Čerri,1942,Sjedinjene Američke Države
15907,Ellen,Kušner,1967,Nemačka
15908,Lavi,Tidhar,1976,Izrael
15909,Meri,Norton,1903,Ujedinjeno Kraljevstvo
15910,Aleksandr,Kostin,1981,Rusija
15911,Rolf,Dobelli,1966,Švajcarska
15912,Nadežda,Čubarova,1971,Ujedinjeno Kraljevstvo
15913,Olga,Arsenteva,1953,Rusija
15914,Irina,Puškina,1985,Rusija
15915,Derek,Bikerton,1926,Sjedinjene Američke Države
15916,Abzal,Kumarov,1990,Rusija
15917,Serž,Nonte,1972,Sjedinjene Američke Države
15918,Artjom,Subbotin,1991,Sjedinjene Američke Države
15919,Stanislav,Denejkin,1990,Rusija
15920,Lewis,Wingfield,1930,Sjedinjene Američke Države
15921,Sergej,Prokofev,1976,Rusija
15922,E.,Storoženko,1973,Rusija
15923,R.,Farhutdinov,1980,Rusija
15924,Olga,Sičeva,1938,Italija
15925,T.,Husainov,1962,Ujedinjeno Kraljevstvo
15926,Karolina,Dej,1985,Italija
15927,Svetlana,Lukasevič,1995,Rusija
15928,Mihail,Krom,1971,Poljska
15929,Aleksandr,Saverskij,1960,Ujedinjeno Kraljevstvo
15930,Svetlana,Saverskaja,1958,Srbija
15931,Vladimir,Gubajlovskij,1963,Sjedinjene Američke Države
15932,Aleksandra,Dorošina,1996,Rusija
15933,Mihail,Karišnev-Lubockij,1967,Ujedinjeno Kraljevstvo
15934,Čingiz,Asad-zade,1990,Sjedinjene Američke Države
15935,Evgenij,Aksjonov,1994,Nemačka
15936,Nikita,Ustinov,1971,Sjedinjene Američke Države
15937,Diana,Orlan,1974,Sjedinjene Američke Države
15938,Mihail,Medvedev,1976,Sjedinjene Američke Države
15939,Aleksej,Nasonov,1971,Italija
15940,Igor,Algranov,1989,Japan
15941,Emі,Morіn,1974,Ujedinjeno Kraljevstvo
15942,Stanislav,Ruzaev,1964,Rusija
15943,Aleksandr,Vjazemka,1973,Poljska
15944,Aleksandr,Fadeev,1986,Sjedinjene Američke Države
15945,Luiza,Morgan,1967,Rusija
15946,Mišel,Fuko,1926,Francuska
15947,Mari,Lajt,1968,Rusija
15948,Nikolaj,Popov,1918,Bugarska
15949,Antіn,Ščegelskij,1960,Rusija
15950,Maksim,Garkalenko,1970,Rusija
15951,Anton,Školnikov,1990,Rusija
15952,prepodobnij Iustin,(Popovič),1933,Italija
15953,Bella,Krimskaja,1945,Poljska
15954,Nataša,Preston,1987,Sjedinjene Američke Države
15955,Andrej,Zimnij,1940,Japan
15956,Kira,Ehova,1955,Kanada
15957,Konstantin,Pimeškov,1941,Sjedinjene Američke Države
15958,Denis,Rjazanov,1970,Sjedinjene Američke Države
15959,Konstantin,Fiškin,1954,Rusija
15960,Anastasija,Marčenko,1830,Ruska Imperija
15961,Roza,Hazieva,1973,Nemačka
15962,Vadim,Kolcov,1974,Nemačka
15963,Evgenij,Vagner,1942,Japan
15964,Boris,Hajkin,1977,Sjedinjene Američke Države
15965,Sergej,Muhin,1990,Estonija
15966,Oleg,Grigorenko,1980,Rusija
15967,Merilu,Henner,1952,Sjedinjene Američke Države
15968,Kamіlla,Lekberґ,1975,Francuska
15969,Si-Džej,Redvajn,1987,Sjedinjene Američke Države
15970,Tatjana,Fursa,1959,Rusija
15971,Ekaterina,Volodina,1973,Rusija
15972,Valentina,Majorova,1980,Rusija
15973,Prepodobnij Isaak,Sirin,1953,Italija
15974,Prepodobnij Makarij,Egipetskij,1952,Rusija
15975,Prepodobnij Nil,Sorskij,1957,Ujedinjeno Kraljevstvo
15976,Uljana,Višnjakova,1961,Nemačka
15977,Aleksej,Merkušin,1986,Rusija
15978,Semen,Fedoseev,1983,Italija
15979,Jakov,Bil,1944,Sjedinjene Američke Države
15980,Tatjana,Šnurovozova,1978,Rusija
15981,Andrej,Tomilov,1965,Rusija
15982,Sergej,Ovčinnikov,1994,Sjedinjene Američke Države
15983,Ruslan,Birjušev,1976,Rusija
15984,Džo R.,Lansdejl,1951,Sjedinjene Američke Države
15985,Šennon,Makgvajr,1964,Rusija
15986,Devid,Liss,1960,Rusija
15987,Brett,Talli,1974,Rusija
15988,Duglas,Uinni,1987,Srbija
15989,Džonatan,Mejberri,1977,Rusija
15990,Natali De,Buagrole,1962,Rusija
15991,Jurij,Medvedko,1964,Ujedinjeno Kraljevstvo
15992,Svetlana,Čeremuhina,1955,Rusija
15993,Ilgiz,Valinurov,1963,Italija
15994,Grigorij,Kotovskij,1986,Nemačka
15995,Diter,Noll,1957,Sjedinjene Američke Države
15996,Valentina,Kislicina,1945,Rusija
15997,Evgenij,Proškin,1970,Rusija
15998,A.,Delcov,1975,Sjedinjene Američke Države
15999,N.,Danilevskaja,1978,Sjedinjene Američke Države
16000,Natalja,Sirenko,1939,Kanada
16001,Ksenija,Guščina,1978,Rusija
16002,Rebekka,Rid,2000,Sjedinjene Američke Države
16003,Volfgang,Faust,1960,Rusija
16004,Viki,King,1938,Rusija
16005,Dejv,Kallen,1976,Sjedinjene Američke Države
16006,Sergej,Višnevskij,1893,Savez Sovjetskih Socijalističkih Republika
16007,Valerij,Šarov,1954,Rusija
16008,I.,Krainskij,1978,Rusija
16009,Sergej,Bespalov,1979,Rusija
16010,Elena,Bočkarjova,1958,Ujedinjeno Kraljevstvo
16011,Majkl,Kednam,1971,Rusija
16012,Nensi,Kress,1948,Sjedinjene Američke Države
16013,Ljusi,Tejlor,1951,Sjedinjene Američke Države
16014,Storm,Konstantajn,1956,Ujedinjeno Kraljevstvo
16015,Harvi,Džejkobs,1937,Rusija
16016,Stiven,Sprull,1995,Rusija
16017,Gejhen,Uilson,1963,Rusija
16018,Duglas,Klegg,1958,Sjedinjene Američke Države
16019,Marta,Sukap,1985,Francuska
16020,Sara,Klemens,1956,Rusija
16021,A.,Morlen,1993,Rusija
16022,Kejt,Kodža,1968,Rusija
16023,Džoel,Lejn,1935,Francuska
16024,Barri,Molzberg,1980,Rusija
16025,Sjuzan,Vejd,1954,Nemačka
16026,Rej,Vuksevič,1935,Srbija
16027,Ekaterina,Oaro,1985,Sjedinjene Američke Države
16028,Klaus,Mann,1906,Sjedinjene Američke Države
16029,Viktor,Pimkin,1945,Kanada
16030,Hanif,Fahrutdinov,1981,Ujedinjeno Kraljevstvo
16031,Oksana,Ilina,1969,Francuska
16032,Zinnur,Timergaliev,1971,Nemačka
16033,Robert,Rivz,1912,Sjedinjene Američke Države
16034,Irina,Konjuhova,1961,Savez Sovjetskih Socijalističkih Republika
16035,Igor,Pilaev,1981,Nemačka
16036,Salli,Grin,1961,Ujedinjeno Kraljevstvo
16037,Filipp,Gross,1990,Francuska
16038,Mihail,Morukov,1956,Italija
16039,Natalija,Šemetova,1981,Ujedinjeno Kraljevstvo
16040,Sergej,Dišev,1956,Rusija
16041,Nagisa,Tacumi,1965,Japan
16042,Entoni,Uiljam,1975,Sjedinjene Američke Države
16043,Valerian,Markarov,1980,Rusija
16044,Stjuart,MakRobert,1958,Ujedinjeno Kraljevstvo
16045,Albert,Moll,1862,Njemački rajh
16046,Kira,Rejki,1986,Sjedinjene Američke Države
16047,Leonid,Giršovič,1991,Rusija
16048,Irina,Nahova,1985,Nemačka
16049,Grigorij,Bruskin,1945,Sjedinjene Američke Države
16050,Natalija,Kim,1993,Nemačka
16051,Elena,Vrono,1972,Italija
16052,Nikita,Alekseev,1963,Italija
16053,Marija,Sumnina,1977,Rusija
16054,Irina,Golovinskaja,1962,Rusija
16055,Maša,Alterman,1964,Francuska
16056,Marija,Viljams,1981,Rusija
16057,Ljubov,Gurova,1993,Nemačka
16058,Marija,Ignateva,2003,Rusija
16059,Tatjana,Malkina,1962,Ujedinjeno Kraljevstvo
16060,Gelija,Pevzner,1995,Rusija
16061,Alena,Solnceva,1987,Rusija
16062,Konstantin,Platonov,1932,Rusija
16063,Elena,Ljubimova,1980,Rusija
16064,Elena,Tatarkina,1989,Italija
16065,Mark,Log,1971,Sjedinjene Američke Države
16066,Piter,Konradi,1970,Sjedinjene Američke Države
16067,Aleksandra,Delmare,1975,Rusija
16068,Mark,Batunskij,1933,Sjedinjene Američke Države
16069,Andrej,Pozdeev,1990,Srbija
16070,Olga,Husainova,1983,Srbija
16071,Jurij,Rakita,1965,Rusija
16072,Sofi,Lejn,1985,Nemačka
16073,Stanislav,Tihonov,1961,Nemačka
16074,Lambert Timothy,James,1930,Rusija
16075,Mihail,Poljakov,1955,Ujedinjeno Kraljevstvo
16076,Jurij,Suhanov,1982,Sjedinjene Američke Države
16077,OlRi,Iv,1983,Francuska
16078,Aleksandr,Iličevskij,1970,Rusija
16079,Pavel,Fadeev,1988,Italija
16080,Vladimir,Titov,1990,Ujedinjeno Kraljevstvo
16081,Bogumil,Murin,1983,Rusija
16082,Aleksej,Ivaščenko,1958,Rusija
16083,Anatolij,Galkin,1963,Ujedinjeno Kraljevstvo
16084,Aleksandr,Strekalov,1964,Sjedinjene Američke Države
16085,Svjatoslav,Voevodin,1965,Ujedinjeno Kraljevstvo
16086,Džeremi,Stengrum,1977,Rusija
16087,Aleksej,Šelagin,1990,Japan
16088,Enn,Denisova,1946,Rusija
16089,Georgij,Končakov,1970,Sjedinjene Američke Države
16090,Jurij,Ver,1983,Rusija
16091,Ekaterina,Kolodajnay,1972,Francuska
16092,Julija,Ciplenkova,1979,Rusija
16093,Alina,Ziolkovskaja,1958,Rusija
16094,Vjačeslav,Nikonov,1960,Ujedinjeno Kraljevstvo
16095,Edmon,Rostan,1868,Francuska
16096,Grant,Arakeljan,1947,Jermenija
16097,Samuel,Čavkin,1968,Francuska
16098,Polina,Fler,1969,Rusija
16099,Anastasija,Izjumskaja,1993,Srbija
16100,Anna,Kuusmaa,1973,Kanada
16101,Zlata,Šahovskaja,1968,Rusija
16102,Zak,Šturman,1978,Rusija
16103,Sergej,Lavrentev,1972,Rusija
16104,Gans,Frejmark,1884,Nemačka
16105,Aleksandr,Svistunov,1907,Savez Sovjetskih Socijalističkih Republika
16106,Osipova,Nadežda,1978,Rusija
16107,Igor,Džavadov,1988,Sjedinjene Američke Države
16108,Čarlz,Brandt,1942,Sjedinjene Američke Države
16109,Duglas,Kenrik,1975,Ujedinjeno Kraljevstvo
16110,Stiven,Nejberg,1971,Rusija
16111,Irina,Podrugina,1969,Kanada
16112,Irina,Iličeva,1991,Rusija
16113,Grigorij,Glinka,1962,Rusija
16114,Daniil Kononov,Snajper,1963,Rusija
16115,Džon,Smit,1988,Sjedinjene Američke Države
16116,Uiljam,Derezevic,1970,Nemačka
16117,Ljusi,Ellis,1988,Ujedinjeno Kraljevstvo
16118,Gulšat,Hasanova,1968,Rusija
16119,Andrej,Afonin,1989,Rusija
16120,Kurban,Said,1880,Francuska
16121,Aleksandr,Tovstonog,1991,Ukrajina
16122,Džessika,Fellouz,1965,Rusija
16123,Rimma,Mojsenko,1991,Rusija
16124,Svetlana,Šmeleva,1957,Poljska
16125,Andrej,Golenkov,1957,Srbija
16126,Marijam,Kabašilova,1965,Sjedinjene Američke Države
16127,Edvard,Tompson,1738,Nemačka
16128,Žoel,Šarbonno,1965,Ujedinjeno Kraljevstvo
16129,Tatjana,Mastrjukova,1990,Ujedinjeno Kraljevstvo
16130,A.,Kutepov,1951,Francuska
16131,Troj,Ljuter,1983,Srbija
16132,Majk,Uelman,1967,Nemačka
16133,Vadim,Krjuk,1973,Rusija
16134,Denni,MakAskill,1959,Rusija
16135,Rut,Gudman,1971,Nemačka
16136,Majja,Iliš,1965,Italija
16137,Tamara,Djačenko,1978,Rusija
16138,Sergej,Volin,1962,Francuska
16139,Agnija,Millerova,1967,Francuska
16140,Vladimir,Bokanov,1987,Sjedinjene Američke Države
16141,Edviga,Ante,1987,Rusija
16142,Olga,Sljusarenko,1984,Rusija
16143,Adam,Lašinski,1990,Rusija
16144,svjatitel Afanasij,(Saharov),1944,Ujedinjeno Kraljevstvo
16145,Dmitrij,Smirnov,1952,Ujedinjeno Kraljevstvo
16146,Dmitrij,Gardin,1983,Rusija
16147,Jurgen,Salenbaher,1989,Rusija
16148,Elena,Kučina,1985,Italija
16149,Timur,Gagin,1970,Rusija
16150,Aleksej,Kelin,1984,Rusija
16151,R.,Hollingdejl,1945,Italija
16152,Bendžamin,Franklin,1706,Sjedinjene Američke Države
16153,Džejms,Bennevil,1934,Rusija
16154,Viktor,Šnirelman,1949,Rusija
16155,Sakong,Mipam,1960,Rusija
16156,Gennadij,Smolin,1976,Italija
16157,Tereza Enn,Fauler,1956,Sjedinjene Američke Države
16158,Elena,Izbickaja,1992,Rusija
16159,Mihail,Panaev,1956,Rusija
16160,E.,Morozova,1964,Francuska
16161,Lars,Svendsen,1970,Norveška
16162,Stjuart,Houm,1962,Ujedinjeno Kraljevstvo
16163,Silvija,Simmons,1963,Ujedinjeno Kraljevstvo
16164,Martin,Uejts,1986,Italija
16165,Desmond,Barri,1976,Sjedinjene Američke Države
16166,Ken,Bruen,1976,Sjedinjene Američke Države
16167,Barri,Adamson,1958,Ujedinjeno Kraljevstvo
16168,Majkl,Uord,1977,Srbija
16169,Den,Bennet,1981,Poljska
16170,Keti,Unsvort,1953,Rusija
16171,Maks,Dešarne,1963,Rusija
16172,Džulz,Denbi,1975,Ujedinjeno Kraljevstvo
16173,Džerri,Sajks,1956,Srbija
16174,Mark,Pilkington,1961,Rusija
16175,Džo,Maknelli,1966,Rusija
16176,Patrik,Makkejb,1955,Republika Irska
16177,Ken,Hollings,1979,Rusija
16178,Valerij,Cečoev,1983,Rusija
16179,Alla,Švanderova,1977,Srbija
16180,Kristl,Fidler,1968,Rusija
16181,Aleksej,Al-Vatar,1971,Francuska
16182,Darja,Paršina,1988,Rusija
16183,Erlan,Rahmanov,1982,Nemačka
16184,Sofi de,Vilnuazi,1986,Francuska
16185,Valentina,Matveeva,1935,Rusija
16186,Faddej,Bulgarin,1789,Ruska Imperija
16187,Dmitrij,Šušarin,1965,Rusija
16188,Aleksandr,Železnjakov,1977,Rusija
16189,Anna,Zavgorodnjaja,1990,Ujedinjeno Kraljevstvo
16190,Elena,Vladimirova,1901,Savez Sovjetskih Socijalističkih Republika
16191,Leon,Krasov,1971,Sjedinjene Američke Države
16192,Viktor,Kozlov,1972,Rusija
16193,Den,Perceff,1962,Srbija
16194,Julija,Dorogaja,1967,Francuska
16195,Nadežda,Žabinskaja,1993,Rusija
16196,Anastasija,Gudeva,1963,Sjedinjene Američke Države
16197,Frederik,Rapili,1986,Rusija
16198,Kler,Nort,1964,Sjedinjene Američke Države
16199,Den,Valdšmidt,1978,Srbija
16200,Nail,Izmajlov,1976,Rusija
16201,Vadim,Mackevič,1920,Rusija
16202,Igor,Cikunov,1964,Francuska
16203,Olga,Makarevič,1970,Rusija
16204,Jurij,Gruzickij,1978,Nemačka
16205,Ljubov,Tarariškina,1987,Italija
16206,Alla,Holod,1976,Sjedinjene Američke Države
16207,Igor,Neumestnij,1938,Rusija
16208,Aleksandr,Korenkov,1974,Ujedinjeno Kraljevstvo
16209,Jaroslav,Šimov,1987,Nemačka
16210,Linn,Uejngarten,1976,Rusija
16211,Elena,Tihonova,1977,Rusija
16212,Nikolaj,Pridvorov,1935,Rusija
16213,Ovidij,Gorčakov,1965,Rusija
16214,Evgenij,Mironov,1991,Italija
16215,Deniz,Majna,1985,Rusija
16216,Sarkis,Zurobjan,1965,Italija
16217,Majkl,Džeferson,1937,Rusija
16218,Gennadij,Sorokin,1987,Rusija
16219,Genri,Toro,1817,Sjedinjene Američke Države
16220,Karen,Dionne,1965,Rusija
16221,Elena,Sadikova,1940,Rusija
16222,Sergej,Goldštejn,1981,Sjedinjene Američke Države
16223,Irina,Bezuglaja,1987,Sjedinjene Američke Države
16224,Olga,Vetrova,1964,Rusija
16225,Denis,Čudaev,1991,Sjedinjene Američke Države
16226,Denis,Ibel,1955,Ujedinjeno Kraljevstvo
16227,Lidija,Beljakova,1972,Italija
16228,Galina,Babina,1959,Sjedinjene Američke Države
16229,Raisa,Ides,1983,Srbija
16230,Nikolaj,Agnivcev,1888,Ruska Imperija
16231,Roman,Buzunov,1980,Nemačka
16232,Olga,Popova,1848,Ruska Imperija
16233,Andrej,Barabanov,1954,Rusija
16234,Leonid,Iogman,1961,Ujedinjeno Kraljevstvo
16235,T.,Lejni,1973,Rusija
16236,E.,Semenova,1982,Ujedinjeno Kraljevstvo
16237,Majk,Tajson,1967,Sjedinjene Američke Države
16238,Majlz,Dauni,1959,Ujedinjeno Kraljevstvo
16239,Madina,Šaripova,1981,Sjedinjene Američke Države
16240,Mačej,Kranc,1991,Francuska
16241,Anastasija,Nikitina,1969,Rusija
16242,Olga,Berek,1976,Rusija
16243,Nensi,Gorovic-Klejnbaum,1950,Rusija
16244,Natali,Morgan,1968,Sjedinjene Američke Države
16245,Aleksandr,Ajzenberg,1899,Rusija
16246,Kiril,Bonfiloli,1938,Rusija
16247,Edmondo de,Amičis,1993,Rusija
16248,Natalja,Remiš,1981,Rusija
16249,Sergej,Gross,1994,Ujedinjeno Kraljevstvo
16250,Kovadonga,O'Ši,1972,Francuska
16251,Nikolaj,Kondratev,1959,Rusija
16252,Leonid,Krol,1970,Rusija
16253,Keša,Zaharenkov,1980,Rusija
16254,Sirarpi,Ter-Nersesjan,1896,Francuska
16255,Abaj,Kunanbaev,1845,Ruska Imperija
16256,Katerina,Ziborova,1959,Francuska
16257,Evgenij,Alekseev,1919,Rusija
16258,Bob,Sellers,1955,Sjedinjene Američke Države
16259,Hel,Kjorner,1976,Sjedinjene Američke Države
16260,Adam,Čejz,1950,Francuska
16261,Sergej,Rjabkov,1960,Rusija
16262,Garri,Grej,1900,Rusija
16263,Jurij,Akašev,1958,Rusija
16264,Julian,Solovev,1936,Rusija
16265,Rejčel Van,Dajken,1953,Ujedinjeno Kraljevstvo
16266,Fedor,Borodin,1966,Ujedinjeno Kraljevstvo
16267,Džon,Noulz,1926,Sjedinjene Američke Države
16268,S.,Dudin,1972,Sjedinjene Američke Države
16269,Veronika,Kireeva,1939,Sjedinjene Američke Države
16270,Andrej,Ustjužanin,1968,Sjedinjene Američke Države
16271,Vadim,Ustjužanin,1982,Rusija
16272,Luis,Mendes,1949,Sjedinjene Američke Države
16273,Pavel,Bagrjancev,1968,Sjedinjene Američke Države
16274,Fil,Ekspozito,1958,Japan
16275,Valentin,Višneveckij,1948,Rusija
16276,Elena,Zadorožnaja,1930,Ujedinjeno Kraljevstvo
16277,Inna,Lesina,1989,Poljska
16278,Darja,Kosinceva,1975,Francuska
16279,Ivan,Hramcov,1936,Rusija
16280,Aspen,Matis,1976,Nemačka
16281,Jurij,Vinogradov,1989,Rusija
16282,Lora,Uejmen,1969,Rusija
16283,Kerol,Duek,1981,Sjedinjene Američke Države
16284,Petro,Moskal,1975,Sjedinjene Američke Države
16285,Nermin,Bezmen,1954,Turska
16286,Husejn,Sajidi,1983,Kanada
16287,Irina,Lem,1953,Sjedinjene Američke Države
16288,Hind,Kassemi,1987,Rusija
16289,Sergej,Nikitin,1980,Ujedinjeno Kraljevstvo
16290,Gennadij,Vasilev,1988,Rusija
16291,O.,Prjanina,1937,Rusija
16292,Viktor,Mico,1949,Rusija
16293,Anatolij,Fiškin,1985,Francuska
16294,Mišel,Nostradamus,1972,Rusija
16295,Brajan,Friman,1986,Rusija
16296,Jaroslav,Tereško,1980,Sjedinjene Američke Države
16297,Evgenija,Hamuljak,1933,Rusija
16298,Vasilij,Gladenin,1938,Rusija
16299,Ruben,Os,1984,Japan
16300,Margarita,Gavriš,1981,Sjedinjene Američke Države
16301,Aleksandr,Butkovskij,1930,Rusija
16302,Andrej,Šamov,1953,Rusija
16303,Amber,Pejdž,1959,Sjedinjene Američke Države
16304,Julija,Troškina,1969,Rusija
16305,Gennadij,Ničiporuk,1966,Nemačka
16306,Marija,Gajvoronskaja,1983,Rusija
16307,Anna,Kurceva,1969,Nemačka
16308,Ivan,Gajvoronskij,1968,Rusija
16309,Holli,Seddon,1962,Ujedinjeno Kraljevstvo
16310,Pavel,Sidorov,1961,Italija
16311,Galina,Čumakova,1971,Sjedinjene Američke Države
16312,Evgenija,Ščukina,1974,Italija
16313,Aleksandr,Vem,1987,Ujedinjeno Kraljevstvo
16314,Irina,Karagapolova,1968,Rusija
16315,Nikolaj,Snigirev,1966,Ujedinjeno Kraljevstvo
16316,Evgenij,Saprikin,1954,Sjedinjene Američke Države
16317,Evgenij,Latorcev,1936,Sjedinjene Američke Države
16318,Sergej,Kumčenko,1946,Rusija
16319,Artjom,Salimov,1951,Rusija
16320,Mihail,Budnikov,1904,Savez Sovjetskih Socijalističkih Republika
16321,Olga,Serebrjanaja,1944,Ujedinjeno Kraljevstvo
16322,Julija,Tolmačeva,1930,Rusija
16323,Aljona,Frolova,1946,Rusija
16324,Mikaela,Blej,1983,Rusija
16325,Tigran,Kazarjan,1992,Poljska
16326,Hel,Rankel,1960,Rusija
16327,Dženni,Rankel,1981,Rusija
16328,Elis,Sibold,1963,Sjedinjene Američke Države
16329,Iren,Rozdobudko,1969,Sjedinjene Američke Države
16330,Galina,Kulagina,1983,Ujedinjeno Kraljevstvo
16331,Viktor,Kirillov,1952,Rusija
16332,Aleksandr,Intell,1964,Rusija
16333,Vedej,Ratner,1955,Rusija
16334,Roman,Kiriček,1991,Ujedinjeno Kraljevstvo
16335,Olga,Snimščikova,1939,Italija
16336,Mihail,Baranov,1970,Francuska
16337,Anton,Agafonov,1964,Ujedinjeno Kraljevstvo
16338,Kolin,Uilson,1931,Ujedinjeno Kraljevstvo
16339,Anton,Suvorinov,1972,Sjedinjene Američke Države
16340,Julija,Den,1888,Savez Sovjetskih Socijalističkih Republika
16341,Gennadij,Nikitčanov,1977,Ujedinjeno Kraljevstvo
16342,Anastasija,Karsakova,1968,Ujedinjeno Kraljevstvo
16343,Natalja,Rjabceva,1987,Italija
16344,Vladimir,Germanzderfer,1978,Sjedinjene Američke Države
16345,Aleksandr,Mitta,1933,Rusija
16346,Olga,Strelkova,1971,Italija
16347,Timofej,Rudenko,1979,Rusija
16348,Nikita,Manakov,1995,Sjedinjene Američke Države
16349,Oksana,Stepanova,1976,Rusija
16350,Inga,Zabolotnih,1984,Poljska
16351,Raisa,Kantemirova,1953,Rusija
16352,Ilja,Ratkovskij,1976,Rusija
16353,Olga,Allahverdova,1984,Poljska
16354,Mik,O'Hejr,1963,Nemačka
16355,Elizaveta,Antonova,1981,Rusija
16356,Irina,Molčanova,1965,Ujedinjeno Kraljevstvo
16357,Galina,Peškova,1930,Rusija
16358,Alena,Nabokova,1989,Sjedinjene Američke Države
16359,Melissa,Sajnova,1967,Rusija
16360,Sjuzanna,Kehalan,1973,Rusija
16361,A.,Ivanin,1986,Ujedinjeno Kraljevstvo
16362,Marija,Pasternak,1961,Ujedinjeno Kraljevstvo
16363,Jan,Ageenko,1988,Rusija
16364,Evgenij,Skvorcov,1970,Rusija
16365,Nikita,Bosoj,1967,Francuska
16366,Vlad,Savin,1976,Sjedinjene Američke Države
16367,Šefali,Tsabari,1955,Srbija
16368,Vladimir,Rožankovskij,1952,Rusija
16369,Genrih,Šnee,1871,Njemački rajh
16370,Ričard,Bard,1976,Rusija
16371,Erika,Orloff,1977,Sjedinjene Američke Države
16372,Svetlana,Krasnova,1957,Sjedinjene Američke Države
16373,Sergej,Gubanov,1975,Rusija
16374,Vadim,Voznesenskij,1989,Rusija
16375,Mihail,Vasilev,1945,Sjedinjene Američke Države
16376,Igor,Krasnoperov,1985,Sjedinjene Američke Države
16377,Oleg,Bogomolov,1974,Sjedinjene Američke Države
16378,Darja,Ledneva,1977,Nemačka
16379,Oleg,Ež,1961,Rusija
16380,Evgenij,Prosperov,1975,Rusija
16381,Andrej,Jurevič,1974,Sjedinjene Američke Države
16382,Robert,Keršou,1980,Ujedinjeno Kraljevstvo
16383,Aleksandr,Kerdan,1957,Rusija
16384,Vladimir,Sirih,1941,Rusija
16385,ValDeMortis,.,1979,Italija
16386,Dej,Lakki,1984,Rusija
16387,Šalva,Amonašvili,1931,Rusija
16388,Aljona,Pisarenko,1995,Sjedinjene Američke Države
16389,Agnija Kuznecova,(Markova),1947,Rusija
16390,Jakov,Gilinskij,1977,Sjedinjene Američke Države
16391,Mihael,Špicbart,1973,Rusija
16392,Endrju Skott,Berg,1940,Ujedinjeno Kraljevstvo
16393,Oksana,Malceva,1987,Rusija
16394,Evgenij,Širokov,1984,Sjedinjene Američke Države
16395,Veniamin,Netesov,1985,Poljska
16396,Olga,Hmelnickaja,1950,Rusija
16397,Valentina,Strannik,1945,Nemačka
16398,Andrej,Havronskij,1961,Francuska
16399,Ed,Falko,1981,Ujedinjeno Kraljevstvo
16400,Diana,Nikson,1941,Rusija
16401,Leonid,Alehin,1961,Francuska
16402,Rumit,Kin,1963,Francuska
16403,Tim,Tarp,1985,Ujedinjeno Kraljevstvo
16404,Maksim,Kan,1987,Sjedinjene Američke Države
16405,Eduard,Malikin,1930,Nemačka
16406,Anastasija,Kadina,1938,Rusija
16407,Ekaterina,Redkina,1947,Rusija
16408,Tatjana,Vetkina,1939,Sjedinjene Američke Države
16409,Dmitrij,Buškovskij,1935,Rusija
16410,Mihail,Vatolin,1930,Rusija
16411,Stepan,Opskuros,1936,Ujedinjeno Kraljevstvo
16412,Evgenij,Savinkov,1931,Rusija
16413,Vadim,Alekseev,1960,Rusija
16414,Mirra,Tumanjan,1983,Rusija
16415,Evgenij,Ohapkin,1947,Rusija
16416,Nina,Abramova,1932,Rusija
16417,Ljubov,Voščenko,1958,Rusija
16418,Valerij,Tarasenko,1944,Nemačka
16419,Anna,Korobkina,1974,Nemačka
16420,Šimi,Kun,1953,Rusija
16421,Nik,Redfild,1991,Rusija
16422,Irina,Manaeva,1991,Italija
16423,Aleksej,Revenko,1937,Srbija
16424,Valentina,Rodionova,1945,Rusija
16425,Olga,Krasova,1933,Rusija
16426,Liza,Veber,1980,Rusija
16427,Lejla,Rin,1949,Italija
16428,I.,Lisjučenko,1988,Rusija
16429,Evgenija,Aleksandrova,1981,Rusija
16430,Elena,Timošenko-Sedmaja,1937,Sjedinjene Američke Države
16431,Sergej,Barančukov,1985,Ujedinjeno Kraljevstvo
16432,Oleg,Kuzmin,1981,Rusija
16433,Svetlana,Baščenko,1975,Kanada
16434,Tatjana,Kaširina,1991,Rusija
16435,A.,Šipilova,1985,Rusija
16436,A.,Pavlenko,1976,Poljska
16437,O.,Belenkova,1970,Ujedinjeno Kraljevstvo
16438,Konstantin,Gusev,1916,Savez Sovjetskih Socijalističkih Republika
16439,Aleksandra,Milovanceva,1977,Rusija
16440,Gjug,Vestberi,1862,Nemačka
16441,Alina,Jaloveni,1967,Rusija
16442,Deniel,Kraus,1958,Francuska
16443,Sergej,Bukanov,1986,Rusija
16444,Timur,Voronkov,1982,Rusija
16445,Čarlz,Dahigg,1974,Sjedinjene Američke Države
16446,Julija,Pentri,1954,Nemačka
16447,Džon,Drejer,1852,Republika Irska
16448,William Stevens,Balch,1952,Rusija
16449,Nikolaj,Volkovskij,1966,Ujedinjeno Kraljevstvo
16450,Olga,Erjomina,1973,Rusija
16451,Nikolaj,Smirnov,1989,Rusija
16452,Vladislav,Šubin,1974,Rusija
16453,Andrej,Dovgaljuk,1966,Kanada
16454,Vitalij,Klimčuk,1975,Ujedinjeno Kraljevstvo
16455,Aleksej,Panov,1964,Rusija
16456,Olga,Bermant-Poljakova,1934,Sjedinjene Američke Države
16457,Tommi,Mottola,1948,Sjedinjene Američke Države
16458,Kel,Fassmen,1969,Francuska
16459,Ver,Hajraten,1968,Srbija
16460,Aleksej,Pokudov,1957,Rusija
16461,Kristina,Logoša,1973,Francuska
16462,Litta,Linski,1982,Rusija
16463,Hju,Trevor-Rouper,1963,Ujedinjeno Kraljevstvo
16464,Aleksej,Kutafin,1973,Rusija
16465,Aleksandra,Frolova,1975,Rusija
16466,Natalja,Kuznecova,1963,Rusija
16467,Svetlana,Šatalova,1986,Italija
16468,Aleksandr,Ščetinnikov,1960,Ujedinjeno Kraljevstvo
16469,Rože,Vadim,1928,Francuska
16470,Valentina,Mac,1979,Sjedinjene Američke Države
16471,Liza,Moroni,1974,Nemačka
16472,Eduard,Šmidt,1888,Austrougarska
16473,Aleksandr,Gorskij,1984,Ujedinjeno Kraljevstvo
16474,Elena,Jakubovskaja,1935,Sjedinjene Američke Države
16475,Vladimir,Jakubovskij,1881,Savez Sovjetskih Socijalističkih Republika
16476,Kirill,Alekseev,1967,Rusija
16477,Džoan,Robinson,1910,Ujedinjeno Kraljevstvo
16478,Lev,Gunin,1974,Rusija
16479,Viktorija,Makarova,1962,Rusija
16480,Valentina,Nikolina,1986,Rusija
16481,Elio,Morhem,1973,Nemačka
16482,Adel,Raš,1992,Rusija
16483,Aleks,Klimov,1981,Ujedinjeno Kraljevstvo
16484,Mihail,Kušnir,1943,Rusija
16485,Jurij,Revič,1967,Ujedinjeno Kraljevstvo
16486,Aleksandr,Belij,1972,Rusija
16487,Nina,Zapolskaja,1977,Nemačka
16488,Gennadij,Kovalenko,1949,Srbija
16489,Sergij,Javic,1959,Ujedinjeno Kraljevstvo
16490,Dmitrij,Savvin,1986,Sjedinjene Američke Države
16491,Georgij,Krol,1975,Rusija
16492,Uljana,Karševa,1960,Sjedinjene Američke Države
16493,Viktor,Umanskij,1905,Savez Sovjetskih Socijalističkih Republika
16494,Natalja,Žuravleva,1976,Rusija
16495,Vladimir,Markov-Babkin,1975,Srbija
16496,Dmitrij,Iuanov,1983,Srbija
16497,*,Natali,1994,Ujedinjeno Kraljevstvo
16498,*,Tais,1985,Rusija
16499,D.,Efimov,1962,Nemačka
16500,Roman,Nosikov,1973,Italija
16501,Aleksandr,Kastello,1972,Rusija
16502,Valter,Varlimont,1894,Nemačka
16503,Olga,Jacjuk,1950,Sjedinjene Američke Države
16504,William Cleaver,Wilkinson,1966,Italija
16505,Aleksandr,Loginov,1949,Sjedinjene Američke Države
16506,Vasilij,Pančenko,1937,Rusija
16507,Pavel,Hickij,1988,Francuska
16508,Jakov,Pjatigorskij,1988,Ujedinjeno Kraljevstvo
16509,Sergej,Kotelevskij,1991,Poljska
16510,Farid,Karimov,1992,Rusija
16511,Marianna,Sterligova,1978,Poljska
16512,Viktor,Usov,1985,Sjedinjene Američke Države
16513,Kirill,Solovev,1988,Rusija
16514,Jurij,Protopopov,1959,Nemačka
16515,Anastasija,Janč,1955,Rusija
16516,Aleksandr,Nazarenko,2000,Ukrajina
16517,Stepan,Pisahov,1985,Rusija
16518,Tinatin,Mžavanadze,1961,Poljska
16519,Mihail,Šahnazarov,1880,Savez Sovjetskih Socijalističkih Republika
16520,Vitalij,Seroklinov,1970,Rusija
16521,Jurij,Karakurči,1985,Nemačka
16522,Natalja,Volnistaja,1939,Ujedinjeno Kraljevstvo
16523,Julija,Evgrafova,1991,Rusija
16524,Lara,Gall,1946,Kanada
16525,Žanar,Kusainova,1959,Nemačka
16526,Vladimir,Zisman,1969,Rusija
16527,Lada,Blank,1981,Rusija
16528,Anna,Kudrjavskaja,1987,Rusija
16529,Marija,Rupasova,1944,Nemačka
16530,Aleksandr,Bessonov,1980,Rusija
16531,Žuka,Žukova,1995,Sjedinjene Američke Države
16532,Nata,Potjomkina,1935,Rusija
16533,Artem,Gajamov,1976,Rusija
16534,Ketrin,Rid,1973,Rusija
16535,Stefan,Anhem,1980,Ujedinjeno Kraljevstvo
16536,Ouen,Čejz,1947,Ujedinjeno Kraljevstvo
16537,Sergej,Ivanov,1941,Rusija
16538,Oleg,Abramovič,1943,Ujedinjeno Kraljevstvo
16539,Leonid,Mihrin,1979,Sjedinjene Američke Države
16540,M.,Bitjukova,1981,Kanada
16541,Dafna dju,Mor’є,1881,Rusija
16542,V.,Kuznecova,1963,Nemačka
16543,Ndaba,Mandela,1968,Rusija
16544,Gejnc,Guderian,1975,Rusija
16545,Pavel,Puničev,1995,Rusija
16546,Georgi,Lozev,1969,Sjedinjene Američke Države
16547,A.,Didikin,1933,Rusija
16548,Jakov,Čadaev,1967,Italija
16549,Elena,Zotova,1964,Ujedinjeno Kraljevstvo
16550,Ivan,Afrin,1969,Rusija
16551,Natalja,Rjazanceva,1962,Italija
16552,Dmitrij,Rjazancev,1950,Sjedinjene Američke Države
16553,Anatolij,Losev,1906,Savez Sovjetskih Socijalističkih Republika
16554,Inna,Agjulan,1941,Sjedinjene Američke Države
16555,Henry,Adams,1979,Rusija
16556,Igor,Artemev,1963,Rusija
16557,Helga,Hov,1990,Francuska
16558,Rinat,Junusov,1987,Rusija
16559,Abudlla,Ušurov,1982,Rusija
16560,Oleg,Kujava,1981,Rusija
16561,David,Froli,1955,Sjedinjene Američke Države
16562,Aleksandra Kudrjavceva,(Korobova),1989,Sjedinjene Američke Države
16563,Mona,Kasten,1985,Sjedinjene Američke Države
16564,Jurij,Gejko,1972,Sjedinjene Američke Države
16565,Sandživ,Čopra,1984,Rusija
16566,Stanislava,Ber,1961,Rusija
16567,Sergej,Krivenko,1991,Rusija
16568,Semen,Brilliant,1985,Francuska
16569,Stiven,Guld,1955,Sjedinjene Američke Države
16570,Vanda,Alhimova,1988,Nemačka
16571,Maršall,Rozenberg,1934,Sjedinjene Američke Države
16572,Lester,Heminguej,1915,Sjedinjene Američke Države
16573,Denis,Zemljanin,1949,Rusija
16574,Stanislav,Mackevič,1896,Ruska Imperija
16575,Vasilij,Ljagoskin,1964,Nemačka
16576,Olga,Valožek,1978,Rusija
16577,Percival,Leigh,1968,Sjedinjene Američke Države
16578,Evgenij,Orel,1986,Rusija
16579,Ekaterina,Žukova,1963,Rusija
16580,Maksim,Babenko,1958,Rusija
16581,Aleksej,Lobjak,1968,Italija
16582,T.,Umnova,1938,Nemačka
16583,Džobi,Uorrik,1980,Srbija
16584,Helen,Uotson,1970,Ujedinjeno Kraljevstvo
16585,Žerar de,Nerval,1808,Francuska
16586,Lolita,Šeremet,1938,Rusija
16587,Sergej,Jaremčuk,1979,Sjedinjene Američke Države
16588,Aleksandr,Gorbačev,1983,Sjedinjene Američke Države
16589,Sofja,Paljuhina,1968,Rusija
16590,Tomas,Pinčon,1937,Sjedinjene Američke Države
16591,Olga,Ajmetdinova,1953,Rusija
16592,Vladislav,Glinka,1995,Francuska
16593,Aleksandr,Žikin,1984,Ujedinjeno Kraljevstvo
16594,Viktor,Lojer,1968,Rusija
16595,Valerian,Borodaevskij,1896,Ujedinjeno Kraljevstvo
16596,Aleksandr,Briksenkov,1961,Sjedinjene Američke Države
16597,Andrej,Briksenkov,1969,Rusija
16598,Brajan,Hodž,1959,Francuska
16599,Robert,Širmen,1976,Nemačka
16600,Redži,Oliver,1979,Srbija
16601,Markus,Hajc,1986,Sjedinjene Američke Države
16602,Piter,Krouter,1970,Rusija
16603,Endžela,Sletter,1961,Ujedinjeno Kraljevstvo
16604,Blake B.,Blink,1948,Srbija
16605,Sebastjan,Barri,1955,Republika Irska
16606,Jurij,Vladimirov,1957,Italija
16607,Mark,Kačim,1961,Francuska
16608,Gella,Verona,1990,Ujedinjeno Kraljevstvo
16609,Katrine,Engberg,1982,Rusija
16610,Olga,Larionova,1986,Ujedinjeno Kraljevstvo
16611,Irina,Li,1964,Kanada
16612,Natalija,Kotjanova,1974,Sjedinjene Američke Države
16613,Aleksandr,Seredin,1971,Rusija
16614,Han,Mora,1973,Sjedinjene Američke Države
16615,Veronika,Bogdanova,1964,Rusija
16616,Sergej,Boluševskij,1985,Nemačka
16617,Marija,Jakovleva,1988,Nemačka
16618,Petr,Lionov,1961,Rusija
16619,Denis,Melnikov,1976,Rusija
16620,L.,Iv,1966,Nemačka
16621,Aleksandr,Zaharov,1973,Italija
16622,Gennadij,Volovoj,1975,Ujedinjeno Kraljevstvo
16623,Jurij,Ladohin,1981,Rusija
16624,Vladimir,Zemša,1974,Sjedinjene Američke Države
16625,Anatolij,Čistjakov,1974,Rusija
16626,Šulamita,Čepela,1988,Ujedinjeno Kraljevstvo
16627,Aleksandr,Kasjan,1990,Italija
16628,Portija,Kosta,1966,Ujedinjeno Kraljevstvo
16629,Violetta,Šuljak,1963,Sjedinjene Američke Države
16630,Aleksandr,Šeps,1986,Rusija
16631,Andrej,Iordanišvili,1989,Rusija
16632,Džozi,Silver,1978,Rusija
16633,Vladimir,Abčuk,1956,Rusija
16634,Ljudmila,Žirkova,1961,Nemačka
16635,Ilja,Rissenberg,1973,Sjedinjene Američke Države
16636,Kerolajn,Kepnes,1976,Sjedinjene Američke Države
16637,Timur,Bokanča,1967,Kanada
16638,Arabella,Karter-Džonson,1975,Rusija
16639,Barbara,Moor,1983,Poljska
16640,Evgenij,Sapronov,1985,Rusija
16641,Ariadna,Sole,1964,Italija
16642,Aleksej,Paevskij,1975,Srbija
16643,Anna,Horužaja,1974,Francuska
16644,Valerija,Profatilo,1973,Italija
16645,Natalija,Pankova,1952,Rusija
16646,Aleks,Dingo,1945,Rusija
16647,Muhammad,Šomali,1978,Nemačka
16648,Elena,Dolgopjat,1966,Rusija
16649,Marina,Tkačeva,1962,Rusija
16650,Aleksandr,Lemov,1987,Rusija
16651,Feofan,Midvaldskij,1981,Rusija
16652,Kem,Nann,1948,Sjedinjene Američke Države
16653,Arkadij,Vjatkin,1972,Sjedinjene Američke Države
16654,Marina,Gajvoronskaja,1968,Sjedinjene Američke Države
16655,Andrej,Akritov,1968,Rusija
16656,Vladimir,Žjoltij,1952,Rusija
16657,Flanneri,O'Konnor,1917,Rusija
16658,Sergej,Mamontov,1963,Francuska
16659,Alla,Massorova,1936,Ujedinjeno Kraljevstvo
16660,Viktor,Mazankin,1941,Rusija
16661,Frederik,Forsajt,1938,Ujedinjeno Kraljevstvo
16662,Natalija,Dmitrieva,1977,Rusija
16663,Anton,Bulavin,1963,Nemačka
16664,T.,Timošina,1992,Rusija
16665,Aleksej,Židkov,1968,Ujedinjeno Kraljevstvo
16666,Džulija,Baksbaum,1990,Poljska
16667,Oleksandr,Puškіn,1995,Rusija
16668,Valentina,Koltakova,1973,Francuska
16669,Filipp,Bobkov,1989,Rusija
16670,Zoja,Karpova,1978,Rusija
16671,Alina,Nikonova,1991,Sjedinjene Američke Države
16672,Dmitrij,Mihajlov,1992,Srbija
16673,Filipp,Mjoller,1971,Rusija
16674,Elena,Savčuk,1981,Rusija
16675,Georgij,Gercovskij,1962,Poljska
16676,Anna,Bajrašnaja,1985,Rusija
16677,Violetta,Hamidova,1958,Italija
16678,Robert Džejms,Voller,1938,Ujedinjeno Kraljevstvo
16679,Maksim,Petrašin,1975,Italija
16680,Ivan,Zatevahin,1901,Ruska Imperija
16681,Arkadij,Makarov,1973,Italija
16682,Milind,Lele,1991,Rusija
16683,Sergej,Melnik,1990,Rusija
16684,Boris,Kolesnikov,1909,Savez Sovjetskih Socijalističkih Republika
16685,Sergej,Korotkij,1958,Rusija
16686,Marija,Borisova,1966,Italija
16687,Žak,Sustel,1912,Francuska
16688,Ruslan,Nazarov,1986,Sjedinjene Američke Države
16689,Žora Ogarskij,(Oldevergreen),1977,Italija
16690,Sergej,Gordeev,1933,Ujedinjeno Kraljevstvo
16691,Penelopa,Ficdžerald,1916,Ujedinjeno Kraljevstvo
16692,Valerij,Gurkov,1959,Francuska
16693,Andrej,Usačjov,1958,Rusija
16694,Rafael,Abalos,1992,Rusija
16695,V.,Ščeglov,1986,Rusija
16696,Piter,Grju,1984,Rusija
16697,Nadežda,Štajn,1968,Francuska
16698,Andrej,Sennikov,1958,Poljska
16699,Konstantin,Dušenov,1979,Rusija
16700,Natalja,Zicer,1987,Rusija
16701,Dima,Zicer,1966,Izrael
16702,Bill,Mesler,1988,Sjedinjene Američke Države
16703,Džejms,Klivz,1976,Kanada
16704,Natalja,Sundeeva,1971,Sjedinjene Američke Države
16705,Pavel,Baholdin,1978,Rusija
16706,Anna,Ekberg,1959,Rusija
16707,Sergej,Savin,1992,Rusija
16708,Jana,Melevič,1974,Sjedinjene Američke Države
16709,Andrej,Šlapak,1937,Sjedinjene Američke Države
16710,Vladimir,Sergienko,1956,Rusija
16711,Kennet,Slavenski,1953,Kanada
16712,Irina,Odoevceva,1976,Rusija
16713,Amor,Toulz,1969,Sjedinjene Američke Države
16714,Sergej,Sinelnikov-Muriljov,1964,Rusija
16715,Džoff,Nikolson,1991,Rusija
16716,Robert,Sirs,1908,Sjedinjene Američke Države
16717,Džejms,Sirs,1963,Rusija
16718,Per,Loti,1850,Francuska
16719,Andrej,Petrov,1986,Uzbekistan
16720,Eda Le,Šan,1922,Sjedinjene Američke Države
16721,Aleksej,Verbovoj,1985,Sjedinjene Američke Države
16722,Ilja,Gorelov,1988,Kanada
16723,Džon,Faulz,1926,Ujedinjeno Kraljevstvo
16724,Veronika,Strannica,1986,Italija
16725,Ljudmila,Belova,1924,Rusija
16726,Mark,Kuljukin,1969,Sjedinjene Američke Države
16727,Majkl,Greger,1972,Sjedinjene Američke Države
16728,Sergej,Bazunov,1857,Italija
16729,Anna,Kliri,1978,Rusija
16730,Ričard,Džonson,1973,Rusija
16731,Roman,Borovkov,1949,Nemačka
16732,Tod,Paškov,1977,Italija
16733,Gurija,Osmanova,1962,Sjedinjene Američke Države
16734,Džulius,Fast,1986,Rusija
16735,Aleksej,Sinjakov,1933,Nemačka
16736,Annekatrin,Pule,1957,Nemačka
16737,Sergej,Sebador,1932,Ujedinjeno Kraljevstvo
16738,Čžen,Čžaoguan,1978,Rusija
16739,Julija,Roberts,1972,Nemačka
16740,Sveta,Nahimberg,1938,Rusija
16741,Irina,Fjodorova,1969,Ujedinjeno Kraljevstvo
16742,Tatjana,Gorina,1971,Rusija
16743,Sjuzanna,Isaakjan,1969,Sjedinjene Američke Države
16744,Herold,Šehter,1986,Sjedinjene Američke Države
16745,Devid,Everit,1961,Rusija
16746,German,Kirsanov,1967,Rusija
16747,Stefani,Lend,1988,Ujedinjeno Kraljevstvo
16748,Moris,Paleolog,1991,Japan
16749,Bob,Rotella,1975,Sjedinjene Američke Države
16750,Bob,Kallen,1991,Francuska
16751,Elena,Čudinova,1959,Rusija
16752,Natalja,Filimonova,1976,Rusija
16753,Tomas,Kіnіllі,1943,Rusija
16754,Vasilij,Ovčinnikov,1987,Sjedinjene Američke Države
16755,Aleksandr,Forš,1979,Sjedinjene Američke Države
16756,Irina,Kolesnikova,1959,Sjedinjene Američke Države
16757,Otto,Šarmer,1991,Ujedinjeno Kraljevstvo
16758,Anna,Duhareva,1982,Kanada
16759,Devid,Brin,1950,Sjedinjene Američke Države
16760,Anna,Golovina,1740,Nemačka
16761,Grigorij,Sedov,1944,Nemačka
16762,Tatjana,Lain,1990,Srbija
16763,Eži,Šackij,1957,Rusija
16764,Anna,Rapoport,1972,Japan
16765,Silven,Njovel,1987,Rusija
16766,Boris,Sirkov,1969,Rusija
16767,Riz,Rajan,1987,Rusija
16768,Anatolij,Šenderovič,1991,Rusija
16769,Andrej,Vetrov,1948,Sjedinjene Američke Države
16770,Jurij,Selujanov,1963,Rusija
16771,Genri,Parker,1901,Rusija
16772,Aleksandr,Finogenov,1938,Rusija
16773,Darja,Sivova,1984,Rusija
16774,Anja,Jož,1938,Rusija
16775,Maksim,Šebalin,1957,Ujedinjeno Kraljevstvo
16776,Milivoje,Vukovič,1977,Nemačka
16777,Gvenda,Bond,1968,Rusija
16778,Mihail,Bičkov,1969,Rusija
16779,Viktorija,Arževikina,1950,Ujedinjeno Kraljevstvo
16780,Fidan,Babaeva,1971,Francuska
16781,Jona,Berger,1962,Sjedinjene Američke Države
16782,Den,Dubravin,1990,Ujedinjeno Kraljevstvo
16783,Samid,Agaev,1955,Nemačka
16784,Antonina,Lentini,1964,Sjedinjene Američke Države
16785,Natalija,Kalinina,1967,Rusija
16786,Lilu,Juni-Janga,1979,Ujedinjeno Kraljevstvo
16787,Sjuzen,Batler,1973,Rusija
16788,Maksim,Sablin,1990,Sjedinjene Američke Države
16789,Valerij,Marinin,1987,Sjedinjene Američke Države
16790,Aleksandra,Metalnikova,1972,Rusija
16791,Svetlana,Rahmanova,1952,Rusija
16792,Ljubomir,Beskrovnij,1975,Ujedinjeno Kraljevstvo
16793,Lija,Avetisjan,1979,Francuska
16794,Barri,Nejlbaff,1958,Sjedinjene Američke Države
16795,Irima,Rajt,1979,Ujedinjeno Kraljevstvo
16796,Fridrih,Geršteker,1982,Ujedinjeno Kraljevstvo
16797,Franc,Holer,1943,Švajcarska
16798,Aleks,Bessmertnij,1930,Srbija
16799,Konstantin,Kovalev-Slučevskij,1939,Kanada
16800,Sergej,Gorin,1977,Rusija
16801,Sergej,Perminov,1948,Rusija
16802,Mikael,Dašjan,1954,Srbija
16803,Prepodobnij Nil Sinajskij,(Ankirskij),1944,Poljska
16804,Alehandro,Hodorovski,1929,Francuska
16805,Karl,Proffer,1938,Sjedinjene Američke Države
16806,L.,Zaharova,1960,Sjedinjene Američke Države
16807,A.,Polin,1970,Ujedinjeno Kraljevstvo
16808,Vitalij,Muhin,1971,Rusija
16809,Anastasija,Daškevič,1990,Belorusija
16810,Timofej,Granovskij,1813,Ruska Imperija
16811,Meggi,Stivoter,1981,Sjedinjene Američke Države
16812,Elizabet,Mid-Smit,1844,Ujedinjeno Kraljevstvo Velike Britanije i Irske
16813,Andrej,Petrakeev,1985,Sjedinjene Američke Države
16814,Anja,Poletaeva,1952,Ujedinjeno Kraljevstvo
16815,Andrej,Minin,1980,Ujedinjeno Kraljevstvo
16816,Galina,Agafonova,1960,Rusija
16817,Anton,Evtušenko,1984,Sjedinjene Američke Države
16818,Natali,Rivers,1975,Sjedinjene Američke Države
16819,Andrej,Grog,1992,Rusija
16820,Robert,Brambo,1918,Rusija
16821,Elina,Tarutina,1973,Rusija
16822,A.,Lukjanov,1971,Rusija
16823,Natalja,Karabadžak,1953,Rusija
16824,Galina,Kalinina,1964,Rusija
16825,Idriz,Zogaj,1990,Sjedinjene Američke Države
16826,Ljudmila,Starikova,1971,Rusija
16827,Kitami,Masao,1959,Rusija
16828,Pavel,Alešin,1970,Ujedinjeno Kraljevstvo
16829,Jurij,Sjomin,1947,Rusija
16830,Aleksandr,Krekov,1961,Ujedinjeno Kraljevstvo
16831,Aleksandr,Šalimov,1990,Rusija
16832,M.,Semenov,1964,Poljska
16833,N.,Semenov,1978,Rusija
16834,Vsevolod,Protopopov,1969,Rusija
16835,Artur,Dumčev,1967,Rusija
16836,Anna,Muraškina,1947,Italija
16837,Irina,Tkačeva,1990,Rusija
16838,Arman,Begojan,1988,Rusija
16839,Larisa,Bobrova,1966,Nemačka
16840,Pol,Smit,1979,Sjedinjene Američke Države
16841,Robert,Tellon,1966,Rusija
16842,Mario,Sikora,1963,Francuska
16843,Anastasija,Nikolaeva,1982,Ujedinjeno Kraljevstvo
16844,Olesja,Olberš,1943,Italija
16845,Robert,Blekvill,1973,Rusija
16846,Džennifer,Harris,1979,Sjedinjene Američke Države
16847,Devid,Almond,1951,Ujedinjeno Kraljevstvo
16848,Kira,Ilarionova,1977,Rusija
16849,Alessija,Ritorina,1982,Sjedinjene Američke Države
16850,Valentina,Rezničenko,1983,Sjedinjene Američke Države
16851,Devіd Hajnemajєr,Hensson,1981,Rusija
16852,Gadis,Gadžiev,1953,Rusija
16853,Andrej,Filimonov,1983,Sjedinjene Američke Države
16854,Radaslava,Andreeva,1956,Ujedinjeno Kraljevstvo
16855,M.,Turkina,1985,Nemačka
16856,Meggi,O`Farrell,1981,Sjedinjene Američke Države
16857,S.,Kaljužnij,1962,Rusija
16858,Ekaterina,Izjureva,1994,Sjedinjene Američke Države
16859,Minas,Kafatos,1945,Sjedinjene Američke Države
16860,Elena,Vavilova,1964,Kanada
16861,Viktor de,Kasto,1987,Rusija
16862,Adam,Hard,1963,Francuska
16863,T.,Varlamova,1970,Rusija
16864,M.,Varlamova,1978,Poljska
16865,E.,Siničkina,1967,Rusija
16866,Hristian,Garve,1765,Rusija
16867,Vladislav,Barsukov,1972,Rusija
16868,A.,Mišin,1957,Ujedinjeno Kraljevstvo
16869,Jurij,Jakimovič,1978,Sjedinjene Američke Države
16870,Timofej,Pan,1964,Rusija
16871,Devora,Zak,1980,Rusija
16872,Vasilij,Generalov,1992,Rusija
16873,Oleg,Bulakov,1963,Rusija
16874,Dmitrij,Mantrov,1959,Kanada
16875,Irina Sergeevna,Molčanova,1987,Rusija
16876,Hol,Gregersen,1988,Sjedinjene Američke Države
16877,Sergej,Lisov,1959,Savez Sovjetskih Socijalističkih Republika
16878,Nevena,Lovrinčevič,1964,Rusija
16879,Džuli,O'Mell,1991,Srbija
16880,Jana,Jasinskaja,1995,Sjedinjene Američke Države
16881,Albert,Katasonov,1973,Rusija
16882,Oleg,Tinkov,1967,Kipar
16883,Maksim,Iljahov,1988,Rusija
16884,Dmitrij,Kram,1974,Rusija
16885,Endi,Mitčell,1991,Rusija
16886,Aleksandra,Ardova,1942,Rusija
16887,Pem Munos,Rajan,1989,Rusija
16888,Dmitrij,Lioznov,1955,Sjedinjene Američke Države
16889,Tamara,Antonova,1965,Francuska
16890,Nadežda,Sabadaš,1974,Rusija
16891,Viktorija,Baranovskaja,1985,Belorusija
16892,Loran,Dojč,1975,Francuska
16893,Aleksej,Kudesin,1975,Rusija
16894,Gregor,Hmara,1967,Rusija
16895,Irina,Hmara,1982,Kanada
16896,Irina,Enaleeva,1956,Rusija
16897,Anatolij,Levuškin,1989,Sjedinjene Američke Države
16898,Irina,Dolganova,1949,Rusija
16899,Pavel,Vladikin,1992,Rusija
16900,Dmitrij,Kuklačev,1974,Japan
16901,Jurij,Sbitnev,1977,Francuska
16902,Andrej,Golubev,1987,Rusija
16903,Viktorija,Ščabelnik,1963,Rusija
16904,Nikolaj,Vagner,1829,Ruska Imperija
16905,Anna,Benke,1968,Rusija
16906,Dmitrij,Zverev,1978,Poljska
16907,Aleksandr,Gieroglifov,1825,Ruska Imperija
16908,Elizabet,Verner,1849,Poljska
16909,Vera,Ilina,1894,Savez Sovjetskih Socijalističkih Republika
16910,Vera,Čiker,1978,Ujedinjeno Kraljevstvo
16911,Vjačeslav,Šejanov,1970,Rusija
16912,Oleg,Mozohin,1975,Francuska
16913,Viktor,Kondrašin,1961,Rusija
16914,Irina,Svetskaja-Rudika,1958,Rusija
16915,Svetlana,Litvakova,1967,Italija
16916,Denis,Semenihin,1971,Rusija
16917,Natalija,Viko,1955,Rusija
16918,Aljona,Sadovskaja,1995,Rusija
16919,Elena,Neveškina,1981,Rusija
16920,Ekaterina,Šreder,1944,Ujedinjeno Kraljevstvo
16921,Andrej,Norkin,1968,Rusija
16922,Kristof,Magnusson,1976,Nemačka
16923,Olga,Sladkova,1959,Rusija
16924,Pavel,Absoljut,1976,Rusija
16925,Miroslava,Mirnaya,1982,Rusija
16926,Devid,Van,1938,Rusija
16927,Džensis,Robinson,1950,Ujedinjeno Kraljevstvo
16928,Ekaterina,Sivanova,1987,Rusija
16929,Georgij,Melnik,1961,Sjedinjene Američke Države
16930,Aleksandr,Tolkačev,1954,Italija
16931,Duglas,Smit,1952,Kanada
16932,Natalja,Budilova,1995,Sjedinjene Američke Države
16933,Aleksandr,Pivko,1988,Sjedinjene Američke Države
16934,Maksim,Denisov,1965,Italija
16935,Mihail,Jampolskij,1988,Sjedinjene Američke Države
16936,Devid,Anderson,1980,Sjedinjene Američke Države
16937,Oleg,Anikienko,1984,Rusija
16938,Vjačeslav,Zaruba,1981,Sjedinjene Američke Države
16939,Milena,Olivson,1985,Sjedinjene Američke Države
16940,Ljudviga,Nasonova,1958,Rusija
16941,Elena,Zaharova,1933,Rusija
16942,Oleg,Dudin,1935,Rusija
16943,Evald,Sammet,1995,Rusija
16944,Vladimir,Solženicin,1963,Rusija
16945,Anatolij,Karasjov,1948,Nemačka
16946,Margarita,Safronova,1980,Rusija
16947,Lalin,Poll,1974,Rusija
16948,Marija,Malinskaja,1984,Rusija
16949,Markus,Uiks,1984,Sjedinjene Američke Države
16950,M.,Riht,1966,Ujedinjeno Kraljevstvo
16951,Frank,Tallis,1974,Nemačka
16952,Natalja,Lapina,1949,Sjedinjene Američke Države
16953,Svetlana,Gorban,1930,Rusija
16954,Mihail,Karateev,1904,Sjedinjene Američke Države
16955,Oz,Klark,1949,Ujedinjeno Kraljevstvo
16956,Bjanka,Pitcorno,1942,Italija
16957,Karina,Kotova,1981,Rusija
16958,Natalja,Olševskaja,1970,Litvanija
16959,Vasilisa,Bessonova,1978,Sjedinjene Američke Države
16960,Aleksej,Samojlov,1936,Rusija
16961,Veronika,Vetrova,1994,Ujedinjeno Kraljevstvo
16962,Vitalij,Paškov,1824,Ruska Imperija
16963,Sergej,Magid,1964,Srbija
16964,Vladimir,Kašepov,1974,Sjedinjene Američke Države
16965,A.,Gravina,1964,Italija
16966,O.,Makarova,1969,Rusija
16967,Žoslin,Herc,1964,Rusija
16968,Artem,Eremeev,1978,Ujedinjeno Kraljevstvo
16969,Viktor,Karpenko,1943,Ukrajina
16970,Otto,Kliderman,1934,Ujedinjeno Kraljevstvo
16971,Džon,Uajzman,1967,Sjedinjene Američke Države
16972,Elena,Verner,1987,Rusija
16973,Ken,Okada,1980,Rusija
16974,Markus,Li,1963,Rusija
16975,Boris,Kolimagin,1988,Italija
16976,Kirill,Prjaduhin,1980,Ujedinjeno Kraljevstvo
16977,Aleksandr,Jalbulganov,1952,Rusija
16978,Elis,Laplant,1984,Srbija
16979,Matvej,Peskovskij,1843,Ruska Imperija
16980,Viktor,Uskov,1980,Ujedinjeno Kraljevstvo
16981,Valerij,Štejnbah,1942,Savez Sovjetskih Socijalističkih Republika
16982,Elizabet,Gummesson,1971,Rusija
16983,Sergej,Čertoprud,1966,Sjedinjene Američke Države
16984,Dmitrij,Vedeneev,1990,Rusija
16985,Mellori,Kejn,1988,Rusija
16986,Ekaterina,Baženova,1982,Nemačka
16987,Olga,Marčenko,1983,Sjedinjene Američke Države
16988,Alina,Borisova,1988,Ujedinjeno Kraljevstvo
16989,Duglas,Grem,1969,Nemačka
16990,Maksim,Belskij,1978,Sjedinjene Američke Države
16991,Nikolas,Darvas,1920,Mađarska
16992,N.,Tarasova,1992,Srbija
16993,M.,Ševčenko,1942,Rusija
16994,Aleksandr,Berezin-Tajmirskij,1966,Rusija
16995,Džejms,Hemblin,1984,Rusija
16996,Andrej,Gartvič,1985,Nemačka
16997,Ekaterina,Mišanenkova,1964,Sjedinjene Američke Države
16998,Persi,Šelli,1792,Švajcarska
16999,Karin van,Mourik,1976,Rusija
17000,Natalja,Barannikova,1981,Ujedinjeno Kraljevstvo
17001,Evgenij,Beljakov,1982,Italija
17002,Karina,Tojmurzina,1985,Rusija
17003,Gennadij,Malahov,1948,Sjedinjene Američke Države
17004,Konstantin,Štepenko,1942,Sjedinjene Američke Države
17005,Elena,Blinova,1981,Sjedinjene Američke Države
17006,Devid,Čejz,1945,Sjedinjene Američke Države
17007,Erik,Šlosser,1959,Sjedinjene Američke Države
17008,Per,Frank,1953,Nemačka
17009,Oksana,Eliseeva,1978,Rusija
17010,Karen Karri,Parker,1949,Sjedinjene Američke Države
17011,I.,Sokol,1979,Rusija
17012,Artem,Rusakovič,1980,Poljska
17013,Rona,Merser,1985,Rusija
17014,Viktor,Geliar,1936,Nemačka
17015,Avgust,Revzon,1963,Sjedinjene Američke Države
17016,Anastasija,Morozova,1994,Rusija
17017,Natalja,Poliščuk,1968,Ujedinjeno Kraljevstvo
17018,Roman,Rabičev,1974,Sjedinjene Američke Države
17019,Vilord,Bajdov,1974,Francuska
17020,Oleg,Karnauh,1976,Ujedinjeno Kraljevstvo
17021,Meri,Bostiko,1958,Francuska
17022,Sofja,Borisova,1963,Sjedinjene Američke Države
17023,Nikolaj,Plahotnij,1968,Rusija
17024,Tatjana,Tremboveckaja,1979,Sjedinjene Američke Države
17025,E.,Vinogradova,1982,Italija
17026,Andrej,Baženov,1977,Nemačka
17027,Devid,Hollovej,1935,Rusija
17028,Mark,Šatunovskij,1966,Rusija
17029,Svetlana,Bondareva,1953,Italija
17030,Petr,Vrangel,1935,Rusija
17031,Irina,Krečetova,1948,Rusija
17032,Viktor,Jaikov,1991,Francuska
17033,Egor,Kulikov,1973,Ujedinjeno Kraljevstvo
17034,Jozef,Lada,1887,Čehoslovačka
17035,Stejsi,Levajn,1982,Srbija
17036,Evgenij,Evstigneev,1926,Rusija
17037,Hans,Wunder,1940,Ujedinjeno Kraljevstvo
17038,Lama,Safonova,1973,Rusija
17039,Viktor,Kostevič,1986,Nemačka
17040,Muhammad Tagi,Sohrabi-farr,1982,Srbija
17041,Ellina,Fajer,1942,Sjedinjene Američke Države
17042,E.,Fedotova,1966,Kanada
17043,Galina,Mironova,1978,Nemačka
17044,N.,Anohina,1960,Sjedinjene Američke Države
17045,Alepro,Horrov,1965,Rusija
17046,Anna,Valentinova,1983,Sjedinjene Američke Države
17047,Savva,Jamščikov,1957,Rusija
17048,Aleks,Bajhou,1988,Rusija
17049,Klod M.,Stil,1978,Nemačka
17050,Kirill,Karjačka,1952,Rusija
17051,Salli,Torn,1981,Australija
17052,Toni,Robbins,1960,Sjedinjene Američke Države
17053,Piter,Malluk,1992,Nemačka
17054,N.,Družinina,1930,Rusija
17055,Aleksandra,Plen,1973,Nemačka
17056,Marta,Kron,1973,Italija
17057,Elena,Čajkovskaja,1939,Rusija
17058,Ivan,Rjabov,1956,Rusija
17059,Arhimandrit Ioann,(Krestjankin),1959,Rusija
17060,Lina,Vojtolovskaja,1987,Rusija
17061,Elena,Ajzenštejn,1973,Nemačka
17062,Sabin,Baring-Gould,1987,Poljska
17063,Marina,Alieva,1986,Kanada
17064,Ksenija,Jakubovskaja,1973,Rusija
17065,Andrej,Artemev,1981,Rusija
17066,Natalja,Evdokimova,1959,Rusija
17067,Nikon,Roždestvenskij,1984,Rusija
17068,Sonja,Egorova,1992,Italija
17069,Aleksandr,Suhov,1917,Savez Sovjetskih Socijalističkih Republika
17070,Anastasija,Čekmareva,1964,Ujedinjeno Kraljevstvo
17071,Vladimir,Appelrot,1847,Rusija
17072,German,Capf,1918,Nemačka
17073,A.,Vartanov,1955,Sjedinjene Američke Države
17074,I.,Kondakov,1985,Italija
17075,Vladimir,Cikanov,1948,Rusija
17076,Natalija,Ivanova,1972,Rusija
17077,Dmitrij,Golihov,1995,Francuska
17078,Rubina,Cibulskaja,1980,Nemačka
17079,Nikol,Kuznecova,1962,Nemačka
17080,Stiven,Likok,1869,Kanada
17081,Sergej,Egoričev,1951,Italija
17082,Igor,Maslenkov,1919,Ukrajina
17083,Vera,Brem,1986,Ujedinjeno Kraljevstvo
17084,Konstantin,Gladkov,1882,Ruska Imperija
17085,Frank,Kouel,1985,Rusija
17086,Julija,Prjahina,1991,Nemačka
17087,Džon,Verdon,1942,Sjedinjene Američke Države
17088,Elena,Čujko,1960,Rusija
17089,Viktor,Mlečin,1969,Rusija
17090,Lilija,Nilova,1975,Poljska
17091,Lara,Fentezi,1995,Nemačka
17092,Majkl,Šulc,1983,Sjedinjene Američke Države
17093,Riz,Simidzu,1965,Ujedinjeno Kraljevstvo
17094,E.,Burdaeva,1955,Sjedinjene Američke Države
17095,Nina,Agoškova,1993,Japan
17096,Arsenij,Solomonov,1968,Srbija
17097,Fric,Bremer,1896,Ujedinjeno Kraljevstvo
17098,Valerij,Ivanov,1948,Rusija
17099,Tomas,Kistner,1964,Rusija
17100,Nikolaj,Vitjazev,1975,Rusija
17101,Sergej,Savčenko,1992,Srbija
17102,Nikolaj,Filippov,1930,Rusija
17103,Nikoleta,Morozenko,1964,Sjedinjene Američke Države
17104,Evgenija,Trošihina,1989,Sjedinjene Američke Države
17105,A.,Ščukin,1964,Sjedinjene Američke Države
17106,S.,Galperin,1979,Rusija
17107,Kirill,Balabanov,1975,Poljska
17108,Anastasija,Teteruk,1963,Rusija
17109,Elena,Soloveva,1969,Rusija
17110,Elena,Lir,1990,Srbija
17111,Tatjana,Voroneckaja,1958,Rusija
17112,Robina,Gudina,1976,Ujedinjeno Kraljevstvo
17113,Donna,Vanlir,1943,Sjedinjene Američke Države
17114,Mark,Djugen,1957,Francuska
17115,Maharadž,Siddharamešvar,1978,Rusija
17116,Vladimir,Papernij,1982,Japan
17117,Kristof,Rehage,1989,Rusija
17118,Žan-Patrik,Manšett,1942,Francuska
17119,Andrej,Sičev,1973,Sjedinjene Američke Države
17120,Mihail,Mamaev,1966,Rusija
17121,Anna,Fedorova,1975,Rusija
17122,Natalja,Drigo,1953,Srbija
17123,KIR,KOROV,1931,Rusija
17124,Gejl Karson,Livajn,1966,Sjedinjene Američke Države
17125,Maks,Mjuller,1946,Japan
17126,Bogumir,Mikolaev,1984,Sjedinjene Američke Države
17127,Elizaveta,Litvinova,1845,Ruska Imperija
17128,Boris,Kokuškin,1988,Ujedinjeno Kraljevstvo
17129,Vladimir,Zirjancev,1983,Rusija
17130,Denis,Kutepov,1956,Ujedinjeno Kraljevstvo
17131,Aleksej,Vedjohin,1995,Ujedinjeno Kraljevstvo
17132,Vadim,Kuznecov,1939,Rusija
17133,Artur,Žuravljov,1977,Kanada
17134,Valerij,Železnov,1937,Rusija
17135,Ekaterina,Čjotkina,1954,Rusija
17136,Anastasija,Bukreeva,1952,Srbija
17137,Maksim,Čerkas,1965,Francuska
17138,Leon,Festinger,1919,Sjedinjene Američke Države
17139,Artem,Kanaškin,1933,Poljska
17140,Vilgelm,Ljubbeke,1976,Ujedinjeno Kraljevstvo
17141,D.,Bobrinskij,1974,Rusija
17142,Sergej,Inev,1935,Rusija
17143,Marija,Fedorova,1966,Rusija
17144,Doroteja,Holms,1977,Rusija
17145,Federiko,Aksat,1976,Rusija
17146,Darja,Aslamova,1969,Rusija
17147,Šura,Burtin,1972,Rusija
17148,Sergej,Uskov,1972,Rusija
17149,Oksana,Grebenjuk,1969,Ujedinjeno Kraljevstvo
17150,Anatolij,Bogdanov,1938,Savez Sovjetskih Socijalističkih Republika
17151,M.,Pjatok,1982,Ujedinjeno Kraljevstvo
17152,Severin,Podolskij,1985,Sjedinjene Američke Države
17153,Oleg,Samorodnij,1968,Rusija
17154,Mišel,Uillingem,1971,Japan
17155,Emi,Hatvani,1975,Nemačka
17156,Margarita,German,1990,Sjedinjene Američke Države
17157,Nikolaj,Porubov,1984,Rusija
17158,Aleksandr,Porubov,1968,Srbija
17159,Džessika,Etting,1962,Rusija
17160,Alissa Embri,Švarc,1988,Kanada
17161,Džozef,Higni,1992,Sjedinjene Američke Države
17162,Igor,Reš,1954,Sjedinjene Američke Države
17163,Sergej,Cirkun,1959,Rusija
17164,Emil,Ahmedov,1972,Rusija
17165,Ester,Segal,1965,Sjedinjene Američke Države
17166,Anna,Bianka,1970,Sjedinjene Američke Države
17167,Natalja,Zarjanova,1974,Francuska
17168,Ma En,Lim,1954,Ujedinjeno Kraljevstvo
17169,Rozella,Postorino,1978,Italija
17170,Leopold,Infeld,1898,Poljska
17171,Irinja,Konjaeva,1990,Rusija
17172,Elizabet,Uilson,1977,Srbija
17173,Marat,Telemtaev,1951,Rusija
17174,Aleša,Kravčenko,1933,Francuska
17175,Sajmon,Hartli,1981,Rusija
17176,Ksenija,Turkova,1980,Rusija
17177,Uiljam,Juri,1942,Sjedinjene Američke Države
17178,Brjus,Patton,1968,Nemačka
17179,Mihail,Slesarenko,1968,Rusija
17180,Džek,Burudžjan,1955,Rusija
17181,Mark,Goulston,1948,Sjedinjene Američke Države
17182,Barbara,Linn-Devis,1964,Rusija
17183,Mark,Njuton,1984,Rusija
17184,Anatolij,Vasserman,1952,Rusija
17185,Stiven,Roberts,1983,Kanada
17186,Aleksandr,Grač,1969,Ujedinjeno Kraljevstvo
17187,Gennadij,Vereščako,1984,Rusija
17188,Darja,Leonenko,1987,Rusija
17189,Alena,Rossošinskaja,1982,Rusija
17190,Aleksej,Kovalev,1987,Rusija
17191,Stiv,Berri,1955,Sjedinjene Američke Države
17192,Elli,Blek,1992,Francuska
17193,Kira,Filips,1967,Rusija
17194,Aleksa,Klej,1959,Rusija
17195,Jurij,Siroveckij,1962,Rusija
17196,Elena,Artamonova,1987,Rusija
17197,Darina,Habrika-Zinoveva,1961,Rusija
17198,Džin,Haner,1977,Srbija
17199,Vladimir,Haritonov,1920,Savez Sovjetskih Socijalističkih Republika
17200,Lev,Kanevskij,1939,Rusija
17201,Mihail,Zigar,1981,Rusija
17202,Vladislav,Mirošničenko,1989,Sjedinjene Američke Države
17203,Igor,Farbarževič,1946,Rusija
17204,Tatjana,Piljugina,1972,Nemačka
17205,Veronika,Piljugina,1973,Italija
17206,Olga,Kotik,1994,Nemačka
17207,Leo,Čandrs,1995,Rusija
17208,N.,Kondrikova,1963,Ujedinjeno Kraljevstvo
17209,Ivan,Fastmanov,1956,Italija
17210,Valeri Tong,Kuong,1974,Italija
17211,Tajler,Snell,1988,Ujedinjeno Kraljevstvo
17212,Marija,Zobnina,1984,Ujedinjeno Kraljevstvo
17213,Rena,Aton,1974,Nemačka
17214,Aleksandr,Hodikin,1969,Sjedinjene Američke Države
17215,Aleksandr,Ljaško,1915,Ukrajina
17216,Natalja,Vološko,1977,Italija
17217,A.,Snitko,1979,Rusija
17218,Marija,Solodar,1992,Ujedinjeno Kraljevstvo
17219,Svami Prem,Vivekananda,1969,Francuska
17220,Džulija,Lajt,1949,Rusija
17221,Roman,Matveev,1990,Nemačka
17222,Anna,Gippius,1969,Francuska
17223,Gerhoh,Rajzegger,1961,Rusija
17224,Kir,Bazarov,1974,Sjedinjene Američke Države
17225,Aleksandr,Rodnjanskij,1976,Francuska
17226,Inna,Iščuk,1972,Italija
17227,Lesi,Filebert,1969,Sjedinjene Američke Države
17228,Oleg,Ljazgin,1940,Nemačka
17229,Aljona,Avorus,1963,Sjedinjene Američke Države
17230,Dmitrij,Romanov,1987,Rusija
17231,Mihail,Borodjanskij,1981,Sjedinjene Američke Države
17232,Jakov,Gordin,1967,Ujedinjeno Kraljevstvo
17233,Olga,Čudnaja,1936,Rusija
17234,Set,Godin,1960,Sjedinjene Američke Države
17235,Šoham,Adizes,1971,Sjedinjene Američke Države
17236,Vladislav,Burda,1972,Ukrajina
17237,Sergej,Bistrin,1970,Ujedinjeno Kraljevstvo
17238,Mihail,Vinnickij,1990,Ujedinjeno Kraljevstvo
17239,Anna,Vlasova,1980,Rusija
17240,Aleksej,Kapusta,1983,Rusija
17241,Tatjana,Kuznecova,1978,Italija
17242,Inna,Primak,1982,Rusija
17243,Igor Malkov,(Mor),1935,Rusija
17244,Aleksandr,Tututčenko,1992,Sjedinjene Američke Države
17245,Sajmon,Stolenhag,1984,Ujedinjeno Kraljevstvo
17246,Karl,Grir,1982,Ujedinjeno Kraljevstvo
17247,Olga,Plotnikova,1980,Belorusija
17248,Evlampij,Bespodobnij,1990,Nemačka
17249,Vladislav,Kuligin,1975,Rusija
17250,I.,Tarasov,1969,Poljska
17251,Viktorija,Melnikova,1965,Rusija
17252,Roma,Horošij,1974,Rusija
17253,Aleksej,Molokin,1964,Ujedinjeno Kraljevstvo
17254,Nikolaj,Zjuzgin,1951,Italija
17255,Robert,Ibatullin,1974,Srbija
17256,Frensis,Fukujama,1952,Sjedinjene Američke Države
17257,Kiran,Larvud,1979,Sjedinjene Američke Države
17258,Rimma,Jundelson,1977,Nemačka
17259,Vera,Pogrebinskaja,1975,Italija
17260,Elena,Severnaja,1974,Poljska
17261,Vera,Jakuškina,1988,Rusija
17262,Majkl,Bom,1965,Sjedinjene Američke Države
17263,Amina Mej,Safi,1961,Ujedinjeno Kraljevstvo
17264,Robert,Entoni,1982,Sjedinjene Američke Države
17265,Katerina,Berseneva,1952,Ujedinjeno Kraljevstvo
17266,Aleksandr,Šunejko,1961,Rusija
17267,Ivan,Avdeenko,1965,Rusija
17268,Mark,Šimmer,1965,Rusija
17269,Evgraf Dekju,Rorok,1994,Sjedinjene Američke Države
17270,Vins,Flinn,1966,Sjedinjene Američke Države
17271,Rui,Ljanča,1963,Rusija
17272,V.,Zirjanov,1973,Sjedinjene Američke Države
17273,M.,Tomčin,1990,Sjedinjene Američke Države
17274,Vladimir,Trajnev,1960,Sjedinjene Američke Države
17275,Mari,Soderberg,1988,Kraljevina Danska
17276,Vilgelm,Rajh,1897,Sjedinjene Američke Države
17277,Julija,Melnikova,1970,Sjedinjene Američke Države
17278,Nil,Tajson,1958,Sjedinjene Američke Države
17279,Taleh,Abbasov,1977,Ujedinjeno Kraljevstvo
17280,Burjat,Donbassa,1983,Rusija
17281,Andrej,Žalevič,1968,Rusija
17282,Norbert,Viner,1894,Sjedinjene Američke Države
17283,Stiven,Adams,1971,Rusija
17284,Edelbert,Holl,1951,Srbija
17285,Ksenija,Serova,1952,Rusija
17286,Kevin,Spenser,1961,Australija
17287,Nastasiya,Now,1940,Rusija
17288,Marija,Činihina,1977,Rusija
17289,Peter,Švejcer,1965,Rusija
17290,Viktorija,Remmeri,1950,Poljska
17291,Petr,Zorin,1964,Rusija
17292,Jaroslav,Zorin,1957,Rusija
17293,Olga,Spirina,1985,Ujedinjeno Kraljevstvo
17294,Brjus,Tulgan,1967,Sjedinjene Američke Države
17295,Roman,Tihonov,1984,Rusija
17296,Svetlana,Kulešova,1930,Rusija
17297,Kurt,Riss,1902,Nemačka
17298,Vik,Sparov,1976,Rusija
17299,Vedenej,Kabakov,1958,Ujedinjeno Kraljevstvo
17300,Ruslan,Leleko,1943,Sjedinjene Američke Države
17301,Irina,Dobrotina,1979,Rusija
17302,Džeff,Koks,1987,Sjedinjene Američke Države
17303,Di,Džejkob,1955,Italija
17304,Sjuzan,Bergland,1950,Sjedinjene Američke Države
17305,Andrej,Smoljuk,1987,Rusija
17306,Tatjana,Fadeeva,1979,Nemačka
17307,Vilgelm,Maršall,1979,Nemačka
17308,Fridrih,Greffrat,1937,Rusija
17309,Aleksandr,Navara,1981,Ujedinjeno Kraljevstvo
17310,Nadežda,Navara,1959,Kanada
17311,Frenk,Kinslou,1985,Ujedinjeno Kraljevstvo
17312,Sergej,Jazev-Kondulukov,1937,Nemačka
17313,Izabel,Filloza,1957,Francuska
17314,Anna,Efimova,1951,Rusija
17315,Dmitrij,Parnov,1975,Rusija
17316,Natalja,Strelnikova,1972,Japan
17317,Irina,Voznesenskaja,1953,Ujedinjeno Kraljevstvo
17318,Gregori,Stok,1949,Sjedinjene Američke Države
17319,Jurko,Vovk,1962,Sjedinjene Američke Države
17320,Folker,Vittkamp,1980,Ujedinjeno Kraljevstvo
17321,Vadim,Rossik,1974,Sjedinjene Američke Države
17322,Vitalij,Dubovskij,1982,Rusija
17323,Jana,Malova,1969,Sjedinjene Američke Države
17324,Sara,Lotc,1994,Ujedinjeno Kraljevstvo
17325,Terri,Mejsan,1957,Francuska
17326,Aleksej,Kostričkin,1959,Rusija
17327,Kler,Gest,1980,Francuska
17328,Danil,Valter,1964,Sjedinjene Američke Države
17329,K.,Popova,1966,Poljska
17330,Avtor,Istoris,1987,Ujedinjeno Kraljevstvo
17331,Angelina,Jakovleva,1974,Sjedinjene Američke Države
17332,Vladimir,Zvjagin,1982,Ujedinjeno Kraljevstvo
17333,Dmitrij,Peretolčin,1990,Rusija
17334,Ekaterina,Saričeva,1829,Ujedinjeno Kraljevstvo
17335,Valerij,Zalotuha,1968,Rusija
17336,Lana,Rogovskaja,1950,Sjedinjene Američke Države
17337,Igor,Ribakov,1971,Ujedinjeno Kraljevstvo
17338,Aleksandra,Timofeeva,1980,Nemačka
17339,Valerij,Daševskij,1943,Nemačka
17340,Boris,Kazakovcev,1989,Japan
17341,Tosimasa,Oota,1984,Rusija
17342,Klavdij,Kornjakov,1993,Rusija
17343,Anna,Malikova,1973,Ujedinjeno Kraljevstvo
17344,Tatjana,Fedoriščeva,1969,Ujedinjeno Kraljevstvo
17345,Dmitrij,Fedoriščev,1988,Rusija
17346,Eduard,Bespjatkin,1962,Ujedinjeno Kraljevstvo
17347,Maša,Nesterka,1981,Ujedinjeno Kraljevstvo
17348,Džon,Benjan,1637,Sjedinjene Američke Države
17349,Julija,Fausek,1980,Sjedinjene Američke Države
17350,Pavel,Svinin,1787,Ruska Imperija
17351,Nikolaj,Ustrjalov,1805,Ruska Imperija
17352,Ben,Uinters,1966,Ujedinjeno Kraljevstvo
17353,Irina,Alekseeva,2002,Rusija
17354,Nil,Pasrič,1993,Sjedinjene Američke Države
17355,Anžela,Konn,1993,Rusija
17356,Stanislav,Ermakov,1959,Sjedinjene Američke Države
17357,Džon,Konnolli,1968,Republika Irska
17358,Džejms,Tejlor,1948,Sjedinjene Američke Države
17359,Tomas,Kuk,1703,Kraljevstvo Velika Britanija
17360,Nelson,Demill,1988,Kanada
17361,Maks Allan,Kollinz,1948,Sjedinjene Američke Države
17362,Mikki,Spillejn,1918,Sjedinjene Američke Države
17363,Rid,Koulmen,1995,Rusija
17364,Uiljam,Link,1933,Sjedinjene Američke Države
17365,Čarlz,Boks,1958,Sjedinjene Američke Države
17366,Ken,Brjuen,1933,Rusija
17367,Piter,Blauner,1959,Sjedinjene Američke Države
17368,Loren,Estleman,1954,Sjedinjene Američke Države
17369,Devid,Bell,1915,Ujedinjeno Kraljevstvo
17370,Anastasija,Suncova,1962,Sjedinjene Američke Države
17371,Svetlana,Kurdjukova,1975,Francuska
17372,Arina,Čiževskaja,1973,Sjedinjene Američke Države
17373,Nikita,Serkov,1967,Francuska
17374,Viktor,Žitinkin,1935,Rusija
17375,Alla,Poplavskaja,1994,Rusija
17376,Fiona,Makintoš,1968,Poljska
17377,Anastasia,Tretyakova,1939,Rusija
17378,Džon,Long,1960,Rusija
17379,Julija,Kušner,1938,Rusija
17380,Sergej,Kostirko,1968,Francuska
17381,Meri,Makkomas,1961,Nemačka
17382,Anastasija,Kozlova,1971,Sjedinjene Američke Države
17383,Dmitrij,Šunikov,1935,Nemačka
17384,Maksim,Maljavin,1965,Rusija
17385,Devid,Sajmon,1974,Italija
17386,Sergej,Arkov,1992,Francuska
17387,Olesja,Strižova,1983,Italija
17388,Geri,Taubs,1956,Sjedinjene Američke Države
17389,Dmitrij,Sahapov,1979,Ujedinjeno Kraljevstvo
17390,Dženet,Uinterson,1964,Rusija
17391,Anton,Prokopev,1963,Sjedinjene Američke Države
17392,Darja,Semikopenko,1958,Francuska
17393,Vladilen,Eleonskij,1955,Nemačka
17394,Lui-Ferdinand,Selin,1891,Italija
17395,Julija,Jacenko,1971,Rusija
17396,Džozef,Gamilton,1907,Sjedinjene Američke Države
17397,Vladimir,Sčastnij,1981,Srbija
17398,Aleksej,Sokolovskij,1970,Ujedinjeno Kraljevstvo
17399,Elena,Razumovskaja,1935,Rusija
17400,Aleksej,Geraščenko,1978,Ukrajina
17401,Evgenij,Terehin,1951,Francuska
17402,Viktor,Jataganov,1959,Rusija
17403,Lija,Šarova,1980,Ujedinjeno Kraljevstvo
17404,Džeki,Kollinz,1937,Sjedinjene Američke Države
17405,Arianna,Haffington,1950,Sjedinjene Američke Države
17406,Igor,Krestinin,1942,Nemačka
17407,Ksenija,Baženova,1956,Rusija
17408,Irene,Vinogradova,1993,Srbija
17409,Kristina,Ljahova,1969,Rusija
17410,Stiven,Gross,1982,Sjedinjene Američke Države
17411,Hejne,Bakkejd,1978,Ujedinjeno Kraljevstvo
17412,Vadim,Malkov,1958,Poljska
17413,Rene,Karlino,1985,Francuska
17414,Nir,Ejal,1980,Sjedinjene Američke Države
17415,Rajan,Huver,1975,Kanada
17416,Ljudmila,Rostova,1981,Kanada
17417,Aleksandr,Mostovoj,1990,Rusija
17418,Grigorij,Kljajn,1964,Rusija
17419,Andrej,Beskvitov,1933,Rusija
17420,Aleks,Gor,1949,Rusija
17421,Sergej,Dobrozdravin,1957,Francuska
17422,Brendon,Sito,1991,Italija
17423,Sergej,Novičkov,1967,Sjedinjene Američke Države
17424,Tatjana,Mizgireva,1982,Italija
17425,Ketrin,Benner,1962,Rusija
17426,Larisa,Magafurova,1949,Italija
17427,Kelli,Vinner,1987,Francuska
17428,Kerol,Mejson,1972,Rusija
17429,Arsen,Dallan,1983,Nemačka
17430,Irina,Valentino,1973,Italija
17431,Hans,Killian,1967,Sjedinjene Američke Države
17432,Taras,Balašov,1949,Rusija
17433,Sergej,Žilin,1960,Kanada
17434,Aleksej,Kostjukevič,1927,Srbija
17435,Ien,Stjuart,1938,Ujedinjeno Kraljevstvo
17436,Svetlana,Krilova,1949,Rusija
17437,Lory,Ma,1956,Poljska
17438,A.,Gazo,1843,Sjedinjene Američke Države
17439,Ronald,Malfi,1975,Sjedinjene Američke Države
17440,Vera,Orlovskaja,1976,Sjedinjene Američke Države
17441,Svetlana,Smirnova,1962,Rusija
17442,Kuzma,Pašikin,1983,Rusija
17443,Džordžio,Nardone,1987,Sjedinjene Američke Države
17444,Paul,Vaclavik,1921,Sjedinjene Američke Države
17445,Džastin,Sarasen,1981,Poljska
17446,Jana,Vareneva,1981,Francuska
17447,Pavel,Zigmantovič,1964,Ujedinjeno Kraljevstvo
17448,Evgenij,Grin,1979,Sjedinjene Američke Države
17449,Larisa,Alekseeva,1947,Rusija
17450,Alla,Miškina,1961,Kanada
17451,Jana,Suhanova,1933,Italija
17452,Elena,Levkievskaja,1963,Rusija
17453,Džessi,Mikam,1982,Rusija
17454,Aleks,Vedov,1953,Rusija
17455,Julija,Sanglo,1982,Sjedinjene Američke Države
17456,Olga,Obolenskaja,1987,Sjedinjene Američke Države
17457,Jan,Nikiforov,1974,Ujedinjeno Kraljevstvo
17458,Nikolaj,Grošev,1984,Rusija
17459,Anatolij,Sljusarev,1978,Rusija
17460,Anastasija,Belova,1993,Sjedinjene Američke Države
17461,Olga,Krasnova,1954,Sjedinjene Američke Države
17462,Irina,Galasjuk,1964,Rusija
17463,Tatjana,Šinina,1959,Sjedinjene Američke Države
17464,Evgenija,Hal,1993,Rusija
17465,Ilja,Hal,1989,Rusija
17466,Uljana,Gromova,1924,Savez Sovjetskih Socijalističkih Republika
17467,Svetlana,Gimt,1968,Rusija
17468,Polina,Grinevič,1993,Rusija
17469,Džabrail,Tajsaev,1985,Rusija
17470,Anelija,Čadova,1979,Francuska
17471,Emilija,Galagan,1983,Ujedinjeno Kraljevstvo
17472,Edrienn,Jang,1972,Rusija
17473,Sergej,Butrij,1961,Sjedinjene Američke Države
17474,Nelli,Litvak,1964,Srbija
17475,Andrej,Rajgorodskij,1976,Rusija
17476,Sajmon,Lankaster,1987,Sjedinjene Američke Države
17477,Kristin,Kast,1968,Sjedinjene Američke Države
17478,Andrej,Sovinin,1976,Sjedinjene Američke Države
17479,Monahinja Ksenija,(Solomina-Minihen),1985,Nemačka
17480,Matas,Šimonis,1987,Rusija
17481,Zak,Grinberg,1985,Sjedinjene Američke Države
17482,Ivan,Pronin,1947,Rusija
17483,Tarik,Ramadan,1962,Švajcarska
17484,Edrian Džounz,Pirson,1986,Rusija
17485,Cezar,Millan,1977,Nemačka
17486,Sara,Kuper,1977,Sjedinjene Američke Države
17487,Meri,Tordžussen,1993,Rusija
17488,Filipp,Hjuston,1988,Italija
17489,Majkl,Flojd,1989,Sjedinjene Američke Države
17490,Sjuzan,Karnisero,1973,Ujedinjeno Kraljevstvo
17491,Don,Tennant,1973,Rusija
17492,Olive,Norek,1960,Rusija
17493,Aleksandr,Tabačenko,1987,Italija
17494,Patrik,Renvuaze,1955,Ujedinjeno Kraljevstvo
17495,Kristof,Moren,1960,Ujedinjeno Kraljevstvo
17496,Gennadij,Karaev,1993,Rusija
17497,Rozmari,Rodžers,1983,Ujedinjeno Kraljevstvo
17498,Nestor,Mahno,1888,Francuska
17499,Ien,Selmon,1971,Sjedinjene Američke Države
17500,Faris,Nofal,1982,Ujedinjeno Kraljevstvo
17501,Mark,Furman,1970,Nemačka
17502,Džejmi,Džonson,1975,Sjedinjene Američke Države
17503,Vladimir,Drakkart,1984,Sjedinjene Američke Države
17504,Anastasija,Žendarova,1964,Rusija
17505,Fazl,Kompani,1970,Rusija
17506,Viktor,Šenderovič,1958,Rusija
17507,Andrej,Kuraev,1963,Rusija
17508,Mihail,Idov,1976,Sjedinjene Američke Države
17509,Anton,Dolin,1986,Ujedinjeno Kraljevstvo
17510,Džejmi,Oliver,1972,Ujedinjeno Kraljevstvo
17511,Nadežda,Tolokonnikova,1989,Rusija
17512,Evgenij,Čičvarkin,1974,Rusija
17513,Andrej,Rostovcev,1960,Rusija
17514,Olga,Vajnštok,1982,Sjedinjene Američke Države
17515,Jurij,Knjazev,1981,Francuska
17516,Aleksej,Smehov,1963,Sjedinjene Američke Države
17517,Bertold,Špuler,1911,Nemačka
17518,Kordelija,Fajn,1975,Australija
17519,Marina,Kužman,1948,Ujedinjeno Kraljevstvo
17520,Anna,Artemeva,1970,Rusija
17521,Horst,Šajbert,1975,Poljska
17522,Leon,Degrell,1898,Rusija
17523,Robert,Husnutdinov,1944,Nemačka
17524,Konni,Glinn,1990,Sjedinjene Američke Države
17525,Ekaterina,Demina,1964,Ujedinjeno Kraljevstvo
17526,Kuralaj,Žunisbekova,1994,Rusija
17527,Irina,Žilavskaja,1988,Rusija
17528,Tamara,Perova,1982,Rusija
17529,Vladimir,Derkač-Derkačenko,1955,Italija
17530,Denis,Kuznecov,1990,Rusija
17531,Diana,Gottsman,1993,Francuska
17532,Elizabet,Majklz,1969,Nemačka
17533,Vera,Maksimova,1995,Nemačka
17534,Svetlana,Požarskaja,1990,Rusija
17535,Elena,Nazarova,1967,Rusija
17536,Tatjana,Jarinič,1941,Sjedinjene Američke Države
17537,Vitalij,Simonov,1959,Rusija
17538,Elena,Dolgih,1947,Savez Sovjetskih Socijalističkih Republika
17539,Taras,Drozd,1967,Rusija
17540,Sem,Vong,1968,Rusija
17541,Sandra,Amodt,1971,Rusija
17542,Aleksandr,Trubin,1966,Rusija
17543,Nikolaj,Starodimov,1986,Rusija
17544,Marina,Konjaeva,1965,Italija
17545,Konstantin,Kovalev,1970,Srbija
17546,Vern,Harniš,1959,Ujedinjeno Kraljevstvo
17547,Petra,Durst-Benning,1978,Ujedinjeno Kraljevstvo
17548,Vitalij,Avsievič,1962,Italija
17549,Arsen,Magomedov,1990,Ujedinjeno Kraljevstvo
17550,Zurab,Magomedov,1961,Rusija
17551,Nina,Artjuhova,1985,Sjedinjene Američke Države
17552,Semjon,Uglev,1981,Ujedinjeno Kraljevstvo
17553,Džoanna,Kennon,1966,Rusija
17554,Ramzes,Tljakodugov,1980,Rusija
17555,G.,Demkin,1975,Italija
17556,Sergej,Akčurin,1936,Italija
17557,Aleksej,Raevskij,1984,Sjedinjene Američke Države
17558,Lev,Dolgačev,1959,Rusija
17559,Anton,Matorin,1957,Francuska
17560,Aleksej,Hižnjak,1963,Rusija
17561,Džon,King,1960,Ujedinjeno Kraljevstvo
17562,Dejv,Logan,1968,Sjedinjene Američke Države
17563,Heli,Fišer-Rajt,1959,Rusija
17564,Rut,Hogan,1981,Rusija
17565,Nikolaj,Šmigalev,1989,Rusija
17566,Vladimir,Avdeenko,1965,Rusija
17567,Nikolaj,Barinov,1970,Rusija
17568,Anatolij,Kataranov,1959,Francuska
17569,Karl,Denic,1972,Ujedinjeno Kraljevstvo
17570,Vitalij,Penskoj,1969,Rusija
17571,Roman,Gračev,1993,Rusija
17572,Elena,Serdjuk,1972,Srbija
17573,Irina,Tanunina,1931,Rusija
17574,Anton,Romanovskij,1969,Belorusija
17575,Lev,Danilkin,1982,Francuska
17576,Elena,Vlasenko,1966,Rusija
17577,Nikolaj,Uljanov,1875,Savez Sovjetskih Socijalističkih Republika
17578,Tatjana,Zajceva,1978,Rusija
17579,Roman,Snegovski,1985,Nemačka
17580,Irina,Kozlova,1941,Sjedinjene Američke Države
17581,Aleksandr,Lindberg,1991,Rusija
17582,Aleksej,Stockij,1976,Ujedinjeno Kraljevstvo
17583,Mik,Uoll,1958,Ujedinjeno Kraljevstvo
17584,Roman,Grabovskij,1988,Rusija
17585,Dina,Buholc,1968,Sjedinjene Američke Države
17586,Džonatan,Rasmusson,1965,Sjedinjene Američke Države
17587,Čarlz,Kollinz,1814,Rusija
17588,Marat,Hajrullin,1963,Japan
17589,Boris,Egorov,1973,Nemačka
17590,R.,Malkov,1955,Srbija
17591,Stanislav,Starikovič,1969,Rusija
17592,Tatjana,Pavlova,1963,Rusija
17593,Andrej,Pometun,1980,Ujedinjeno Kraljevstvo
17594,Kolin,D`Obre,1975,Sjedinjene Američke Države
17595,Frans de Bua,Santi,1977,Italija
17596,Živana,Balanser,1935,Rusija
17597,Sofija,Juel,1979,Rusija
17598,Henk,Mudi,1984,Nemačka
17599,Jurij,Kozlovskij,1975,Rusija
17600,Milena,Millintkevič,1982,Francuska
17601,Elena,Dušenkina,1969,Rusija
17602,Ivan,Bondar,1973,Rusija
17603,Alina,Menših,1965,Sjedinjene Američke Države
17604,Boris,Šulickij,1948,Poljska
17605,Emilija,Ri,1974,Rusija
17606,Emil,Sobolevskij,1964,Rusija
17607,Aleksandr,Kurzancev,1963,Nemačka
17608,Rajli,Sejger,1974,Sjedinjene Američke Države
17609,Inna,Ščepteva,1975,Rusija
17610,Ričard,Kosolapov,1978,Ujedinjeno Kraljevstvo
17611,Čarlz,Belfor,1970,Rusija
17612,Aleksandr,Liberman,1912,Sjedinjene Američke Države
17613,Svetlana,MAK,1968,Sjedinjene Američke Države
17614,Konstantin,Sjomin,1976,Rusija
17615,A-Sterh,Petrov,1991,Rusija
17616,Lju,Čženjun,1958,Kina
17617,Ram,Czi,1978,Rusija
17618,Darja,Voznesenskaja,1965,Rusija
17619,Arija de,Allegro,1970,Rusija
17620,Nadežda,Osipova,1958,Italija
17621,Artem,Stepanov,1994,Rusija
17622,Irina,Bakulina,1991,Rusija
17623,Sergej,Šivkov,1976,Poljska
17624,Aleksandra,Tverskih,1988,Rusija
17625,Dmitrij,Dmitriev,1973,Rusija
17626,Evgenij,Šaporov,1981,Rusija
17627,Viktor,Davidjuk,1982,Srbija
17628,Alina,Gončarova,1966,Sjedinjene Američke Države
17629,Marina,Hačirova,1953,Sjedinjene Američke Države
17630,Fjodor,Bihanov,1969,Sjedinjene Američke Države
17631,Jurij,Kostin,1960,Srbija
17632,N.,Binder,1992,Italija
17633,Aleksandr,Savčuk,1977,Rusija
17634,Madina,Junusova,1944,Rusija
17635,Ekaterina,Bukova,1978,Ujedinjeno Kraljevstvo
17636,Vitalij,Malkov,1961,Rusija
17637,Alja,Kudrjaševa,1987,Rusija
17638,Rajmon de,Ruver,1941,Nemačka
17639,Mihail,Era,1969,Sjedinjene Američke Države
17640,Marianna,Jazeva,1959,Ujedinjeno Kraljevstvo
17641,Aleksej,Provorotov,1977,Rusija
17642,Iosif,Lazarev,1982,Rusija
17643,Igor,Tjunis,1983,Rusija
17644,Marija,Britan,1961,Francuska
17645,Džon,Host,1959,Rusija
17646,Maksim,Makaričev,1965,Srbija
17647,Vladimir,Koreškov,1939,Rusija
17648,Anders,Eriksson,1989,Sjedinjene Američke Države
17649,Robert,Pul,1955,Rusija
17650,Aleksandr,Škljarevskij,1837,Ruska Imperija
17651,Katerina,Osipova,1968,Sjedinjene Američke Države
17652,Aleks,Mihaelides,1977,Rusija
17653,Marina,Komandenko,1966,Nemačka
17654,Valerij,Radčenko,1988,Ukrajina
17655,Vitalij,Nečaev,1955,Italija
17656,Vladimir,Rjasnjanskij,1961,Rusija
17657,Gerbert,Grjoz,1974,Nemačka
17658,Nil,Barnard,1953,Sjedinjene Američke Države
17659,Izabel,Otise,1977,Rusija
17660,Karl-Johan,Erlin,1958,Italija
17661,Federiko Garsia,Lorka,1898,Španija
17662,Aleksej,Ignatjuk,1955,Rusija
17663,Stiven,Sloman,1988,Sjedinjene Američke Države
17664,Filip,Fernbah,1964,Rusija
17665,Irina,Gricuk-Galickaja,1933,Sjedinjene Američke Države
17666,Boris,Pavličenko,1992,Nemačka
17667,Radži,Horner,1978,Rusija
17668,Boris,Ilin,1901,Savez Sovjetskih Socijalističkih Republika
17669,Chase,Josephine,1990,Srbija
17670,Andrej,Gusev,1974,Rusija
17671,Marina,Politova,1956,Rusija
17672,Monika,Rajssman,1978,Rusija
17673,Sergej,Hodarev,1980,Rusija
17674,Džon,Battervort,2000,Sjedinjene Američke Države
17675,Charles,Roberts,1942,Rusija
17676,Žasmin,Majer,1962,Rusija
17677,Juliana,Darina,1991,Rusija
17678,Filipp,Česterfild,1989,Japan
17679,Aleksej,Ivin,1972,Sjedinjene Američke Države
17680,Dana,Džons,1972,Sjedinjene Američke Države
17681,Kristin,Fere-Fleri,1973,Italija
17682,Iosif,Piljušin,1959,Italija
17683,Gerd,Leongard,1961,Nemačka
17684,Uinifred,Uotson,1948,Sjedinjene Američke Države
17685,Ljudmila,Miller,1989,Rusija
17686,Marija,Zabolotskaja,1976,Sjedinjene Američke Države
17687,Timofej,Matveev,1871,Ruska Imperija
17688,Marija,Volkonskaja,1863,Ruska Imperija
17689,Andrej,Haruk,1977,Rusija
17690,Stefan,Petručo,1972,Srbija
17691,Raisa,Alibekova,1979,Kanada
17692,Anastasija,Šuljak,1989,Rusija
17693,NINA LETO,ROMANOVA,1967,Poljska
17694,Irina,Buhareva,1990,Rusija
17695,Bekka,Hajd,1968,Srbija
17696,Lili,Varnas,1973,Rusija
17697,Pavel,Šalimov,1971,Rusija
17698,Ekaterina,Stebljakova,1968,Rusija
17699,Aleksej,Rebezov,1983,Poljska
17700,E.,Khundaeva,1974,Rusija
17701,Žan,Filipp,1984,Japan
17702,Patrik,Fort,1980,Rusija
17703,Šoderlo,Laklo,1738,Rusija
17704,Tatjana,Petraševa,1964,Rusija
17705,Tatjana,Manukovskaja,1967,Kanada
17706,Andrej,Guslistij,1992,Rusija
17707,Gani,Bikeev,1937,Rusija
17708,Shaman,ZEN,1966,Rusija
17709,Jakob,Vasserman,1873,Nemačka
17710,Aleksandr,Talnikovskij,1981,Rusija
17711,Georgij,Kiseljov,1974,Rusija
17712,Sergej,Plehanov,1963,Ujedinjeno Kraljevstvo
17713,Mitčell,Zukoff,1979,Francuska
17714,Tatjana,Čajkina,1940,Rusija
17715,Frejja,Asvinn,1940,Rusija
17716,Oleg,Dorman,1967,Rusija
17717,Larisa,Marjutina,1965,Rusija
17718,Armine,Hačaturjan,1986,Nemačka
17719,Vladimir,Surdin,1953,Rusija
17720,Tatjana,Černigovskaja,1947,Rusija
17721,Irina,Prohorova,1956,Rusija
17722,Lev,Patrušev,1970,Sjedinjene Američke Države
17723,Maksim,Libanov,1960,Rusija
17724,Konstantin,Severinov,1967,Sjedinjene Američke Države
17725,Maksim,Skulačev,1966,Rusija
17726,Vitalij,Vavikin,1983,Rusija
17727,Džej,Ars,1965,Ujedinjeno Kraljevstvo
17728,Dmitrij,Kepler,1991,Sjedinjene Američke Države
17729,Sergej,Kaprar,1959,Srbija
17730,Andrej,Milja,1966,Sjedinjene Američke Države
17731,Grigorij,Andreev,1963,Rusija
17732,Ilja,Rozov,1964,Nemačka
17733,Marija,Ivanova,1981,Francuska
17734,Georgij,Zaharov,1901,Savez Sovjetskih Socijalističkih Republika
17735,Doriana,Grej,1988,Rusija
17736,Julija,Beanna,1969,Francuska
17737,Aleksandr,Sidorenko,1988,Rusija
17738,Vladimir,Čakin,1976,Francuska
17739,Ksenija,Ešli,1973,Rusija
17740,Skibo,Elena,1981,Sjedinjene Američke Države
17741,Svjatoslav,Birjulin,1955,Rusija
17742,Ekaterina,Pospelova,1995,Francuska
17743,Elena,Nikandrova,1973,Ujedinjeno Kraljevstvo
17744,Andrej,Černecov,1964,Ukrajina
17745,Sergej,Guščin,1980,Srbija
17746,Aleksandr,Ščurenkov,1973,Rusija
17747,Maksim,Kuderov,1991,Rusija
17748,Julija,Kuderova,1981,Francuska
17749,Aleksandr,Maksimenko,1974,Rusija
17750,Aleksandr,Ščerbina,1985,Sjedinjene Američke Države
17751,Piter,Druker,1909,Sjedinjene Američke Države
17752,Poppi,Anderson,1963,Srbija
17753,Oleg,Buntarev,1970,Sjedinjene Američke Države
17754,Vitalij,Gladkij,1963,Srbija
17755,Aleksej,Limberg,1977,Rusija
17756,Artur,Drejk,1937,Sjedinjene Američke Države
17757,Denis,Žuravlev,1978,Rusija
17758,Oleg,Kalašnikov,1962,Ukrajina
17759,Šeril,Strejd,1968,Sjedinjene Američke Države
17760,Anastasija,Izotova,1957,Rusija
17761,Mihail,Višnevskij,1794,Ruska Imperija
17762,Evgenij,Kogan,1971,Izrael
17763,Valerij,Fedotov,1964,Rusija
17764,D.,Hvostova,1989,Francuska
17765,Osvald,Špengler,1880,Nemačka
17766,Ivan,Berov,1963,Ujedinjeno Kraljevstvo
17767,Aleksandr,Ziborov,1960,Rusija
17768,Konstantin,Žiljakov,1957,Rusija
17769,Vadim,Saralidze,1985,Poljska
17770,Sergej,Romanenko,1960,Rusija
17771,V.,Tundaleva,1972,Nemačka
17772,L.,Makarova,1972,Rusija
17773,Oreli,Valon,1958,Rusija
17774,Ina,Bliznecova,1981,Sjedinjene Američke Države
17775,Sergej,Ževalov,1966,Ujedinjeno Kraljevstvo
17776,German,Simon,1870,Njemački rajh
17777,Viktorija,Uiljamson,1976,Italija
17778,Tatjana,Polozova,1947,Rusija
17779,Šuke,Macumoto,1982,Rusija
17780,Vivian,Šou,1964,Rusija
17781,Iosif,Galperin,1979,Rusija
17782,Andrej,Borodkin,1993,Rusija
17783,Leonid,Sobolev,1844,Ruska Imperija
17784,Džozef,Merfi,1973,Rusija
17785,Česlav,Miloš,1911,Sjedinjene Američke Države
17786,Ivan,Budnik,1925,Savez Sovjetskih Socijalističkih Republika
17787,Denis,Zajdis,1950,Nemačka
17788,Vladimir,Rjazanov,1963,Italija
17789,Dmitrij,Atlanov,1966,Italija
17790,Sajmon,Singh,1964,Ujedinjeno Kraljevstvo
17791,Edzard,Ernst,1948,Ujedinjeno Kraljevstvo
17792,Are,Gotsdanker,1975,Sjedinjene Američke Države
17793,Jakob,Štelin,1709,Nemačka
17794,Ellis,Potter,1967,Rusija
17795,Iosif,Teluškin,1963,Sjedinjene Američke Države
17796,Sergej,Hazanov,1950,Poljska
17797,Natalja,Novoselova,1971,Italija
17798,Bart,Erman,1955,Sjedinjene Američke Države
17799,Robert Uilson,Lind,1963,Italija
17800,Galina,Krasnoslobodceva,1972,Rusija
17801,E.,Koteneva,1944,Ujedinjeno Kraljevstvo
17802,S.,Filčakova,1960,Srbija
17803,Irina,Mokrousova,1979,Rusija
17804,Žul,Vern,1843,Sjedinjene Američke Države
17805,Volodimir,Verhoven,1832,Nemačka
17806,German De,Bets,1856,Belgija
17807,Olga,Radnaja,1965,Rusija
17808,Ekaterina,Hohlova,1982,Sjedinjene Američke Države
17809,Devid,Rajs,1978,Sjedinjene Američke Države
17810,Viktor,Najmenov,1961,Srbija
17811,Elena,Kuzmina,1909,Savez Sovjetskih Socijalističkih Republika
17812,Valerij,Vičub,1988,Rusija
17813,Sofi,Barns,1984,Ujedinjeno Kraljevstvo
17814,Svetlana,Vasileva,1962,Rusija
17815,Elvi,Andraskin,1987,Sjedinjene Američke Države
17816,Anastasija,Popova,1961,Rusija
17817,Sergej,Tumanov,1962,Rusija
17818,Anna,Ivančenko,1974,Ujedinjeno Kraljevstvo
17819,Roman,Haer,1968,Rusija
17820,Anna,Dáškova,1987,Srbija
17821,Emi,Šumer,1981,Sjedinjene Američke Države
17822,Dmitrij,Slinkov,1950,Sjedinjene Američke Države
17823,Entoni,Satton,1925,Sjedinjene Američke Države
17824,Pavel,Smirnov,1954,Sjedinjene Američke Države
17825,S.,Mikidze,1961,Poljska
17826,Igor,Kožin,1978,Italija
17827,Ruslan,Murtazaev,1964,Ujedinjeno Kraljevstvo
17828,Alina,Skobeleva,1988,Sjedinjene Američke Države
17829,Karl-Jogann,Valgren,1971,Rusija
17830,Don Migel,Ruis,1978,Nemačka
17831,Džanet,Mills,1940,Rusija
17832,Maks,Hajndel,1946,Rusija
17833,Avgusta,Hajndel,1982,Rusija
17834,Sergej,Golovin,1738,Sjedinjene Američke Države
17835,Harden,Blejn,1959,Rusija
17836,Aleksandr,Očeretnij,1986,Japan
17837,Tatjana,Gordon,1975,Rusija
17838,Sergej,Razumov,1993,Rusija
17839,Sergej,Ševgota,1986,Rusija
17840,Alek,Movšovič,1959,Rusija
17841,Larisa,Rižkova,1962,Francuska
17842,Jurij,Bičkov,1856,Ruska Imperija
17843,Ljudmila,Kuras,1938,Sjedinjene Američke Države
17844,Petr,Skoblikov,1971,Sjedinjene Američke Države
17845,Trejsi,Borman,1991,Francuska
17846,Hose,Kapablanka,1888,Kuba
17847,Galina,Juzefovič,1975,Rusija
17848,Olga,Lidovskaja,1975,Sjedinjene Američke Države
17849,Vasilij,Kuznecov,1989,Rusija
17850,Fedor,Girenok,1974,Francuska
17851,Mihail,Ermolaev,1966,Rusija
17852,Džoel,Furman,1953,Sjedinjene Američke Države
17853,Konstantin,Šadrin,1988,Rusija
17854,Anatolij,Tarasov,1918,Rusija
17855,Ksenija,Han,1963,Poljska
17856,Zelda,Ficdžerald,1900,Sjedinjene Američke Države
17857,Džejmi,Kurc,1960,Ujedinjeno Kraljevstvo
17858,Husan,Tursunov,1981,Rusija
17859,Nadežda,Pominova,1978,Sjedinjene Američke Države
17860,A.,Finn,1979,Sjedinjene Američke Države
17861,Vera,Radostnaja,1995,Sjedinjene Američke Države
17862,Elizabet,Kouli,1994,Ujedinjeno Kraljevstvo
17863,Bet,Kouts,1973,Rusija
17864,Natalja,Kuris,1969,Sjedinjene Američke Države
17865,Elena,Šolohova,1985,Rusija
17866,Olga,Venneckaja,1981,Francuska
17867,Galina,Kuznecova,1900,Sjedinjene Američke Države
17868,Natalja,Tarasova,1980,Rusija
17869,Elena,Hajlova,1969,Sjedinjene Američke Države
17870,Sergej,Doronov,1965,Rusija
17871,Larisa,Remezova,1970,Rusija
17872,Marina,Runova,1977,Rusija
17873,Oksana,Krjukova,1959,Srbija
17874,Irena,Adamidi,1945,Rusija
17875,Sju,Fortin,1961,Ujedinjeno Kraljevstvo
17876,Tatjana,Šohina,1974,Sjedinjene Američke Države
17877,Adilkerej,Tanatarov,1992,Sjedinjene Američke Države
17878,Ajzek,Azіmov,1923,Rusija
17879,Žurnal,KLAUZURA,1955,Rusija
17880,Artur,Potjomkin,1984,Sjedinjene Američke Države
17881,Iolanta,Seržantova,1982,Srbija
17882,Serhii,Volkov,1955,Poljska
17883,Mihail,Kajurin,1976,Ujedinjeno Kraljevstvo
17884,Mihail,Akimov,1992,Rusija
17885,Anton,Artemev,1939,Francuska
17886,Aleksandr,Djomin,1962,Sjedinjene Američke Države
17887,Aleks,Bellos,1969,Ujedinjeno Kraljevstvo
17888,Elena,Artemeva,1970,Rusija
17889,Majkl,Taker,1945,Sjedinjene Američke Države
17890,Vladimir,Vasilenko,1963,Savez Sovjetskih Socijalističkih Republika
17891,Dmitrij,Severov,1946,Francuska
17892,Mišel,Maknamara,1993,Srbija
17893,Mila,Avenirova,1981,Japan
17894,Ljubov,Detočkina,1950,Francuska
17895,Grigorij,Krapivin,1986,Ujedinjeno Kraljevstvo
17896,Igor,Kovrikov,1976,Rusija
17897,Devid,Krisp,1938,Poljska
17898,Ildus,Kazanskij,1951,Ujedinjeno Kraljevstvo
17899,Viktor,Dulap,1990,Ujedinjeno Kraljevstvo
17900,Valentina,Umnova,1982,Rusija
17901,Denis,Ross,1960,Ujedinjeno Kraljevstvo
17902,Ron,Hell,1947,Rusija
17903,Nikolas,Tomalin,1955,Nemačka
17904,Dmitrij,Kuper,1970,Rusija
17905,Ketrin,Koin,1977,Rusija
17906,Irina,Belaševa,1962,Rusija
17907,Arest,Ant,1992,Ujedinjeno Kraljevstvo
17908,Gaj,Adams,1964,Francuska
17909,Andrej,Suldin,1972,Rusija
17910,Elena,Hisamova,1962,Poljska
17911,Entoni,Sammers,1942,Republika Irska
17912,Tom,Mangold,1945,Francuska
17913,Josisige-no,Jasutane,1968,Rusija
17914,Alisa,Bjalskaja,1987,Sjedinjene Američke Države
17915,Zlata,Koroleva,1987,Srbija
17916,Miša,Dimišin,1943,Kanada
17917,Aleksej,Grinin,1972,Ujedinjeno Kraljevstvo
17918,Andrej,Zagorcev,1959,Rusija
17919,Aleksandr,Čečitov,1989,Rusija
17920,Aleksej,Belikov,1975,Sjedinjene Američke Države
17921,Anna,Akulič,1959,Rusija
17922,V.,Smolensky,1973,Ujedinjeno Kraljevstvo
17923,Mihail,Sverdlov,1995,Sjedinjene Američke Države
17924,Ilja,Simanovskij,1981,Rusija
17925,Pavel,Volčik,1957,Ujedinjeno Kraljevstvo
17926,Dmitrij,Hvan,1992,Rusija
17927,Lindsi,Ešford,1991,Sjedinjene Američke Države
17928,Till,Lindemann,1963,Nemačka
17929,Žasmin,Varga,1960,Rusija
17930,Elis,Mast,1953,Francuska
17931,Leonid,Podimov,1982,Ujedinjeno Kraljevstvo
17932,Lejonis van,Haaske,1944,Srbija
17933,Elena,Doka,1991,Poljska
17934,Arkadij,Margulis,1949,Sjedinjene Američke Države
17935,Džon,Branner,1934,Ujedinjeno Kraljevstvo
17936,Irina,Lazareva,1951,Sjedinjene Američke Države
17937,Irina,Cvetkova,1980,Nemačka
17938,Dmitrij,Šiškov,1809,Japan
17939,Irina,Matarueva,1969,Sjedinjene Američke Države
17940,Vadim,Erlihman,1965,Rusija
17941,Evgenij,Gik,1943,Rusija
17942,Ekaterina,Gupalo,1981,Rusija
17943,Magdalena,Ostraja,1977,Rusija
17944,Elena,Lunkina,1987,Rusija
17945,Gennadij,Serditov,1983,Kanada
17946,Evgenij,Ojstačer,1964,Rusija
17947,Svetlana,Trošina,1949,Rusija
17948,Aleksej,Miller,1962,Rusija
17949,Hoakim de,Posada,1964,Rusija
17950,Ellen,Sіnґer,1957,Sjedinjene Američke Države
17951,Dmitrij,Šubin,1980,Ujedinjeno Kraljevstvo
17952,Harmoni,Verna,1993,Japan
17953,Evgenij,Ničipuruk,1991,Rusija
17954,Tatjana,Baranova,1949,Rusija
17955,Dmitrij,Homenko,1957,Francuska
17956,Stanislav,Beskaravajnij,1966,Sjedinjene Američke Države
17957,Pavel,Šejnin,1974,Rusija
17958,Darja,Rodionova,1998,Rusija
17959,Aleksandr,Lajk,1966,Italija
17960,Aleksandr,Miljutin,1950,Belorusija
17961,Marina,Martova,1971,Sjedinjene Američke Države
17962,Valentin,Ključko,1980,Rusija
17963,Evgenija,Gofman,1971,Rusija
17964,Evgenija,Mališko,1958,Ujedinjeno Kraljevstvo
17965,Šeril,Simon,1953,Rusija
17966,Bernard,Karlson,1976,Rusija
17967,Edvard,Gibbon,1944,Rusija
17968,Aleksej Ilin,(13k),1966,Sjedinjene Američke Države
17969,Vadim,Dolgov,1978,Rusija
17970,Sergej,Ižutov,1958,Sjedinjene Američke Države
17971,Gerbert,Osberi,1980,Rusija
17972,Mirko,Spelta,1970,Rusija
17973,E.,Saveleva,1987,Ujedinjeno Kraljevstvo
17974,Terri,Goldman,1961,Ujedinjeno Kraljevstvo
17975,Aleksej,Minaev,1946,Italija
17976,Kristina,Boris,1965,Rusija
17977,Andrej,Molokoedov,1993,Poljska
17978,Ilja,Slobodčikov,1974,Rusija
17979,Svetlana,Franc,1985,Sjedinjene Američke Države
17980,Sergej,Dorenko,1959,Rusija
17981,Svetlana,Gruničeva,1986,Rusija
17982,M.,Androsova,1968,Ujedinjeno Kraljevstvo
17983,Marija,Černikova,1973,Rusija
17984,Olga,Veremeeva,1976,Sjedinjene Američke Države
17985,Džena,Džen,1961,Sjedinjene Američke Države
17986,Džej,Enson,1921,Sjedinjene Američke Države
17987,Ali,Almossavi,1986,Poljska
17988,Kevin,Mortinsju,1992,Ujedinjeno Kraljevstvo
17989,Marina,Danilova,1984,Poljska
17990,Herris,Rass,1971,Rusija
17991,Ilja,Romanov,1952,Francuska
17992,Anna,Virubova,1930,Nemačka
17993,Danijar,Ajbekov,1987,Rusija
17994,Alina,NeKabaeva,1938,Sjedinjene Američke Države
17995,Darja,Strelkova,1985,Srbija
17996,Denis,Černov,1970,Savez Sovjetskih Socijalističkih Republika
17997,Mihail,Kapralov,1970,Rusija
17998,Inessa,Fej,1947,Srbija
17999,Aleksandr,Nosovič,1986,Rusija
18000,Daša,Pahtusova,1976,Rusija
18001,Daša,Gagarin,1984,Sjedinjene Američke Države
18002,Natalja,Lisičkina,1983,Rusija
18003,Goro,Merr,1969,Sjedinjene Američke Države
18004,Viktor,Muzis,1987,Italija
18005,Selesta,Loris,1932,Srbija
18006,Sen Sejno,Vesto,1966,Rusija
18007,Rjutaro,Ikeda,1937,Francuska
18008,Anastasija,Kozačenko,1987,Francuska
18009,Natalja,Varlej,1947,Rusija
18010,Zoja,Kriminskaja,1946,Rusija
18011,Galina,Danilova,1968,Rusija
18012,Marina,Skudutis,1980,Italija
18013,Anton,Čigurov,1979,Sjedinjene Američke Države
18014,Ilja,Bušmin,1956,Rusija
18015,Greg,Koks,1991,Francuska
18016,M.,Tomas,1916,Indija
18017,Angelina,Monič,1975,Rusija
18018,Džaron,Lane,1960,Sjedinjene Američke Države
18019,Ešli,Simmons,1939,Sjedinjene Američke Države
18020,Elena,Šahova,1966,Rusija
18021,Anastasija,Postrigaj,1968,Ujedinjeno Kraljevstvo
18022,Endrju,Uilson,1989,Ujedinjeno Kraljevstvo
18023,Tomas,Kenilli,1935,Australija
18024,Džuli,Kagava,1977,Rusija
18025,Jurij,Frolov,1986,Rusija
18026,Natalja,Tudal,1978,Rusija
18027,Darja,Iordanskaja,1978,Francuska
18028,Fred,Vargas,1957,Francuska
18029,Tomas,Garrіs,1936,Kanada
18030,Irina,Kraeva,1966,Rusija
18031,Juta,Mirum,1968,Italija
18032,Dmitrij,Mitnickij,1947,Rusija
18033,Majk,Duli,1961,Sjedinjene Američke Države
18034,Jurij,Krisanov,1988,Rusija
18035,Sergej,Ostapenko,1952,Sjedinjene Američke Države
18036,Dmitrij,Lisejcev,1985,Nemačka
18037,Olga,Žigljavskaja,1955,Sjedinjene Američke Države
18038,Vjačeslav,Makovič,1963,Francuska
18039,Darja,Urusova,1995,Sjedinjene Američke Države
18040,Tatjana,Ščerbinina,1987,Sjedinjene Američke Države
18041,Andrej,Macko,1981,Nemačka
18042,Duglas,Praet,1985,Ujedinjeno Kraljevstvo
18043,Elena,Katkova,1955,Ujedinjeno Kraljevstvo
18044,Efim,Muhin,1985,Rusija
18045,Vasilij,Vinogradov,1976,Ujedinjeno Kraljevstvo
18046,Devid,Pedrejra,1995,Rusija
18047,Vladimir,Tihomirov,1966,Francuska
18048,Gibson,Tajriz,1963,Rusija
18049,Džozef,Simmons,1964,Sjedinjene Američke Države
18050,Ekaterina,Šukšina,1962,Rusija
18051,Jens,Zigert,1992,Rusija
18052,Džordži,Krouli,1969,Sjedinjene Američke Države
18053,Vera,Golovačjova,1954,Rusija
18054,Julija,Langrovskaja,1981,Nemačka
18055,Genrih,Djumulen,1905,Nemačka
18056,P.Z.,Rejzin,1976,Sjedinjene Američke Države
18057,Anna,Kozlova,1981,Rusija
18058,Konstantin,Mone,1937,Sjedinjene Američke Države
18059,Meg,Miker,1957,Sjedinjene Američke Države
18060,Fazu,Alieva,1932,Rusija
18061,Entoni,Gorovic,1955,Ujedinjeno Kraljevstvo
18062,Vladimir,Duhopelnikov,1964,Ujedinjeno Kraljevstvo
18063,Andrej,Sitnjanskij,1934,Sjedinjene Američke Države
18064,Svetlana,Okulič-Kazarina,1995,Rusija
18065,Žan,Deljumo,1949,Ujedinjeno Kraljevstvo
18066,Žorž,Bataj,1897,Francuska
18067,Horst,Grossman,1891,Nemačka
18068,Ljubov,Čulkova,1976,Rusija
18069,Odri,Divan,1980,Francuska
18070,Sofi,Mas,1972,Sjedinjene Američke Države
18071,Karolin,Megre,1977,Rusija
18072,Darja,Korž,1951,Ujedinjeno Kraljevstvo
18073,Adri,Ani,1932,Francuska
18074,Nikolaj,Hohlov,1891,Savez Sovjetskih Socijalističkih Republika
18075,Valentina,Titova,1942,Rusija
18076,Saul,Kljackin,1985,Sjedinjene Američke Države
18077,Marina,Dementeva,1962,Rusija
18078,Aleksej,Burcev,1775,Ruska Imperija
18079,Kurt,Hohof,1966,Srbija
18080,Vladimir,Šamšurin,1940,Rusija
18081,Asija,Spektor,1964,Ujedinjeno Kraljevstvo
18082,Irina,Golovina,1982,Rusija
18083,Merilin,Lavlejs,1963,Italija
18084,Aleksej,Babincev,1963,Ujedinjeno Kraljevstvo
18085,Ellen,Šrajber,1944,Rusija
18086,Robert,Šmidt,1970,Japan
18087,Marija,Mališkina,1969,Rusija
18088,Vladislav,Tihonov,1953,Rusija
18089,Valerij,Abramčenko,1965,Italija
18090,Vladislav,Miheev,1979,Ujedinjeno Kraljevstvo
18091,Andrej,Kočergin,1994,Rusija
18092,Aleksandr,Krasnickij,1980,Rusija
18093,Natalja,Marenina,1965,Sjedinjene Američke Države
18094,Marija,Gerrer,1996,Rusija
18095,Uill,Makintoš,1990,Sjedinjene Američke Države
18096,Kris,Roberson,1970,Sjedinjene Američke Države
18097,Melinda,Snodgrass,1965,Rusija
18098,Govard,Uoldrop,1974,Nemačka
18099,Stiven,Stirling,1953,Sjedinjene Američke Države
18100,Majkl (Majk),Reznik,1968,Ujedinjeno Kraljevstvo
18101,Meri,Rozenbljum,1952,Sjedinjene Američke Države
18102,Allen,Stil,1958,Sjedinjene Američke Države
18103,Džejms,Kori,1985,Sjedinjene Američke Države
18104,Fillis,Ejzenštejn,1978,Rusija
18105,Deniel M.,Kouen,1977,Rusija
18106,Tatjana,Pjatkova,1953,Srbija
18107,Elena,Kozodaeva,1969,Rusija
18108,O.,Lajševa,1976,Kanada
18109,V.,Žitlovskij,1978,Francuska
18110,A.,Koročkin,1970,Rusija
18111,M.,Lobačeva,1988,Ujedinjeno Kraljevstvo
18112,Elina,Bojko,1971,Rusija
18113,Skarlett,Tomas,1972,Ujedinjeno Kraljevstvo
18114,Charles de,Coster,1980,Francuska
18115,Azat,Ahmarov,1984,Rusija
18116,Elena,Molohovec,1962,Rusija
18117,Vladimir,Mitjuk,1977,Rusija
18118,Andrej,Jakunin,1975,Ujedinjeno Kraljevstvo
18119,Aleksandr,Kostenko,1962,Rusija
18120,Majja,Gorina,1986,Ujedinjeno Kraljevstvo
18121,Genrih,Ioffe,1956,Ujedinjeno Kraljevstvo
18122,Din,Movšovic,1973,Rusija
18123,Mirej,Giljano,1975,Poljska
18124,Bridžit,Kemmerer,1970,Sjedinjene Američke Države
18125,Mihail,Panferov,1950,Sjedinjene Američke Države
18126,Artem,Kovalev,1974,Srbija
18127,Nadežda,Marinina,1948,Sjedinjene Američke Države
18128,Andrej,Orlov,1977,Rusija
18129,Vladimir,Kravčenko,1947,Rusija
18130,Evgenij,Šklovskij,1954,Rusija
18131,Anna,Stepanova,1972,Japan
18132,Sergej,Če,1968,Francuska
18133,Elena,Zelinskaja,1954,Rusija
18134,Ilona,Voznesenskaja,1982,Francuska
18135,Dženna Evans,Uelč,1919,Sjedinjene Američke Države
18136,Oleg,Nečiporenko,1984,Francuska
18137,Ekaterina,Netreba,1953,Kanada
18138,Evgenij,Reznikov,1966,Sjedinjene Američke Države
18139,Igor,Litvak,1969,Rusija
18140,Violetta,VU,1964,Rusija
18141,Igor,Mitko,1973,Rusija
18142,Katja,Pantzar,1986,Japan
18143,Aleks,Regul,1986,Rusija
18144,Mark,Li,1959,Nemačka
18145,Oleg,Seliverstov,1968,Rusija
18146,Kimberli,Snajder,1978,Rusija
18147,Ju.,Kulikova,1988,Italija
18148,Frederik,Lenuar,1962,Francuska
18149,Sergej,Sičev,1971,Ujedinjeno Kraljevstvo
18150,Gennadij,Badin,1963,Rusija
18151,Valerij,Ivanov-Taganskij,1976,Sjedinjene Američke Države
18152,Miranda,Džulaj,1974,Sjedinjene Američke Države
18153,Dennis,Grinberger,1980,Rusija
18154,Kristin,Padeski,1967,Rusija
18155,Elena,Holmogorova,1952,Rusija
18156,Aleksej,Jurčak,1947,Rusija
18157,Uorvik,Brej,1979,Nemačka
18158,Andrej,Kozirev,1951,Rusija
18159,Tatjana,Kolbasina,1977,Rusija
18160,I.,Lobureva,1994,Rusija
18161,Galina,Ogurcova,1957,Rusija
18162,Lilit,Mazikina,1977,Nemačka
18163,Andrej,Dibrov,1970,Ujedinjeno Kraljevstvo
18164,Viktor,Bilibin,1859,Ruska Imperija
18165,Leonid,Antonov,1939,Sjedinjene Američke Države
18166,Arsenij,Gončukov,1986,Sjedinjene Američke Države
18167,Viktor,Sirotin,1986,Sjedinjene Američke Države
18168,Vera,Blagoveščenskaja,1949,Srbija
18169,Frensin,Džej,1970,Francuska
18170,Ursula,Virtc,1945,Sjedinjene Američke Države
18171,Jogr,Cobeli,1951,Sjedinjene Američke Države
18172,Polina,Elizarova,1989,Letonija
18173,Alina,Glinskaja,1990,Sjedinjene Američke Države
18174,Marija,Efimova,1957,Rusija
18175,Černij,Lis,1937,Sjedinjene Američke Države
18176,Galina,Solodkaja,1924,Rusija
18177,Viktorija,Selezneva,1978,Italija
18178,Hristof,Zigvart,1789,Nemačka
18179,Rivka,Rabinovič,1958,Rusija
18180,Nana,Pavlova,1976,Rusija
18181,Stanislav,Žukovskij,1873,Ruska Imperija
18182,Ruslan,Končus,1938,Ujedinjeno Kraljevstvo
18183,Denis,Gaev,1968,Sjedinjene Američke Države
18184,Norman,Dojdž,1950,Kanada
18185,Vjačeslav,Nedošivin,1945,Savez Sovjetskih Socijalističkih Republika
18186,Allan,Dib,1987,Rusija
18187,Viktorija,Mazoveckaja,1975,Sjedinjene Američke Države
18188,Enn,Krispin,1950,Sjedinjene Američke Države
18189,Dmitrij,Kuznecov,1944,Ujedinjeno Kraljevstvo
18190,Žores,Alferov,1964,Francuska
18191,Anastasija,Tjunina,1947,Sjedinjene Američke Države
18192,Ljudmila,Juščenko,1984,Rusija
18193,Georgij,Vvedenskij,1950,Rusija
18194,Lev,Ščeglov,1962,Sjedinjene Američke Države
18195,Vadim,Rozin,1942,Srbija
18196,Mihail,Pronin,1930,Ujedinjeno Kraljevstvo
18197,Mihail,Ekimov,1865,Ruska Imperija
18198,Tatjana,Vakina,1948,Sjedinjene Američke Države
18199,Vjačeslav,Trifonov,1931,Ujedinjeno Kraljevstvo
18200,Vadim,Kočnev,1936,Sjedinjene Američke Države
18201,Vladimir,Domarackij,1988,Sjedinjene Američke Države
18202,Garnik,Kačarjan,1946,Ujedinjeno Kraljevstvo
18203,Rumen,Bostandžiev,1943,Poljska
18204,Ljubov,Demidova,1948,Rusija
18205,Mihail,Kamenskov,1936,Sjedinjene Američke Države
18206,Karen,Uoker,1965,Italija
18207,Mihail,Bokov,1967,Rusija
18208,Evgenija,Tiškina,1966,Rusija
18209,Aleksandr,Belenko,1971,Rusija
18210,Georgij,Panteleev,1961,Sjedinjene Američke Države
18211,Šon,Ačor,1978,Sjedinjene Američke Države
18212,Nikolaj,Kudrjašov,1971,Sjedinjene Američke Države
18213,Vera,Sibireva,1982,Sjedinjene Američke Države
18214,Jurij,Kopanev,1951,Rusija
18215,Aleksandr,Petrjakov,1989,Ujedinjeno Kraljevstvo
18216,Sergej,Ševčenko,1976,Japan
18217,Tatjana,Makogon,1974,Sjedinjene Američke Države
18218,Avdotja,Panaeva,1813,Francuska
18219,Šennon,Hejl,1973,Rusija
18220,Din,Hejl,1959,Sjedinjene Američke Države
18221,Lesja,Ukraїnka,1992,Srbija
18222,Mihajlo,Kocjubinskij,1991,Rusija
18223,Ivan,Nečuj-Levickij,1978,Rusija
18224,Vasil,Stefanik,1966,Rusija
18225,Grigorіj,Kvіtka-Osnov’janenko,1978,Rusija
18226,Endrju,Vakss,1942,Sjedinjene Američke Države
18227,Maksim,Šišov,1941,Nemačka
18228,Elis,Roberts,1973,Ujedinjeno Kraljevstvo
18229,Tim,Grover,1957,Sjedinjene Američke Države
18230,Šari,Uenk,1962,Rusija
18231,Natalja,Šnejder,1930,Poljska
18232,Nina,Spada,1973,Italija
18233,Artur,Avalon,1958,Poljska
18234,Nina,Bogatireva,1975,Nemačka
18235,Oksana,Bobkova,1938,Rusija
18236,Ju.,Solujanova,1988,Rusija
18237,Marina,Šaripkina,1979,Sjedinjene Američke Države
18238,Ruslan,Isaev,1981,Ujedinjeno Kraljevstvo
18239,Valentin,Kudrov,1983,Francuska
18240,Vladimir,Markin,1959,Rusija
18241,Patrisija,Gučči,1959,Rusija
18242,Stella,Artua,1957,Sjedinjene Američke Države
18243,Ekaterina,Gurskaja,1970,Sjedinjene Američke Države
18244,Sofija,Garipova,1958,Rusija
18245,Viktorija,Korhova,1962,Rusija
18246,Ju.,Baklanova,1981,Nemačka
18247,Angelina,Jarošuk,1964,Rusija
18248,Juliana,Jarošuk,1957,Nemačka
18249,Evgenij,Jarošuk,1961,Rusija
18250,Kessi,Majlz,1969,Rusija
18251,Aleksandr,Krilasov,1976,Rusija
18252,Valentin,Komanov,1969,Nemačka
18253,Nika,Cvetkova,1970,Poljska
18254,Evgenija,Sid,1970,Rusija
18255,Nariman,Turebaev,1979,Italija
18256,Antonina,Slatvinskaja,1983,Rusija
18257,Aleksej,Aimin,1993,Ujedinjeno Kraljevstvo
18258,Natalija,Vasileva,1972,Letonija
18259,Io,Zongo,1968,Nemačka
18260,Arkadij,Voevodin,1983,Rusija
18261,Aleksandr,Samsonov,1981,Sjedinjene Američke Države
18262,Džonatan,Robinson,1967,Rusija
18263,Svetlana,Nekrasova,1981,Ujedinjeno Kraljevstvo
18264,Evgenij,Kasjanenko,1963,Ujedinjeno Kraljevstvo
18265,Vasilij,Gurkovskij,1992,Rusija
18266,Svetlana,Gilman,1953,Poljska
18267,Annabel,Lourens,1940,Sjedinjene Američke Države
18268,David,Čumertov,1953,Rusija
18269,Dmitrij,Kazennov,1970,Poljska
18270,Marina,Djačenko,1963,Sjedinjene Američke Države
18271,Margarita,Lenskaja,1986,Rusija
18272,Marlen,Žangakov,1970,Rusija
18273,Galina,Gonkur,1968,Nemačka
18274,Slava,Rabinovič,1966,Sjedinjene Američke Države
18275,Kristina,Arnoti,1930,Francuska
18276,Maj,Czja,1964,Kina
18277,Vlad,Lukrin,1992,Sjedinjene Američke Države
18278,Sergej,Sobolev,1950,Rusija
18279,Jurij,Garda,1956,Sjedinjene Američke Države
18280,Džin,Kim,1971,Sjedinjene Američke Države
18281,Kevin,Ber,1966,Sjedinjene Američke Države
18282,Džordž,Spafford,1983,Japan
18283,Evgenija,Lova,1945,Rusija
18284,Jamvlih,Halkidskij,1930,Sjedinjene Američke Države
18285,Lev,Anninskij,1934,Rusija
18286,Megan,Ebbot,1976,Ujedinjeno Kraljevstvo
18287,Fedor,Gračev,1968,Rusija
18288,Ilja,Arsjonov,1991,Rusija
18289,Aleksej,Skrjabikov,1973,Francuska
18290,Farhod,Habibov,1934,Sjedinjene Američke Države
18291,Peme,Kunga,1971,Rusija
18292,Mihail,Serjakov,1983,Rusija
18293,Aleksandr,Tarasov,2006,Rusija
18294,Džajlz,Brandret,1948,Ujedinjeno Kraljevstvo
18295,Nina,Singh,1972,Rusija
18296,Valerij,Kayupov,1932,Sjedinjene Američke Države
18297,Aleksandr,Čekin,1983,Kanada
18298,Diana,Malivani,1967,Francuska
18299,Jadviga,Tobolskaja,1964,Rusija
18300,Vladimir,Ševčuk,1945,Savez Sovjetskih Socijalističkih Republika
18301,Vera,Jarkovskaja,1954,Rusija
18302,Oleg,Stecenko,1994,Rusija
18303,Ksenija,Makarova,1992,Sjedinjene Američke Države
18304,Jerun van,Hejl,1978,Sjedinjene Američke Države
18305,Aleksandr,Roginskij,1942,Sjedinjene Američke Države
18306,Filipp,Dženkins,1989,Ujedinjeno Kraljevstvo
18307,Galina,Bezzubova,1970,Rusija
18308,Sergej,Čurkin,1964,Rusija
18309,Ekaterina,Dmitrieva,1995,Sjedinjene Američke Države
18310,Franciska,Šedevi,1947,Rusija
18311,Zinaida,Sur,1960,Ujedinjeno Kraljevstvo
18312,Mark,Duglas,1984,Sjedinjene Američke Države
18313,Elena,Nikolaeva,1955,Rusija
18314,Elena,Skorikova,1976,Rusija
18315,Tina,Granina,1957,Rusija
18316,Tatjana,Platonova,1980,Rusija
18317,Feniks,Spiro,1946,Sjedinjene Američke Države
18318,Mihail,Botov,1910,Savez Sovjetskih Socijalističkih Republika
18319,Vlada,Ladnaja,1967,Rusija
18320,Mihail,Terentev,1964,Rusija
18321,Kristian,Vind,1965,Sjedinjene Američke Države
18322,Džoui,Graseffa,1962,Rusija
18323,Natalja,Isakova,1966,Rusija
18324,Irina,Avruckaja,1977,Rusija
18325,Olga,Tarabrina,1982,Sjedinjene Američke Države
18326,Jurij,Belanovskij,1987,Rusija
18327,Aleksandr,Boženov,1978,Rusija
18328,Nikolaj,Pomjalovskij,1835,Ruska Imperija
18329,Vladimir,Grečuhin,1992,Sjedinjene Američke Države
18330,Vadim,Aldzhanov,1970,Francuska
18331,Ljudmila,Bajramova,1985,Rusija
18332,Andrej,Altanov,1970,Italija
18333,Stanislav,Rem,1991,Rusija
18334,Ruslan,Bodrov,1982,Francuska
18335,Asja,Bondarenko,1960,Rusija
18336,Elena,Speranskaja,1932,Sjedinjene Američke Države
18337,Nadja,Louli,1962,Sjedinjene Američke Države
18338,Aleksandra,Beluza,1990,Rusija
18339,Miroslava,Janina,1937,Nemačka
18340,Svetlana,Černiševa,1984,Rusija
18341,Ljubov,Svadbina,1969,Rusija
18342,Ljuko,Dašvar,1954,Ukrajina
18343,Valerij,Solovej,1960,Japan
18344,Eva,Goldeva,1993,Rusija
18345,Aleksandr,Ljubimov,1960,Rusija
18346,Andu,Liv,1984,Sjedinjene Američke Države
18347,Arina,Obuh,1962,Rusija
18348,Gennadij,Bašunov,1963,Nemačka
18349,Vasilij,Bojarkov,1967,Srbija
18350,Aleksandr,Borcov,1931,Rusija
18351,Stanislav,Kirilec,1963,Rusija
18352,Malin,Džiolito,1974,Sjedinjene Američke Države
18353,Žjul,Mari,1851,Francuska
18354,Allen,Apvord,1959,Nemačka
18355,Aleksandr,Danilov,1972,Sjedinjene Američke Države
18356,Evgenij,Babosov,1931,Belorusija
18357,Albert,Elsukov,1966,Rusija
18358,Mehtilda,Glejzer,1960,Rusija
18359,Sergej,Korop,1963,Francuska
18360,Olga,Levina,1933,Rusija
18361,Marija,Kotok,1963,Rusija
18362,Marina,Ruban,1975,Rusija
18363,Nil,Smit,1964,Kanada
18364,Patrisija,O’Konnell,1964,Kanada
18365,Aleksej,Mihalskij,1979,Nemačka
18366,Abdurahman,Avtorhanov,1908,Sjedinjene Američke Države
18367,Andrej,Galkin,1976,Sjedinjene Američke Države
18368,Denis,Balandin,1973,Rusija
18369,Kamal,as-Sajid,1976,Kanada
18370,Najo,Marš,1895,Novi Zeland
18371,K.,Faller,1980,Rusija
18372,S.,Ovčinnikov,1962,Nemačka
18373,Tatyana,Tumali,1990,Rusija
18374,Nikolaj,Železnjak,1954,Ujedinjeno Kraljevstvo
18375,Majkl,Džordž,1947,Rusija
18376,Elena,Gorelik,1987,Francuska
18377,Pol,Sperri,1984,Rusija
18378,Radživ,Parti,1979,Ujedinjeno Kraljevstvo
18379,Ivan,Terjohin,1945,Rusija
18380,Viktorija,Volkova,1935,Rusija
18381,Mihail,Protopopov,1848,Ruska Imperija
18382,Mark,Zilberštejn,1965,Rusija
18383,Mihail,Klimčuk,1981,Sjedinjene Američke Države
18384,Forrest,Griffin,1979,Sjedinjene Američke Države
18385,Nejl,Fore,1941,Sjedinjene Američke Države
18386,Matilda,Andersen,1960,Ujedinjeno Kraljevstvo
18387,Julija,Volodina,1967,Sjedinjene Američke Države
18388,Nina,Čigrina,1968,Rusija
18389,Jana,Nekrasova,1976,Rusija
18390,Al,Džali,1971,Rusija
18391,Marina,Važova,1958,Rusija
18392,Julija,Beločkina,1976,Rusija
18393,Denis,Dubrovin,1988,Kanada
18394,Pavel,Starovojtov,1986,Ujedinjeno Kraljevstvo
18395,Vasilij,Skorodumov,1958,Ujedinjeno Kraljevstvo
18396,Mihail,Tabun,1967,Rusija
18397,Jaroslav,Kostin,1980,Rusija
18398,Tatjana,Bajbardina,1963,Rusija
18399,Viktorija,Kuzmenko,1980,Rusija
18400,Oksana,Burceva,1972,Italija
18401,Rimma,Safina,1974,Nemačka
18402,Rene,Dekart,1596,Francuska
18403,Igor,Šestakov,1984,Rusija
18404,Saida,Mavlan,1956,Sjedinjene Američke Države
18405,Svetlana,Mercalova,1993,Ujedinjeno Kraljevstvo
18406,Gvin,Džons,1907,Ujedinjeno Kraljevstvo Velike Britanije i Irske
18407,Albina,Nurislamova,1964,Ujedinjeno Kraljevstvo
18408,Ričards,Mett,1954,Srbija
18409,Lengtorn,Mark,1932,Rusija
18410,Roman,Korobenkov,1995,Sjedinjene Američke Države
18411,Anastasija,Mur,1978,Sjedinjene Američke Države
18412,Tit,Livij,1966,Antički Rim
18413,Robert,Sojer,1960,Kanada
18414,Melissa,Alvarez,1961,Sjedinjene Američke Države
18415,Evgenij,Alehin,1966,Sjedinjene Američke Države
18416,Džerold,Krejsman,1963,Rusija
18417,Hel,Straus,1972,Sjedinjene Američke Države
18418,Nata,Gončarenko,1979,Rusija
18419,Dejv,Kerpen,1963,Rusija
18420,Julija,Govorova,1971,Poljska
18421,Hejdi,Hejlig,1989,Nemačka
18422,Devid,Duglas,1940,Sjedinjene Američke Države
18423,Alisa,Subbotnjaja,1972,Rusija
18424,Uill,Gomperc,1987,Ujedinjeno Kraljevstvo
18425,Nina,Bjorn,1990,Ujedinjeno Kraljevstvo
18426,M.,Krivcov,1991,Sjedinjene Američke Države
18427,A.,Lihanov,1974,Sjedinjene Američke Države
18428,Efraim,Sevela,1928,Sjedinjene Američke Države
18429,Evgenija,Mikulina,1977,Srbija
18430,Džon,Hart,1965,Sjedinjene Američke Države
18431,Serž,Žonkur,1972,Rusija
18432,Džon,Sili,1834,Ujedinjeno Kraljevstvo Velike Britanije i Irske
18433,Sergey,Blohin,1989,Ujedinjeno Kraljevstvo
18434,Evsej,Gurev,1960,Rusija
18435,Džon,Bridžes,1975,Rusija
18436,Brajan,Kertis,1967,Sjedinjene Američke Države
18437,Kej,Vest,1972,Italija
18438,Aleksej i Olga,Rakitini,1965,Rusija
18439,Keti,Golke,1983,Italija
18440,Anna,Ekkel,1935,Ujedinjeno Kraljevstvo
18441,Anton,Korneev,1974,Poljska
18442,Anvar,Halilulaev,1995,Rusija
18443,Taras,Miščenko,1976,Sjedinjene Američke Države
18444,Oleg,Logvinov,1982,Sjedinjene Američke Države
18445,Aleksej,Černov,1973,Kanada
18446,Vjačeslav,Semenčuk,1976,Ujedinjeno Kraljevstvo
18447,Majkl,Gerber,1949,Sjedinjene Američke Države
18448,Ken,Švaber,1945,Sjedinjene Američke Države
18449,Bahtijar,Kurikbaev,1963,Rusija
18450,Sofija,Amoruzo,1984,Sjedinjene Američke Države
18451,Duglas,Kennedi,1955,Sjedinjene Američke Države
18452,Aleksej,Eremin,1965,Rusija
18453,Evgenij,Glebov,1897,Savez Sovjetskih Socijalističkih Republika
18454,Nadja,Narain,1991,Rusija
18455,Katja Narain,Fillips,1990,Sjedinjene Američke Države
18456,Vladimir,Murzin,1948,Savez Sovjetskih Socijalističkih Republika
18457,Polina,Moskvitina,1943,Rusija
18458,Irina,Soleeva,1995,Ujedinjeno Kraljevstvo
18459,Stefka,Modar,1949,Sjedinjene Američke Države
18460,L.,Meade,1935,Rusija
18461,Maša,Halikova,1987,Italija
18462,Grem,Grin,1904,Ujedinjeno Kraljevstvo
18463,Džon,Bjordžer,1926,Francuska
18464,Sjuzanna,Kejsen,1948,Sjedinjene Američke Države
18465,Anatolij,Levšankov,1961,Poljska
18466,Voldemar,Karamazov,1972,Rusija
18467,Aaron,Kerroll,1972,Sjedinjene Američke Države
18468,Rejčel,Vriman,1965,Rusija
18469,Dmitrij,Voedilov,1969,Ujedinjeno Kraljevstvo
18470,Deniel,Trizman,1963,Srbija
18471,S.,Tersanov,1976,Ujedinjeno Kraljevstvo
18472,V.,Korostelev,1981,Rusija
18473,Evgenij,Majorov,1936,Kanada
18474,Ivan,Nikitko,1972,Ujedinjeno Kraljevstvo
18475,Tom,Rajt,1957,Nemačka
18476,Murad,Adži,1961,Rusija
18477,Olga,Gavrilina,1963,Rusija
18478,Jan Georg,Kristiansen,1981,Kraljevina Danska
18479,Anna,Lebedeva,1993,Rusija
18480,Irina,Šeludko,1953,Rusija
18481,Kejtlin,Uolker,1975,Sjedinjene Američke Države
18482,Svetlana,Šapovaljanc,1977,Rusija
18483,Elena,Farba,1954,Sjedinjene Američke Države
18484,Svetlana,Timoščuk,1993,Rusija
18485,Svetlana,Čumakova,1985,Ujedinjeno Kraljevstvo
18486,Natalja,Čuprina,1984,Poljska
18487,Natalja,Zarembo,1960,Rusija
18488,Irina,Koskinen,1972,Rusija
18489,Maksim,Dorofeev,1973,Nemačka
18490,Vladimir,Evlannikov,1964,Ujedinjeno Kraljevstvo
18491,Džud,Devero,1948,Sjedinjene Američke Države
18492,Stanislav,Polovickij,1986,Rusija
18493,Mihail,Emeljanov,1962,Sjedinjene Američke Države
18494,Katerina,Popova,1932,Sjedinjene Američke Države
18495,Majkl,Ondatže,1943,Kanada
18496,Adel,Nagaja,1961,Ujedinjeno Kraljevstvo
18497,Aleksandr,Suščevskij,1962,Rusija
18498,Džoanna,Bolori,1962,Rusija
18499,Ilja,Novak,1978,Nemačka
18500,Sergej,Ošev,1963,Rusija
18501,Nikol,Lok,1974,Ujedinjeno Kraljevstvo
18502,Aleksandr,Zubov,1960,Sjedinjene Američke Države
18503,Irina Piščuk,(Borodavko),1973,Sjedinjene Američke Države
18504,Sergej,Tancura,1980,Srbija
18505,Silvija,Plat,1932,Sjedinjene Američke Države
18506,Andrej,Glaznev,1969,Rusija
18507,D.,Elvud,1965,Ujedinjeno Kraljevstvo
18508,Andrej,Led,1966,Rusija
18509,Oleg,Eremin,1963,Ujedinjeno Kraljevstvo
18510,Leticija,Kolombani,1976,Francuska
18511,Nikolaj,Baženov,1804,Ruska Imperija
18512,Ilja,Smetanov,1972,Ujedinjeno Kraljevstvo
18513,Ivan,Krutko,1987,Rusija
18514,Klaus,Švab,1938,Nemačka
18515,Viktor,Erofeev,1947,Rusija
18516,Ekaterina,Ris,1995,Sjedinjene Američke Države
18517,Jurij,Gamajun,1993,Rusija
18518,Anatolij,Belkin,1955,Rusija
18519,Anna,Daeva,1973,Kanada
18520,Čermen,Karacev,1969,Francuska
18521,Ejdan,Čambers,1939,Francuska
18522,Natalija,Kursanina,1967,Sjedinjene Američke Države
18523,Sergej,Anpilogov,1968,Sjedinjene Američke Države
18524,Alena,Mazur,1973,Rusija
18525,Boris,Višnevskij,1955,Rusija
18526,Igor,Haričev,1991,Rusija
18527,Vladimir,Timofeev,1979,Sjedinjene Američke Države
18528,Oleg,Avramenko,1980,Ujedinjeno Kraljevstvo
18529,Evgenij,Aničkov,1866,Ruska Imperija
18530,Kejsi,Majklz,1946,Rusija
18531,Sergej,Volhin,1975,Francuska
18532,Marina,Petrova,1972,Rusija
18533,Svetozar,Lučnik,1983,Rusija
18534,Olga,Kenton,1989,Ujedinjeno Kraljevstvo
18535,Galina,Šalagina,1944,Rusija
18536,Svetlana,Šumal,1979,Sjedinjene Američke Države
18537,A.,Hvorostenko,1974,Rusija
18538,Anna,Mag,1992,Rusija
18539,Ljudmila,Hudjakova,1981,Srbija
18540,Ivan,Snežnij,1979,Sjedinjene Američke Države
18541,Zijaudin,Šahmardanov,1980,Rusija
18542,Vadim,Kudrjavcev,1950,Rusija
18543,Ernst,D'Ervili,1945,Poljska
18544,Bel de,Žur,1959,Ujedinjeno Kraljevstvo
18545,Dina,Terenteva,1961,Rusija
18546,Žan,Piaže,1896,Švajcarska
18547,Julija,Sol,1981,Sjedinjene Američke Države
18548,T.,Rendjuk,1981,Rusija
18549,Jurij,Rjurikov,1929,Rusija
18550,Elena,Glebova,1989,Estonija
18551,Aleksandr,Subetto,1981,Ujedinjeno Kraljevstvo
18552,Tomas,Felan,1987,Sjedinjene Američke Države
18553,Mihail,Starodub,1973,Nemačka
18554,Natalja,Mar,1992,Srbija
18555,Elena,Jagužinskaja,1975,Sjedinjene Američke Države
18556,Vitalij Egorov,(Zelenyikot),1968,Rusija
18557,Sofija,Stasova,1980,Ujedinjeno Kraljevstvo
18558,Mišel,Falkoff,1991,Nemačka
18559,Vasilij,Mazanjuk,1968,Rusija
18560,Inessa,Ermiškina,1979,Rusija
18561,Oleg,Basilašvili,1934,Rusija
18562,Vladimir,Šutihin,1984,Poljska
18563,Gaston,Dorren,1965,Kraljevina Holandija
18564,Leonid,Kolosov,1991,Rusija
18565,Ekaterina,Ustinova,1825,Rusija
18566,Vladimir,Korde,1963,Rusija
18567,Gelmut,Pabst,1990,Srbija
18568,Mara,Dorst,1974,Francuska
18569,Anatolij,Mahavkin,1991,Sjedinjene Američke Države
18570,Vlad,Čerpi,1972,Srbija
18571,Sergej,Savosin,1959,Ujedinjeno Kraljevstvo
18572,Genri,Bars,1985,Sjedinjene Američke Države
18573,Šahizin,Alibekov,1983,Kanada
18574,Robert,Uorren,1905,Sjedinjene Američke Države
18575,Ekaterina,Asmus,1987,Rusija
18576,Dmitrij,Bakbardin,1975,Sjedinjene Američke Države
18577,I.,Mihajlov,1968,Rusija
18578,P.,Klimovskij,1974,Ujedinjeno Kraljevstvo
18579,Katerina,Lengold,1975,Japan
18580,Sergej,Abdulmanov,1977,Nemačka
18581,Dmitrij,Kibkalo,1967,Sjedinjene Američke Države
18582,Dmitrij,Borisov,1987,Letonija
18583,Ivan,Solomonenko,1968,Francuska
18584,Aleksej,Kibalnik,1949,Rusija
18585,Žan,Mare,1960,Poljska
18586,Aleksandr,Tomčin,1974,Rusija
18587,Olesja,Puhova,1960,Ujedinjeno Kraljevstvo
18588,Julija,Urusova,1963,Rusija
18589,Viktor,Sonkin,1956,Rusija
18590,Elena,Pljusnina,1941,Rusija
18591,Andrej,Gricenok,1963,Rusija
18592,Aleksandr,Grin,1976,Rusija
18593,Svetlana,Ljalko,1985,Ujedinjeno Kraljevstvo
18594,Ljudmila,Ljalko,1979,Rusija
18595,Emili,Mandel,1979,Kanada
18596,Ljuk,Deveniš,1985,Sjedinjene Američke Države
18597,Mardžeri,Uiljams,1966,Rusija
18598,Majkl,Džanda,1987,Rusija
18599,Džon A.,Tejlor,1992,Rusija
18600,Jadviga,Jaskevič,1949,Rusija
18601,Dina,Beljavceva,1962,Ujedinjeno Kraljevstvo
18602,Kristina,Erman,1962,Sjedinjene Američke Države
18603,Aleksandr,Jasinskij,1980,Rusija
18604,Viktor,Kagermazov,1974,Rusija
18605,Margaret,Potter,1938,Rusija
18606,Vera,Bragina,1984,Ujedinjeno Kraljevstvo
18607,Oksana,Lazareva,1962,Francuska
18608,Irina,Sereda,1985,Rusija
18609,David,Samojlov,1920,Savez Sovjetskih Socijalističkih Republika
18610,Igor,Frojanov,1985,Sjedinjene Američke Države
18611,Anastasija Matvijčuk (Enn,Postol),1980,Rusija
18612,Džek,Deniels,1933,Sjedinjene Američke Države
18613,Evgenij,Safronov,1982,Kanada
18614,Sara,Blekli-Kartrajt,1965,Rusija
18615,Irina,Andržeevskaja,1977,Francuska
18616,Valerij,Solodkij,1987,Srbija
18617,Valerij,Krasovskij,1943,Rusija
18618,Albert,Gabdullin,1943,Nemačka
18619,Goša,Judžif,1940,Rusija
18620,Andrej,Bobrov,1936,Rusija
18621,Elizaveta,Romanceva,1981,Rusija
18622,Olga,Šulgina,1980,Francuska
18623,Irina,Rumjanceva,1965,Rusija
18624,Stef,Džagger,1980,Rusija
18625,Džoselin,Glej,1961,Sjedinjene Američke Države
18626,V.,Korjakovcev,1951,Rusija
18627,Oleg,Nikolaev,1958,Rusija
18628,Sergej,Grednikov,1966,Kanada
18629,Julija,Daraeva,1990,Sjedinjene Američke Države
18630,Elena,Litvinceva,1958,Kanada
18631,Elena,Bagova,1990,Rusija
18632,Elena,Klimova,1969,Ujedinjeno Kraljevstvo
18633,Anastasija,Bjorn,1967,Nemačka
18634,Fej,Forest,1963,Srbija
18635,Ekaterina Popova,Evans,1990,Kanada
18636,Fatima,Mernissi,1964,Ujedinjeno Kraljevstvo
18637,Sergej,Gavrilov,1987,Rusija
18638,Valentin,Matvienko,1959,Rusija
18639,Anatolij,Grišin,1932,Poljska
18640,Hani,Goro,1934,Rusija
18641,Ilja,Šabšin,1981,Ujedinjeno Kraljevstvo
18642,Brita,Osbrink,1980,Francuska
18643,Andrej,Željabovskij,1983,Rusija
18644,Boris,Smirnickij,1983,Rusija
18645,Oleg,Piskunov,1985,Sjedinjene Američke Države
18646,Hju Džon,Lofting,1886,Ujedinjeno Kraljevstvo
18647,Ingmar,Bergman,1918,Švedska
18648,Lejla Elorabi,Salem,1982,Srbija
18649,Ričard,Vebster,1973,Rusija
18650,Roman,Fat,1975,Rusija
18651,Marina,Gorbunova,1940,Rusija
18652,Vasilij,Smolnij,1994,Rusija
18653,Iosif,Šklovskij,1916,Savez Sovjetskih Socijalističkih Republika
18654,Vasilij,Gippius,1875,Rusija
18655,Dmitrij,Norka,1977,Rusija
18656,Antonina,Makarova,1920,Savez Sovjetskih Socijalističkih Republika
18657,Elizaveta,Glinka,1962,Sjedinjene Američke Države
18658,Dmitrij,Janičev,1968,Rusija
18659,Anastasija,Čerkasova,1987,Sjedinjene Američke Države
18660,Dmitrij,Gnezdilov,1990,Sjedinjene Američke Države
18661,Vahid,Čemenli,1987,Rusija
18662,Olga,Loza,1962,Sjedinjene Američke Države
18663,Anžela,Haritonova,1982,Rusija
18664,Ivan,Budko,1939,Rusija
18665,Andrej,Zelenov,1969,Rusija
18666,Pol,Kejs,1860,Rusija
18667,Simona,Elkeles,1986,Italija
18668,Ksenija,Valahanovič,1993,Nemačka
18669,Andrej,Mančuk,1977,Ukrajina
18670,Valentina,Efremenko,1967,Sjedinjene Američke Države
18671,Evgenij,Djačenko,1940,Rusija
18672,Maksim,Lazarev,1975,Ujedinjeno Kraljevstvo
18673,Albert,Talipov,1987,Rusija
18674,Tatjana,Mostovaja,1959,Italija
18675,Svetlana,Ilina,1973,Italija
18676,Konstantin,Saevič,1975,Rusija
18677,Lja,Buzjaka,1953,Sjedinjene Američke Države
18678,Zinaida,Orlova,1991,Rusija
18679,Olga,Gridneva,1979,Rusija
18680,Svetlana,Žuk,1977,Srbija
18681,Mihail,Žirohov,1974,Srbija
18682,Alisa,Murrano,1949,Rusija
18683,Svetlana,Gvozdovskaja,1976,Ujedinjeno Kraljevstvo
18684,Uolter,Levin,1936,Kraljevina Holandija
18685,Uorren,Goldštejn,1961,Ujedinjeno Kraljevstvo
18686,Dženna,Kennet,1954,Rusija
18687,Mark,Šapiro,1963,Sjedinjene Američke Države
18688,Anna,Mircalo,1955,Italija
18689,Aleksandr,Novičkov,1960,Sjedinjene Američke Države
18690,Marina,Aržilovskaja,1976,Ujedinjeno Kraljevstvo
18691,E.,Anisinkova,1930,Francuska
18692,Vladimir,Turčenko,1995,Rusija
18693,Erast,Percov,1804,Ruska Imperija
18694,Oleg,Gotko,1970,Rusija
18695,Andrej,Mizev,1936,Ujedinjeno Kraljevstvo
18696,Rejv,Saveren,1968,Rusija
18697,Ibragim,Idilov,1965,Rusija
18698,Natalja,Soul,1992,Sjedinjene Američke Države
18699,Ringu Tulku,Rinpoče,1967,Rusija
18700,Prema,Sundari,1946,Rusija
18701,Andžej,Griševskij,1973,Nemačka
18702,Pšemislav,Pilarski,1970,Francuska
18703,Ivan,Starčak,1981,Rusija
18704,Stepan,Viskubov,1982,Rusija
18705,Vadim,Pičugin,1979,Rusija
18706,Otto,Štrasser,1897,Nemačka
18707,Aleksej,Samsonov,1894,Savez Sovjetskih Socijalističkih Republika
18708,Džanni,Rodari,1920,Italija
18709,Ilja,Žilkin,1966,Francuska
18710,Anna,Anakina,1988,Sjedinjene Američke Države
18711,Andrej,Gromiko,1909,Savez Sovjetskih Socijalističkih Republika
18712,Nikita,Eršov,1937,Rusija
18713,Tomas,Kejtli,1789,Kraljevstvo Velika Britanija
18714,Viktor,Kuleš,1983,Rusija
18715,Natalja,Olifirovič,1975,Francuska
18716,Pavel,Kalupin,1966,Ujedinjeno Kraljevstvo
18717,Svetlana,Ladejščikova,1976,Ujedinjeno Kraljevstvo
18718,Leonid,Smehov,1966,Ujedinjeno Kraljevstvo
18719,Artur,Uejt,1857,Sjedinjene Američke Države
18720,Džon,Grej,1981,Sjedinjene Američke Države
18721,Elizabet,Pauer,1965,Ujedinjeno Kraljevstvo
18722,Tomas,Armstrong,1974,Rusija
18723,Vladimir,Aleksunin,1977,Sjedinjene Američke Države
18724,Elena,Skljar,1974,Rusija
18725,Galina,Avdeenko,1976,Italija
18726,Konstantin,Sarkisjan,1979,Ujedinjeno Kraljevstvo
18727,Patrik,Gejl,1962,Ujedinjeno Kraljevstvo
18728,Endrju,Vajl,1942,Sjedinjene Američke Države
18729,Lev,Fajbisovič,1931,Rusija
18730,Epton,Sinkler,1878,Sjedinjene Američke Države
18731,Ljubov,Soboleva,1964,Rusija
18732,Vladimir,Artamonov,1985,Ujedinjeno Kraljevstvo
18733,Teodor,Ruzvelt,1858,Sjedinjene Američke Države
18734,Jurij,Devjatov,1994,Rusija
18735,Johanna,Spiri,1969,Italija
18736,Richard,Marsh,1995,Rusija
18737,Elena,Taničeva,1974,Srbija
18738,Patrik fon,Liuven,1986,Nemačka
18739,Marina,Butakova,1979,Rusija
18740,Aleksej,Maksimov,1899,Savez Sovjetskih Socijalističkih Republika
18741,Olga,Skljarenko,1994,Rusija
18742,Dmitry,Artyukhin,1967,Ujedinjeno Kraljevstvo
18743,Michael,Ashkhot,1987,Rusija
18744,Ljudmila,Kolesova,1950,Rusija
18745,Ivan Evseenko,(ml),1976,Rusija
18746,Saša,Veber,1966,Nemačka
18747,Jakov,Sičikov,1956,Rusija
18748,Anna,Mitrofanova,1941,Sjedinjene Američke Države
18749,Oksana,Korbutovskaja,1995,Ujedinjeno Kraljevstvo
18750,Sergej,Belajar,1966,Rusija
18751,Aleksandr,Lutčenko,1934,Japan
18752,Lera,Čebotarjova,1957,Rusija
18753,Dmitrij,Omelčenko,1991,Italija
18754,Evgenij,Semikolenov,1987,Francuska
18755,Silvija,Dej,1958,Nemačka
18756,Majkl,Ko,1929,Sjedinjene Američke Države
18757,Elizabet,Loftus,1944,Sjedinjene Američke Države
18758,Ketrin,Ketčem,1960,Rusija
18759,Ketrin,Grejs,1967,Poljska
18760,Paulina,Peters,1961,Ujedinjeno Kraljevstvo
18761,Svetlana,Ikonnikova,1930,Srbija
18762,Anastasija,Jaseneckaja,1971,Srbija
18763,Roman,Krasnov,1977,Rusija
18764,Aleksandr,Rar,1977,Rusija
18765,Aleksandr,Šipulja,1961,Rusija
18766,A.,Kabanov,1968,Srbija
18767,Garri,Larin,1948,Rusija
18768,Ejmi,Molloj,1970,Ujedinjeno Kraljevstvo
18769,Nikolaj,Andruščuk,1972,Rusija
18770,Anastasija,Tolstikova,1970,Srbija
18771,Tamara,Mališeva,1991,Francuska
18772,Denis,Galimov,1960,Italija
18773,Alla,Ozornina,1962,Rusija
18774,Marija,Ljahova-Tragel,1957,Srbija
18775,Evgenij,Reš,1979,Rusija
18776,Anton,Savelev,1913,Savez Sovjetskih Socijalističkih Republika
18777,Genri,Vaits,1961,Rusija
18778,Majkl,Stejner,1978,Rusija
18779,Patrik,Forsit,1966,Francuska
18780,Olga,Stroganova,1808,Rusija
18781,Olga,Jurina,1965,Ujedinjeno Kraljevstvo
18782,Lidija,Gončarova,1921,Savez Sovjetskih Socijalističkih Republika
18783,Karlo,Gocci,1720,Mletačka republika
18784,Ejs,Atkins,1970,Sjedinjene Američke Države
18785,Ksenija,Lestova,1988,Ujedinjeno Kraljevstvo
18786,Lidija,Čajka,1977,Rusija
18787,Sergo,Berija,1924,Ukrajina
18788,Tatjana,Nemceva,1983,Japan
18789,Žan-Pol,Dideloran,1961,Rusija
18790,Mihail,Meltjuhov,1971,Sjedinjene Američke Države
18791,Nell,Uajt-Smit,1953,Rusija
18792,Viktor,Blitov,1976,Rusija
18793,Aleksandr,Čočiev,1938,Ujedinjeno Kraljevstvo
18794,Dennis,Uidmajer,1962,Ujedinjeno Kraljevstvo
18795,Ričard,Tomas,1991,Italija
18796,Nil,Kroliki,1971,Rusija
18797,Kris,Karter,1968,Rusija
18798,Gejl,Tauell,1972,Italija
18799,Toni,Libhard,1987,Rusija
18800,Majkl de,Vito-ml.,1961,Italija
18801,Tajler,Džons,1993,Ujedinjeno Kraljevstvo
18802,Fil,Džordan,1933,Sjedinjene Američke Države
18803,Ričard,Lemmer,1979,Nemačka
18804,Amanda,Gauin,1982,Ujedinjeno Kraljevstvo
18805,Mett,Igan,1978,Kanada
18806,Fred,Venturini,1987,Rusija
18807,Brendon,Tic,1988,Rusija
18808,Adam,Skorupskas,1962,Poljska
18809,Brajan,Houi,1961,Ujedinjeno Kraljevstvo
18810,Brajan,Piekos,1975,Srbija
18811,Džejson,Fajlan,1962,Srbija
18812,Terens,Ils,1963,Rusija
18813,Kit,Bjui,1966,Sjedinjene Američke Države
18814,Gas,Moreno,1986,Sjedinjene Američke Države
18815,Deniel,Broallt,1987,Italija
18816,Aleksandr,Kovtun,1970,Nemačka
18817,Andrej,Burlaka,1984,Rusija
18818,Vjačeslav,Ivanov,1978,Rusija
18819,Fransua,Rable,1500,Kraljevstvo Francuska
18820,Piter,Gjotše,1963,Rusija
18821,Anna,Azarnova,1969,Nemačka
18822,Al.,Altaev,1872,Savez Sovjetskih Socijalističkih Republika
18823,Sergej,Molčanov,1974,Poljska
18824,Elena,Melnikova,1971,Srbija
18825,Aleksandra,Flid,1983,Rusija
18826,Kristina,Jatkovskaja,1961,Sjedinjene Američke Države
18827,Džon,O'Konnell,1982,Francuska
18828,Olesja,Zemskaja,1962,Rusija
18829,Ivan,Kosenkov,1952,Rusija
18830,Marina,Puha,1983,Ujedinjeno Kraljevstvo
18831,Synergy,Litagent,1963,Rusija
18832,Marat,Štejn,1963,Rusija
18833,Vendi,Higgins,1971,Sjedinjene Američke Države
18834,Tatjana,Tjukavina,1947,Ujedinjeno Kraljevstvo
18835,Nikolaj,Potapov,1969,Rusija
18836,A.,Zubkova,1980,Francuska
18837,Oleg,Zajončkovskij,1973,Rusija
18838,Natalija,Beljakovskaja,1957,Francuska
18839,Lidija,Zasorina,1960,Rusija
18840,Nailja,Makarova,1963,Ujedinjeno Kraljevstvo
18841,Dmitrij,Čajka,1967,Rusija
18842,Amanda,Rejnolds,1981,Ujedinjeno Kraljevstvo
18843,Mihail,Emkin,1986,Rusija
18844,Dmitrij,Mankov,1938,Rusija
18845,Vladimir,Moženkov,1969,Rusija
18846,Semen,Fundiler,1961,Rusija
18847,Berkem,Atomi,1944,Sjedinjene Američke Države
18848,Noel,Balan,1955,Rusija
18849,Diana,Lisovskaja,1983,Rusija
18850,Nik,Odincov,1994,Rusija
18851,Tomas De,Kvinsi,1993,Rusija
18852,Anton,Lerner,1965,Rusija
18853,Irina,Jukina,1973,Rusija
18854,Vasilij,Tatiščev,1958,Poljska
18855,Nik,Harkuej,1965,Ujedinjeno Kraljevstvo
18856,Ekaterina,Mosina,1987,Sjedinjene Američke Države
18857,Nadežda,Kostina,1996,Rusija
18858,Helen,Braun,1922,Sjedinjene Američke Države
18859,Jurij,Akimenko,1993,Rusija
18860,Lesli,Lambert,1986,Sjedinjene Američke Države
18861,Anna,Finčem,1965,Sjedinjene Američke Države
18862,Nazim,Džafarli,1977,Italija
18863,Denis,Šalnov,1960,Rusija
18864,Garri,Berger,1988,Rusija
18865,Feliks,Dzeržinskij,1972,Kanada
18866,Igor,Aleksandrov,1932,Rusija
18867,Meg,Vulicer,1957,Rusija
18868,Ivan,Solonevič,1923,Sjedinjene Američke Države
18869,Kerri,Borzillo,1961,Sjedinjene Američke Države
18870,Ričard,Flenagan,1961,Australija
18871,Ričard,Čizmar,1965,Sjedinjene Američke Države
18872,Irina,Malkina-Pih,1986,Rusija
18873,Irina,Stanislavskaja,1985,Rusija
18874,Gavrila,Deržavin,1976,Ujedinjeno Kraljevstvo
18875,Svetlana,Kulakova,1982,Rusija
18876,Sergej,Bičuckij,1964,Sjedinjene Američke Države
18877,F.,Pak,1960,Ujedinjeno Kraljevstvo
18878,Marina,Lozovskaja,1956,Ujedinjeno Kraljevstvo
18879,O.,Korol,1972,Ujedinjeno Kraljevstvo
18880,Marat,Bajgereev,1970,Rusija
18881,Aleksej,Beba,1983,Sjedinjene Američke Države
18882,Ijun,Li,1973,Francuska
18883,Olga,Penzina,1992,Rusija
18884,Barbara,Ennis,1967,Rusija
18885,Agneška,Arimova,1994,Ujedinjeno Kraljevstvo
18886,Natalja,Nikitina,1966,Francuska
18887,Nikolaj,Azarenko,1983,Ujedinjeno Kraljevstvo
18888,Sjuzan,Hinton,1914,Sjedinjene Američke Države
18889,Frederik,Lalu,1969,Belgija
18890,Aleksandra,Kovalevskaja,1979,Kanada
18891,Kler,Svotmen,1993,Sjedinjene Američke Države
18892,Gennadij,Žarikov,1975,Rusija
18893,Serafim,Ctanovkin,1958,Italija
18894,A.,Malahova,1987,Sjedinjene Američke Države
18895,E.,Koneeva,1974,Rusija
18896,E.,Gorjačeva,1970,Rusija
18897,L.,Morozova,1956,Francuska
18898,Valerij,Surnin,1993,Rusija
18899,Robert,Koppel,1972,Sjedinjene Američke Države
18900,Anna,Platina,1994,Rusija
18901,Valerij,Laptev,1970,Rusija
18902,Set,Grem-Smit,1976,Sjedinjene Američke Države
18903,Četan,Parkin,1985,Nemačka
18904,Andrej,Zinčuk,1968,Ujedinjeno Kraljevstvo
18905,Petr,Toločko,1939,Rusija
18906,Anri,Karte-Bresson,1908,Francuska
18907,Ilja,Kusakin,1979,Rusija
18908,Aleksandr,Lošakov,1967,Srbija
18909,Nikolaj,Losskij,1978,Rusija
18910,Elina,Surdina,1984,Sjedinjene Američke Države
18911,Galina,Štorina,1963,Ujedinjeno Kraljevstvo
18912,Evgenij,Židkih,1983,Rusija
18913,Maksim,Salos,1977,Nemačka
18914,Jurij,Eliseev,1952,Sjedinjene Američke Države
18915,Nikolaj,Kurdjumov,1978,Rusija
18916,Irina,Ermilova,1986,Ujedinjeno Kraljevstvo
18917,Sergej,Bajmuhametov,1978,Rusija
18918,Igor,Malcev,1971,Rusija
18919,Ekaterina,Višnjova,1974,Rusija
18920,Vladimir Dolohov,(Papa),1972,Rusija
18921,Vadim Gurangov,(Boroda),1972,Japan
18922,Natalja,Nikonovič,1977,Francuska
18923,Robert L.,Anderson,1983,Rusija
18924,Natalja,Kulibova,1970,Ujedinjeno Kraljevstvo
18925,Ljudmila,Kuznecova,1970,Ujedinjeno Kraljevstvo
18926,Alina,Suvorova,1951,Francuska
18927,Denis,Smoljakov,1993,Rusija
18928,Natalja,Zabotkina,1982,Rusija
18929,Tatjana,Belkova,1986,Rusija
18930,Rinat,Karimov,1942,Sjedinjene Američke Države
18931,Aleksandr,Gorohov,1944,Italija
18932,Irina,Aralova,1936,Nemačka
18933,Natalja,Loškareva,1981,Rusija
18934,Irina,Borovova,1940,Ujedinjeno Kraljevstvo
18935,Edrian,Njui,1958,Ujedinjeno Kraljevstvo
18936,Ulukbek,Činaliev,1976,Sjedinjene Američke Države
18937,Oleg,Gorbačev,1923,Kanada
18938,Evgenija,Marlitt,1977,Italija
18939,Aleksandr,Janihbaš,1984,Rusija
18940,Konstantin,Krjuger,1969,Rusija
18941,Čži Gan,Ša,1987,Srbija
18942,Valentin,TARABRIN,1936,Sjedinjene Američke Države
18943,Dajjana,Stajn,1952,Rusija
18944,Tamara Ajlend,Stoun,1974,Rusija
18945,Natalja,Orlova,1981,Rusija
18946,Majkl,Rejnor,1967,Kanada
18947,Mumtaz,Ahmed,1958,Italija
18948,Edvard,Lukas,1959,Rusija
18949,Edrian,Makkinti,1986,Rusija
18950,Anton,Černov,1972,Sjedinjene Američke Države
18951,Mihail,Klebanovič,1934,Belorusija
18952,Evgenija,Jarceva,1976,Rusija
18953,Džordž,Genti,1832,Ujedinjeno Kraljevstvo Velike Britanije i Irske
18954,Varvara,Minaeva,1941,Rusija
18955,Alena,Al-As,1962,Sjedinjene Američke Države
18956,Stiv,Rouling,1964,Rusija
18957,Marta,Kauc,1981,Nemačka
18958,Kristian,Nortrop,1963,Rusija
18959,Oleg,Kopitov,1963,Rusija
18960,Margarita,Šarapova,1962,Sjedinjene Američke Države
18961,Mona,Ščulc,1977,Rusija
18962,Daniil,Damodarov,1932,Rusija
18963,Aleksej,Vojkin,1955,Rusija
18964,Viktor,Burenin,1841,Savez Sovjetskih Socijalističkih Republika
18965,Denis,Lukjanov,1964,Rusija
18966,Veronika,Menšikova,1961,Sjedinjene Američke Države
18967,Ilja,Evstafev,1971,Sjedinjene Američke Države
18968,Vasilisa,Rasa,1974,Poljska
18969,Anatolij,Andreev,1946,Italija
18970,I.,Mamatov,1994,Rusija
18971,Rebekka,Serl,1957,Nemačka
18972,Natalja,Adamenkova,1977,Francuska
18973,Pavel,Gubarev,1941,Rusija
18974,Aleks,Tojger,1945,Rusija
18975,Aljona,Golding,1979,Francuska
18976,Juzef Ignacij,Kraševskij,1812,Ruska Imperija
18977,Aleksej,Petruhin,1973,Rusija
18978,Vladimir,Šemenev,1981,Francuska
18979,Kamo-no,Tjomej,1155,Japan
18980,Nastja,Kim,1987,Sjedinjene Američke Države
18981,Elizaveta,Kondrašova,1963,Rusija
18982,Pol,Džarvis,1992,Rusija
18983,Evgenija,Dubcova,1984,Italija
18984,Oleg,Rogozin,1931,Rusija
18985,Aziz,Ahmedov,1992,Ujedinjeno Kraljevstvo
18986,K.,Aleksander,1987,Rusija
18987,Džejson,Haf,1978,Sjedinjene Američke Države
18988,Sergej,Burdigin,1959,Rusija
18989,Ramiz,Aliev,1982,Rusija
18990,Aleksej,Kozionov,1972,Nemačka
18991,Mihail,Ruinberg,1947,Rusija
18992,Andreas,Dorpalen,1954,Rusija
18993,Robert,Kelsi,1956,Rusija
18994,Mihail,Albov,1843,Ruska Imperija
18995,Džim,Afremov,1992,Sjedinjene Američke Države
18996,Mark,Safo,1990,Sjedinjene Američke Države
18997,Sonči,Rejv,1995,Srbija
18998,Marina,Sukačeva,1953,Italija
18999,Maksim,Poluhin,1967,Sjedinjene Američke Države
19000,Olga,Abramovič,1933,Rusija
19001,N.,Kazarjan,1960,Poljska
19002,V.,Kopasova,1982,Poljska
19003,Aleksej,Cellarius,1961,Ujedinjeno Kraljevstvo
19004,Itela,Karus,1976,Sjedinjene Američke Države
19005,Aleksandra,Nejarova,1979,Srbija
19006,Natalja,Leskova,1971,Sjedinjene Američke Države
19007,Evgenij,Danilov,1964,Ujedinjeno Kraljevstvo
19008,Ivan,Lomaka,1981,Ujedinjeno Kraljevstvo
19009,Natalja,Dolbenko,1973,Rusija
19010,Aleksandr,Dolbenko,1964,Rusija
19011,Aleksej,Šehovcov,1959,Rusija
19012,Nikolaj,Slimper,1947,Kanada
19013,Oksana,Danilčenko,1935,Rusija
19014,Jurij,Bogin,1971,Sjedinjene Američke Države
19015,Hristofor,Andriašin,1981,Sjedinjene Američke Države
19016,Vladimir,Svinuhov,1983,Rusija
19017,Sergej,Kirillov,1980,Ukrajina
19018,Sergej,Markov,1977,Sjedinjene Američke Države
19019,OA,AksvOkam,1988,Rusija
19020,Praskovja,Mošenceva,1960,Francuska
19021,Elena,Klepikova,1942,Sjedinjene Američke Države
19022,Džeff,Karollo,1985,Srbija
19023,Džejson,Arbon,1962,Poljska
19024,Džejms,Uittaker,1979,Ujedinjeno Kraljevstvo
19025,Nikita,Piterskij,1981,Rusija
19026,Georg,Maunt,1979,Ujedinjeno Kraljevstvo
19027,Danila,Grebnev,1980,Poljska
19028,Kris,Mozič,1995,Ujedinjeno Kraljevstvo
19029,Olga,Kravčenko,1991,Rusija
19030,Džudit,Flanders,1986,Ujedinjeno Kraljevstvo
19031,Kristina,Stark,1984,Nemačka
19032,Mihail,Jankov,1977,Ujedinjeno Kraljevstvo
19033,Madina,Bajgelova,1936,Rusija
19034,Natalja,Dubrovskaja,1975,Ujedinjeno Kraljevstvo
19035,Šonda,Rajms,1970,Sjedinjene Američke Države
19036,Robert,Ešton,1984,Sjedinjene Američke Države
19037,Hajam,Makkobi,1974,Rusija
19038,Olga,Smoljakova,1960,Rusija
19039,Karen,Prajor,1932,Sjedinjene Američke Države
19040,Nikolaj,Kuzmin,1890,Savez Sovjetskih Socijalističkih Republika
19041,Annika,Brokšmidt,1975,Kanada
19042,Denis,Šulc,1987,Ujedinjeno Kraljevstvo
19043,Ketrin,Ross,1940,Sjedinjene Američke Države
19044,Kandis,Anzel,1985,Sjedinjene Američke Države
19045,Albert,Aleksandrov,1992,Italija
19046,Dmitrij,Šestakov,1963,Rusija
19047,Vladislav,Kraševskij,1980,Francuska
19048,Vladimir,Pavlovec,1973,Italija
19049,Igor,Iljušin,1979,Ujedinjeno Kraljevstvo
19050,Majkl,Tompson,1969,Rusija
19051,Vitalij,Borisov,1976,Japan
19052,Gennadij,Gorelik,1948,Sjedinjene Američke Države
19053,Gleb,Larin,1988,Italija
19054,Dzen,Aši,1961,Rusija
19055,Džon,Eplbi,1974,Rusija
19056,Alisa,Dančič,1979,Rusija
19057,Daniil,Fridan,1963,Japan
19058,Galina,Makarova,1919,Belorusija
19059,Viktor,Uajt,1941,Ujedinjeno Kraljevstvo
19060,Svetlana,Nagibina,1937,Rusija
19061,Olga,Šlikova,1995,Ujedinjeno Kraljevstvo
19062,Vera,Bether,1963,Poljska
19063,Sergej,Kuzin,1988,Kazahstan
19064,Viktor,Ostrovskij,1949,Kanada
19065,Eduard,Šatov,1957,Sjedinjene Američke Države
19066,Olga,Bakušinskaja,1963,Ujedinjeno Kraljevstvo
19067,Andrej Voron (Mr.,Incognito2),1980,Srbija
19068,Natalija,Eliseeva,1990,Kazahstan
19069,Ruslan,Balas,1990,Rusija
19070,Evgenij,Golovin,1941,Rusija
19071,Julija,Lim,1981,Sjedinjene Američke Države
19072,Majk,Linn,1945,Sjedinjene Američke Države
19073,Tatjana,Mikušina,1958,Rusija
19074,Igor,Novikov,1979,Rusija
19075,Konstantin,Fadeev,1966,Rusija
19076,Julija,Ignateva,1968,Sjedinjene Američke Države
19077,Evgenij,Kosih,1977,Rusija
19078,Vladimir,Korenevskij,1970,Nemačka
19079,Ljubov,Smokotina,1964,Francuska
19080,Anna,Čursina,1986,Sjedinjene Američke Države
19081,Tatjana,Kiselnikova,1990,Rusija
19082,Ljudmila,Olhova,1958,Rusija
19083,I.,Kasatkina,1981,Sjedinjene Američke Države
19084,Entoni,Džonson,1939,Rusija
19085,Svetlana,Zajceva,1992,Sjedinjene Američke Države
19086,Mari,Dževins,1966,Rusija
19087,Burhan,Sjonmez,1965,Turska
19088,Majkl,Kerroll,1963,Sjedinjene Američke Države
19089,Džidži,Vorgan,1984,Sjedinjene Američke Države
19090,Geri,Smoll,1962,Sjedinjene Američke Države
19091,Vitalij,Halpukov,1962,Ujedinjeno Kraljevstvo
19092,Tatjana,Mostickaja,1986,Francuska
19093,Ambruaz,Vollar,1866,Francuska
19094,Pol,Djuran-Rjuel,1831,Francuska
19095,Ana,Ferrejra,1983,Ujedinjeno Kraljevstvo
19096,Entoni,Jun,1968,Rusija
19097,Aleksej,Danilenkov,1969,Rusija
19098,Liza,Eldridž,1990,Francuska
19099,Noj,Gordon,1926,Sjedinjene Američke Države
19100,Natalja,Suhinina,1948,Rusija
19101,Marina,Kuropatkina,1984,Rusija
19102,Ketti,Spini,1969,Sjedinjene Američke Države
19103,Volfgang,Frank,1951,Nemačka
19104,Anna,Demšina,1961,Ujedinjeno Kraljevstvo
19105,Marija,Solnceva,1973,Ujedinjeno Kraljevstvo
19106,Anna,Asmanova,1938,Rusija
19107,Mihail,Kazinik,1951,Švedska
19108,Vladimir,Novoženov,1986,Francuska
19109,Filipp,Rebijjar,1978,Rusija
19110,Roman,Procenko,1974,Sjedinjene Američke Države
19111,Šon,Ellis,1970,Ujedinjeno Kraljevstvo
19112,Morgan,Braun,1962,Srbija
19113,Irina,Onučeva,1962,Rusija
19114,Petr,Dmitrievskij,1975,Francuska
19115,Ilona,Koles,1982,Italija
19116,Aleksandr,Mirer,1948,Srbija
19117,Džejms,Robinson,1965,Rusija
19118,Daron,Adžemoglu,1967,Sjedinjene Američke Države
19119,Gans,Evers,1871,Njemački rajh
19120,Evgenij,Lovčev,1949,Rusija
19121,Džonatan,Littell,1967,Sjedinjene Američke Države
19122,Kirill,Zorin,1972,Sjedinjene Američke Države
19123,Andrej,Zaharevič,1978,Poljska
19124,Skott Makkuin,Džonson,1962,Rusija
19125,Valentina,Kazanskaja,1979,Sjedinjene Američke Države
19126,Piter,Hizer,1960,Ujedinjeno Kraljevstvo
19127,Ravil,Tulumbaev,1988,Rusija
19128,Taja,Taja,1970,Rusija
19129,Džemini,Falkon,1964,Ujedinjeno Kraljevstvo
19130,Tatjana,Šulman,1983,Rusija
19131,Jana,Ajsmann,1969,Rusija
19132,Egor,Gubarev,1969,Rusija
19133,Arsenij,Lušnov,1959,Italija
19134,Mihail,Lušnov,1985,Ujedinjeno Kraljevstvo
19135,Polina,Isaičkina,1980,Francuska
19136,Mer,Lafferti,1983,Francuska
19137,Red,Garne,1977,Rusija
19138,Džim,Džons,1980,Rusija
19139,Kormak,Makkarti,1933,Sjedinjene Američke Države
19140,Karina,Sanlajf,1948,Poljska
19141,Natalja,Pjatkina-Tarhnišvili,1977,Rusija
19142,Ketrin,Tejlor,1982,Sjedinjene Američke Države
19143,Ekaterina,Tihomirova,1963,Francuska
19144,Tatjana,Buldigina,1977,Sjedinjene Američke Države
19145,Olga,Čoknadij,1985,Francuska
19146,Nadežda,Čubarkova,1989,Francuska
19147,Nadežda,Korennaja,1942,Ujedinjeno Kraljevstvo
19148,Irina,Fišer,1989,Rusija
19149,Natalja,Sennikova,1991,Rusija
19150,Julija,Semjannikova,1932,Rusija
19151,Elena,Kardaš,1960,Sjedinjene Američke Države
19152,Antonina,Paznikova,1977,Sjedinjene Američke Države
19153,Tatjana,Ščapova,1943,Francuska
19154,Ljudmila,Tretjakova,1982,Rusija
19155,Elena,Bolšakova,1985,Rusija
19156,Ljudmila,Jurkova,1941,Srbija
19157,Ekaterina,Seliverstova,1976,Rusija
19158,Jana,Breusova,1933,Japan
19159,Elena,Semečkova,1958,Rusija
19160,Elena,Mališkina,1980,Ujedinjeno Kraljevstvo
19161,Ieronim,Jasinskij,1850,Savez Sovjetskih Socijalističkih Republika
19162,Klod,Bristol,1980,Rusija
19163,Aleksandr,Miheev,1992,Rusija
19164,Leonid,Vinogradov,1992,Rusija
19165,Pavel,Šabrin,1952,Rusija
19166,Galina,Sapfiro,1932,Nemačka
19167,Mihail,Dubrov,1956,Ujedinjeno Kraljevstvo
19168,Pavel,Zasodimskij,1843,Ruska Imperija
19169,Irina,Žiljaeva,1959,Francuska
19170,Vladimir,Šumilov,1968,Srbija
19171,Li,Kerroll,1944,Sjedinjene Američke Države
19172,Aleksej,Kozlačkov,1989,Sjedinjene Američke Države
19173,Galina,Muhina-Alfereva,1965,Rusija
19174,Julija,Zaharova,1980,Rusija
19175,Oksana,Martik,1936,Ujedinjeno Kraljevstvo
19176,Alja,Rovskaja,1983,Sjedinjene Američke Države
19177,Andrej,Balabuha,1974,Sjedinjene Američke Države
19178,Artur,Pordžes,1915,Sjedinjene Američke Države
19179,Anatolij,Šalin,1989,Rusija
19180,Vjačeslav,Nazarov,1954,Ukrajina
19181,Roman,Umnov,1986,Sjedinjene Američke Države
19182,Jan Viljam Siverc van,Rejzema,1982,Nemačka
19183,Marina,Novikova-Grund,1961,Rusija
19184,Dina,Lazarčuk,1978,Ujedinjeno Kraljevstvo
19185,Valentin,Gubarev,1972,Sjedinjene Američke Države
19186,Valenten,Mjusso,1960,Sjedinjene Američke Države
19187,Terri,Iglton,1943,Ujedinjeno Kraljevstvo
19188,Dmitrij,Bržezickij,1971,Francuska
19189,Konstantin,Krapivko,1984,Nemačka
19190,Marija,Rusakova,1965,Rusija
19191,Vit,Cenev,1975,Sjedinjene Američke Države
19192,Galina,Safonova-Pirus,1982,Rusija
19193,Klaus,Zambiasi,1933,Rusija
19194,Marina,Kopitina,1972,Sjedinjene Američke Države
19195,Vladislav,Božedaj,1986,Italija
19196,Elena,Sljusar,1933,Rusija
19197,T.,Karatjan,1934,Rusija
19198,A.,Akrušenko,1982,Rusija
19199,Maksim,Malahov,1984,Srbija
19200,Marina,Alant,1994,Nemačka
19201,Aljona,Lakman,1967,Ujedinjeno Kraljevstvo
19202,Olga,Azarova,1957,Francuska
19203,Den,Berezovskij,1945,Nemačka
19204,Jurij,Fuks,1964,Sjedinjene Američke Države
19205,Viktorija,Hovard,1961,Rusija
19206,Alina,Gorovenko,1959,Kanada
19207,Afonja,Radostnij,1960,Rusija
19208,Vladimir,Šmelev,1982,Sjedinjene Američke Države
19209,Alesja,Ranimaja,1974,Sjedinjene Američke Države
19210,Sergej,Konoplickij,1966,Rusija
19211,Endrju,Morton,1953,Ujedinjeno Kraljevstvo
19212,Dafna dju,More,1966,Poljska
19213,Karina,Nebesova,1970,Sjedinjene Američke Države
19214,Nikita,Andreev,1988,Rusija
19215,Lidija,Bogdanovič,1956,Rusija
19216,Lora,Lendon,1988,Sjedinjene Američke Države
19217,Roman,Uglev,1965,Sjedinjene Američke Države
19218,Aleks,TekilaZZ,1968,Ujedinjeno Kraljevstvo
19219,Vlada,Medvednikova,1972,Rusija
19220,Aleks,Rubin,1974,Sjedinjene Američke Države
19221,Vladimir,Granicin,1986,Rusija
19222,Ilja,Gusarov,1986,Italija
19223,Kapitolina,Lapina,1981,Ujedinjeno Kraljevstvo
19224,Lesja,Orbak,1988,Nemačka
19225,Olga,Kostileva,1969,Sjedinjene Američke Države
19226,Oleg,Gližinskij,1975,Rusija
19227,Tatjana,Golovanova,1956,Sjedinjene Američke Države
19228,Stiv,Perri,1947,Sjedinjene Američke Države
19229,Stefani,Perri,1934,Ujedinjeno Kraljevstvo
19230,Marija,Serdjuk,1965,Nemačka
19231,Anitka,SunnyFeo,1959,Rusija
19232,Flit,Moul,1948,Sjedinjene Američke Države
19233,Rebekka,Kempbell,1977,Rusija
19234,Eduard,Bagirov,1975,Rusija
19235,Fjodor,Nekrasov,1936,Ujedinjeno Kraljevstvo
19236,Džillian,Rajli,1973,Rusija
19237,Aleksandra,Čerkašina,1977,Srbija
19238,Serafima,Sverdlova,1955,Rusija
19239,Džejms,Kejn,1892,Sjedinjene Američke Države
19240,Sato Ja-,sama,1964,Italija
19241,Devid,Kirkpatrik,1951,Sjedinjene Američke Države
19242,Irina,Žavoronkova,1933,Sjedinjene Američke Države
19243,Serafim,Šaškov,1841,Ruska Imperija
19244,Dejv,Espri,1973,Sjedinjene Američke Države
19245,Mihail,Peršin,1987,Nemačka
19246,Igor,Yevtishenkov,1938,Italija
19247,Ksenija,Nihelman,1943,Sjedinjene Američke Države
19248,Valerij,Senin,1989,Rusija
19249,Jakov,Rapoport,1986,Nemačka
19250,Igor,Evtišenkov,1949,Nemačka
19251,Olga,Opanasenko,1978,Rusija
19252,Stan,Wesley,1960,Nemačka
19253,Svetlana,Šmalc,1948,Rusija
19254,Ekaterina,Bakulina,1971,Rusija
19255,Aleksej,Ščerbakov,1965,Rusija
19256,Maks,Miller,1967,Rusija
19257,Vladimir,Zima,1978,Rusija
19258,Dejv,Džonson,1980,Ujedinjeno Kraljevstvo
19259,Sergej,Poljakov,1952,Srbija
19260,Aleksandr,Vaščenkov,1975,Ujedinjeno Kraljevstvo
19261,Marina,Bond,1966,Ujedinjeno Kraljevstvo
19262,Tatjana,Tarasova,1953,Sjedinjene Američke Države
19263,Marija,Kikot,1962,Sjedinjene Američke Države
19264,Vaclav,Mihalskij,1954,Rusija
19265,Valentina,Nazarova,1993,Sjedinjene Američke Države
19266,Gael,Faj,1990,Sjedinjene Američke Države
19267,Erih,Manštejn,1887,Nemačka
19268,Aleksej,Kokorev,1973,Rusija
19269,Si,Karmajkl,1966,Poljska
19270,Ričard,Ogorkevič,1984,Rusija
19271,Bob,Dilan,1941,Sjedinjene Američke Države
19272,Ola,Ganson,1860,Švedska
19273,Salli,Gardner,1969,Srbija
19274,Nastya,M,1940,Rusija
19275,Julija,Gladkaja,1984,Francuska
19276,Boris,Sinkin,1979,Srbija
19277,Vita,Vitrenko,1960,Srbija
19278,Lilija,Kuznecova,1945,Rusija
19279,Gennadij,Dedurin,1978,Srbija
19280,Mitropolit Ierofej,Vlahos,1976,Nemačka
19281,Gennadij,Vildjajkin,1976,Rusija
19282,Mark,Kuzmin,1969,Italija
19283,Nataša,Zakhajm,1980,Italija
19284,Tomas,Rolleston,1973,Rusija
19285,Alvdis,Rutien,1981,Italija
19286,Boris,Ratnikov,1944,Nemačka
19287,Vladimir,Muravev,1911,Rusija
19288,Florian,Illies,1973,Srbija
19289,Stanislav,Abramov,1965,Rusija
19290,Ekaterina,Saveleva,1983,Francuska
19291,Nisargadatta,Maharadž,1897,Indija
19292,Sergej,Abašin,1965,Rusija
19293,Aleksej,Regin,1969,Sjedinjene Američke Države
19294,Irina,Balinec,1937,Kanada
19295,Natalja,Vasilčikova,1964,Rusija
19296,Natalja,Ušakova,1969,Rusija
19297,Irina,Ivanova,1998,Rusija
19298,Albert,Muhametšin,1979,Ujedinjeno Kraljevstvo
19299,Oleg,Necvetaev,1976,Poljska
19300,Margita,Figuli,1909,Slovačka
19301,Frederik,Morton,1970,Rusija
19302,Valter,Hartfeld,1960,Rusija
19303,Evgenij,Suharev,1975,Sjedinjene Američke Države
19304,V.,Pronin,1978,Rusija
19305,Skott,Džurek,1973,Sjedinjene Američke Države
19306,Stiv,Fridman,1976,Rusija
19307,Olesja,Lihunova,1964,Rusija
